20230101024725 PDSI 56.150338450259696 3.179799 0.0007368732349628172 8.518294751982799e-06 1.7782412042943067e-07 611.530579003242 0.2540801745837495 4.518158356391144e-08 0.07263396455237518 1.4363209601880906e-07 -8.42766747740443 8.895904506339303 2.730834849837491e-05 0.0006774509787308394 0.08905429356504393
20230101040931 MNAI 66.9349185620892 3.938537 0.0031818191804387705 3.44765381805059e-05 8.094609072464085e-07 2205.8042212358987 0.13378160027481673 1.0829097553132952e-07 0.06808132890452266 1.338792929507691e-06 -7.104927909594307 9.131504589329404 4.164324300634735e-05 0.001925866894971374 0.1828717758884366
20230103082858 MKSR 87.74431861026859 3.857831 0.001164173100336896 1.0700805253383345e-05 3.568050291539076e-07 849.9209578252016 0.2155214990645183 7.689915475700931e-08 0.05775356115305483 4.6827084622099624e-07 -8.127677392571684 12.025505889065768 3.877386457111471e-05 0.001147694713676417 0.12030424722907151
20230103082858 MTSM 104.19916345344924 3.857831 0.009269818185245526 0.00010879142708738015 1.5712671508571787e-06 5145.3565160990065 0.08759355092078455 1.3763286918876434e-07 0.07374003271288768 3.255562564428151e-05 -6.28022051813023 84.21571328388362 0.0001365378172925881 0.009665927610868192 0.8422409907779752
20230105123143 KTSR 61.10981025177194 3.634394 0.001478301663939976 3.5962378601266297e-05 1.3708963098190046e-06 576.2059759286218 0.2617525909988684 3.5883566108591184e-07 0.15284991849125093 4.257986936512502e-06 -7.490144030221596 13.660556260315754 0.00013503051637798476 0.00328870683690175 0.13682588807141186
20230105202817 CIJI 117.55787605316357 3.706471 0.0009898126000836554 1.3159639711734818e-05 3.143412200263099e-07 1254.3853166931701 0.17740440019074025 5.576551559399301e-08 0.08353546406416833 6.366721776723669e-07 -7.97443699585545 12.376166072184855 4.022684841343749e-05 0.0013598483117125257 0.12389597648634879
20230105202817 CSJR 106.78888850892214 3.706471 0.0011205281460403916 1.388090026325892e-05 3.2286088520468297e-07 1496.8628427210303 0.16240106181807412 5.243295057676385e-08 0.07783496460372698 6.084547121847777e-07 -8.010899641484913 10.874888000692597 3.720669141521742e-05 0.0013463008585182026 0.1088286227633955
20230105202817 PGJR 55.317302226648806 3.706471 0.002680513157040411 3.956373205633904e-05 6.681391383238788e-07 1646.4944313640165 0.15484590878069412 1.0345861206571092e-07 0.09273830993914864 1.3055496335283194e-06 -7.12873978827691 13.308892411562756 4.271857618799804e-05 0.0015853697056545746 0.13336221992480668
20230105202817 RSJR 98.78109951569033 3.706471 0.0012745695089042446 1.2183408268869646e-05 2.172827615184912e-07 3314.0127021102903 0.1091447333092909 2.3715269058641978e-08 0.060059974204265315 6.647019193176517e-07 -8.13070625419036 13.29769577103852 2.3675636581946542e-05 0.0013071915775801953 0.13313177867218698
20230105203838 KTSR 155.6785593472969 3.803187 0.000540251094428841 1.1013906044764313e-05 3.828247873531589e-07 937.817855330048 0.20517319423040142 7.85453844518218e-08 0.1280930540423635 4.11983304965779e-07 -8.44646552904949 4.74522524051392 3.326818780437322e-05 0.0009623867146647312 0.047625388729126604
20230105203838 MNAI 116.99865932755688 3.803187 0.0011327579039409254 1.4053872005073972e-05 2.578659061262767e-07 1795.1435738515302 0.14829628582398877 3.824055611916419e-08 0.07795406395669555 1.2396500557463025e-07 -8.119872358398446 2.4271737508660243 1.4020383838860071e-05 0.0004975120428388836 0.04860565241541036
20230105203838 PKSI 148.0856665552073 3.803187 0.001803774933758779 2.6341575118585267e-05 5.463588993111561e-07 1724.4175737208982 0.1513068703231558 8.266785512797523e-08 0.09175701172882361 1.29514669522384e-06 -7.593040796701579 12.00766704133623 4.6505966951923455e-05 0.0017389389271808622 0.12022041832141116
20230107101648 KBSR 53.0571948252394 3.474124 0.004638022188707419 9.816339696995841e-05 3.3307750103201998e-06 694.6706965943922 0.238391287231965 7.94027742190294e-07 0.13298315282885081 2.1059099049684795e-05 -6.50423406549097 31.42959738420714 0.00031012128470413885 0.007852538039933923 0.3148161999194335
20230107171009 BBJN 143.37155736787167 4.048386 0.0028907197880920854 8.895561886794907e-05 2.752144845947837e-06 388.5010165563483 0.3187746580854365 8.77314032268618e-07 0.19335137212696174 1.0950389323700403e-05 -6.693855596619331 24.934927030190675 0.00027234765592752365 0.004813009021013067 0.24965354447664218
20230107171009 BKJI 143.43045787230895 4.048386 0.003006336025370065 0.00010017572129593225 3.304561866154525e-06 378.43952166610745 0.32298445898090483 1.0673221265088486e-06 0.20936535865289374 1.554230148548839e-05 -6.600117799134306 24.43205727722427 0.0003307645882755058 0.005965996989521568 0.24442124608517013
20230107171009 LCJR 187.6123072547533 4.048386 0.0004087981324423963 6.340429449305042e-06 2.0452238893852263e-07 1587.6481154782193 0.15768948770108934 3.225103073511858e-08 0.09745174939784193 1.8304428321803282e-07 -8.756057786043415 4.710965350094112 1.8334904782495207e-05 0.0007298635507920482 0.047218601677592696
20230107171009 MBJI 229.05241961134664 4.048386 9.724556357043967e-05 3.2978904651750265e-06 1.8493674819682793e-07 150.1679554357668 0.5127329580823161 9.482316596108402e-08 0.21308177108219406 3.8314079161041666e-08 -9.658980583413658 1.184222297616655 2.917486859277485e-05 0.00034349248693485933 0.01186205936720493
20230107171009 RSJR 186.6399533845514 4.048386 0.0005699127051426632 1.2051035371506993e-05 3.572439254675103e-07 547.8725091287374 0.26843560136434863 9.589698796663166e-08 0.13286050249327205 3.84525996552227e-07 -8.330637267765203 4.985301731168983 4.640523722252786e-05 0.0009705996661711644 0.04987072792325627
20230107171009 TOJI 189.11669731273017 4.048386 0.001306749555879407 1.912045908705367e-05 5.024118006534024e-07 1151.2993057787046 0.18517644699031258 9.303483217100225e-08 0.09193604624679197 1.2116156478339839e-06 -7.769163974778024 12.4305977129176 6.0607623095775765e-05 0.0018729396629977887 0.12458891738700746
20230107171009 BBJN 143.37155736787167 4.093514 0.0028907197880920854 8.895561886794907e-05 2.752144845947837e-06 388.5010165563483 0.3187746580854365 8.77314032268618e-07 0.19335137212696174 1.0950389323700403e-05 -6.693855596619331 24.934927030190675 0.00027234765592752365 0.004813009021013067 0.24965354447664218
20230107171009 BKJI 143.43045787230895 4.093514 0.003006336025370065 0.00010017572129593225 3.304561866154525e-06 378.43952166610745 0.32298445898090483 1.0673221265088486e-06 0.20936535865289374 1.554230148548839e-05 -6.600117799134306 24.43205727722427 0.0003307645882755058 0.005965996989521568 0.24442124608517013
20230107171009 LCJR 187.6123072547533 4.093514 0.0004087981324423963 6.340429449305042e-06 2.0452238893852263e-07 1587.6481154782193 0.15768948770108934 3.225103073511858e-08 0.09745174939784193 1.8304428321803282e-07 -8.756057786043415 4.710965350094112 1.8334904782495207e-05 0.0007298635507920482 0.047218601677592696
20230107171009 MBJI 229.05241961134664 4.093514 9.724556357043967e-05 3.2978904651750265e-06 1.8493674819682793e-07 150.1679554357668 0.5127329580823161 9.482316596108402e-08 0.21308177108219406 3.8314079161041666e-08 -9.658980583413658 1.184222297616655 2.917486859277485e-05 0.00034349248693485933 0.01186205936720493
20230107171009 RSJR 186.6399533845514 4.093514 0.0005699127051426632 1.2051035371506993e-05 3.572439254675103e-07 547.8725091287374 0.26843560136434863 9.589698796663166e-08 0.13286050249327205 3.84525996552227e-07 -8.330637267765203 4.985301731168983 4.640523722252786e-05 0.0009705996661711644 0.04987072792325627
20230107171009 TOJI 189.11669731273017 4.093514 0.001306749555879407 1.912045908705367e-05 5.024118006534024e-07 1151.2993057787046 0.18517644699031258 9.303483217100225e-08 0.09193604624679197 1.2116156478339839e-06 -7.769163974778024 12.4305977129176 6.0607623095775765e-05 0.0018729396629977887 0.12458891738700746
20230110233501 MKSM 115.01999078141158 4.09913 0.0033242438194065645 6.074599623891956e-05 1.6451149797899657e-06 1228.378520736951 0.17927253573799867 2.949239340075136e-07 0.11481659341898154 1.576921682637964e-05 -6.938523630741684 31.993247105954868 0.00019652105066528784 0.006699237218826337 0.32043576377139577
20230110233501 MNAI 130.35627285670213 4.09913 0.0018251042524424484 2.3903031679583976e-05 4.5088671260552916e-07 1982.0473477837763 0.14113114205924987 6.363415668935911e-08 0.08228964304106026 3.4574445792195766e-07 -7.506269942531408 3.8369491112536136 2.1183955843074535e-05 0.0008689387287023867 0.07713613696161352
20230110233501 SSSR 169.27889535203275 4.09913 0.0005301081194512483 8.069545592630247e-06 2.1386307151893167e-07 1295.6632571818077 0.17455560427538627 3.7330997681177266e-08 0.0956454889914076 2.2357715803314435e-07 -8.608729891142623 4.271355711882857 2.0472072770977307e-05 0.0007043293679689745 0.04280428739964705
20230112140550 MNAI 90.92678634609832 3.896611 0.0015374886746163125 1.8530781350993896e-05 5.154713983327759e-07 1418.941948142815 0.16680057921485555 8.598092781059856e-08 0.07572890456847012 4.9888912210926e-07 -7.803254982513048 3.869454865016607 3.232017297916251e-05 0.0011610851254418844 0.07748211630255902
20230112140550 PKSI 135.87310007180113 3.896611 0.0010703745618134784 2.0613931451555247e-05 5.010347476823569e-07 1399.7044841416102 0.16794291669857983 8.414523689311203e-08 0.12100544598161818 1.8225812044637617e-06 -7.8732802472476 13.62695453733579 6.355269054856592e-05 0.002207904448318753 0.13657238555589113
20230113052624 CLJR 103.97623408134655 3.290036 0.000518473417677728 7.197354803908539e-06 1.938891161048275e-07 1294.0114456505496 0.17466697925783048 3.386602622100099e-08 0.08722204921716116 2.39640892155314e-07 -8.640600829018533 5.690058845349192 2.477892204037892e-05 0.0008528268291722089 0.05691358420593132
20230113052624 WSJM 85.44557224254758 3.290036 0.003224049666211178 4.6516623713225436e-05 1.2004589625340532e-06 1170.7670831685884 0.1836304153824025 2.2044077793965613e-07 0.09065386607335083 6.381829222367213e-06 -7.080807446174566 22.64124683177569 0.00010824116821697604 0.0036636192574999896 0.22662345029950687
20230114014708 CLJO 64.64991853712361 3.040222 0.0014430135488915064 9.053509210746947e-06 3.721168674267388e-07 463.10569565302694 0.2919710604185005 1.086473563821955e-07 0.039420888386722405 3.4048152609272413e-07 -8.253870541114033 17.403060368323246 4.839935344579837e-05 0.0010722757107970832 0.17461488193088479
20230114014708 CLJR 33.04432793874097 3.040222 0.0035320068669162565 3.713944440294563e-05 5.33982946045404e-07 2346.3410358717815 0.12971323788381595 6.926465690628834e-08 0.0660683911957224 2.5861261579783832e-06 -7.047921181992603 22.698084681912597 5.571635255489257e-05 0.0026142007590545064 0.22715044633856196
20230114014708 CSJI 69.2835120857721 3.040222 0.0025372667597865547 2.7548755728897645e-05 5.25695656982064e-07 2355.3302862487917 0.12946547232472186 6.805943653023788e-08 0.06822063015614901 8.788812379202198e-07 -7.4440450129429605 13.979400248432725 3.1189356164585986e-05 0.0013632915473978328 0.1401033716223497
20230114014708 WLJI 20.70644690953609 3.040222 0.007166346745453555 6.926658659791268e-05 1.630527075292836e-06 2769.7307732587965 0.11938811361589158 1.946655517188485e-07 0.06073035741210745 1.7831115395631967e-05 -6.540373489709815 78.34250956936303 0.00013052093653747777 0.006831355588312686 0.7847763366770144
20230114192812 LLSI 164.0800041327197 3.981442 0.0014154698055427154 3.485829347358975e-05 1.5335813637084737e-06 504.4338295812514 0.27975494121214195 4.2902696424830053e-07 0.154733867532156 3.375665605893672e-06 -7.501406062885768 11.692056733435008 0.00012269291181072264 0.0026512338685489058 0.11701104803883935
20230114192812 MBSM 71.09130652584102 3.981442 0.018688104363649295 0.0003541100207691104 8.843256037609088e-06 1291.1329174122657 0.17486157731324586 1.54634569932121e-06 0.11905642414697327 0.00018010212678615467 -5.310605990617677 132.1216732733955 0.0005330326278613246 0.01856320864247071 1.3218059012622163
20230114192812 MNAI 182.30737313412249 3.981442 0.0005326206607880328 6.631790014919129e-06 1.7121473045852558e-07 1174.7789908297455 0.18331659536907444 3.138650146469068e-08 0.07823347581070102 4.377254687579898e-08 -8.600646790286211 1.8287827672184196 1.1413123791696123e-05 0.00033575420412297987 0.03670721728589691
20230114192812 STSI 146.55669133749316 3.981442 0.0009761949606207621 1.491332388069877e-05 3.8848786452202533e-07 1492.4678856753033 0.16264000197144057 6.318366705174294e-08 0.09598817989065539 7.558483483844845e-07 -8.127820454029125 10.676544420685445 3.710893434079684e-05 0.0013200549346298062 0.10683624623907952
20230117045047 BPSM 117.27600725076809 4.551036 0.00298448542981406 5.169695779158934e-05 1.2477355729445773e-06 1114.6475641929612 0.18819630082208494 2.3481921923229416e-07 0.10883670678272818 9.402788204728485e-06 -7.104164354672669 35.48295158265856 0.00016175725727932862 0.00513650351507467 0.354990439593496
20230117131019 CIJI 113.34512413491987 3.493695 0.0008256952093725225 8.430060752558932e-06 2.8170350537567774e-07 1116.112076560131 0.18807278890609905 5.298076390062798e-08 0.06414913548954912 3.0293889714717765e-07 -8.37813344189821 9.656552980304586 2.7164168764287548e-05 0.0009327713578017997 0.09674248378247575
20230117131019 PGJR 51.76578947624479 3.493695 0.000814986373664513 9.766122069616902e-06 1.9361100776410204e-07 2111.844040359745 0.1367253195775887 2.6471526910285862e-08 0.07529249160329994 2.986900411483727e-07 -8.395433212329612 9.132597765033953 2.0016147393376898e-05 0.0008739871361093697 0.09137334430304339
20230117182339 TRIYO 46.89319108048231 3.64525 0.002690272482408751 7.518189632396492e-05 2.6559941435675825e-06 689.5227322947272 0.2392795449143107 6.355250699679255e-07 0.17558882582989718 7.204922344450391e-06 -6.8209299140295965 18.040208602513278 0.00015539735864032245 0.003758407065770359 0.18050058724892318
20230118154054 ABSM 73.86315287266038 3.189732 0.002181518584953693 2.3369799217843388e-05 4.118303375063279e-07 2028.7320442906628 0.1394978531183137 5.744944793112328e-08 0.06730943302067144 2.4357107073752155e-06 -7.676508293766866 21.983687641563023 6.548432186699195e-05 0.0025928142215519566 0.2199149209478516
20230120180507 MNAI 157.51308174081018 4.332911 0.0006338605996371939 1.0174673899126186e-05 3.75997842976146e-07 657.8307119260803 0.24497558061878927 9.211028989449372e-08 0.10085713102364283 1.483783469391585e-07 -8.38984356277499 2.5559145973171105 2.7798968228836723e-05 0.0006656916928820282 0.051371844757613985
20230120180507 MTSM 201.96491441873493 4.332911 0.001383687697698473 1.4921384087424009e-05 5.29277883612468e-07 1348.3636539160832 0.17111037761198342 9.056493852660081e-08 0.06775648971717332 1.349988029356416e-06 -7.951714873185216 16.378298924652803 5.5900715824542806e-05 0.002042621522053447 0.16429303973306508
20230120181511 MNAI 163.7711192528038 3.964282 0.0004586519277698772 7.008102449108551e-06 2.197143257689334e-07 910.3835214347413 0.20824168743379767 4.575368195150183e-08 0.09600571516956803 6.889883699268187e-08 -8.72551740462594 1.5248935680609184 1.516633932894844e-05 0.0004235291698783762 0.030540479637869912
20230120232358 CSJR 35.99287417409613 3.52669 0.003492512480182376 4.276249029705813e-05 1.5063017857025561e-06 844.8630310645179 0.2161656657959536 3.256107283960268e-07 0.0769316222225367 9.729610041742886e-06 -7.082900626206198 32.29295920734129 0.00018748730912684 0.00537328160294057 0.3239098842104743
20230120232358 DSJR 20.032051336245242 3.52669 0.010553652646264268 0.000241275663919681 1.1222091133273161e-05 563.2859380784516 0.2647374696391762 2.9709080106829722e-06 0.14364502578704433 0.0004135154822162227 -5.841700754170084 130.15465030894183 0.0015175070320628918 0.03636148922736379 1.3026412317264888
20230120232358 JABI 66.64096051542187 3.52669 0.0015235777695517291 2.119616193286171e-05 4.169342416331187e-07 1723.863695284898 0.15133117586491723 6.309514904468738e-08 0.08741228435246882 1.5179909799032475e-06 -7.891734621448202 19.941734693251536 5.4337118985088646e-05 0.002161134073025177 0.19959129983860135
20230120232358 SCJM 14.502066090374607 3.52669 0.010434090359012702 0.00018808330554710733 1.4047174762196267e-05 120.27272377261956 0.5729230498745405 8.047950206878158e-06 0.11325973048705461 0.00013035950484819973 -5.908946464760908 74.42784387935524 0.0016673699964957658 0.0190240742583798 0.7449257817884376
20230120232358 SSJM 18.06832263868526 3.52669 0.007128345098862426 0.000129255078806568 4.409373198201397e-06 397.0712354731738 0.31531574310902266 1.3903447866358815e-06 0.11393017604680386 5.353175019939491e-05 -6.197894649890209 69.97733216438195 0.0006297265355430262 0.011879097797219972 0.7000431046886795
20230122004441 BEFA 55.39392897193432 4.375156 0.025626896186482753 0.0002333421120766245 4.515788102764511e-06 2767.0658574519744 0.11944559014895544 5.393909749223389e-07 0.057210663338911484 0.00021492801868206037 -5.589329175398573 219.98524587390332 0.00046991555679753327 0.023012940407303693 2.2031447842037006
20230122004441 BEPA 52.69152918670099 4.375156 0.03441966125569385 0.00032135797437243997 5.6901860871239415e-06 2739.227604732811 0.12005100733713807 6.831125716949972e-07 0.058662741853332215 0.0002899104316395649 -5.200520633183448 250.7937420281801 0.0004922434088821008 0.02570599984095158 2.5087601912357655
20230122004441 JMSI 165.84826503235237 4.375156 0.0011067041022473768 1.8763076424418683e-05 6.564683665184907e-07 909.8875916769271 0.20829843025689465 1.367413302591094e-07 0.10652520928402891 1.902854874070233e-06 -7.897128620399793 13.285349885623123 7.928017012112271e-05 0.0024026103872789085 0.13301082346377732
20230122004441 KSI 91.82063801237963 4.375156 0.003301730670189715 4.6801323449163674e-05 1.1724950721857197e-06 1266.651497454364 0.17654332342485674 2.0699617674293425e-07 0.08906280288314615 9.928150817137698e-06 -7.05737184660853 33.80630276407429 0.00014859366392618864 0.005298624479979446 0.33816030697860244
20230122004441 SKSM 250.567621368032 4.375156 0.00558997185451441 9.941364543102295e-05 2.1816365630644158e-06 2084.395099885865 0.13762262795145824 3.0024255704391215e-07 0.11174195014969807 1.9304495319581917e-05 -6.449961783687685 35.85901874220448 0.00014914296129653673 0.005774070883165097 0.3588179289172392
20230122004441 STSI 216.07708706035578 4.375156 0.003699034896805551 6.465231816310459e-05 1.548969865252487e-06 963.6199606582294 0.20240767421818123 3.1352338785980543e-07 0.10981850858134058 5.291982419648659e-06 -6.8546599631737966 21.036161667094767 0.00011674903596915185 0.0034125348853329906 0.21060897310622864
20230122004441 ULSM 105.48482089601262 4.375156 0.00179642699332199 2.49445774104995e-05 8.172295987805717e-07 991.4454338033298 0.19954711805322115 1.6307581122445328e-07 0.08724618526780391 2.8040518348440806e-06 -7.636065056649158 20.971969161955514 9.008967221470047e-05 0.0028555814766212982 0.2100978697647348
20230122004441 UTSM 89.93087787150681 4.375156 0.006640929340165583 0.00010010795380982399 2.4225989680191925e-06 1055.6908531651518 0.19337997021473513 4.684821162777995e-07 0.09471518100718349 2.5960774594207144e-05 -6.455287382109367 53.99223170663938 0.0002579753374788822 0.008060248902041618 0.540975907381773
20230122004441 BEFA 55.39392897193432 4.258459 0.025626896186482753 0.0002333421120766245 4.515788102764511e-06 2767.0658574519744 0.11944559014895544 5.393909749223389e-07 0.057210663338911484 0.00021492801868206037 -5.589329175398573 219.98524587390332 0.00046991555679753327 0.023012940407303693 2.2031447842037006
20230122004441 BEPA 52.69152918670099 4.258459 0.03441966125569385 0.00032135797437243997 5.6901860871239415e-06 2739.227604732811 0.12005100733713807 6.831125716949972e-07 0.058662741853332215 0.0002899104316395649 -5.200520633183448 250.7937420281801 0.0004922434088821008 0.02570599984095158 2.5087601912357655
20230122004441 JMSI 165.84826503235237 4.258459 0.0011067041022473768 1.8763076424418683e-05 6.564683665184907e-07 909.8875916769271 0.20829843025689465 1.367413302591094e-07 0.10652520928402891 1.902854874070233e-06 -7.897128620399793 13.285349885623123 7.928017012112271e-05 0.0024026103872789085 0.13301082346377732
20230122004441 KSI 91.82063801237963 4.258459 0.003301730670189715 4.6801323449163674e-05 1.1724950721857197e-06 1266.651497454364 0.17654332342485674 2.0699617674293425e-07 0.08906280288314615 9.928150817137698e-06 -7.05737184660853 33.80630276407429 0.00014859366392618864 0.005298624479979446 0.33816030697860244
20230122004441 SKSM 250.567621368032 4.258459 0.00558997185451441 9.941364543102295e-05 2.1816365630644158e-06 2084.395099885865 0.13762262795145824 3.0024255704391215e-07 0.11174195014969807 1.9304495319581917e-05 -6.449961783687685 35.85901874220448 0.00014914296129653673 0.005774070883165097 0.3588179289172392
20230122004441 STSI 216.07708706035578 4.258459 0.003699034896805551 6.465231816310459e-05 1.548969865252487e-06 963.6199606582294 0.20240767421818123 3.1352338785980543e-07 0.10981850858134058 5.291982419648659e-06 -6.8546599631737966 21.036161667094767 0.00011674903596915185 0.0034125348853329906 0.21060897310622864
20230122004441 ULSM 105.48482089601262 4.258459 0.00179642699332199 2.49445774104995e-05 8.172295987805717e-07 991.4454338033298 0.19954711805322115 1.6307581122445328e-07 0.08724618526780391 2.8040518348440806e-06 -7.636065056649158 20.971969161955514 9.008967221470047e-05 0.0028555814766212982 0.2100978697647348
20230122004441 UTSM 89.93087787150681 4.258459 0.006640929340165583 0.00010010795380982399 2.4225989680191925e-06 1055.6908531651518 0.19337997021473513 4.684821162777995e-07 0.09471518100718349 2.5960774594207144e-05 -6.455287382109367 53.99223170663938 0.0002579753374788822 0.008060248902041618 0.540975907381773
20230122045836 CBJR 10.823272691924075 3.704196 0.1651704481155271 0.004999404905724085 0.0001664160802751702 747.5764558096712 0.22980107752319429 3.8242594564420515e-05 0.19018043364704149 0.03264327733170678 -3.211846632161657 679.624679963481 0.006500831031165342 0.1870553739094833 6.820639858874886
20230122045836 CCJM 40.83182625025069 3.704196 0.003952154470649907 7.008774877071978e-05 2.149541400126239e-06 834.8670929107759 0.21745590065979145 4.6743046116996047e-07 0.1114263919995677 1.8403482779232973e-05 -6.693319940743622 42.17559456735682 0.00025094924588833187 0.006917991561841299 0.42251756584129163
20230122045836 CSJI 113.87706807848227 3.704196 0.0029112908027004586 3.946386698230726e-05 1.1200129836318538e-06 368.9284961899673 0.3271212578883816 3.6638005605697135e-07 0.08517142600722699 2.4662412922317898e-06 -7.187463843894574 18.04202033969952 0.0001342308276786261 0.0024728360972186263 0.18073242631895461
20230122045836 CWJM 11.654120531882205 3.704196 0.03008037271499339 0.0008105816752742436 2.3341633200341595e-05 932.8218222486374 0.20572189667494253 4.801885053465082e-06 0.16931422095755977 0.0018849778973975084 -4.763762514383951 349.55739103600774 0.002366122239737467 0.06934210429523754 3.497939554846657
20230122045836 JPJI 21.456321673572315 3.704196 0.009652158841637068 0.00013787620005835936 4.718430152257118e-06 1117.986106648148 0.18791509379355817 8.866642446197494e-07 0.08975211956515071 9.061023260869365e-05 -6.179107178978488 102.91861895125642 0.0004420472132738091 0.01526065041200569 1.029379596754425
20230122045836 SCJM 19.9843723277773 3.704196 0.009003750905016292 0.00017913204709880273 7.551689985846444e-06 252.1903760396325 0.39565404829232814 2.98785671434878e-06 0.1250056624455408 5.767439723628005e-05 -5.904393748945283 51.27453594164352 0.0007551776306693602 0.011383350195969954 0.5140267614113443
20230123175859 IMSR 33.47837901765638 3.034453 0.0011217238413623615 1.359953424173558e-05 2.9846006573260077e-07 1221.025693951393 0.17981150122551284 5.366655247524419e-08 0.07617596290757221 3.630411925096695e-07 -8.11965826995371 7.7524883157887645 2.9414684268757534e-05 0.0009325893478352935 0.07763793382922943
20230123175859 KBSR 74.70243849982751 3.034453 0.0007004244719572236 1.3426828975599711e-05 7.816087237614075e-07 325.4762372289648 0.34827333533995125 2.72213477155188e-07 0.12044589805059451 1.0494328732622363e-06 -8.269630215797676 6.028377221869311 0.00010582161150840845 0.0018734518964592045 0.060394427448892
20230123175859 MBSM 51.626413554278734 3.034453 0.0017919618619674504 1.4752983156579208e-05 3.6907075156001994e-07 2346.9300392706778 0.1296969599524554 4.786735448470252e-08 0.05172862713981696 4.749319493653006e-07 -7.703114034733952 15.986931253404187 2.4687911353333785e-05 0.001068250812856826 0.16008341488896666
20230123175859 MNAI 232.24773806705088 3.034453 0.0002316896729063618 1.7800596999193896e-06 8.004787820859251e-08 379.14641701333943 0.32268322610520817 2.5830107583225424e-08 0.04827338574109104 3.82468894386257e-09 -9.604332580547853 1.1545854887169278 5.83412420957717e-06 0.0001105732476155506 0.023146095552153897
20230123175859 STSI 75.64748350720046 3.034453 0.000658933339622668 1.3032236060121378e-05 4.0586889859015453e-07 685.0859787644106 0.24005310554681525 9.743008955143203e-08 0.12426743224062801 3.2213095260997855e-07 -8.258942420993424 8.445302769335365 3.638596747702916e-05 0.0008493651879267002 0.08453121712880174
20230123175859 TMSM 37.77975373804557 3.034453 0.001971276384610142 2.44425580565127e-05 4.3668890457377363e-07 1271.896892959564 0.17617890855058438 7.693537458395774e-08 0.07790745267865494 8.652150283562286e-07 -7.501245117879198 18.811617160335146 4.680139851813352e-05 0.0015273604487664343 0.18840045507096695
20230123194502 AMGI 71.25311021117878 4.459084 0.0025896550935995523 5.889255226338453e-05 2.255074999783829e-06 515.7988266751302 0.2766557451695839 6.238794544784945e-07 0.1428888426100279 1.1463991692349989e-05 -6.983605586635626 31.987770087240925 0.00025488509911615853 0.005660480914994199 0.320942844030441
20230123194502 BACE 59.91781507780419 4.459084 0.002934960261356394 0.00010389987730454185 9.774773453881601e-06 95.53413591718284 0.6428365748430199 6.283581886959725e-06 0.22242964959122033 7.22361783597182e-05 -6.705648046026644 35.07284832301878 0.0014547853918077636 0.014382549365411456 0.3516270604382001
20230123194502 CPJR 131.01628180329945 4.459084 0.0005271354163767119 2.1692704721709335e-05 1.2598926637094983e-06 240.40327984723027 0.40523754355455743 5.105558081840451e-07 0.2585659763050799 2.839413669138786e-06 -8.117886581056007 6.740320202932388 0.00017082558338779263 0.0026289982213404035 0.0675485100323016
20230123194502 CSJI 81.00810412395957 4.459084 0.0022130653180143507 4.538546915607731e-05 2.21473784617327e-06 283.6336138283585 0.3730791848105311 8.26272590219355e-07 0.12885535308861956 5.259998751815954e-06 -7.131861682726613 22.00299900900525 0.00021030619750486408 0.003685057802213047 0.22042754985354324
20230123194502 JAKO 76.19353927989569 4.459084 0.004330078154753057 7.598738211442825e-05 2.4152481525657366e-06 848.5850560158955 0.215691076841913 5.209474748673447e-07 0.11026193656766568 2.924073473010268e-05 -6.6938828531361265 46.52303860324416 0.0003338298482945517 0.009316363517189504 0.465832834482924
20230123194502 JBJI 75.20417278638173 4.459084 0.0015735381249871898 5.7927966276565126e-05 4.15820024464185e-06 86.26200814063868 0.6765035599288272 2.8130372683971315e-06 0.23130812072740317 1.3466029957583067e-05 -7.161837451307218 17.69281653907604 0.0006627564296138363 0.006111349880796427 0.17735880173776172
20230123194502 JPJI 51.84526256646731 4.459084 0.003268814705775369 5.506199816882792e-05 2.9681229723938143e-06 250.45494078294686 0.39702245141704934 1.1784114586070512e-06 0.10583797768257575 1.873653591120948e-05 -7.102112812355529 32.825485341887 0.000449457619900532 0.007105480185273641 0.3291818087934506
20230123194502 JTJM 37.864074063875016 4.459084 0.002906080397813125 0.00011830769939765969 7.213071292053925e-06 289.68026645041874 0.36916490925554135 2.6628128089848376e-06 0.25579099571401315 6.131168140994339e-05 -6.627366388891547 33.498872954477804 0.0007366960188331038 0.012237843571777348 0.3354730542760202
20230123194502 PTJI 71.21636197127897 4.459084 0.0024030850704073927 4.213559941952031e-05 1.7519529292549876e-06 365.1803001748341 0.328795751885284 5.760346806420194e-07 0.1101691248645861 6.431267244638396e-06 -7.180819056339207 25.862686835270264 0.00022263330127076611 0.004172009102773734 0.2594614613716386
20230123194502 PUSI 78.38439825705063 4.459084 0.004090657211999584 5.756545494995073e-05 1.367389291613224e-06 1104.512717181157 0.1890577600326046 2.585155565649661e-07 0.08841963576944066 1.3754594371325548e-05 -6.889112700242879 46.17417638993489 0.0001891374119576476 0.006042137144267736 0.4622935338757669
20230123194502 TASE 68.53979752022921 4.459084 0.002047634634947322 4.369018618176383e-05 3.4958774592300227e-06 160.20732969583602 0.4964078921097176 1.7353811606102508e-06 0.13406372953457163 1.3427358754430999e-05 -7.319831958659493 24.8855974410841 0.0004842368935410722 0.006266573429250399 0.24931351146231195
20230123225522 BOSM 81.76613505861295 4.695034 0.004383889745809013 8.794882595314246e-05 3.644624283848945e-06 331.2910371761613 0.34520336863723816 1.2581365802017374e-06 0.12605215985204973 3.4986285228576184e-05 -6.6982345909035255 45.496544636013894 0.0005477309989991054 0.009619402798292934 0.45539677216547725
20230123225522 ILSN 125.93397459016914 4.695034 0.0018060202511793843 5.222723382425734e-05 2.238302829715084e-06 300.0187083650967 0.3627485623022726 8.119411334762552e-07 0.18169972788783106 1.2561498581318782e-05 -7.1106582084757335 24.25231705172598 0.0003554679767960961 0.005884000965700265 0.24292958329008751
20230123225522 MTSM 143.56790977425823 4.695034 0.009002881614670229 0.00011176764236703313 2.2131132609347837e-06 1638.7285937107818 0.15521237791579792 3.4350257182667354e-07 0.07800355912648181 3.544286876525202e-05 -6.201372575466706 72.09399967861023 0.00023863611099932312 0.009111300131167253 0.7217138260535283
20230123225522 PPLI 106.35694866957755 4.695034 0.004844155222064234 0.0001355164398071091 4.4568346645114535e-06 443.06047424977163 0.2985027691477075 1.330377488990163e-06 0.17577366216487106 3.896005406284145e-05 -6.310067045100693 38.202146609942275 0.0004835845562708124 0.00920844224814915 0.3824977459246749
20230123225522 SUSM 62.38532482930665 4.695034 0.0035780414506321684 6.731483482725164e-05 3.0878562732516516e-06 409.16952673297754 0.3106191503846926 9.591472921074712e-07 0.11820756885504528 2.5673992340283333e-05 -6.762048279616186 40.92813611428832 0.00045106346572968434 0.008693447302915163 0.40943944671795274
20230127180033 CLJR 164.96628368071202 4.14824 0.0002478497524655491 7.2715549073902145e-06 4.0968842075291435e-07 294.7528276511734 0.3659745439786624 1.499355329583862e-07 0.1843396109940214 2.2557765741488506e-07 -8.91645105660856 3.100837406213089 4.794199919035534e-05 0.0008295613418892759 0.03112843330027308
20230127180033 PGJR 55.16672951966616 4.14824 0.002229664161733202 5.234547772748623e-05 3.3594301335967397e-06 207.21372452252538 0.4364862928032998 1.466345204945335e-06 0.14750936136452686 1.1834653230110278e-05 -7.080118813297535 15.181351133436205 0.00038824242751291755 0.00571369033265491 0.15183446701703032
20230130070415 MTSM 66.24390298679275 3.756313 0.01830563476412148 0.00019877320664119045 2.2489510762187403e-06 4826.457218684742 0.09044105876703144 2.033975164484777e-07 0.0682264727512626 5.81585396665474e-05 -5.704220644173199 100.64970081920804 0.00017334921794874894 0.011087190548774759 1.0073237004463045
20230201093348 BOSM 83.42768542793051 4.78624 0.005524616460149121 9.429660314482641e-05 3.8709938637791485e-06 614.3076918686871 0.2535052114144823 9.813171178214968e-07 0.10724419254626869 4.162881172398488e-05 -6.558125559030611 61.56564558834472 0.00041040246702045007 0.009796560940773665 0.6166960678639601
20230201093348 KTSR 140.31843796282263 4.78624 0.0019415860551462204 2.6480729466777866e-05 1.0462742144664681e-06 591.2113169193711 0.25840951384678634 2.703672111107083e-07 0.08569454331836243 3.9545656035734405e-06 -7.57894359571887 16.920199564760384 0.00013265350833008898 0.0032312942747451273 0.16962261252891078
20230201093348 LHSM 121.52084350691402 4.78624 0.004011060076700695 7.858765263094787e-05 2.9119652601156048e-06 614.1012973398244 0.2535478083715158 7.383224097563025e-07 0.12310480892688727 2.727491059941437e-05 -6.791581195132957 40.61692565405957 0.00037429951738710595 0.008786987981686586 0.4069031662062911
20230201093348 PPSM 69.34176181113315 4.78624 0.023539199245979855 0.0001224955286602079 2.8789340122411827e-06 936.9089848963883 0.20527268663101336 5.909665193261503e-07 0.032697038579358684 5.067377247641651e-05 -5.861361192631308 180.32738765752174 0.00039631011225635024 0.011526441770861838 1.804898605566369
20230201093348 SUSM 103.80411472879332 4.78624 0.012075726625212228 0.00023503526197992796 6.261273080451794e-06 1061.2036706871047 0.192877024056512 1.2076557185626916e-06 0.12229244256474997 0.00021883156519374457 -5.758570830832992 118.65471238350165 0.0007436254103893214 0.024387170949860017 1.1869360149551138
20230202112836 CILA 94.70510904554035 3.920359 0.0107798982124548 0.0002278757399689531 6.024311207221894e-06 1260.3690831605948 0.1769827739097433 1.0661993083496851e-06 0.13281994625713223 4.676807593133887e-05 -5.78119551692301 62.12968904626956 0.0002625977848381653 0.009046666051956897 0.6224298839359735
20230202112836 PKJM 182.52282372290847 3.920359 0.008925253595236965 0.00016274141183180576 5.139013030348075e-06 618.377562940024 0.25266960805957706 1.2984724081911074e-06 0.11456643072158175 0.00010859311893806484 -6.07619110497457 77.62690897873492 0.0007437652419761438 0.017786911775532432 0.7767471653052059
20230202112836 SCJI 108.03878519629404 3.920359 0.0030622038272862867 4.1696173300641234e-05 1.3583552394091783e-06 180.03585300094073 0.4682743481674253 6.360829143141398e-07 0.08555432565061244 2.7174724031210154e-06 -7.131728251695559 20.905690281669642 0.00020991978029275303 0.002885020289213667 0.20920344180550882
20230202121912 BOSM 91.1489683440693 4.938228 0.009297696621103788 0.00015672859361546686 5.8890093411065345e-06 834.2599156016147 0.2175350188525382 1.2810657580403836e-06 0.10591384476714785 0.00010569598452895766 -6.112199559255678 92.04541864012569 0.000562537705129115 0.016235144729533284 0.9213190847010545
20230202121912 MNAI 179.4205414916831 4.938228 0.0017105920091350234 2.7189221478652746e-05 1.436738046766366e-06 410.64075270491924 0.31006221465049316 4.454781806530033e-07 0.09986888515555899 1.1779751335339258e-06 -7.491921865500267 4.819614241303775 9.123831460060213e-05 0.0018682892076025965 0.09656291726020232
20230202124555 BALB 99.19184467283229 4.468171 0.005660113277881803 0.00010986485559011368 5.6847613813486665e-06 465.54049330864916 0.29120654863110973 1.655439741653965e-06 0.12195891010109648 6.440720386410867e-05 -6.507124383831436 45.01061630322376 0.0005484381342047601 0.012054947426554472 0.45048510385572055
20230202124555 JABI 125.32552358362793 4.468171 0.0056847719830596145 0.0002164292382224546 1.078291846409335e-05 267.9885645915477 0.3838148175508812 4.138643882962018e-06 0.23921188285048875 8.280587224248969e-05 -5.990453894068744 43.48449730902031 0.0008249717093225071 0.012238109303048809 0.43499744910430566
20230202124555 JARU 116.71967189238049 4.468171 0.010058855282764585 0.00019807197945343575 6.3200004297869785e-06 418.66440697849305 0.3070766881389422 1.9407248010156764e-06 0.12372411333904375 6.182053808786264e-05 -5.821129610419522 61.50968517682979 0.0006081790069087131 0.011825140323959735 0.6155599414578401
20230202124555 MLJR 53.52990444640857 4.468171 0.009769036680177248 0.00020786879445999158 6.040382546742524e-06 842.2164338192414 0.21650504097922552 1.3077732708126887e-06 0.13369569568946027 0.00016626963606581572 -5.949169953411022 127.89425295865276 0.0007700002302209786 0.02244395182102045 1.2820837805504897
20230202124555 PSJM 55.267608371233365 4.468171 0.001480256609170546 5.002444618736916e-05 3.3616980981121637e-06 156.80252120560493 0.5017684468079624 1.6867940333270216e-06 0.21233674170885636 1.258082560703053e-05 -7.224943518138675 19.823050712000313 0.00046415494190342704 0.005732821677026265 0.1987122059784419
20230202124555 SBJI 126.1307888948894 4.468171 0.005014261524681767 9.426817327243806e-05 3.2810205193560533e-06 424.6482968951295 0.3049054414746094 1.0004010099415097e-06 0.11812395470889069 1.4822633949156526e-05 -6.5194946426195255 30.869522542411516 0.0002892640465765432 0.005680018870945467 0.30877113291318337
20230202124555 SCJM 128.11071263869988 4.468171 0.0010532123886202401 2.8517831274205546e-05 1.6122030779433785e-06 216.44833407724974 0.42707361837812785 6.885294020576336e-07 0.17012980514732937 3.8413385564016915e-06 -7.776893980738196 14.387292363589475 0.00022501643373395243 0.0031626744894993324 0.14394208237260733
20230202124555 SSJM 99.70794133912548 4.468171 0.005215430764735289 4.94790758324947e-05 1.682464596198392e-06 823.140255016973 0.21899941152303487 3.6845875647578835e-07 0.05960892135423341 8.712811457302344e-06 -6.903264522288474 34.11193645236955 0.0001716120692896434 0.004669539558462001 0.34148468622930583
20230202124555 TASE 115.2552296244955 4.468171 0.004017559149408595 0.00012194943724562418 5.762166340728775e-06 307.82154882579334 0.35812147028548297 2.0635554819713103e-06 0.19072050561677925 4.033691974017617e-05 -6.386783027849179 35.863985414384196 0.0006189347710882269 0.010455107950383648 0.3588129149799947
20230202124555 WSJM 71.82317054488993 4.468171 0.02355483165401145 0.00040651329662724995 9.395756573128872e-06 882.7008537577183 0.2114818471601529 1.9870319555524423e-06 0.10843628220567167 0.0002201538588615588 -5.151553893054201 121.91132484622545 0.0008062115892295521 0.020739307308539217 1.220156102298569
20230207003552 BALB 120.37211240080805 5.16353 0.015522206070371039 0.0006644854791612879 4.837805606540086e-05 149.90250535387585 0.5131867357038977 2.4826976671903216e-05 0.2689750013994365 0.0023864843540311142 -5.105630430555339 155.69347331231714 0.00671279372890319 0.07714051583912487 1.557981500668535
20230207003552 CBJR 186.2401616926714 5.16353 0.01115684797634145 0.0007179876100024214 6.955622992917765e-05 111.1461787717264 0.5959812548595297 4.1454209196489274e-05 0.40434800325956655 0.0018710620018438072 -5.115135972650873 119.31933573845828 0.005936879334278573 0.059680325841458534 1.193511622437075
20230207003552 ILSN 233.04308038010237 5.16353 0.0027752577201260063 0.00012110920463043294 8.676183020032102e-06 210.7472898638805 0.4328115772091424 3.7551524570552743e-06 0.27419131909075184 0.00010794579096082392 -6.619232143455391 36.69538495105511 0.0011534861915484481 0.016972251760624175 0.36701863793390055
20230207003552 JAKO 169.39103209510685 5.16353 0.021598537752390998 0.0010323043090964324 7.713742745394262e-05 118.8863357943747 0.5762539262636079 4.445074543220866e-05 0.3003054809455723 0.004863044690139268 -4.803805043614082 223.22876217244067 0.009753946829322766 0.10706482994189878 2.233265391585417
20230207003552 JARU 143.0101359413052 5.16353 0.027940516686275545 0.0010541554707680012 5.184989397799921e-05 205.6338049048996 0.4381598836735649 2.271854351388681e-05 0.23705553622299128 0.003684507359951622 -4.630597225759771 246.78590630913837 0.006711565279606331 0.095392918460829 2.4686851419184492
20230207003552 JPJI 194.02932231865822 5.16353 0.006418151499175627 0.00033237788607171136 2.0242065034104045e-05 137.55125607706321 0.5357319998956853 1.0844321982739084e-05 0.3253883692937801 0.00042743819822987884 -5.802756313807961 60.64362799992466 0.002826598615112423 0.03306426197129447 0.6072144995629591
20230207003552 KTSR 250.5546127436766 5.16353 0.0014827354619182816 6.723613432202052e-05 3.61716631141984e-06 160.0252765175365 0.49669018172015095 1.7966109925311286e-06 0.2849173720692703 1.5209478049212815e-05 -7.161411802487874 14.986353576895564 0.00048210334280220107 0.005940527171417843 0.15011166858945543
20230207003552 MGJR 199.54626894940975 5.16353 0.004890881137433643 9.333945019645212e-05 5.660449264027171e-06 330.3364368827258 0.3457017900573908 1.9568274431032336e-06 0.11991071661216089 4.831845871511982e-05 -6.619188058013953 37.31277946580683 0.0006124279266406963 0.01139461750664 0.37385991735800816
20230207003552 PPLI 199.23535676294156 5.16353 0.002714447270560445 0.00011884676910715731 7.587014230681107e-06 139.307033174667 0.5323452052360602 4.038910647760844e-06 0.27509698993183196 5.5907039592199174e-05 -6.609857216952225 20.108311408329225 0.001043381512624088 0.012002865621455718 0.20133409768785615
20230207003552 PTJI 156.59726501827473 5.16353 0.022819192522868778 0.0008876331467945549 5.904964867353541e-05 181.328082131181 0.46660279323348175 2.7552731010527382e-05 0.2444067002158751 0.0027779680886934246 -4.737320293458422 189.37325338587095 0.006034664536109456 0.07832723955216994 1.896609315173572
20230207003552 PUSI 172.56361016386276 5.16353 0.015263132374575099 0.0008946714191757391 7.48525108195789e-05 103.22562703888744 0.6184236697117881 4.629056442818531e-05 0.36829833993200906 0.0032238397851931926 -4.942942857611564 167.19102573446372 0.008715033148836912 0.08795475592859067 1.6730913285206224
20230207003552 SCJM 159.58210383204542 5.16353 0.0035156885478296084 0.00017811297926074705 1.7346045488345498e-05 128.03214139837326 0.5552906536063835 9.632096936709431e-06 0.3183208179803041 0.0001809861502352899 -6.26998354917699 47.228617896415344 0.0019125933401269236 0.02107795526145437 0.47339929415438436
20230207003552 SSJM 131.32801381629235 5.16353 0.007290448121481795 0.00020480965927344454 1.4276075772947245e-05 199.22227445888691 0.4451546572441412 6.3550616174977195e-06 0.17651274934987238 0.00014055270460337874 -6.046882262808182 82.88380003539763 0.001347750534661911 0.01837318537493446 0.8303819900540459
20230209044244 BPSM 78.69771717970683 3.636993 0.0035765142505852117 2.3971421752998476e-05 5.531642183518005e-07 1131.532917661088 0.18678683876798108 1.0332379566549403e-07 0.042112759630693566 2.5463565305347543e-06 -7.241745309558083 41.42607366096125 8.520768012513728e-05 0.002832384304560243 0.41453442324795364
20230209044244 LPSM 40.508656266859695 3.636993 0.01096848747171518 0.0001458592674249429 4.263707407331829e-06 726.3598491199471 0.2331331079972324 9.940113594620911e-07 0.08355398211136117 3.305945075979334e-05 -6.038666434373973 100.86305887627789 0.00032926799607241493 0.008665133276316163 1.0097442370397038
20230210052625 CLJR 175.24304276537111 3.81217 0.0007517500302657846 1.2946440782187603e-05 4.519200584073944e-07 1270.3097354064012 0.17628893541643192 7.96685059899713e-08 0.10820736046282817 1.0236975412616497e-06 -8.200982620141227 9.256670755354095 4.6348070930172845e-05 0.0016579057820294847 0.09273417353724994
20230210052625 LLSM 67.01087054988855 3.81217 0.003639805456001132 4.491543525063463e-05 9.385638665009815e-07 2179.0069392296223 0.1346017051793579 1.2633229685076334e-07 0.07753491395180649 5.882763212679372e-06 -7.07371034720094 34.146008114780855 8.826540917013053e-05 0.0038708101558087146 0.34169915023708
20230215154832 TMSM 23.546079503647906 3.167263 0.002440678337002339 2.9528840476383612e-05 9.253143893036138e-07 1145.0690116506942 0.18567953398969828 1.7181194459985726e-07 0.07601787331268699 2.789278148807692e-06 -7.467041221748252 26.31354582957858 8.872173966475847e-05 0.0028977339974679793 0.263396621717468
20230215181235 CPJR 118.46735391510597 3.681174 0.000699690134872175 1.253658731369663e-05 4.907437566432628e-07 549.0478629170615 0.26814812566719926 1.3159201852677108e-07 0.1125779788591459 7.366159741054546e-07 -8.304349394254444 6.787644209084687 6.028880692716063e-05 0.0014065905377954153 0.06813235591240072
20230215181235 WLJI 115.45685945318395 3.681174 0.0011600954027146937 1.7638106322373136e-05 9.641709565144231e-07 263.26241416452797 0.387244660820975 3.733700550288628e-07 0.09552963509024565 1.4317260335566428e-06 -7.971877892238496 12.90404274496721 0.00013415140283989252 0.0021378655959959194 0.12948096381967011
20230215200856 IMSR 112.01761168825074 3.736043 0.001460573469913355 1.809239752543544e-05 4.0709373324864236e-07 1623.1719168583036 0.15595439141195422 6.348805541641245e-08 0.07783099491065788 7.674812846406753e-07 -7.91522498318917 12.61846702144257 3.664067746157019e-05 0.001402176594320704 0.12634891024655523
20230215200856 RASM 95.60931070988093 3.736043 0.003509261458340655 4.96848529652097e-05 1.3682917407964316e-06 1109.6577351418775 0.18861896000054565 2.580857651263591e-07 0.08895864324911168 6.038299995751087e-06 -6.831428221903682 39.70914657596365 0.0001290271937479221 0.004069674132362377 0.39728503660679704
20230215200856 STSI 76.7349716890605 3.736043 0.002354870771370325 5.753130179987028e-05 2.557219177962948e-06 427.515421671607 0.3038812999560105 7.770910880718212e-07 0.15350304337996024 6.539932276079147e-06 -7.110218227811157 19.975754968731636 0.00018887679603711517 0.003862273212289117 0.19992515172412767
20230215200856 TMSM 91.5756772755333 3.736043 0.002932677323293435 3.6808766795115946e-05 1.3709679466825015e-06 935.0932618090351 0.20547188472971886 2.8169536790888633e-07 0.07886183074609314 5.502841361459369e-06 -7.296943341076181 29.213288911201975 0.00011671594136937774 0.003614574970839343 0.292848470604787
20230216175433 MNAI 119.8199457325474 3.250036 0.00022847638187752903 1.6482277757443467e-06 8.379564555838489e-08 169.64303672133164 0.48240505426061875 4.042344294239624e-08 0.04532687561987653 2.8968365665907093e-09 -9.693488806383213 0.86124621905787 7.507304033372615e-06 0.00010072020360601938 0.017251876219220953
20230219215925 CLJR 98.52378220780871 3.432481 0.0005237171341795626 1.0655153354137674e-05 3.483288891260494e-07 716.1995136561259 0.23478095102288324 8.178098785775833e-08 0.12783294383778765 3.805696605527135e-07 -8.455211505252018 4.928281401230038 3.7056537870655085e-05 0.0009278501500768444 0.04940187775032493
20230220201351 BLSM 206.2715156178156 4.676356 0.008719901701798448 0.00017625772689023467 6.0992722776619625e-06 639.2766378421148 0.24850518326029872 1.5157007751148455e-06 0.12700372065492266 8.288683460982703e-05 -6.023086683642364 75.14249049613062 0.0005466719528940092 0.013562190919125998 0.7518951975362416
20230220201351 ESSN 138.99452373742406 4.676356 0.00668708847183412 0.00015357034718050706 8.823322769697407e-06 286.3294194175603 0.37131875191864466 3.2762651986194e-06 0.14429462883394098 0.00012066172732427821 -6.201058061452225 77.63453041767733 0.001064897630558241 0.01734709075580555 0.7772615600295472
20230220201351 JMSI 192.82663585404475 4.676356 0.0028330191149468047 7.844373764294032e-05 5.0059095579602334e-06 168.89793072802595 0.48346796645922774 2.4201969142658457e-06 0.17397571982412394 1.6662540135815016e-05 -6.792155953961925 22.43159330830428 0.00047610249466048705 0.00633384285686187 0.22480406101374523
20230220201351 KBSR 113.02736012079443 4.676356 0.007139006016834367 0.00021894208968408778 9.434910213423669e-06 500.93811187127653 0.2807293571118392 2.648656278622352e-06 0.1926954141490216 0.00017739802262442512 -5.945829967377073 82.10696193938642 0.0010071585716252668 0.022792563439709083 0.8225269360270179
20230220201351 LHSM 161.80962202243197 4.676356 0.0025487007819118713 4.752708110827494e-05 3.0633364622226234e-06 331.70296762855077 0.34498895398109486 1.0568172417943305e-06 0.11716614984071963 1.2506875814167898e-05 -7.155389242872646 28.168971244260216 0.0002872921743818051 0.005535110986347106 0.28259735774580375
20230220201351 MBSM 138.47944924661982 4.676356 0.006817561830886936 0.0001340911040536062 5.174527774103412e-06 425.78579288969866 0.3044978883408007 1.5756327803753128e-06 0.12358072808318034 5.742530634108342e-05 -6.262690830067836 72.87676256886662 0.0006271350103853786 0.012642715750974177 0.7296562657298308
20230225020831 BOSM 94.9219949845355 4.637264 0.010873626073461172 0.0001582171640887608 5.103871513802145e-06 1388.6161654089674 0.16861210877089902 8.605745388379004e-07 0.09142375818609423 0.00016017557643749664 -6.005685449393199 142.73714142901164 0.0005831720992706035 0.021606582237857087 1.429349805668685
20230225020831 LLSM 103.38908159276177 4.637264 0.009321554453246898 0.0001981596608513408 7.148302373939546e-06 495.95559700992857 0.2821359776898978 2.016793279094451e-06 0.13356933929653209 9.339451664846318e-05 -5.874172512425221 82.12918904494694 0.0006458173977842356 0.014430676536581097 0.8219475951613038
20230225020831 MTSM 141.91266445145868 4.637264 0.0365577196208223 0.0005434272989992464 8.749670620991338e-06 3380.4524918915617 0.10806683939291929 9.455492497396153e-07 0.09339899906250092 0.0008296376408250578 -4.948427391655675 271.25130078617974 0.0007825623134649941 0.04013400022486456 2.714057758968292
20230225020831 PPSM 45.26035282065514 4.637264 0.10438413213753718 0.0010955256078365794 3.5096169145603425e-05 625.8746094762485 0.2511517459638739 8.814464157561742e-06 0.06594288099007407 0.0019896330803637918 -4.192008837612239 642.8744978708944 0.0024680183220521547 0.05990223454668089 6.429903789476262
20230225030802 MNAI 131.95584904281603 3.821604 0.0009463600359957362 1.247423828843766e-05 3.348281525264616e-07 1206.9714425145337 0.1808553544200012 6.055546419496743e-08 0.08282043593451327 1.6758249380244128e-07 -8.053712945447794 3.048781193536695 2.154994076251454e-05 0.0006646381113856905 0.06118056364929393
20230228131148 BSJR 88.40240922865591 3.986301 0.006495460156836079 9.939398895207345e-05 3.0086652404767912e-06 667.8634755596298 0.24312858457555955 7.314925213788077e-07 0.09614574424698427 3.823062779795489e-05 -6.395749246453754 61.412992345495525 0.0004051473995645919 0.010374082642657656 0.6151892949908013
20230228131148 CCJM 54.52128246599563 3.986301 0.021960589313637084 0.0001796237386355731 3.0615747835394297e-06 1596.9438731654216 0.15722986520599203 4.813709905339688e-07 0.05139248402204104 0.00010070106111993779 -5.684308988633658 129.03511807014243 0.00043820716107224845 0.01679351386181423 1.2907624979767893
20230228131148 CGJR 107.84190367884088 3.986301 0.0015872343283903328 2.5467716797161765e-05 7.825955485932581e-07 466.2935045727762 0.2909713208083544 2.2771286043291903e-07 0.10081585379369758 1.9939494529124475e-06 -7.570005481297147 14.220557057891167 0.00011460315031231938 0.00236901327795409 0.14223954315786919
20230228131148 CPJR 91.55522665639093 3.986301 0.0032949561772513997 5.74456452877444e-05 1.2682618191743616e-06 1130.6762914873184 0.18685758235814046 2.369843373280583e-07 0.1095436828341971 1.103052540632881e-05 -6.915246953376625 29.00194924777506 0.000173715081225334 0.00570487221159355 0.2905338986063618
20230228131148 CSJI 36.00036165148254 3.986301 0.017747302035997104 0.00022350485530419386 6.013309653110827e-06 1597.9090124878937 0.1571823745023833 9.451862898940626e-07 0.07912878363608188 0.00018204493975434267 -5.609747672437901 172.7479906546145 0.0005392479394556804 0.021429817737280414 1.730813706968994
20230228131148 GCJR 58.20356957591757 3.986301 0.002664699760591861 5.945870176047039e-05 1.821243575696535e-06 464.1523163770327 0.29164169071408436 5.31150555618302e-07 0.1401996753294194 7.235164248760484e-06 -7.006201260679466 28.932835601931124 0.00020888521809624627 0.004113967304564772 0.289585926197536
20230228131148 JABI 81.6338368809662 3.986301 0.00668717309242695 0.00010026483798688827 1.6546445419219406e-06 1922.3358294645946 0.14330628510945034 2.3712096247946148e-07 0.09420760434321596 2.446050291922831e-05 -6.3332455688691125 54.44992731628287 0.00019773688245433078 0.008120150852903943 0.5447606968202274
20230228131148 JAUI 76.27983822793387 3.986301 0.011349053321221474 0.00020321964623418328 5.124456783361091e-06 1490.3359477670763 0.1627562893332593 8.340375709085011e-07 0.11250865241431672 7.515795067744792e-05 -5.840587420263186 65.76798184645713 0.0003546295213028013 0.012425989809072028 0.658078073698447
20230228131148 JBJI 63.66590613482209 3.986301 0.004995921156113272 7.112207903015022e-05 1.6245931963876728e-06 693.633572362013 0.23856944255815507 3.8757829324597846e-07 0.08944760896226069 1.0628741507641934e-05 -6.674679065617848 31.944542581174243 0.00021276261612029456 0.0050919032740108176 0.31985278160466907
20230228131148 JTJM 17.294626323064726 3.986301 0.019307803673897582 0.00039705930269460794 1.3128788391341965e-05 723.7464920573956 0.23355363580735886 3.066276262543362e-06 0.12921185749068262 0.0006066120898969027 -5.2709618323010154 192.58749197996428 0.0014635943859516334 0.041091428799887475 1.9282906868085121
20230228131148 LCJR 59.80344760595268 3.986301 0.0028213789351274267 3.874569504697881e-05 8.673185803435269e-07 967.7984111799311 0.20197025600387672 1.7517255570890104e-07 0.08628631156369038 4.620025513905248e-06 -7.222897559062614 24.21636748619255 0.00011241555271378132 0.0033348899173629197 0.24240421024557554
20230228131148 SADLY 80.80884465470803 3.986301 0.0024300410126393535 3.943203896352632e-05 1.025941954473738e-06 872.841247885287 0.21267294135778322 2.181900931202828e-07 0.10195663635267699 4.710913008256239e-06 -7.161040716124084 20.72482495180479 0.00011491681958556002 0.003320597234226172 0.20753285945619865
20230228131148 SSJM 38.38674827637806 3.986301 0.014104706717975254 0.00017771977618220904 4.8090012892655854e-06 1558.450176501796 0.1591598082002444 7.653997228342386e-07 0.07916834492419678 0.00015282418583871825 -5.854427416197904 141.55054965937046 0.0005284427730212838 0.02027544148815147 1.4179624377192783
20230301230523 BBSN 167.42773512743057 5.242868 0.02432928229321425 0.0005945576673004533 2.9291394544535133e-05 332.6906062504529 0.34447649938102054 1.0090197054689786e-05 0.15354813818306168 0.0017493976540328498 -5.041114542496972 248.68438730500407 0.003865786074853383 0.06866951822297046 2.4880631582373036
20230301230523 BMSI 181.2104934899915 5.242868 0.009085320354876632 0.0003009474034649161 2.7723141139335162e-05 115.63459785799546 0.5843001141643507 1.6198634532707942e-05 0.2081278622904744 0.00035637530344053537 -5.830882219724687 70.63650196496565 0.0028258050820239525 0.031167433260365668 0.7064620944853955
20230301230523 BPSR 192.32622254618096 5.242868 0.007462215667738918 0.0004292301059868634 3.8448826327046897e-05 69.46040871526002 0.7538955870092631 2.898640049364623e-05 0.36141173284435213 0.0007958842021925721 -5.63903483388882 65.97215511303096 0.0054390941467396415 0.04294609692961353 0.6602666627251138
20230301230523 GTSI 144.18426091478497 5.242868 0.006016757932637982 0.00022783974776774066 1.4292429062759703e-05 165.65938188476306 0.4881708579978619 6.977147358440982e-06 0.23792869375719083 0.00026480966785710015 -6.007549486561604 68.281505813607 0.002121921686808306 0.026988921919901543 0.6844036566225353
20230301230523 IMSR 171.3299537553597 5.242868 0.006645071166270609 0.0002935649590269483 2.5333990629112947e-05 92.77788272336159 0.6523154122420963 1.6525752540967216e-05 0.27757761972865286 0.00031032749537868805 -5.857941411026326 64.8247255962609 0.00259311585794707 0.02584855348757713 0.6502738685301273
20230301230523 KBSR 226.33276966636785 5.242868 0.008570882471998088 0.0003555082426545803 2.203102915949941e-05 182.93177669979167 0.46455302474021454 1.0234581234185318e-05 0.26061775717101354 0.00043246712589424085 -5.633881342811452 96.89393844796682 0.002349453649652678 0.033368551213168084 0.971212982628774
20230301230523 KRJI 94.06046542964752 5.242868 0.02189875657389285 0.0014238506069575744 0.0001351141673561026 91.80394852965763 0.6557664412625419 8.86033366912629e-05 0.40853083064634566 0.009482644936627274 -4.604508750868171 217.86520800598532 0.017179466620376414 0.157476529420571 2.178751402086836
20230301230523 MBBI 151.86564130199977 5.242868 0.010757309484509817 0.00030812614968313116 1.2546571287524584e-05 487.6907408323928 0.2845166019825679 3.5697078292585465e-06 0.17997192506496773 0.0003371483732274815 -5.6443157845284055 109.45052461872774 0.0014201723824099532 0.02969886659107593 1.095236821477199
20230301230523 MBSM 207.16221239701943 5.242868 0.0037206451824789493 0.00011865692140994747 9.611661253501343e-06 134.10838915290472 0.5425651507539179 5.214952437001548e-06 0.20038014608568844 8.466902825891722e-05 -6.571719370506528 38.39674657573536 0.00127219989062905 0.014653066680906112 0.38415614262928305
20230301230523 PLSI 211.07830517181142 5.242868 0.004396708286490352 0.0001922918170926861 1.3868332716286923e-05 98.07487394407056 0.6344552406749769 8.798836371272477e-06 0.27479765340813017 0.0001739038049178022 -6.265030741356489 38.07582116446372 0.0021354613141922048 0.021539410370621348 0.380891548194212
20230301230523 PRSN 95.83019866517601 5.242868 0.02536089293105261 0.0005986701442039456 3.866684067514673e-05 224.7748399517478 0.41908876640303233 1.6204838559249836e-05 0.14832109674275537 0.002709158975392396 -5.060280443484087 290.57304244834904 0.005705302482950084 0.09043039630054271 2.9068380302340913
20230301230523 RMSM 249.18180106316697 5.242868 0.0026802406665785367 0.0001644965694370154 1.5528639059944365e-05 101.1470918972861 0.6247455450954255 9.701448074095057e-06 0.38562299313497717 0.00014230382443305826 -6.457976600364779 34.72414771541578 0.0016890035141233768 0.018609318012064682 0.3474078033598412
20230301230523 SKSM 75.46784608909472 5.242868 0.07761177685688861 0.0021564778429076464 0.0001372013566532759 298.7080927574669 0.363543491508667 4.9878660237457804e-05 0.1745811067152888 0.013061702738221492 -3.9014449429398335 562.5557819244193 0.009060783775761727 0.15499590815523023 5.641412816462093
20230301230523 SLSM 91.95548884201833 5.242868 0.014556369604392211 0.0006528222516536552 3.6852320643840674e-05 258.51521531713564 0.39078403579471105 1.4401298589600803e-05 0.28178751235833355 0.001848923813248941 -5.139928501314658 169.65057019388678 0.00414255337369221 0.06574542547427543 1.6970048724705418
20230301230523 SMSM 193.51811501641595 5.242868 0.003923281682680287 0.00018936417536949407 1.3907395316754955e-05 111.34348458604914 0.5954529675177083 8.281199811803616e-06 0.30326912534481476 0.00017764023157809078 -6.243639260160286 45.5343102376341 0.002086993193612569 0.020621791272370613 0.4562796003574772
20230301230523 SSSN 112.48131827014726 5.242868 0.036375714908838765 0.0005766310345333374 2.5689834654337945e-05 258.54755830891776 0.39075959247712894 1.003854932033392e-05 0.09960160653676323 0.0014095753553982461 -5.055231497771229 236.1640437448095 0.0038200403122960087 0.05938496397827061 2.3639010928778843
20230301230523 TASI 164.74518210582139 5.242868 0.005189059490391468 0.00028339315338712 2.6926662854142478e-05 62.49801400160827 0.7947796888134722 2.1400764724000637e-05 0.3431472891791634 0.00033826185075454534 -5.997473794367745 44.15413562985876 0.003393797427879191 0.02777180115718113 0.44175609455770015
20230302183659 JPSR 146.01721245133825 4.190794 0.0006236704395641281 9.692161473056737e-06 3.459172367907536e-07 870.108416517438 0.2130066604855662 7.368267541319326e-08 0.09764395215665889 3.2421042915484317e-07 -8.437859244066086 5.447578180021811 3.3887580514177814e-05 0.0009174980114758729 0.05465490893877253
20230303003648 BEKI 88.17627643709073 4.996275 0.01860168674863181 0.00024504330782521916 7.881965237372204e-06 936.5226560478761 0.20531502120960246 1.6182858598844234e-06 0.08276951075220886 0.00031550271052019444 -5.522519097527676 211.19704752877806 0.0009918269451609327 0.029578048269818843 2.112466995625001
20230303003648 BLSM 167.783760766763 4.996275 0.01476582707827788 0.0003720137025130303 1.4796565274672885e-05 490.29928440292304 0.283758734533209 4.1986546377792015e-06 0.1583000408516203 0.0004452566896039901 -5.503573870499491 114.91485331270054 0.0013637864931522192 0.030644918119808635 1.150178254449489
20230303003648 BMSI 200.34746127148856 4.996275 0.0029583244432607237 0.00011080550480173941 6.591710295927156e-06 159.35418917277528 0.4977349371300491 3.2809245097228004e-06 0.23533981247760913 4.713650807265703e-05 -6.586905129054453 27.325115134880377 0.0008491480189633305 0.009985113504096251 0.27337762814858463
20230303003648 JMSI 129.3134854504347 4.996275 0.007036280885253694 0.00014855420314091648 7.059175471362721e-06 568.8297220972975 0.2634442524148412 1.8596992047183365e-06 0.1326543953711314 9.849983186044986e-05 -6.286259291235811 67.71595636793374 0.0006054729484045823 0.015017464036316817 0.6791881785680433
20230303003648 LLSI 135.1851610919967 4.996275 0.011905843793017987 0.00028682056083515427 1.425250674933326e-05 220.44234268475256 0.42318704042290706 6.03147614985785e-06 0.15136656964148087 0.0002219453559627777 -5.679621672147098 84.38309645885738 0.0015527922691843195 0.02130634651459544 0.8441074688764775
20230303003648 MKSM 191.68435229265384 4.996275 0.005402048851968648 0.00014976342553180082 5.348566030118179e-06 721.6006645222913 0.23390063784073487 1.2510330059779291e-06 0.17419156705911187 9.573579174420598e-05 -6.248291901180913 61.40397779467659 0.0005778117630845204 0.0159620775983578 0.6150561735268526
20230303003648 PKSI 163.1344933962317 4.996275 0.0030241663912558454 6.65286848051622e-05 2.5053065956028773e-06 630.5089014239107 0.25022705075591356 6.268954806570462e-07 0.13822389405636806 2.0183612920467475e-05 -6.853463367066045 35.960370340185136 0.0002912856068159038 0.007116937601203112 0.3598551949533007
20230303003648 RASM 199.0861699524943 4.996275 0.005122521114823668 0.00010593523725455425 5.702346779031508e-06 443.99322356608536 0.29818905418012714 1.7003773926464998e-06 0.1299381127594066 2.910546905584154e-05 -6.472597039848501 51.114608559136556 0.00035042432482416844 0.008119801717372891 0.5120135678277113
20230303003648 STSI 177.9965950347651 4.996275 0.0044889493183021085 0.00012939580507176569 5.270404754626903e-06 672.6832598562773 0.24225600902831035 1.2767872218197448e-06 0.18111539328875878 5.91996741606193e-05 -6.37727155245677 40.75389621648008 0.00044523006290785776 0.011060729362294618 0.4077654194112452
20230303044917 CCJM 98.34909544434586 3.943265 0.00669480677295862 0.0001079026338342008 3.5926006533133635e-06 943.6823733642253 0.20453467583111123 7.348114100160872e-07 0.10126838107583121 3.8928892104541597e-05 -6.474416705826799 54.78202855352486 0.00030727755587608074 0.009480423193016646 0.5484232027549614
20230303044917 CLJR 116.02090161288065 3.943265 0.0021544127090438302 3.589844685685402e-05 9.187452306159314e-07 1644.2548896049047 0.15495132609709078 1.4236079182931606e-07 0.10469516490257742 7.5973037742165436e-06 -7.377773046097942 21.871142163021272 0.00010743041489298124 0.004357535439393561 0.21892371592930857
20230303044917 CSJR 85.27580820087137 3.943265 0.0028819919955503925 6.810463398607697e-05 1.8464681360302573e-06 956.6171341335838 0.20314717657361223 3.751047884676873e-07 0.1484785649206638 1.2628598468997719e-05 -6.887910827450404 28.120913520337638 0.00019230950721733196 0.005816174412220854 0.2815058887556647
20230303044917 DSJR 102.34109251348758 3.943265 0.004607965798832962 0.00012061741047473561 3.7685429065054203e-06 1123.8832247662278 0.18742144153634518 7.06305744028814e-07 0.1644677010139372 4.267203005961986e-05 -6.445893204244273 41.053486180844814 0.0003066095528803213 0.010465201303685584 0.4113765830215197
20230303044917 GCJR 83.48699410578364 3.943265 0.001703349432792912 2.365712992498972e-05 5.971571763261672e-07 1349.8754264633667 0.17101453453153298 1.0212255655158405e-07 0.0872646142318617 2.399605613770034e-06 -7.625553142768637 18.356371897314382 6.969716312003646e-05 0.0024920752241275506 0.18375495704338085
20230303044917 JTJM 75.56892333067509 3.943265 0.003559548061430956 6.215505015503676e-05 1.3677644542548937e-06 1340.8539851948187 0.17158887418880656 2.346931628610646e-07 0.10971384320742716 1.0440721837399727e-05 -6.952279485520774 28.013731191028747 0.00015644770639811436 0.005051414475227722 0.28041159058145804
20230303044917 LCJR 113.09529374675111 3.943265 0.0019818889050107584 2.8933361482684656e-05 8.825921536409445e-07 1957.6502426537104 0.14200783849899393 1.2533500401472248e-07 0.09172747841500892 4.8239414200388e-06 -7.452757137340724 23.63729011417007 8.146939366901721e-05 0.003534571617907106 0.23664786623380588
20230305173937 JMSI 9.784544127680652 3.095338 0.03654364415482507 0.0007099233909749468 1.405804269820954e-05 1598.7254797012013 0.1571422329502081 2.2091122205060154e-06 0.12206172434524262 0.0009732505811237558 -4.746560985692589 257.95078838431505 0.0009723932894152082 0.03997646809558144 2.583173771150896
20230305173937 TMSM 54.67728525530811 3.095338 0.009496595195042224 0.00012072170136948643 2.2668681415421466e-06 2481.8128736332296 0.12612330765930127 2.8590490803878866e-07 0.07987250216777365 3.601512814120198e-05 -6.156864016586576 53.809576184471624 0.00017968160214319875 0.008024176032368211 0.538492440189458
20230307073158 ILSN 209.58934305584253 5.014866 0.004157435722352108 0.00015916755388114499 1.05101232902146e-05 174.31318369313738 0.47589895466827226 5.00175668724779e-06 0.24055194180126038 8.18863427737033e-05 -6.246778412076279 39.396449630839996 0.0010268532475145112 0.014250155122277747 0.3943195452264834
20230307073158 KPSR 150.49716128476882 5.014866 0.004936329624538218 0.00011221964283639134 7.0396874464844945e-06 237.84332143342402 0.4074125358123085 2.868056913898323e-06 0.14283827553604975 7.403696704514572e-05 -6.503339046423976 49.120541000085225 0.0009355398884100984 0.014656540641124882 0.4924668746213563
20230307073158 PPSM 139.4018946530396 5.014866 0.01864192182080545 0.0003398482955985447 1.5574204781722006e-05 267.73145159471005 0.38399906952478835 5.9804801447697595e-06 0.11454451092009466 0.0004010361912747528 -5.336791397593602 119.32389656048812 0.001860004979801729 0.02988986163269536 1.1959267022569364
20230307083259 ESJR 134.87654918654943 3.589393 0.002078383159339057 4.104828436512665e-05 1.228483465417366e-06 1461.3700609783637 0.1643613748886444 2.019152314039647e-07 0.12409356573593101 3.2389154029599816e-06 -7.37020120300325 19.565623950701827 6.982358779371864e-05 0.0027617323735046996 0.19585319441351356
20230309141438 CCJM 122.51949072163538 3.315041 0.0018743236707386601 2.9443217653129585e-05 7.27633264006811e-07 1774.2207913368488 0.14916812686337932 1.0853969103538276e-07 0.09870077161290296 2.544259934143295e-06 -7.466654191984842 27.548578482733095 6.303555138458423e-05 0.0027431085399369716 0.2758907983102789
20230309141438 JSJR 59.94483777800276 3.315041 0.0023756925100084985 2.775956774868567e-05 4.381689736424126e-07 3210.9816154688665 0.11088197652631382 4.858504184997701e-08 0.0734179644366409 2.265808503606427e-06 -7.458593269416981 18.07543237932883 4.503238293682689e-05 0.0023058348174544194 0.1813098870368482
20230309141636 CCJM 116.24664053593858 3.353416 0.0018885799724099005 2.3077641381357133e-05 7.537809954405527e-07 742.4368382575834 0.23059511990699413 1.7381821902722766e-07 0.0767778433373281 1.919747443797577e-06 -7.5670271455370965 19.533293238274226 9.056638434493583e-05 0.002338406257596449 0.19564800877303445
20230310040416 PKSI 106.28907053913663 3.258985 0.0015864482042748853 2.620466714573646e-05 6.263674514445733e-07 1697.4716118449337 0.15250307770242208 9.552296411791985e-08 0.1037845289533916 1.359146533482582e-06 -7.545384515144908 12.747562911734505 4.3365470243702426e-05 0.001595187753210971 0.12757904243071555
20230312155540 MKSR 75.53344629397651 3.203114 0.00024105453929466048 4.725057145442481e-06 2.4274753250326004e-07 318.0477989070347 0.35231705835190463 8.552409657373194e-08 0.12316054996806165 6.441698253532362e-08 -9.227506245829135 2.2527631816712033 2.400406823230875e-05 0.00042392929057100993 0.022535239784611742
20230312155540 MNAI 123.87145593326431 3.203114 0.00023653130008697204 4.295467776164331e-06 2.0218722813114539e-07 287.3034512715888 0.3706887849704935 7.494853793248627e-08 0.11410422218427423 9.09029597838072e-09 -9.249921155945849 0.9628529975922686 1.0198454714716455e-05 0.0001621832998076172 0.019307276045123035
20230312155540 SUSM 41.418925935536606 3.203114 0.009168552084063116 8.121477534023718e-05 1.543853713228285e-06 1609.3085063675312 0.1566246865767552 2.4180560395473986e-07 0.055656277944982915 1.4093638570478822e-05 -6.244223358320532 53.95571584868433 0.0001564276826372677 0.005527492639642219 0.5398920342771214
20230318064630 CGJR 36.11674195477072 3.543977 0.011015276384444918 6.747550071818415e-05 7.833504933609891e-07 6845.416923388239 0.07594163030199584 5.948891356370628e-08 0.038488464556892234 1.7607779087520015e-05 -6.51274409645753 86.25194430704528 8.222677443636067e-05 0.006638845561324529 0.8629521959570681
20230318064630 ESJR 104.14763186835162 3.543977 0.0026346144168487573 3.1088131834708675e-05 5.120287811878511e-07 4440.070127015126 0.09429419421400653 4.8281341336488285e-08 0.07414082756183321 4.590527225525835e-06 -7.340154041639368 26.939646248144967 5.6074450146576934e-05 0.0034932452557595965 0.26947628630960413
20230318064630 LCJR 102.35987969916161 3.543977 0.0030081394074915457 2.5872096908354855e-05 4.144504881985066e-07 3192.275321489516 0.11120637854267819 4.60895378778009e-08 0.05403977580150048 2.24217081387303e-06 -7.412496674736922 21.47262526860947 4.693100551423873e-05 0.0023615852761767735 0.21504680765097461
20230319183356 MNAI 243.25304177877842 3.882787 0.00017883460155004836 2.911171107120179e-06 1.0383743422893931e-07 496.4146197652464 0.28200550531809887 2.9282728110666887e-08 0.10228125524033013 1.0123482570107983e-08 -9.493710145463778 0.7779039920786361 7.923876511141878e-06 0.00016678114120144584 0.015565455550874206
20230321163112 MNAI 181.0317340919636 3.893754 0.0004328148068993826 4.5481274492975555e-06 2.071287604682921e-07 682.6818481062038 0.2404754192715058 4.980937551679984e-08 0.06602530021864493 2.5553283522183396e-08 -8.961099413434727 1.1090394662901013 1.1100256910900372e-05 0.00025313729019414406 0.022288493459459963
20230321163112 SUSM 124.21370224958451 3.893754 0.003408776200718823 4.2355086983463086e-05 1.2474583834803827e-06 1163.6802533063421 0.18418872261341898 2.2976776616665224e-07 0.0780704993665145 6.153629288109259e-06 -7.072962074037283 27.0527689841713 0.00012748508366262662 0.004233846292468014 0.27069908638985385
20230322012415 CSJI 57.345581463093254 4.379194 0.003979650246032283 4.919937210746586e-05 1.0506463229284725e-06 1900.606724994776 0.1441231473196232 1.5142245478024064e-07 0.07767737183846558 7.038941307146258e-06 -6.914026315881931 41.227747239069515 9.80311708026541e-05 0.004283228023037915 0.41324702909560546
20230322012415 DSJR 92.3579342911644 4.379194 0.008750337535256914 0.00023551112769222194 8.734081576569198e-06 820.183375474554 0.21939381862547996 1.9162035092699688e-06 0.16910891165407116 0.0002085139262991637 -5.85429040459824 71.44865168149182 0.000768637035070012 0.021751739880007174 0.7146331724053481
20230322012415 SCJM 98.97484541870261 4.379194 0.003289376405279322 9.289369374880285e-05 3.1997148285225533e-06 351.9528518435832 0.33491733289359327 1.0716399563888548e-06 0.1774404080832322 1.7692654033945518e-05 -6.613744292202731 25.43463559367826 0.00035584559973632953 0.006232387519333826 0.25449101369799937
20230322012415 SSJM 88.00069518528926 4.379194 0.00405234236771483 0.00011014045101127959 3.876668474767201e-06 637.3631618110314 0.2488779317848563 9.648172322156145e-07 0.17077354298433858 4.424524996789872e-05 -6.434726793331989 51.459721617623906 0.00045589675103303157 0.011424914539617465 0.5154162120683372
20230322012415 TASE 149.6188593453131 4.379194 0.0025397684994806877 7.920216449132684e-05 2.944797424212464e-06 397.719126985604 0.31505881096038746 9.277843749915906e-07 0.19593985685328388 1.6100101955980295e-05 -6.79121296034763 23.696862272337487 0.00032498195642092787 0.006381768920018467 0.23722446672859038
20230322012415 TPJR 179.36131441261236 4.379194 0.0019337678419097924 5.9584145141255443e-05 2.4691824281728813e-06 632.7340200895775 0.2497866798940602 6.167688807860578e-07 0.19360039875451418 1.3080480340872314e-05 -7.114970297630099 18.794200695516977 0.00025837821878419456 0.006661919252533488 0.18810082998029937
20230322012415 WLJI 146.0762472507343 4.379194 0.0028751694330423857 5.877464588818305e-05 1.850251760362535e-06 756.7756304586508 0.22840010492335364 4.225976962014228e-07 0.12844181884910527 8.593331011457001e-06 -6.965753853738783 39.42495441305368 0.00019304340281431958 0.004989831900155229 0.3943264735296773
20230322012415 WSJM 80.57820619826201 4.379194 0.005263667227014486 0.00011275534255825796 6.4749207859643885e-06 523.6594127227328 0.2745714714811588 1.7778285279261833e-06 0.13459489004776665 4.994962267670098e-05 -6.533718647712606 50.960128171268465 0.00044574938232223155 0.011625524941853496 0.5099732593066582
20230323180128 CPJR 68.72245622231429 3.589881 0.0030867881533938506 3.0729145076630305e-05 9.8161737877754e-07 1094.2926416686323 0.18993855465588044 1.8644698615009988e-07 0.06254945375353665 4.460384096560043e-06 -7.265213946489024 23.70952227029357 0.00010758967885036549 0.0034585607016683322 0.23757844860179775
20230323180128 SADLY 96.30921668772261 3.589881 0.0014755227102059285 2.338313103272329e-05 6.965991305805208e-07 1045.413235584891 0.1943282193668206 1.3536886865818795e-07 0.09957186312649657 1.7517670861366304e-06 -7.7124266063966616 13.811785681599112 6.486738792629805e-05 0.0020593308763086834 0.13831852231436725
20230323180128 WLJI 66.90998647807747 3.589881 0.004254424378402828 3.62342555698297e-05 1.0529827702275828e-06 1195.1469523083395 0.1817478216036876 1.913773246750795e-07 0.05351288963288927 6.148294409632357e-06 -7.205253787807061 38.46611687276866 0.00012555199981670767 0.004144904725268334 0.38508160744365116
20230323180128 CPJR 68.72245622231429 3.589881 0.0030867881533938506 3.0729145076630305e-05 9.8161737877754e-07 1094.2926416686323 0.18993855465588044 1.8644698615009988e-07 0.06254945375353665 4.460384096560043e-06 -7.265213946489024 23.70952227029357 0.00010758967885036549 0.0034585607016683322 0.23757844860179775
20230323180128 SADLY 96.30921668772261 3.589881 0.0014755227102059285 2.338313103272329e-05 6.965991305805208e-07 1045.413235584891 0.1943282193668206 1.3536886865818795e-07 0.09957186312649657 1.7517670861366304e-06 -7.7124266063966616 13.811785681599112 6.486738792629805e-05 0.0020593308763086834 0.13831852231436725
20230323180128 WLJI 66.90998647807747 3.589881 0.004254424378402828 3.62342555698297e-05 1.0529827702275828e-06 1195.1469523083395 0.1817478216036876 1.913773246750795e-07 0.05351288963288927 6.148294409632357e-06 -7.205253787807061 38.46611687276866 0.00012555199981670767 0.004144904725268334 0.38508160744365116
20230325225548 MNAI 134.7020064165783 3.140212 0.00023196434910763687 2.7074022630536e-06 6.0496266731486e-08 955.9561176833752 0.2032173996820483 1.2293894015644194e-08 0.0733350197359405 5.495400150580263e-09 -9.42692387108731 1.1005063816114071 4.316748424206997e-06 0.00012020191381099197 0.022050452057054228
20230327090603 MTSM 143.9908113648861 3.021135 0.001640059615265162 1.680314718773372e-05 2.6341952735392085e-07 2250.350551445402 0.13245085931465253 3.4890142758286436e-08 0.06437405478536519 1.024697560568659e-06 -7.846795217603575 18.708082757898982 4.016593008878837e-05 0.0017450510633210481 0.18753834355588386
20230328205956 CLJR 117.72353597934313 3.091161 0.00040702472970335554 6.158784503958153e-06 2.2328145732513735e-07 545.9023958947073 0.2689195452450797 6.00447479655346e-08 0.09507231743279544 1.9402426877191966e-07 -8.8800085592754 3.922281169707321 3.427207404880649e-05 0.0007253221118217179 0.03927756680273433
20230328205956 LCJR 112.65210418639239 3.091161 0.00036861698143997096 3.829795381861581e-06 7.712925956427736e-08 876.2034727629336 0.21226450795223425 1.637180433013149e-08 0.06527999328412822 4.142233592060002e-08 -9.064475154435403 2.8767960291562353 1.2433885616054796e-05 0.0003346994823610817 0.028802872768198907
20230328205956 RSJR 42.378172084192094 3.091161 0.0016798087229651665 1.0392547407748318e-05 1.9813912835057784e-07 3552.1194525545047 0.10542317396575684 2.0888455797526394e-08 0.03887246225348098 3.425444656898944e-07 -8.079366473631383 9.683703175403398 1.6336958809750353e-05 0.0008915420279274038 0.0970135499272344
20230328205956 TPJR 160.10882413591432 3.091161 0.0005798809083500237 1.557644762014064e-05 6.906223027033693e-07 559.4360775567593 0.2656468272271537 1.83461623525461e-07 0.16877552858809533 1.7282597179649939e-06 -8.190030877351738 7.682743780352302 0.00010432615655805864 0.0024602852700656725 0.07692543122619466
20230329053445 GCJR 41.01777351486376 4.047118 0.008374597957676306 0.00011517188685812075 3.583477005279774e-06 830.8608883621717 0.21797952935024606 7.811246310483143e-07 0.08640967733188754 3.7925740918103346e-05 -6.383712648362962 69.8213235027342 0.0003390442625983693 0.009309129263966043 0.6991264728119901
20230329053445 PBJI 54.25908780503906 4.047118 0.0016079710732335997 2.5858687148604214e-05 1.3505320492253844e-06 345.7769610798085 0.3378950594817718 4.563381071050504e-07 0.10104343657646127 2.7884287249618735e-06 -7.591816972609507 16.307007899585045 0.00013969812910645746 0.0027345641113773085 0.163198012902126
20230329053445 WSJM 38.011542630372944 4.047118 0.0052322189599894086 0.0001114343481737674 3.595526233994642e-06 853.2222300270084 0.2151041490064573 7.734126107938097e-07 0.13381753793460643 5.640473373438162e-05 -6.398686415611013 58.77084654523465 0.00043241819308112076 0.012673417740892305 0.5878673668153687
20230331212430 TMSM 51.38864619887275 3.368484 0.004099288064523908 6.353132168471043e-05 1.6965979776311998e-06 500.41265428964874 0.2808767081676213 4.7653485504089494e-07 0.09737765696674286 9.025197259036138e-06 -6.743044421987306 37.2829320216851 0.0002389228243228005 0.0048132712401791344 0.3729819250908629
20230401145556 TMSM 53.634226633282466 3.311747 0.004049555423634459 5.45457069136096e-05 1.7714595274166959e-06 495.8902137878348 0.28215457691887863 4.998254134871745e-07 0.08463170605076578 6.643903391770502e-06 -7.014446469963738 25.312623511168606 0.00019737965530408343 0.004030772815333813 0.2533147002102925
20230404011337 ABSM 185.53807348267514 4.480938 0.006006057455016935 8.418162075513746e-05 1.8753035682820775e-06 2344.7965294957557 0.12975595159907313 2.4333179903957837e-07 0.08806587792819448 4.00374079700101e-05 -6.575405376076323 62.6944135737072 0.00021502998267365368 0.010056065812018978 0.6285036938878901
20230404011337 BOSM 116.60242901084887 4.480938 0.005407712184213061 8.003934413874782e-05 3.351070257905539e-06 1206.6892123833609 0.18087650313238302 6.061298700008868e-07 0.09299718882173719 4.5945399358486826e-05 -6.559728193597869 72.19322825362559 0.00031697279179121766 0.01156682741597177 0.7225296244538262
20230404011337 KBSR 214.76095839967334 4.480938 0.0018389337154736036 4.677878685724385e-05 1.830712275506926e-06 836.9026023698113 0.21719129220241437 3.976147647681717e-07 0.15983163710358275 1.8871380442707925e-05 -7.266968357374015 26.067148491693178 0.00027432800053265867 0.007846427571535638 0.260766588128828
20230404011337 LHSM 105.57198056659783 4.480938 0.00842493060512119 0.00021226068695087631 7.162864818787196e-06 728.0346458798647 0.2328647997605559 1.667979081738811e-06 0.15830079700963987 0.00012123662914425532 -5.977954225195034 64.84336790294722 0.0006148157628211002 0.016148295887827967 0.6488032109518116
20230404011337 MBSR 56.143835816025984 4.480938 0.005853804062122273 8.946774313673482e-05 1.5374720247622753e-06 2154.115918807689 0.13537713950167354 2.08138564776163e-07 0.09603027419053159 2.702771556495615e-05 -6.452778850457858 69.57244874432544 0.00019413827793558135 0.008931936132144363 0.6969729332567143
20230404011337 MKSR 62.998614815836774 4.480938 0.012184287738980643 0.00020354923236291133 6.500588100910658e-06 586.2107248945285 0.2595093372164724 1.6869633095846119e-06 0.10496613125596835 0.00010065526676517896 -5.825146878911587 86.32195924257164 0.0006090688809580092 0.014709739206210822 0.8638390271530925
20230404011337 PPSM 122.98575262663661 4.480938 0.00344092125859453 6.365282889901199e-05 2.0329283031207855e-06 366.8066097634609 0.3280660516998155 6.669347617936418e-07 0.11623123263856604 6.8677357424003516e-06 -6.855329607188302 43.11481872530331 0.000246086111148105 0.0043261323411263805 0.4312810585796427
20230404074241 MBSR 58.13866320051841 3.667829 0.0018628296385763384 1.7976162854189907e-05 4.6461257256234564e-07 919.8696980843522 0.20716515629483515 9.625153621142377e-08 0.060632255352793984 7.645869333422636e-07 -7.733426755884063 15.617059317340075 5.204076088682114e-05 0.0015046840512695741 0.15637684802012009
20230404074241 MKSR 60.65650067953205 3.667829 0.0024030710271073985 2.8737848742650596e-05 1.1766909345762586e-06 448.1215112873333 0.29681235337073913 3.4925640548159374e-07 0.07513936414818326 2.0397013345739886e-06 -7.211919898771997 20.208273719905094 0.00010734504463449785 0.0021973618854803836 0.20225290738803497
20230404182700 SSSR 96.339259769157 3.663226 0.0008700745406451703 1.5548823732931814e-05 4.276168233129189e-07 974.7689451769144 0.20124681972949285 8.605652575455339e-08 0.1122847943007729 7.311412979887849e-07 -8.117989652162807 7.915298128479215 4.7142766551920704e-05 0.001388293651620498 0.07922459413601074
20230406132834 ASJR 215.56001763171113 4.944194 0.001133933152094236 4.3901268711046393e-05 2.0565944714680936e-06 419.8955584111022 0.30662617678632964 6.306056999861638e-07 0.24325931914270885 4.293267028006918e-06 -7.504154508413051 8.476824434445934 0.00014012024939098853 0.002898017057842028 0.08487391852475357
20230406132834 BOSM 115.78493593713208 4.944194 0.0062611601804023415 7.767285924960015e-05 2.2249133921850207e-06 1281.6859054419747 0.17550482640974632 3.9048303867215193e-07 0.07794609208869574 3.3226071671176945e-05 -6.6278715555928684 62.555887750592404 0.0002717821778472887 0.009342018062885435 0.6258139038170868
20230406132834 LHSM 195.67007682591012 4.944194 0.001615215840058606 4.878701077004674e-05 2.532210543059343e-06 309.8760554894277 0.3569323068479348 9.038277505588331e-07 0.18978134169390487 9.447805632044352e-06 -7.280752099860514 21.237873311780774 0.00026316390470254635 0.0045261392394018276 0.21270716608390028
20230406132834 MBSR 201.40950818829148 4.944194 0.0034114038776733 4.636506262277541e-05 1.4057844666133452e-06 860.6970637682062 0.21416806243576078 3.010741354168696e-07 0.0853960101717932 5.192346323605765e-06 -7.0344650097603125 29.301220645624426 0.00012754140402125957 0.003805308172106809 0.2933418447206846
20230406132834 MNAI 204.835617848576 4.944194 0.004681629178397272 8.425289341084596e-05 2.5760901579289838e-06 666.4499192928616 0.24338628877897836 6.269850230983876e-07 0.11307528251257695 4.2892993450858445e-06 -6.691818443629926 13.21268018516395 0.00012436727806019334 0.0033330567170516264 0.2644024980156251
20230406132834 PPLI 130.38611650816975 4.944194 0.0032749651788172825 0.00010118592330322458 5.060217289859887e-06 423.90994200988285 0.3051708639789907 1.5442308822679686e-06 0.19413027982844766 2.444169702540972e-05 -6.551766420745551 29.78956250214744 0.0003805949398805181 0.007612901811568138 0.2980066984635247
20230406132834 SPJR 196.31020405710873 4.944194 0.0034638695713054344 6.413654722043114e-05 2.453185057106876e-06 468.76593141863344 0.2902029667514277 7.119215815626861e-07 0.11633862154826177 7.448940319488614e-06 -6.838021914073064 18.257847773043576 0.00019407343740367205 0.003999327909352948 0.18274594184010634
20230407075918 PPSM 110.50792887803755 4.396017 0.005966675015903722 0.00010009404144697212 2.7225581930750016e-06 921.9118338767452 0.2069355823238659 5.633941650945876e-07 0.10540366433223347 2.779904479807771e-05 -6.3933633154664795 76.27107775553614 0.00030262622394303465 0.00910831262803076 0.7638071622688887
20230408233812 CGJR 28.66333228138551 3.196975 0.004218122749735167 5.471640127669945e-05 1.0210538386620866e-06 1358.2979639110677 0.17048349635671722 1.7407282838355998e-07 0.08150386059416723 4.042829604300197e-06 -6.822178630862181 17.238215737894436 8.790261679121332e-05 0.002661208481232879 0.17278385272752084
20230408233812 CSJI 80.62943775016716 3.196975 0.001855562328233108 1.737647735867874e-05 2.8033798888897446e-07 2129.422157416818 0.13615982481885167 3.8170771457191944e-08 0.05883910530483303 7.564795842499043e-07 -7.7812496852468 14.123136692750219 3.369103808267646e-05 0.001345562255518038 0.1413226116558905
20230408233812 GCJR 35.76760269072929 3.196975 0.0022489792138055778 2.0964950179502033e-05 4.695749139414229e-07 1556.2758249540102 0.15927095449461484 7.478964475017705e-08 0.05857175830038012 9.316774750770918e-07 -7.704946153500689 13.872172550156431 4.051172557985535e-05 0.0015570450382812492 0.13912346640854012
20230408233812 LCJR 72.60930865208188 3.196975 0.0006519310340776406 7.4421191706265775e-06 1.835934721271226e-07 1633.3898573991628 0.15546582688805305 2.8542510955491836e-08 0.07172570622185108 2.2718814512070077e-07 -8.639419368889609 6.693140645408723 2.1727268472000054e-05 0.0008041463234776787 0.06699636826682419
20230408233812 LSJR 72.98975052518905 3.196975 0.002914953737949662 2.2437701629351944e-05 5.219720415626424e-07 1925.4017912732231 0.14319214097351746 7.474229415967261e-08 0.048364485298345465 9.891310655528414e-07 -7.464601995957584 12.61290643347344 3.8204652209129764e-05 0.0013433563998086265 0.1262146046403122
20230409003428 LESM 50.9849310264294 3.772384 0.006437139595452914 6.492326262590398e-05 9.747917566885992e-07 4698.550998295837 0.09166380812549393 8.935312454741693e-08 0.06337052098627667 2.2484322780307464e-05 -6.5953811126736674 75.78787955797057 0.00012162434283725923 0.0081059454074796 0.7595143785661462
20230409003428 MNAI 131.33264690974164 3.772384 0.0005025178712647682 4.7171788936013535e-06 1.270617958871701e-07 942.6742615077578 0.20464401303423777 2.60024358136877e-08 0.058980806077635874 2.995242587596186e-08 -8.816951470083865 1.5331843004780745 1.0758897236052575e-05 0.00030064159708707193 0.030784483689264158
20230409003428 PPSM 52.79909529136483 3.772384 0.0137205794117104 4.7809534398822505e-05 7.389866619706198e-07 3984.6672732933775 0.09953683721481638 7.355639507649011e-08 0.021893839543058433 6.223371769211564e-06 -6.592818564790307 110.75252966416136 7.09909895453039e-05 0.004084923714867573 1.1085801229904453
20230410185336 BTSR 104.23333217781568 3.329025 0.0002836327064366687 3.7905436690210952e-06 1.688479125188522e-07 623.329320649304 0.2516639972427188 4.249294059058325e-08 0.08397017603022411 8.982404691951899e-08 -9.224815363382108 3.364052128338323 2.1274188249724735e-05 0.0005257607187343 0.03364265008277813
20230411024251 CCJR 93.47671439798081 4.144453 0.0022044414134205063 3.0162636254664613e-05 1.1647273994092855e-06 531.3324305843917 0.2725817065100454 3.1748338214999026e-07 0.08597072790746005 4.931468512562448e-06 -7.440748575484485 27.386769035404914 0.0001623411366083425 0.003748020377856557 0.27449886067936596
20230411024251 CIJI 116.88772544476691 4.144453 0.001726441814590796 2.891819983130281e-05 1.4945053858537721e-06 449.6579391089582 0.29630483316980516 4.4282916902677726e-07 0.10524444366124869 3.534688773719695e-06 -7.444823348768369 17.39718868537527 0.00014474027004667998 0.0031971341443889105 0.174164790913815
20230411024251 ESJR 105.87224673175582 4.144453 0.004834508913111538 7.165102154119469e-05 1.121884156172729e-06 3809.8523687320744 0.10179484719482378 1.1420202624789676e-07 0.09312148428790287 2.0268741244543985e-05 -6.709726952207311 49.98622799002746 0.00012376091427629301 0.007126543720407597 0.5004094062144523
20230411024251 JSJR 95.24496964504154 4.144453 0.009595862113770618 0.00010187486792677465 1.4561859041471366e-06 4917.482172505816 0.08960009523952447 1.304743956980365e-07 0.06670569728276865 2.7210488098725956e-05 -6.363655941188183 70.4642843961189 0.00011860681069121859 0.008081678536306161 0.704958853756434
20230411024251 LPJR 129.83796027908647 4.144453 0.005946473333225524 0.00010343261571697976 1.7756201478503763e-06 2366.6980416600563 0.12915417292886433 2.2932875163144316e-07 0.10928936445823832 2.445454702751589e-05 -6.406026475907473 46.15913886677928 0.00015983257475090897 0.007622773228389628 0.46209257151686284
20230411024251 LSJR 100.28856019496192 4.144453 0.008374364795537124 7.916791891693359e-05 1.0995740316837476e-06 3981.6885908381796 0.09957406177346652 1.0948905255537711e-07 0.05939873854121463 1.698398063149598e-05 -6.443511304571129 70.98179470567602 0.00010322609358577254 0.006238050805705627 0.7105935307656811
20230411024251 MGJR 65.9770626718736 4.144453 0.010091296687319543 0.00011311382919816746 3.366802971742538e-06 1387.531597213652 0.1686779939764558 5.679055713875013e-07 0.07042852585533561 6.23492207787973e-05 -6.134422767776325 104.63845699994349 0.00034614243794179765 0.0134171000985258 1.046714708483496
20230411024251 PGJR 54.61513804266766 4.144453 0.003002269139071508 4.894639146496016e-05 1.4836774623926155e-06 984.5138595995713 0.2002483522597049 2.9710396712898154e-07 0.10243560235482707 4.547066735545989e-06 -7.052408825101467 25.24550984525855 9.765507878202612e-05 0.0031220468420776228 0.25258751795617673
20230411052413 CGJR 37.58867189053679 3.837097 0.005915502135864741 4.101628187424724e-05 1.099521419040589e-06 1874.5210511680286 0.14512248532115404 1.5956528099501235e-07 0.04356568448601086 1.23528980762898e-05 -6.914088552878414 81.1235530869616 0.00014115702287407372 0.006186886305631525 0.8123370857469845
20230411052413 LSJR 96.9709428127969 3.837097 0.0056472419511406 4.67736990943752e-05 7.73848733922636e-07 4689.503538775947 0.09175218901357725 7.100231530278714e-08 0.05204094697108903 7.504712370729029e-06 -6.7734964407554195 51.85675411467267 6.529274950991916e-05 0.004259611670828504 0.518829826273987
20230415174019 MNAI 106.08877294476703 3.013554 0.00026170061882582133 1.8974878484911332e-06 1.3440780438211422e-07 169.28489107855287 0.4829150820111311 6.490755587612475e-08 0.045556895599571864 5.212453963531342e-09 -9.4223315073387 1.235772446775907 9.608981246736148e-06 0.00013114766893407436 0.02476767849992488
20230416004507 LSJR 119.51942130909922 3.303001 0.002025133422269821 2.181743823861616e-05 3.465524597258758e-07 2769.5672517171215 0.11939163803658019 4.13754658322783e-08 0.06769085230321517 1.1460103007028186e-06 -7.599405883075983 16.246410434324453 3.5305428737151685e-05 0.0015951517467212705 0.16253302131480507
20230416004507 PGJR 68.60239351374848 3.303001 0.0012193942366428912 1.061610659925619e-05 2.6648514429171403e-07 772.3058146409485 0.22609201063489415 6.025016207724351e-08 0.054701722379415514 3.6338082037585364e-07 -8.14930126856733 9.66081954271996 3.7417019588126786e-05 0.001002315028471961 0.09671372762593142
20230416214953 MNAI 162.6363871459391 3.194604 0.00038543842038395073 4.0704246535126315e-06 1.9712257568064357e-07 256.6075739696854 0.39223390615014064 7.731815784959554e-08 0.06635361454484898 2.09941706463001e-08 -8.90944895408996 1.142007817096954 1.736856882550028e-05 0.0002504061365534118 0.022868173621351746
20230417110555 ABSM 183.91151264028724 5.163342 0.023079277412471278 0.0007167193385708001 3.0193915902043153e-05 521.5152849026779 0.2751353211752605 8.30741274924745e-06 0.19512224481716653 0.0018056632037193273 -4.953424172031218 211.71330185446263 0.0026222770526086498 0.06165378749075547 2.117706794957748
20230417110555 BBSR 166.77093781545193 5.163342 0.0030281322622641173 6.0190370373517315e-05 2.727119582601851e-06 310.231543832544 0.35672774730752516 9.728392253397965e-07 0.1248912590369527 1.2077990322782284e-05 -7.067642921204796 30.094221410413173 0.0003320397346082433 0.005943572860487265 0.301829297901002
20230417110555 BEFA 136.20461656057822 5.163342 0.008271580502387502 0.00020652114904438912 1.1157399756728893e-05 281.1237699571571 0.3747408903088413 4.181133918368234e-06 0.15687578074383848 0.00022195795661763065 -5.962859007026891 91.15696142811825 0.0015096683875446284 0.02475303266756871 0.9121968416338753
20230417110555 BEKI 150.26175753276243 5.163342 0.014054177476074417 0.0005602084431596836 3.123986403354036e-05 275.01576925172276 0.3788794672033518 1.1836143040532923e-05 0.25045175820577753 0.002190249146373418 -5.186916419277684 189.2600545386934 0.004832490316010271 0.08222257086897644 1.8945250598643484
20230417110555 BLSM 262.17271927550115 5.163342 0.013871278695059082 0.0007884715350026878 4.349673558164318e-05 218.04217172851673 0.42550985094532806 1.850828947395334e-05 0.3571489602918054 0.0013596497363404353 -5.009120478713358 104.11659902605004 0.0035192227769286905 0.04713902587356772 1.0413619640019025
20230417110555 KBSR 209.77700634113137 5.163342 0.01891009637499174 0.0007153713746589394 3.4923512561217845e-05 277.9343259409685 0.376884932230622 1.3162145664889864e-05 0.23769370717635355 0.0022955565647433227 -5.01181406988143 167.39162546723094 0.004312986025511112 0.07196529640125278 1.6769502337667128
20230417110555 KSI 150.24078437832546 5.163342 0.012164086784349978 0.000456345627353166 2.815683595456925e-05 240.29256299849038 0.40533089113109916 1.1412835408897726e-05 0.23571881651404095 0.0015309211944068263 -5.415875139611129 164.5476022220356 0.00425976911337127 0.0666506994373792 1.6489949629059872
20230417110555 KTSR 208.2889026967166 5.163342 0.0008856752237588863 3.6582398750621304e-05 2.276380955046789e-06 219.1126722760014 0.424469139226257 9.662534645397554e-07 0.25952401531090297 5.537116963186248e-06 -7.531603655737366 8.769437989442464 0.00024565276040835137 0.0033683113016633715 0.08804299709346433
20230417110555 PPSM 136.65225639091258 5.163342 0.0088424959563802 0.00021844220975537898 1.0199122006584257e-05 381.73305017526746 0.32158811282033584 3.279916398521788e-06 0.15521781288602318 0.0001648312666787221 -5.865438029937955 92.28629983952196 0.0010813247984955594 0.019209617796354564 0.9243917394053635
20230417110555 SUSM 162.4618266359091 5.163342 0.01163427068820038 0.0003543636512895813 1.8677307352280932e-05 220.76626701239348 0.42287646104870313 7.898193635051484e-06 0.19137705721763754 0.0003930565770686646 -5.583857258315702 98.67416726127769 0.002155845562103534 0.029942191852496323 0.9873858982974928
20230420072355 SSSR 145.36579184403047 3.815302 0.0003129511420792398 5.062601152108338e-06 2.304201524528318e-07 468.33820315235204 0.2903354561391623 6.689914006604823e-08 0.10164289851667448 1.2403254001523874e-07 -9.056234779780763 2.4091259294791576 2.8204488132526078e-05 0.0005649502790144997 0.024143622154670127
20230424113545 ABSM 185.08831038710045 4.858406 0.004142026539561088 8.400372120119878e-05 2.3242921149002612e-06 1246.4239568103776 0.17797007132355552 4.136544334655772e-07 0.1274281904663296 2.820882892922678e-05 -6.715676629441366 47.99420188663303 0.0002314615801620474 0.00806677186171319 0.4816045553267713
20230424113545 BLSM 256.4167390679382 4.858406 0.0025692972617608906 6.399541742581078e-05 2.651115592541588e-06 344.92334483861606 0.3383129124367483 8.969066373192204e-07 0.15650001752662102 7.261995772199304e-06 -6.936433437275606 20.551106186846262 0.00022740525623168005 0.003922267807073306 0.20570429365650722
20230424113545 KBSR 215.1633644058584 4.858406 0.0029758086704864775 8.687811750897707e-05 2.7468629582428397e-06 651.95211508626 0.24607756407082013 6.759413456007649e-07 0.18343629308620457 3.407840428486563e-05 -6.715510035488711 31.99417371090839 0.00042014099603778393 0.010254193255883103 0.32073762707019593
20230424113545 KSI 148.08264264015685 4.858406 0.0025531379480299853 5.372482851481808e-05 2.39739061573635e-06 275.90181915631644 0.378270598298772 9.068623825704505e-07 0.1322149684138741 1.1022690279097727e-05 -7.029536540828683 19.74860655151882 0.0003132571746425353 0.005352271947853984 0.19764996133579937
20230424113545 KTSR 191.7290674734951 4.858406 0.0015560632176262713 2.644257178493881e-05 7.238853173116945e-07 954.8925246838505 0.20333054354134913 1.4718799503058884e-07 0.10677174078866548 1.882490631251803e-06 -7.636594529051347 10.742601398598207 6.972723425714152e-05 0.002060447377717811 0.10760628367432276
20230424113545 SSSR 106.14723281663488 4.858406 0.005760767867717134 9.06997035903324e-05 2.4382717091639447e-06 1259.2335013571924 0.17706255781280228 4.3172662546716117e-07 0.09892484093273356 3.9379719708864733e-05 -6.503814063685285 58.41161994882292 0.0002926352626633465 0.010744485587562011 0.584129909394785
20230424113545 SUSM 143.28118843402632 4.858406 0.00551122919786247 0.00011467735930750035 4.521070035278149e-06 613.689414206378 0.25363287953831665 1.1466920116419958e-06 0.1307401803115903 6.287836280228452e-05 -6.375153030383647 51.373349451029995 0.0004883272404499981 0.012024641173796851 0.5142506051402979
20230424184712 BTSR 139.2479535008532 3.855346 0.0009877302615921503 1.2686893853986879e-05 2.3152392001127007e-07 1301.4454161127935 0.17416740827864216 4.032392110287456e-08 0.08070432602583617 4.137600050179238e-07 -8.13329237358019 8.636455686026554 3.166302358988374e-05 0.0010517739622486614 0.08645780858341923
20230424184712 KSI 145.9858200718667 3.855346 0.0005977724592678029 1.0402159738767867e-05 4.3049940335509977e-07 689.9548334858607 0.2392046058280673 1.0297744008877479e-07 0.10933708340062638 6.62091086244984e-07 -8.368616869438908 6.895142387944806 5.4987521264519735e-05 0.0013929769181561154 0.06902691820301367
20230424184712 MNAI 64.51041733904114 3.855346 0.004207961006256923 4.676415094198966e-05 1.21441598891449e-06 1695.795415850443 0.15257842933657198 1.8529368414979268e-07 0.06982665135549923 2.1450737925027003e-06 -7.110269280777304 8.078322286191032 5.751638602539199e-05 0.002365760497118704 0.16169899214210193
20230424184712 PKSI 108.11597039027353 3.855346 0.0043987816428726085 7.875639446962411e-05 1.7065444019523898e-06 2118.831004444718 0.13649970372357095 2.3294280525761978e-07 0.1124950181102483 9.598235891962317e-06 -6.638948377377612 26.52104662953949 9.926016335368339e-05 0.004038360388381743 0.26535502396486443
20230424223047 BSJR 135.31755019843644 3.71793 0.0018378963506856553 2.6693087472514407e-05 3.8612040128023745e-07 1990.1312020709365 0.1408442151208443 5.438282486046049e-08 0.0912552086781131 1.4745450769526163e-06 -7.508296369345426 11.553447414227145 4.589411059811727e-05 0.001864821377884735 0.11557909732895953
20230424223047 CCJM 103.97611641905429 3.71793 0.007180133593103979 9.638884367636321e-05 1.6257070110998024e-06 2877.7407712043205 0.11712619461223063 1.9041287576454324e-07 0.08434786881194244 3.238475111415985e-05 -6.419822403438815 80.9694725533279 0.0001807613210699309 0.009417761822890702 0.8100713419290935
20230424223047 CCJR 105.64168329800971 3.71793 0.0012963543301576842 2.0553044704605822e-05 5.609073662835289e-07 892.4471444053969 0.2103238951618745 1.1797222210174006e-07 0.09961673710772927 1.6171023355427675e-06 -7.729346218037645 13.104575533225447 7.458121216923143e-05 0.002172233906851891 0.1312889960440446
20230424223047 CGJR 112.97741582537058 3.71793 0.0019391855839120714 1.9753025422198728e-05 7.078977084203458e-07 776.1731290175355 0.22552805092220346 1.596507904323349e-07 0.06400208424338798 1.2847432538878193e-06 -7.727669757756877 12.831327987326063 6.447169819992935e-05 0.0018008590316387655 0.12857727373513678
20230424223047 CSJR 87.60718666855468 3.71793 0.004843746886973461 5.466798981777704e-05 1.5093324358246958e-06 1140.32511821912 0.18606535804256336 2.808344800769763e-07 0.07091392643159429 9.354848725962493e-06 -7.019281320022139 32.51508417723913 0.00015310130289056625 0.00478904749092347 0.3253009753051311
20230424223047 JAUI 150.99552064251338 3.71793 0.0020230363280341283 3.0121996243886467e-05 5.892527834873723e-07 840.9081256452333 0.2166733977935414 1.2767540275751095e-07 0.09355347780947675 2.024235374805744e-06 -7.47026006402622 18.53301111906333 8.471889403305527e-05 0.00240479469690026 0.18572057750042326
20230424223047 JSJR 49.95579053239602 3.71793 0.00804786998202604 0.0001278134185251334 2.559562340673191e-06 2316.0074904461844 0.13055992397799462 3.3417626461522983e-07 0.0997873220033483 4.4633596686906445e-05 -6.216033351343224 75.26879055607534 0.00022039302280833865 0.01116701493360466 0.7529154525390913
20230424223047 JTJM 78.04568905739893 3.71793 0.0072679550679513715 9.705681948108068e-05 1.511926883117515e-06 2149.789264422565 0.1355133006805475 2.048862023189068e-07 0.08390612991186254 1.7982858209616807e-05 -6.374827733359423 38.76322994754135 0.00013666357203293797 0.005275859211221876 0.38790461035588214
20230424223047 LCJR 117.98517063004978 3.71793 0.004039363678942099 5.646116024725645e-05 8.791779993556279e-07 3964.7423938212573 0.09978663578977252 8.77302148160809e-08 0.08782470722833842 1.0860695571548458e-05 -6.835349437306304 36.9034944159807 8.207634384252484e-05 0.005101761615858302 0.3690697930463408
20230424223047 SSJM 103.25977196410469 3.71793 0.0022645722972419067 2.757143528924817e-05 8.709708942595058e-07 818.3376219866532 0.21964109970706241 1.9130100502800142e-07 0.07649852350408372 3.816452925721375e-06 -7.51848567931918 23.46398217049139 0.00012590743204569604 0.003208042181065301 0.23476858979896137
20230424223047 WSJM 83.1597896344131 3.71793 0.009369116151424937 0.00011570533156690798 2.567236363922579e-06 1190.1732232737259 0.18212718737664582 4.6756353829226645e-07 0.07759515705790139 2.9847105929869362e-05 -6.286612209155159 54.180120031252144 0.00025716742594589215 0.00796896915311375 0.5432097084646764
20230426140133 SKSM 72.09313056127587 3.035647 0.002226525989565032 1.8550137572621823e-05 3.811735333777485e-07 2198.5251336095926 0.1340028857319912 5.107835343727777e-08 0.052347896403952196 1.3154865815700683e-06 -7.597553560767418 22.697883112126153 4.370795531325938e-05 0.0018466385254879943 0.2270786117830133
20230428083303 MBSR 54.86732004757453 3.227799 0.0026684966811649415 2.938368728348801e-05 5.144767296359145e-07 1462.4959082461748 0.16429809900863865 8.45275486633621e-08 0.06918620267115103 1.2851178393562343e-06 -7.37989357256722 19.811692439859055 5.156638441892868e-05 0.0016770731104320533 0.19819815174450447
20230428083303 MNAI 64.4178123182547 3.227799 0.00203874485269451 3.157043194709106e-05 7.25779277859254e-07 2588.053105414349 0.1235074845348952 8.963917293594923e-08 0.09729656650713747 8.587008657679404e-07 -7.229512757740042 5.4429432064245535 2.920920839315125e-05 0.0014566674977995685 0.10919762458443442
20230429201930 SSSR 86.20812606256794 3.282804 0.0010306902639592407 2.759383950135149e-05 8.004227684305165e-07 956.5404963337047 0.2031553144626484 1.6261013922356516e-07 0.16821465476695302 2.0152346463016673e-06 -7.676052580033067 8.934558078140704 7.12010436290517e-05 0.002269201104490996 0.08934932741606333
20230430175539 CCJM 145.87484835838976 3.798099 0.002134586802918229 3.8754161846566004e-05 1.4738666147983557e-06 748.0018042857533 0.229735730463081 3.3859982335584867e-07 0.11407340285881601 6.858437360925214e-06 -7.280437128668637 25.437624712541442 0.0001610322430023315 0.004330445444032484 0.2546021435475412
20230430175539 CGJR 77.76197482396893 3.798099 0.002909882591412785 2.279587639711188e-05 7.276186307980313e-07 1106.2967305269622 0.18890526132115204 1.3745098759304094e-07 0.04922216314338474 2.313116355219474e-06 -7.539850812810227 21.5208376298815 7.467266559856882e-05 0.002573066319468181 0.21524508531922515
20230430175539 CIJI 92.0457033736293 3.798099 0.00247321191923353 4.9551013935686617e-05 1.7127648916827504e-06 463.3904982531342 0.2918813230391624 4.999240826393889e-07 0.12588415909504574 5.6299679053238286e-06 -7.074806690443135 20.974162743452077 0.00016373349058088847 0.003440748058774585 0.20982478228770926
20230430175539 CLJR 243.84141532246045 3.798099 0.00019030329361532873 3.1481425812942776e-06 1.317743267254476e-07 619.3258133983124 0.2524761025997543 3.326986843434765e-08 0.1039412552242939 6.630739614750803e-08 -9.478037518808593 2.217875541249747 1.8578540084673612e-05 0.00044599681744940617 0.02222461344519546
20230430175539 GCJR 128.96146319477367 3.798099 0.0007316803223316048 1.4059240101557382e-05 6.439050938505579e-07 324.5985656998283 0.3487438599808619 2.2455794789078269e-07 0.12073142893158229 5.192602249478021e-07 -8.170798781189266 7.840635979839758 6.545020538523507e-05 0.0011444904831960365 0.07862065570420101
20230430175539 LCJR 158.55906071905073 3.798099 0.00031962089282690866 6.12645399413756e-06 4.924837818215763e-07 134.29929223138964 0.5421793922358543 2.670145575140373e-07 0.1204353238006976 1.658684523366256e-07 -8.97481468048894 3.034735608872646 5.99600084142965e-05 0.0006781744625163561 0.030370880900812774
20230430175539 MGJR 79.25768834545799 3.798099 0.0024334349657943698 3.407483909951356e-05 1.220971528015143e-06 690.5092922166264 0.23910854939649756 2.919447309181259e-07 0.08798202186787507 4.555134517949474e-06 -7.480243564256067 21.862452492324127 0.00012973864547519522 0.003406900632780689 0.2187214768173038
20230430175539 PGJR 53.16678982892865 3.798099 0.004795446245982293 0.000151037232430715 8.133288478921259e-06 386.74002546135455 0.31949959178940807 2.598582348920838e-06 0.1978950176828321 6.187477375933907e-05 -6.3000403121326025 39.19388221850835 0.00046931113139208323 0.009831408989770564 0.392009545195549
20230519053821 LESM 72.6721598037279 3.357847 0.004498954849279479 5.044771093078422e-05 7.741017153360802e-07 4897.870612980398 0.08977929986276235 6.949831002543666e-08 0.0704546559634646 1.083559460541753e-05 -6.9120003833098576 51.32226420623336 8.37798226251921e-05 0.005403194895522111 0.5134230168414629
20230519053821 PPSM 37.91122674562305 3.357847 0.007790909535595008 2.6387610722540966e-05 4.188298136163242e-07 2297.3641660567446 0.1310886065456968 5.4903816646757844e-08 0.021280987441318244 2.252577296650351e-06 -7.048834151986695 63.97453049200827 5.838443592812917e-05 0.002551033893661378 0.6417404338612551
20230519135218 ISSR 100.80565982581287 3.864896 0.0005341466725379886 1.2091490762995644e-05 1.1030920400258174e-06 110.0119869404257 0.5990455744057013 6.608024047396226e-07 0.14223261326887457 7.311943180052288e-07 -8.450047040750452 4.8834938697853865 0.00012111332277369044 0.0013417444942217093 0.04888587435643814
20230519135218 KPSR 112.33251383906973 3.864896 0.0002854538784254711 7.984032292864614e-06 5.021801968971283e-07 368.80489269133955 0.32717606999303583 1.6430134324913135e-07 0.17573821267127 1.8418064954984627e-07 -8.766009216322976 2.3414241431022513 3.267349729186184e-05 0.0006376922699955496 0.023435011517900527
20230519135218 MBSR 78.98304294183507 3.864896 0.0008770143402061601 1.5633837354751405e-05 1.0513952290519538e-06 155.3934914272513 0.5040382047213526 5.299433637039422e-07 0.11200534889671059 9.470925109343389e-07 -8.039925287363857 6.3436665934056276 0.000126450299615765 0.0016916432042519824 0.06348318817172936
20230519135218 MNAI 70.45394774024861 3.864896 0.000923317414916415 1.2991990372848155e-05 1.0231617291878437e-06 242.86475630137622 0.4031787372632927 4.125170539900819e-07 0.08841063939976478 1.939623778714965e-07 -8.215895970256167 2.317788186421337 4.269032087221912e-05 0.000726724782134302 0.046458789507843004
20230519135218 MTSM 25.61632104511636 3.864896 0.009601504284755941 0.00011355727569814697 3.665969980705101e-06 939.4190046709788 0.2049982706754309 7.515175063925884e-07 0.07431141881827269 4.790482250831453e-05 -6.213407706747205 83.99833875791906 0.00033778450688512924 0.010589958370586539 0.8447959232824589
20230519135218 PKSI 43.04591753977534 3.864896 0.0029534273596152796 5.986365702947652e-05 4.001512714159368e-06 146.61848340538927 0.5189021939145161 2.0763937263541263e-06 0.1273552400254872 1.64347017714168e-05 -6.977762633537055 29.99778780099995 0.0005883986592158264 0.006695274035940051 0.3003209783659836
20230519135218 SSSR 113.21089602449611 3.864896 0.0007409607205944776 1.6604990209279602e-05 1.2664072342826297e-06 142.51812232866325 0.5263138787678102 6.665277035749058e-07 0.14080669542793045 1.398581432199011e-06 -8.190519644679274 7.203620424717203 0.00015101978479479232 0.0018933777146999886 0.0720613540785535
20230519150949 LHSM 7.1097907799361915 3.944387 0.005417312553114396 7.748461273409157e-05 2.127100978078489e-06 1563.9431558660535 0.15888005680744913 3.379539242322909e-07 0.08986931721033076 3.3500310670740335e-05 -6.671076228387338 66.2600365373184 0.0002454979969340284 0.01006568377799828 0.6631687589171068
20230520034228 IMSR 87.37931656353005 3.805702 0.00177552577657329 2.4279738839520972e-05 6.41501784530292e-07 1156.3799257758262 0.18476920764294538 1.1852977642919753e-07 0.08592052019264987 2.431240415551945e-06 -7.5852556603659105 16.71872883177256 7.48179941587312e-05 0.002565835111707427 0.16739410139556124
20230520034228 KBSR 82.37762831089009 3.805702 0.0019152973296144822 5.385895665749682e-05 1.8220816461708358e-06 628.1110228872423 0.25070422954203186 4.568035752659365e-07 0.17668578131340146 8.217734661712137e-06 -7.137151954916624 15.649154151773976 0.00019611725465314226 0.004737185766500547 0.15661056823995528
20230520072224 CBJM 96.41313756154986 3.10979 0.0020038995567433168 2.1388865468816882e-05 3.5529231855534285e-07 3558.363526397105 0.10533063717065157 3.7423166295272374e-08 0.06706434202187178 1.3673010002107325e-06 -7.641900779056451 20.627003371834867 3.5488237259266165e-05 0.001863279677283674 0.20640312737108357
20230520072224 CGJR 38.93398838184649 3.10979 0.0023991453694467307 2.2792137761922937e-05 4.263147307287251e-07 2809.0407901438207 0.11854980543164427 5.053952838053418e-08 0.05969093283328321 2.144458954535321e-06 -7.502648221602289 24.730111050177356 4.481600150448627e-05 0.002373235978117519 0.24764177269824572
20230520072224 ESJR 103.11619719696304 3.10979 0.0014073132791900611 1.6985924479342716e-05 3.6183653693931157e-07 1817.8021358270357 0.14736914493941644 5.332354105658592e-08 0.07583649830895586 6.281835968530804e-07 -7.884206834672689 8.183085456545662 3.311673312175891e-05 0.001155710850854013 0.08189307447832318
20230520072224 LSJR 96.97403458627197 3.10979 0.001900156252050505 1.7842876449967733e-05 2.278841523377759e-07 2785.9758814389515 0.11903952689837607 2.7127221681926307e-08 0.05900046326573258 6.651707747192088e-07 -7.71613475756918 14.456999835579236 2.6672143351198274e-05 0.0013458176645697907 0.1446450564145578
20230520114925 MNAI 72.27928745072047 3.316887 0.0003969357857263411 4.660275466701742e-06 2.2462389552530046e-07 484.4004361990721 0.28548126045481476 6.41259128228334e-08 0.07376854240090434 3.457140752768548e-08 -9.014579741607784 1.5725799866255388 1.572438063329455e-05 0.00034547224101407354 0.031539863494323805
20230520193313 GCJR 26.830810498689623 3.157021 0.0018316561810056717 2.0016063988540296e-05 3.7548744443606995e-07 2394.5925521457143 0.12839971349267265 4.821248028568722e-08 0.06866170652797496 9.10235324633335e-07 -7.723566937100473 15.871880893738956 3.355279355986726e-05 0.0014941131144447536 0.15893663035924083
20230520193313 JSJR 72.3838476236595 3.157021 0.0016305574443101977 1.9600488782027814e-05 3.6119186887015406e-07 3829.6822197837237 0.1015309615322428 3.66721577440145e-08 0.07552846638952679 2.2536590804033384e-06 -7.728655388221302 18.29159994199415 4.0795166941785955e-05 0.002508150731113147 0.1830663707294583
20230520193313 KCJR 59.08805214755867 3.157021 0.0006727894869739558 8.829152468086511e-06 2.2481987079131986e-07 1008.6267524171866 0.19784023847229 4.447841685066414e-08 0.08245551117607912 3.9651962715934053e-07 -8.519274645821724 5.82871595139229 3.4419107745871866e-05 0.0010228094438809658 0.058470282586680675
20230520193313 LSJR 70.36009427220833 3.157021 0.000733625991919809 6.437056722385605e-06 2.1486554914571978e-07 738.5757189236053 0.23119708571563582 4.9676288783180136e-08 0.05513057152423764 1.697500446952226e-07 -8.58378995930549 8.42019474674424 2.7987578248418364e-05 0.0007219084442953918 0.08423826374595389
20230520193313 SSJR 47.51373388202946 3.157021 0.001439200784855859 1.3303266458725694e-05 6.668863982978476e-07 243.3139459407595 0.4028064047743413 2.686261124912654e-07 0.058078684524433336 5.17089484983881e-07 -7.911711087347239 9.58614962100794 8.045508951386395e-05 0.0012471376577491825 0.09588900390480334
20230520225456 GCJR 99.61628626421859 3.141165 0.0011464570183553314 1.6347889546434964e-05 3.056660490590966e-07 1435.9029778217784 0.16581252021688958 5.068325793922822e-08 0.08959500247894946 4.988865974403072e-07 -7.997174556561296 8.289324090419186 3.0650801004328586e-05 0.0010632576882899706 0.08295722451342993
20230522104813 CLJR 121.41240801150347 3.801873 0.001667714482378923 3.522096423613139e-05 1.0828978835973796e-06 642.3074219546309 0.24791819320896785 2.6847008673127755e-07 0.1326964821205388 3.7203320544794014e-06 -7.421477090330813 16.675358965530698 0.00011759002672159251 0.003066435980027746 0.16685138567338562
20230522104813 CPJR 89.82805105303015 3.801873 0.0026461779596743604 3.466343639186004e-05 9.475104475423384e-07 954.2796802318649 0.2033958231434401 1.9271966741488323e-07 0.08230617802458431 5.848362375796816e-06 -7.374744481005143 28.603432659846256 0.00013897549568327465 0.004158865016422663 0.28638150919138644
20230524163829 ASJR 168.08999639385814 3.802665 0.00036600082416617027 1.210370748259606e-05 7.880296416996917e-07 174.79673612462472 0.4752402425177913 3.745033980325697e-07 0.20778597204065127 5.160836030840852e-07 -8.52441847040282 3.572888495894237 8.286000167468184e-05 0.001170877790275685 0.03573774758893437
20230524163829 CLJR 110.39056867766092 3.802665 0.0014125453687784224 2.7238585865607227e-05 1.0220455548031977e-06 507.47313497911415 0.27891594349571674 2.8506480021353715e-07 0.12116076855438644 2.718607665820405e-06 -7.628836961779957 10.963296539441982 0.00010847787900741918 0.002302874463840845 0.10991481609278453
20230524163829 CPJR 95.81944133497808 3.802665 0.0010243462072231585 1.7548057495481668e-05 6.753961268756985e-07 392.0718720605486 0.3173196928086359 2.1431649150433915e-07 0.10763714088818106 8.848694154532162e-07 -7.964872777830726 7.982499986446298 7.598286388381696e-05 0.001439982466397864 0.0799163925389733
20230524163829 JSJR 120.64319989382014 3.802665 0.0003283796298051235 7.90545880509659e-06 2.7636753133712596e-07 475.66391388534237 0.28809104959469356 7.961901217680698e-08 0.15126231380482963 2.0839768753166317e-07 -8.759715426497966 3.6779501727077637 3.481288162012454e-05 0.0007482989434440214 0.036879334667293984
20230524163829 RSJR 107.44016647463634 3.802665 0.0005724132264324365 9.585701421598081e-06 2.0229663780233574e-07 826.6343648721199 0.2185360758787334 4.420911338878389e-08 0.10521898438051641 1.7646042063739856e-07 -8.451591939211344 4.9064557030876985 2.5515728214306942e-05 0.0006780198556639511 0.04910196933843863
20230524163829 SPJR 97.41818154738786 3.802665 0.0023561536664557996 3.439735453215901e-05 1.7129346295006199e-06 244.1256941365087 0.4021361565311447 6.888329482964796e-07 0.09172786804156564 2.4590686353298238e-06 -7.349140063009594 14.711561099740003 0.00013934107281142293 0.002191499357281571 0.14715181861390286
20230524163829 TPJR 117.8105687623945 3.802665 0.0008341378777401288 2.1121782513958775e-05 8.075845420982473e-07 290.49692870171305 0.3686456348653302 2.9771251622923534e-07 0.15910088379237253 1.2713062241704757e-06 -7.946648858335685 7.870982396229769 0.00011240003723801922 0.0018982806275273994 0.07873276963981109
20230524163829 WLJI 86.10444404640371 3.802665 0.0021272387451358723 4.5267105315483695e-05 1.95556284599866e-06 441.0023571243688 0.299198500741959 5.851014716294775e-07 0.13370460258264588 5.790951559382881e-06 -7.2013645966683315 21.500600621649262 0.00018829816744110673 0.003766486856305568 0.21519873133857556
20230525163757 KTSR 155.14624506855844 3.966925 0.00068702915078064 1.4177813267680328e-05 3.5744400541804647e-07 676.4906415647418 0.2415733221592556 8.634893587474844e-08 0.12966237009041787 6.003317999369957e-07 -8.215816485374047 5.6569737202080645 4.9209433785582354e-05 0.0011491049737998248 0.056583685812334826
20230525163757 SSSR 185.06562108176675 3.966925 0.00021856160142731633 4.072658361333461e-06 1.681714587179411e-07 330.5689677847208 0.34558018080434433 5.811672310987642e-08 0.11708034261270875 4.3662223836386854e-08 -9.26004133767462 1.8872715232726376 1.937561149696248e-05 0.00034249917926819503 0.018884430229202078
20230526140503 CCJM 142.37061205686246 3.430026 0.00126574588902765 1.538352583620564e-05 3.768003638302799e-07 1738.9744629214076 0.15067224739779997 5.677335763861697e-08 0.0763640983111685 9.300279118850464e-07 -7.916436320495207 17.118750388527438 4.2191968952904474e-05 0.0016903025606120167 0.17134005923996432
20230526140503 CGJR 75.25086656247883 3.430026 0.000993008609067887 2.1433993079088543e-05 6.239570361516558e-07 793.8835723965417 0.22299825298344647 1.3914132899854841e-07 0.13562193636481465 1.1462492246779812e-06 -7.799367027440734 9.900585874793876 6.250573226140123e-05 0.0017177606485328895 0.09913136847917098
20230526140503 CLJR 234.31483519328103 3.430026 0.00017551035963552815 2.727282231133228e-06 8.905324476546596e-08 401.3064643680602 0.31364747136185805 2.793132503725702e-08 0.0976353742239125 2.9776967198886534e-08 -9.571776232417074 1.6328222635448206 1.6540642338397957e-05 0.00029898195404255896 0.016347886117768717
20230526140503 MGJR 83.03225297567623 3.430026 0.0012590390497781204 2.1463309552512855e-05 7.166682446706133e-07 1017.0228091945703 0.19702190856276092 1.4119934537132794e-07 0.10711180979459053 2.051566868291368e-06 -7.86144337117156 13.411944440947707 7.478973105868626e-05 0.0023906950791559964 0.1342568060289377
20230528035921 ABSM 132.59767346216475 3.168511 0.0052394729314082155 8.138539222374497e-05 1.4502920802501987e-06 2921.7255151888444 0.11624122062333464 1.685837216686383e-07 0.09759750786647232 1.1303692027459588e-05 -6.638059133799504 34.48085478765444 9.021712426532898e-05 0.0047752422672889296 0.34501587670328115
20230528035921 LESM 101.61148934870097 3.168511 0.0025130871833125945 4.08805534820699e-05 7.261668498764044e-07 1879.836565625133 0.14491716248419778 1.0523403937417696e-07 0.10220898610024899 2.404077928740613e-06 -7.175209278723099 22.44986664812499 6.124985934851968e-05 0.0025177048379612507 0.22502361938785553
20230528035921 MBSR 23.639408681873732 3.168511 0.0021367793546870806 2.5998088546408078e-05 5.096926850600516e-07 1210.436116960058 0.18059633457282312 9.204863068042564e-08 0.07644720434575096 1.4167513110950242e-06 -7.611367741353285 15.48888851441048 6.0640927959450575e-05 0.0018423530578192179 0.15519073414245718
20230530065515 LPJR 123.76281011897909 3.70336 0.001177184201954106 1.479104602343909e-05 4.919749067202589e-07 2021.4727409810419 0.1397481037642048 6.875256031372773e-08 0.07894676372484373 9.624793695304628e-07 -8.146772509827171 10.91516534242761 3.582263745498613e-05 0.0016681697476934169 0.10943662937197768
20230530065515 MBJI 142.08158529884878 3.70336 0.00020730467276446166 6.625125554504361e-06 2.3192841355001904e-07 254.26283086214252 0.3940382933412332 9.138867625258925e-08 0.20080054630306401 7.59381736241455e-08 -8.911824900135263 1.5800770281090588 2.968560555140712e-05 0.00042448187662876414 0.015805970864004114
20230531120402 KPSR 127.33524171420537 3.737673 0.0008336630588971908 1.3099702278518356e-05 3.52168661181192e-07 1704.7341284190018 0.15217788381021669 5.359228160283101e-08 0.09873036355202573 5.120781377239301e-07 -8.143318529848614 7.5807261700738735 2.935056504464086e-05 0.0011159926738909583 0.07590502841411344
20230601143806 LPSM 36.99194164625518 3.115567 0.0025374852766250474 2.487935680534397e-05 7.885394441019563e-07 488.1467965922518 0.2843836647631787 2.2424773692403404e-07 0.06160493247839821 2.1886927593525736e-06 -7.503795093933031 27.821886857453908 0.00012613667732207446 0.0026302487919970027 0.27867886212260706
20230601224239 JSJR 92.74575637626637 3.158852 0.0007128722588468154 1.007838024838832e-05 2.0739675705821433e-07 1774.1279484302427 0.14917202991369213 3.093779524789069e-08 0.08882984280981793 3.703965894919396e-07 -8.345784346181286 7.930062219601048 2.5419041531879158e-05 0.0010447571179847868 0.07935692021391344
20230601224239 SPJR 55.03995246143962 3.158852 0.0010640798131983267 9.463894609038522e-06 1.894476985274048e-07 977.2963879618782 0.20098642323645258 3.8076415317400854e-08 0.05588246559952731 2.012196627347494e-07 -8.299498745700133 5.385093713458398 2.6416079550853446e-05 0.0006592314595094137 0.0538603327952689
20230601234758 IMSR 76.09355314282254 4.241986 0.00530029620753927 8.352699659076518e-05 2.626938314408927e-06 1118.6066496649887 0.18786296395153732 4.935044178627165e-07 0.09901627704984199 2.4904799102309447e-05 -6.482251759583064 59.755663359239605 0.0002371182102705174 0.008217846609023208 0.5981625827872017
20230601234758 KBSR 48.75870662248649 4.241986 0.01542119551873218 0.00033842272193837714 1.54977777574942e-05 660.29898255846 0.2445172790137288 3.789474448021969e-06 0.13788637019198813 0.0005243127447402643 -5.482789585557227 140.86701409539168 0.0013709173010001594 0.036975702064966115 1.4104442942623012
20230601234758 MBSM 73.84146232014528 4.241986 0.009797933323680647 0.00017826546512080297 3.821738533079825e-06 1003.293703191984 0.19836535556677362 7.581005229976194e-07 0.11431747024828723 6.965880788203627e-05 -5.8621881765990596 120.01633208555698 0.00040147439347709197 0.012885929068191436 1.2018212940689832
20230601234758 MNAI 177.45581426248128 4.241986 0.001127939825711059 1.3125946702639368e-05 4.821989093460032e-07 1086.6046888317383 0.1906092976084309 9.191159541799311e-08 0.07311804547095832 2.0289544637302581e-07 -7.957281610428103 3.160491162439305 2.1558855106888763e-05 0.000720077535192519 0.06331985493743425
20230601234758 TMSM 118.06490902528128 4.241986 0.0030540249080088376 4.2071737511494825e-05 1.1937463080634135e-06 1437.753314286161 0.16570578851057607 1.97810673259237e-07 0.08655611232460046 7.891037502111996e-06 -7.1148181446236975 33.195625981903554 0.00012133970010262251 0.004707634267464926 0.33247588596357214
20230602112026 CCJM 110.36855933837609 3.731434 0.004571414569964338 0.00010713177655059146 3.47823723112761e-06 748.1362455161172 0.22971508760415313 7.990035702565059e-07 0.14724737694485102 2.6678891120922862e-05 -6.432770385849093 37.240249178751206 0.0002846639273380962 0.007624673114119949 0.3726481685017397
20230602112026 GCJR 94.75952533700367 3.731434 0.001050986819795301 1.7195503956504593e-05 7.990600290485663e-07 339.50677652224425 0.3410009938655939 2.724802640638314e-07 0.10280103972198375 8.577981933321623e-07 -7.941239263856786 10.926409847810906 8.063493815743368e-05 0.0015102705416536822 0.10934061895265337
20230602112026 RSJR 52.69240288097269 3.731434 0.005432156522753592 5.808466375533301e-05 1.927646664869286e-06 582.0184516405856 0.2604422818507534 5.020406960005514e-07 0.06718449741852732 1.0696246229831142e-05 -6.781019530636636 45.08870260323039 0.00021893890190168496 0.005343895464231278 0.4510942415728062
20230602112026 SSJR 76.59702065495318 3.731434 0.004191725452943298 7.926589756532185e-05 2.6996922483926138e-06 534.4921614911879 0.27177480831299305 7.337083433109758e-07 0.11881558764616199 1.1871246889952129e-05 -6.678653043382429 33.60246626856563 0.00021889217857311814 0.005150106794519793 0.33626078945164134
20230602112026 TSJR 47.256376116096654 3.731434 0.010010517819907309 0.0001178735809153294 2.8753434645963535e-06 987.0516035179735 0.1999907638553286 5.750421358310517e-07 0.0739843397750127 3.5972042950784667e-05 -6.314825507843861 93.7882953083334 0.00030732994311936056 0.009541527523155721 0.9386349989565539
20230604134840 ACBM 149.596455737526 4.631834 0.0029686976721596987 7.586177442317645e-05 2.973761964610375e-06 774.0048486904333 0.22584372468161013 6.716054784041095e-07 0.1605598275979088 2.1442655816848837e-05 -6.9192865457174895 31.211876395799976 0.0002651475455998848 0.006948127878340648 0.31259395707170284
20230604134840 ACJM 189.1845054605031 4.631834 0.001790307605926515 3.932922550157197e-05 1.4984808029526062e-06 402.30090072717667 0.3132595832994261 4.6941347191512287e-07 0.1380281304711011 5.8743323626926655e-06 -7.395481054602081 20.314383877018923 0.00020899153617162802 0.003960327167544929 0.20367525715516305
20230604134840 BBJN 129.7586838979507 4.631834 0.011101282236432974 0.0002485542811966979 7.143288176926427e-06 579.2815255758002 0.26105681146033255 1.864804034810705e-06 0.1406785787795158 0.00010626926083400078 -5.712413690751997 89.02826014111966 0.0007445167483383569 0.016615872979180497 0.8915241857943615
20230604134840 BBJR 222.91423361238344 4.631834 0.00301534901503165 2.199611829079264e-05 5.897396466911798e-07 1267.3382561014525 0.17649548336208012 1.0408638400054214e-07 0.045834059861969846 1.8321341507695136e-06 -7.567436497925733 15.015855453932947 6.461202718428358e-05 0.0022578749689930004 0.1501647991742166
20230604134840 BKJI 129.818035209849 4.631834 0.012317422408657628 0.0002801999457841574 8.460729646348681e-06 621.8519703886137 0.2519627623268615 2.1317888129947836e-06 0.14293154233194813 0.00013962747006684325 -5.6588464327377395 90.6626375726498 0.0007276274068457825 0.017372576860789576 0.9068447653469744
20230604134840 CBJN 192.99681537672427 4.631834 0.002152018875654596 3.823800150475381e-05 1.4954017715667509e-06 522.0673561936941 0.27498980883151697 4.1122024728945265e-07 0.11164235218777968 4.767240583478157e-06 -7.28604437456857 19.067507327657346 0.00017098329649840012 0.0036951570880777605 0.19082519368606282
20230604134840 CCJM 171.40488468613765 4.631834 0.005039884728326992 8.65595503197466e-05 2.696821599850549e-06 1093.1555405419413 0.19003731608562272 5.124967387973335e-07 0.10791312184349174 3.2880696855369345e-05 -6.562872544268955 52.94216873663774 0.00029218382664425045 0.009346185436971065 0.5307936654924563
20230604134840 CGJR 103.66753879765531 4.631834 0.005863941869900777 0.00010595676341207193 3.4558547704653847e-06 456.55973244033106 0.2940566910040223 1.0162172183935162e-06 0.11353215871464614 1.6555705329684436e-05 -6.458221030212603 34.00689049953538 0.00028922787617074514 0.00594612001911287 0.3400921762469194
20230604134840 CIJI 119.68560292168976 4.631834 0.004508798498959893 9.714025820927695e-05 2.7325209605773778e-06 883.1056047852419 0.21143337769929055 5.777461363289849e-07 0.1353687114775606 4.1217389104629914e-05 -6.561300079230495 53.32222323156061 0.00035584550732458087 0.010119434323765192 0.53345797809876
20230604134840 DSJR 199.9322146772725 4.631834 0.0015903001244872532 3.859680309149857e-05 1.7078609589831925e-06 570.5871611997293 0.26303822830626916 4.492327208443848e-07 0.15249377293911623 1.2488516864961829e-05 -7.477751130106281 17.57544428166548 0.000254558325991677 0.005969748653399986 0.17587568662270808
20230604134840 GCJR 153.26798993678187 4.631834 0.002013302868407393 2.6163750727393624e-05 8.05769465642972e-07 1149.1704216663832 0.18534789100799795 1.4934767109556633e-07 0.08165273925284254 2.5182407231049024e-06 -7.475357752823939 18.035484250098307 7.3852326741505e-05 0.002449683384449638 0.18053618763560245
20230604134840 KCJR 183.6487922702707 4.631834 0.002226230724947412 4.4025932600836196e-05 9.764426614868342e-07 1613.719627519062 0.15641047239676906 1.527258579515142e-07 0.12425625509188276 6.201529066393682e-06 -7.14184102480748 23.827265675988574 0.00010659114063100783 0.004309123723184545 0.23856438400402846
20230604134840 LBJN 184.35754718061315 4.631834 0.0018624263353632813 4.2478688390702544e-05 2.1601985813759225e-06 308.3731452318376 0.35780103555588594 7.729212894226608e-07 0.14330847115768527 8.141676669835164e-06 -7.358352228017324 19.82174357156622 0.00028037439075364256 0.005063062143109981 0.19844359109283186
20230604134840 PGJR 81.63146855982832 4.631834 0.007502522844800303 0.0001608102481809186 5.232513657789224e-06 397.77203234266574 0.31503785818868746 1.6484398956929718e-06 0.1346747766738916 6.148503495923722e-05 -6.072946896539741 67.10642721155739 0.0006732860570502065 0.012735959119497292 0.6716750194865309
20230604134840 TSJM 180.96860486086194 4.631834 0.002289807801243944 6.291769539309541e-05 1.8847695573904493e-06 676.9661902764485 0.24148845819868828 4.551500944740437e-07 0.17264485649875821 1.832852311748845e-05 -6.949858175219304 26.791003860013134 0.0002740558928925725 0.007075313336074543 0.26838286849012366
20230604134840 TSJN 120.12937888050769 4.631834 0.008444830105237508 0.00015178455052590803 3.3261991454175104e-06 1411.899214357225 0.1672160730321879 5.561939592197355e-07 0.11293187024920268 8.978463510118737e-05 -6.085865329844177 83.01844709967527 0.00041588285666628827 0.015115279481082726 0.8307317802618998
20230605080712 LLSM 15.696910039304072 3.32512 0.004675056159761977 8.43417549288513e-05 3.714147703068805e-06 793.5358117579733 0.2230471112196805 8.284299158127086e-07 0.11335369185761413 1.957635278760126e-05 -6.5797976090554275 45.86797039691816 0.00022519834580591105 0.006499126977928923 0.4596849248111568
20230606165951 MNAI 103.4379064164524 3.14153 0.0005007458974939368 4.0262703718747895e-06 1.7395884580651192e-07 363.8735300058367 0.32938562086265655 5.729954243052907e-08 0.050520239846003887 1.5823573405310443e-08 -9.15287815804274 1.9135731381633778 1.249960354350584e-05 0.0002209702762166967 0.038334950988782965
20230606175351 BBSR 108.70810884923954 3.648653 0.0011270382091791284 1.647782890947407e-05 3.625472491089572e-07 1029.5216755696692 0.19582228819179529 7.099483189815682e-08 0.09186312554002436 9.15762411513342e-07 -7.9699558388304 12.882105952254225 5.4813975507932244e-05 0.0016868910633291959 0.12885286503477492
20230607195847 BKJI 77.08522397339625 3.395736 0.0009344672729427895 9.248064384231728e-06 2.7871217743406526e-07 900.7263469939286 0.20935504705016209 5.8349801020161855e-08 0.062182276406391714 5.256285649160966e-07 -8.231320920306286 13.447724236410766 4.399481256302409e-05 0.0013209892776182217 0.1345577097379526
20230607210611 ACBM 127.44695903064977 4.886478 0.004202903622093098 8.284498012367406e-05 2.8239519086247122e-06 654.4407169555873 0.24560924635060963 6.935887000076812e-07 0.1238501780412997 2.5417950405010392e-05 -6.665439632183815 40.29391484081288 0.0003129878748608008 0.008190319105504775 0.40368962994295443
20230607210611 BBJN 161.0209330521091 4.886478 0.0026757219338027424 3.4379740910624855e-05 8.825181381226764e-07 861.6055569724695 0.21405512122710138 1.8890752704096528e-07 0.08073121508828797 6.0733507292495415e-06 -7.3557253596125625 34.01675503538664 0.0001544654147841285 0.004263318891676325 0.34027185237413193
20230607210611 BKJI 161.06904395204103 4.886478 0.003106090899615277 3.9317704957384334e-05 1.0946204425150247e-06 889.2207294044373 0.21070511532330743 2.3064212657537811e-07 0.07953419075110064 7.706528838750393e-06 -7.179772390755825 31.743464487785445 0.00016147169928230407 0.004652997518826251 0.31768202220104674
20230607210611 CCJM 121.52244728898442 4.886478 0.020335147892813488 0.00022517980102596942 4.999295757201307e-06 1100.058558509513 0.189440122663719 9.470672014764256e-07 0.06957640164397355 0.0001614121265755505 -5.603847577938484 159.02042179010775 0.0006778769274592179 0.022168800429173276 1.5930486554269492
20230607210611 CIJI 133.89007880368663 4.886478 0.0034739420479509737 4.9060011862083894e-05 1.1113103924637851e-06 973.9408699473723 0.2013323547472711 2.2374273816984786e-07 0.08873295565875024 5.690770322121685e-06 -7.0078137840974595 27.113406366077665 0.00012092268796857803 0.0035273744101686766 0.27121749846589266
20230607210611 CLJO 195.65068141344938 4.886478 0.0010679991113234834 1.4301463021976298e-05 5.929403819413034e-07 280.2523740395049 0.37532303388781557 2.2254418306481013e-07 0.08413746919648564 8.201031980514504e-07 -8.084524364130091 13.692532450796529 0.0001010647228812916 0.0015300568146080845 0.13713750957101192
20230607210611 CLJR 195.18037767934132 4.886478 0.0014907659477881542 2.6861095143631278e-05 7.458019854980449e-07 1408.0039961962154 0.16744721343591354 1.248824642466192e-07 0.11321243189893451 2.9960207948277414e-06 -7.634847638065286 15.651853558305424 7.293070894372497e-05 0.0027340667128650077 0.15658427879198406
20230607210611 CSJR 134.8481779936746 4.886478 0.003374366917470002 4.768858596115672e-05 2.1643670239864634e-06 541.6051073336498 0.2699842893121264 5.843450927815874e-07 0.08879775968642105 1.1146549488319503e-05 -6.987689480743037 32.292511038519464 0.00022846790810934246 0.005234771755673315 0.32331402870894627
20230607210611 JSJR 117.90626217206808 4.886478 0.013448220451062818 0.00021665717666630115 4.745290802815664e-06 2720.429223661967 0.1204650742370915 5.716418088377766e-07 0.10122507985933049 0.00015883517009416674 -5.79963700462233 152.27955335911747 0.0003767781757596561 0.020678504355165602 1.524081293540584
20230607210611 JTJM 127.28343792583289 4.886478 0.004357144185888158 8.816256885897333e-05 3.554449315752041e-06 625.5249505917642 0.2512219311503514 8.929556212792728e-07 0.12713413503551402 3.127566196997375e-05 -6.624503206660746 45.380335447565955 0.00035902025644114885 0.008790432565623743 0.4542134957899538
20230607210611 KSJR 156.37056857758003 4.886478 0.0014663480531355235 3.951133324495646e-05 1.4462621817183756e-06 551.1203063992942 0.26764347609228 3.870826376559108e-07 0.16930293458018608 7.088737457060039e-06 -7.439688980623452 15.316905097310125 0.00018330479677589875 0.004232371605256144 0.15322222600824242
20230607210611 LSJR 125.40769863148945 4.886478 0.021992152600888163 0.0003063106298670183 6.427637394005512e-06 1185.2620978658144 0.18250411870571348 1.1730702979528648e-06 0.08751332731911145 0.00010069900707239363 -5.4248079428738265 137.40898399852728 0.0004443445633873495 0.01462223535195398 1.374281090483611
20230607210611 MLJR 201.62066186039692 4.886478 0.0012733048046594986 2.9964018996103006e-05 9.179907032844435e-07 462.1277575795933 0.2922798264625185 2.6831016345018245e-07 0.14785892836610368 3.1278051500954185e-06 -7.594920598480697 15.201520849824526 0.0001395637078528905 0.002984198360338409 0.15207882327208658
20230607210611 SCJM 139.9979130857419 4.886478 0.0011036272826303916 4.016227706552248e-05 2.7622346324445083e-06 185.87809877435814 0.4608565427295733 1.2729939029162699e-06 0.22865240206777163 7.491310589275488e-06 -7.509273542911388 18.921393986162606 0.00032341766226128823 0.004262625594747858 0.18947412163785554
20230607210611 SSJM 139.27343358093665 4.886478 0.004259320183933075 6.937347409908864e-05 2.4119158385109068e-06 543.3979419731464 0.26953854131150534 6.50104276878346e-07 0.10233708064766757 1.8769329913411134e-05 -6.803668564649277 41.90535703601853 0.000305024629216982 0.007091219928857299 0.4191385129797385
20230607210611 TPJR 241.37850656413113 4.886478 0.0004047283872255185 9.388502770911711e-06 6.501302651295116e-07 149.89714719912783 0.5131959076909023 3.3364419153046664e-07 0.14575133479267832 6.96318913096733e-07 -8.642373368623273 4.311459010791564 0.0001219262955013498 0.0014558081187044038 0.043128737334465005
20230607210611 TSJN 135.72788214608337 4.886478 0.005301060781836666 6.48806427708051e-05 1.8914979480669505e-06 993.1034001524782 0.199380478503987 3.771277659748981e-07 0.07690104266954821 1.5559667765089363e-05 -6.779801908790101 53.818613567429544 0.00021729830057635416 0.006713390897174373 0.5390001277570033
20230607232323 LLSM 107.63917915128611 4.085218 0.006408408749972639 8.40504540670641e-05 2.0126559144443016e-06 2241.804453643953 0.13270308052586663 2.670856398853639e-07 0.08240806706629078 2.620049612403941e-05 -6.584136487378733 61.1362344433356 0.0001850627366715378 0.008401709960950573 0.6122517886642094
20230607232323 PPLI 113.85516240989446 4.085218 0.0012051309168755883 2.7408314224056757e-05 1.0364396507057171e-06 710.4628246042051 0.2357269240868246 2.443167308624816e-07 0.14289859700357596 2.17401328593163e-06 -7.771382750924669 12.221712819941384 8.803831597184689e-05 0.0022551879764788597 0.12230905045540655
20230608123454 BBSR 57.053793839882545 3.286859 0.0035615508315616122 2.3307136763008096e-05 6.646422480707701e-07 741.5153787194336 0.23073835233873372 1.5335845721456142e-07 0.041117778795690424 1.4617672321394272e-06 -7.333587399895135 28.245837050804624 7.681158608454283e-05 0.002106196704289595 0.2827139412163477
20230609171733 SASI 212.99101257595396 4.660749 0.00040370450993846234 1.4655303222724904e-05 6.90217972249292e-07 259.4586819364564 0.39007288697422676 2.692353170767781e-07 0.2280925370274487 7.819058292029481e-07 -8.354750386472112 3.5395830048599124 8.052052757510049e-05 0.0012953572612438412 0.03545287584927766
20230610150744 BOSM 109.61200955611406 4.720638 0.0101179265097929 0.0001773536089820892 5.209245251329508e-06 930.5734115479149 0.205970274851509 1.0729496761852568e-06 0.11013576636013196 8.408846216274217e-05 -5.945098632982056 83.10729355981775 0.0004555725477880843 0.013155874568780462 0.8317094996012524
20230610150744 MNAI 200.02770338552526 4.720638 0.0028448009934243334 5.422939549488174e-05 2.5371697705113227e-06 403.9411063883379 0.31262294001423374 7.931774729724885e-07 0.11977405160440609 3.4287218054299985e-06 -6.982686750202868 9.085040141072726 0.00015098701943544479 0.0029687014993358338 0.18181373483425245
20230610150744 SSSR 251.26549402314996 4.720638 0.0023094681573146854 4.3456569593505214e-05 1.241573776685839e-06 951.0300020653999 0.20374302948333617 2.529620025890399e-07 0.11822881328999171 7.24566965305237e-06 -7.248232007206981 22.474610261030623 0.00013753614259133694 0.004267671481673244 0.22487184841812943
20230610150744 SUSM 97.91719670609713 4.720638 0.007494102143446628 8.004144309235148e-05 2.0916801485122942e-06 1421.6397826486868 0.16664223599140493 3.4856225692692263e-07 0.06710813511437103 3.0705442760761063e-05 -6.55132338072361 74.0562213584406 0.00024232904916899142 0.009336618061985144 0.7410050202967776
20230611063620 KTSR 197.4835191081506 4.937585 0.0020610941481972542 5.1125904976025794e-05 1.7566832601258688e-06 562.976093610443 0.2648103112377292 4.651878408600401e-07 0.1558558279555514 7.735551655828517e-06 -7.120723829717395 12.638531007064541 0.00017477488275611987 0.003733077655120701 0.12668254134513074
20230611063620 LESM 127.97312461251003 4.937585 0.0054502638996034945 0.00010792280316688681 5.246434740451874e-06 579.6312392388774 0.2609780468059785 1.369204291258161e-06 0.1244158051167301 6.442797745473019e-05 -6.38204322993114 76.7191403429221 0.0005596280326798735 0.013411907004045926 0.76781683881822
20230611063620 LHSM 189.49071234536902 4.937585 0.0019289289122776958 4.809950349818113e-05 1.7614092178789634e-06 523.7665502710358 0.27454338795926336 4.835832542591669e-07 0.15667663631291787 1.1300590602811116e-05 -7.193521814635826 23.119521827518483 0.00023913467133222034 0.005376876921914376 0.23166862694417473
20230611063620 MBSR 145.98353691640773 4.937585 0.0013911713716967932 3.900940146533117e-05 1.5699281723475945e-06 220.81073651901002 0.42283387694529 6.638188156393668e-07 0.17618483467632706 5.3529527402999804e-06 -7.4263703154114244 17.100855783188734 0.0002666436791832678 0.0038468176379292123 0.17108349667423772
20230611063620 SUSM 176.96620058266345 4.937585 0.005057852797722744 0.000132335789602998 6.30868389017604e-06 491.0863247452845 0.28353126014431634 1.7887090932337603e-06 0.1643959051599797 9.136150472495204e-05 -6.337732020659483 53.07014920557642 0.0006438713336068595 0.01389478240139866 0.5312966277095229
20230612090840 MNAI 200.76038357567828 4.928942 0.004662671064892445 8.776626733224353e-05 4.345176022978656e-06 333.8155305130195 0.34389558424213224 1.4942868470571494e-06 0.1182694883883405 7.56356754464294e-06 -6.657045467788624 8.870156410938723 0.00022710701682903593 0.0040825535934964075 0.17799177520777226
20230612090840 SSSR 252.24093135740893 4.928942 0.0027838778281688388 6.450085440696968e-05 2.107208081677588e-06 716.5282123226203 0.2347270933821966 4.946188281636546e-07 0.14557780395735898 1.9232753455770287e-05 -7.032292003992065 23.576738754341896 0.0002583288776803733 0.006906923517087862 0.23590531285722266
20230612090840 SUSM 94.94465524954495 4.928942 0.004373500611588012 5.9700642684410506e-05 2.7467449410303417e-06 604.9050070592212 0.25546786509275293 7.017050660393409e-07 0.08576886898105739 1.930809632779886e-05 -6.85560741063558 53.65154502954708 0.0002869867620248031 0.007302170858899698 0.5373411083361208
20230613090743 IMSR 86.21344337234504 3.770508 0.00380054046497835 4.636135838957454e-05 8.93870593349372e-07 2126.3098846988505 0.13625943672351548 1.2179830355349998e-07 0.07664620559589837 5.4978975871762076e-06 -7.050492723188933 29.988404170607282 9.218630096044845e-05 0.0039658824102025165 0.3001206197980941
20230613090743 JPSR 139.99320861716015 3.770508 0.001124595652673564 1.463738265728872e-05 2.8967173393473e-07 1725.9465461550813 0.15123983600725902 4.380990553622693e-08 0.0817799601387377 9.830022201243696e-07 -7.95428704922185 11.55843154073104 4.410306272892043e-05 0.001696998001800468 0.11573165955520634
20230613090743 LPSR 74.33597203581142 3.770508 0.0027020212937314803 2.797548450197752e-05 8.897346668878963e-07 1194.800349212348 0.1817741815682656 1.6173079088646078e-07 0.06505320797872419 3.530017100436642e-06 -7.395243033901327 29.25204357396038 8.121407589130246e-05 0.003075805637184289 0.29305035774004656
20230613090743 RASM 52.281351607396246 3.770508 0.009230695181851252 9.126519999617307e-05 1.4765847455742752e-06 4916.989654573666 0.08960458259374975 1.323087597914811e-07 0.06212274941113983 3.868691828194678e-05 -6.3730178772803505 101.07936835878951 0.00015532661899349154 0.010477271495907813 1.0117800026873083
20230613090743 TMSM 52.28183353264526 3.770508 0.006951986770776589 6.918979509174586e-05 1.4259018012433727e-06 2332.799227709996 0.13008918321941507 1.854944006748431e-07 0.06253353440697947 2.1312227282980023e-05 -6.546875637529477 62.817383047890175 0.00016822551036198906 0.00781867150203355 0.6289842661142483
20230613154608 ESJR 42.8683673314093 3.219077 0.0020532460863945503 3.1568959360189184e-05 5.955045530046233e-07 3561.696013649871 0.1052813495351011 6.269552299462388e-08 0.09660489452737457 3.3145203833846352e-06 -7.384557382300557 22.461433895739216 5.142999037731454e-05 0.0030593340362908604 0.22477417217806084
20230613154608 JSJR 33.12045151151177 3.219077 0.0030897949329320128 4.0898484208629213e-05 7.025655260521417e-07 2800.7959077321757 0.11872416853492994 8.341150792184618e-08 0.083168223342811 5.499648756031377e-06 -7.088383087588884 28.99336798564364 7.179307685715227e-05 0.003892882277253867 0.29016879684608554
20230613154608 TSJR 12.342695384751007 3.219077 0.003510658539253364 4.596182558596621e-05 1.4162009162407063e-06 1121.0878613213254 0.18765495796537848 2.6575712340768025e-07 0.08225997031152792 5.017713905988219e-06 -7.14167227844814 33.66407525509377 0.00011250621895700027 0.0036095186505023832 0.33682084072937907
20230614232018 CBJN 12.99197446449389 3.009053 0.007450741208678891 0.00016926821546951038 8.05509019525209e-06 370.45677742912045 0.32644580803303946 2.629550427568082e-06 0.14274332373424567 6.835739498072435e-05 -6.070038077105947 57.83843460843398 0.0006354696249018041 0.011925607685473528 0.5822081386546076
20230618080025 RASM 93.5368703960416 4.046257 0.0031630887908542325 4.240936884476365e-05 8.025569746586225e-07 2240.359454695266 0.13274586939653027 1.0653612334130795e-07 0.08424231529087622 7.5530605504978385e-06 -7.107796981540948 39.127246512201516 0.00010617588924713051 0.004685320185776901 0.39157175158653906
20230618080025 SKSM 118.50058786254124 4.046257 0.003341043685122019 5.050035882148531e-05 7.627740758502478e-07 2754.5039147934613 0.11971764672699192 9.131751734514771e-08 0.09497125523004503 8.244287398279797e-06 -7.000922949951593 32.13146803272204 9.391747242342658e-05 0.004778689399050483 0.32164282217275375
20230618080025 SSSR 194.58471591595065 4.046257 0.00042185099894977883 6.297327697794055e-06 2.402502810508903e-07 477.3527887212383 0.2875809647559766 6.909140760750955e-08 0.0937944368124754 9.736187581391668e-08 -8.772749347482659 2.603537415278562 2.4814599890105347e-05 0.00048528653316908714 0.026205033808341976
20230619175801 BBSR 191.65715478984933 3.658914 0.00043819307433356716 1.1702326572527884e-05 5.078362594602359e-07 480.0299817947754 0.28677790424601196 1.4563621818814043e-07 0.1677979198830344 4.3323004562535074e-07 -8.549073480069039 4.511340920477525 4.9951056470261704e-05 0.0010862074979127447 0.04517391698349531
20230620083919 PABI 206.2550438724014 5.622251 0.004153643424798056 0.00020902700250560627 1.8093549183133547e-05 108.80405382749116 0.6023616719049504 1.0898860536646772e-05 0.3161935815448263 0.00018270020115071563 -6.277597234160741 50.22112322098623 0.0019786887642982 0.020764789181592552 0.5027809683993427
20230620083919 PBSI 110.09204275246084 5.622251 0.0019521587851363462 0.00012158731733967326 8.63598804884363e-06 220.02247527955896 0.4235906304597432 3.658123622252481e-06 0.3913388868081544 4.400969154765623e-05 -6.640244965132298 15.323122731587304 0.0006207713266995592 0.008545018484042677 0.15381241611496582
20230620083919 RPSR 250.80882042265605 5.622251 0.002672593973870466 0.00017239414559333007 1.6447534033536495e-05 97.43939072375582 0.6365207832357891 1.0469197245323947e-05 0.4052932743341915 0.00011663611282412202 -6.427105337375138 23.77204159677068 0.0016284034612986703 0.01650612998223337 0.23811829776535204
20230620083919 SASI 206.56831162444354 5.622251 0.009037657031761116 0.0002601891698938693 1.7487440231572083e-05 150.23608410430356 0.5126166884955103 8.964353701771642e-06 0.18088944552987152 0.0002302541658483527 -5.799110666053773 76.51065357959027 0.001799269905172451 0.02319344213691571 0.7658334928591438
20230620083919 SMSM 225.49056499848524 5.622251 0.003964078930047721 9.981513459863582e-05 8.27144553142262e-06 124.78490650173893 0.5624693208201879 4.652434350260458e-06 0.15821001504042992 5.005776047957698e-05 -6.774787504124426 27.495242698658686 0.0009790264550254596 0.011238702219618518 0.27502721345167347
20230620083919 TASI 200.37520630511494 5.622251 0.0022976768910119563 0.00013705538207736822 1.019675641603042e-05 134.82245992297342 0.5411264280362277 5.517734376962028e-06 0.3747891473805676 5.9024319290709936e-05 -6.569056501149336 26.89380272343874 0.0009883818793742878 0.01134042236044979 0.26970802891398554
20230620224640 MKSM 49.20366193292663 3.354455 0.003113763187481292 5.38045210259498e-05 1.3469545231029715e-06 1329.415796207537 0.17232546178806174 2.3211456020123804e-07 0.10857080504042474 6.422701783666768e-06 -7.034824174297827 26.222586167025987 0.00011881126030245533 0.003913854425450919 0.26242057136243807
20230620224640 MTSM 67.79454912903456 3.354455 0.006754360541180469 5.555227349394109e-05 7.457452541053196e-07 4208.513107648958 0.09685354612426467 7.222807236544105e-08 0.05167702056611706 1.4690442195266718e-05 -6.6636869030146295 66.25161205621771 0.00010781523708460288 0.0067398830456342745 0.6627769512915522
20230620230938 KTSR 108.05615566973333 3.959686 0.0015191634750318205 3.243382451907299e-05 9.83909400574962e-07 910.2699110142566 0.20825468230885172 2.0490373963743144e-07 0.13414470070089848 3.850368589525438e-06 -7.498739434518768 15.001447674383627 0.00010388731495971929 0.0031092568441521322 0.1501637251865615
20230623080043 ABSM 71.66394743329218 3.791746 0.011803611837456618 0.00013002866662639918 1.8845003028111441e-06 3945.4813519128525 0.10002990833545665 1.8850639254833903e-07 0.0692156111967831 5.202981690404991e-05 -6.077888484197218 101.44680469212324 0.000201624142220024 0.01120966589654203 1.0149881368057674
20230623080043 BEPA 40.74876611240322 3.791746 0.1305992526172249 0.001233944275425594 1.8470418237001494e-05 7014.460415044783 0.07502098016657746 1.3856688802264798e-06 0.0593655812407757 0.0012192662266463674 -4.016928825143798 398.61750307125385 0.0004696723161319009 0.03545860553323106 3.986782606941064
20230623080043 KBSR 70.63550932884459 3.791746 0.014540900760280095 0.0001828897560318685 3.6763450569667016e-06 1194.2070396443303 0.18181933076162246 6.684305979064844e-07 0.07902744450825618 4.615557760494416e-05 -5.74949418834545 75.2024771517151 0.0003236895702406098 0.010818004637876799 0.7532991077935981
20230623080043 MBSM 96.77494486935394 3.791746 0.01115170933843165 0.00011865925858759699 1.5787031749162272e-06 3765.160533909411 0.10239720901127601 1.6165479896866194e-07 0.06685594893950725 2.188605125109634e-05 -6.122455263708246 85.04540384140105 0.0001207795924809685 0.006890238405892546 0.8517858246643403
20230624064226 KCJR 100.38876379068311 3.372591 0.0008931045077618564 7.456155728088818e-06 1.9306875436637081e-07 655.3542313973873 0.24543800625994464 4.738641014277303e-08 0.05245568431422872 1.7282245702476634e-07 -8.366848048633617 7.790690367459409 3.074124768576871e-05 0.0006972203518979601 0.07806007922452482
20230624064226 PGJR 51.987489633298466 3.372591 0.0015383260308593366 2.0438508297172998e-05 2.795364126288487e-07 1885.814397539225 0.14468729414656853 4.044536715870678e-08 0.08347966065537377 5.176742170077515e-07 -7.653095015112126 12.580060538570633 2.8573322929756123e-05 0.0011519492265732202 0.12592698500898816
20230625044533 MNAI 174.8818583415633 3.750177 0.0003297432844038648 4.0082178865784675e-06 1.6665832105875336e-07 592.1407787557375 0.25820662619313217 4.303228280759254e-08 0.07637570474999812 1.9655243195175728e-08 -8.91140361560215 1.3639095913662014 1.0914161238065506e-05 0.00024123465863785113 0.02732503608501758
20230625044533 PPSM 97.089670140116 3.750177 0.002298124546882623 2.141581613037318e-05 6.693195984881701e-07 656.344783383906 0.2452527294750771 1.641524584203864e-07 0.05855189242643471 1.9723429448856963e-06 -7.557702887103249 26.530421245676074 9.568866842166366e-05 0.0023588080517052542 0.2657226103819853
20230625143626 PGJR 136.5462878889911 3.837267 0.0009666558345898615 8.582976189495246e-06 2.5751787828069213e-07 1277.902164953834 0.17576446048222452 4.526249094053302e-08 0.05578865606143043 3.298518385005013e-07 -8.410210018569188 8.172887715820366 2.8022803802247575e-05 0.0009630721704762368 0.08182816379497207
20230627034803 BKJI 122.2341170321331 4.401381 0.004404280611443656 0.00010124019621213767 3.831406324968268e-06 352.0053277335574 0.33489236773144143 1.2831087359098437e-06 0.144430150904389 2.1976240569464652e-05 -6.5183446128940785 37.25471926918604 0.0003881597852969676 0.0072212620891111004 0.3729373758235611
20230627034803 CIJI 144.3115062794777 4.401381 0.002259798587849678 5.344272373728754e-05 2.102341816215233e-06 727.9608302823013 0.2328766057657063 4.895862263195138e-07 0.14859312611629952 8.586744415195221e-06 -7.083016479095267 23.125244568894765 0.00017040309963776103 0.004539374899188775 0.23191578388534545
20230627034803 PGJR 156.741434838169 4.401381 0.0017926590217614616 1.8183328516368028e-05 5.344495137642039e-07 1153.3810223431994 0.18500926070694135 9.887810942669963e-08 0.06373170869795541 1.5685243580590763e-06 -7.720385589563455 18.349214645061267 6.260532692997313e-05 0.0020661652348085064 0.18374346112710843
20230627034803 SCJI 82.23248997783158 4.401381 0.00654299027397238 0.00013049338903122745 2.978358599233845e-06 1421.4650001751354 0.16665248079058148 4.963508492462815e-07 0.12531183913059554 1.666311717438e-05 -6.256968822748016 44.961102084325645 0.00015835843089299893 0.005479549338352093 0.45053093768333
20230627034803 SEME 220.90118630353254 4.401381 0.0022952266641817235 3.973827438237529e-05 9.544570207247293e-07 847.702922286942 0.2158032735180991 2.0597494950472874e-07 0.1087835661847482 5.215607826408692e-06 -7.207508943883383 22.956105349929608 0.00014384318621080234 0.0036773859459331123 0.22974763488465638
20230627133300 ASJR 107.74887796055984 4.410526 0.003261287774897771 6.494964502164096e-05 2.660196070998609e-06 435.17526459194096 0.3011950064285477 8.012377727056233e-07 0.1251317526921697 1.0678790993815767e-05 -6.798861646813347 23.852191218982934 0.00022937844656932815 0.004705138444884186 0.23881816632292224
20230627133300 BSJR 73.7296151727676 4.410526 0.005638693034971352 0.00010596734936854622 3.760182474929298e-06 371.1783914902859 0.32612832930182173 1.2263020284186811e-06 0.11807922305112646 3.291322490163545e-05 -6.368742557952781 55.26056339856116 0.0005028849613789941 0.00953078059508342 0.5528455900997726
20230627133300 CPJR 52.618198519039396 4.410526 0.01231351604145005 0.0002548078940091623 7.150289290017579e-06 500.1522273196822 0.28094982425766885 2.0088725194219307e-06 0.13002015106021708 0.00014147517326908122 -5.669526213356461 123.6288432375147 0.0008534556929412347 0.01949114836665631 1.239324224792667
20230627133300 ESJR 125.71699061655762 4.410526 0.003199955573049939 7.728413610015677e-05 3.438283047358756e-06 524.7750372449922 0.2742794590761198 9.430504143801523e-07 0.15174915317956955 1.2795447724040614e-05 -6.86572173148043 21.475581696026165 0.000201833618423324 0.004583590674826642 0.21489600155576635
20230627133300 KTSR 179.28921169013913 4.410526 0.0013338027473145226 3.97172302218237e-05 1.6361863768975212e-06 600.0623761673307 0.2564966336480899 4.19676297695079e-07 0.1870971685086696 7.955255744754759e-06 -7.46131327290538 14.621862069420118 0.00017125044952238903 0.004181736471838987 0.14623989697268985
20230627133300 RSJR 129.3703659327201 4.410526 0.0019156244953925415 3.443685674432964e-05 1.4725434200651127e-06 338.555788684723 0.3414795861691855 5.028435176999918e-07 0.11295175690321395 3.339842311269734e-06 -7.407590027316337 18.32457849807369 0.00015677608313203575 0.002853360092395596 0.18352994661991848
20230627133300 SADLY 80.02513180057132 4.410526 0.0030393853280211358 6.603685730191127e-05 3.0737384063078343e-06 433.9620862743722 0.3016157208642123 9.270878251665525e-07 0.13651504062560854 1.9168816248384676e-05 -6.86737238920615 43.42340145471756 0.00035552961052669766 0.0074452652726045825 0.43426396832435543
20230627133300 TSJR 153.56508719386295 4.410526 0.004676097950812598 7.096891569244962e-05 3.2954015428238612e-06 314.7457095398642 0.35416036698618764 1.1671006197733477e-06 0.09535960389105562 9.811292881207356e-06 -6.7769751992740135 26.80941821675617 0.00026959757791892756 0.004894974611312946 0.26823496205004776
20230627191308 LLSM 98.05026445470428 3.880385 0.0031727865991650625 3.9219209216642795e-05 8.23976622452788e-07 2140.8797065169224 0.1357949863005754 1.1189189415797074e-07 0.07766723396211378 4.923265247744616e-06 -7.1679839041239966 29.75342612564399 7.666555223438117e-05 0.003322309219868429 0.29798318257884016
20230627191308 PPLI 85.80282143105171 3.880385 0.001711578897198714 4.718785937196409e-05 1.4227747017122429e-06 685.0467151022932 0.24005998480684826 3.415512732766091e-07 0.17322605762926677 2.4566713088796855e-06 -7.217619907147182 16.530968756039528 8.871692013801488e-05 0.002273546543526024 0.1653556776314209
20230702143629 ASJR 183.80778770186524 3.785586 0.0004470637728799085 9.795779056439809e-06 3.50523013125239e-07 465.62326261614663 0.2911806650063678 1.0206552406184288e-07 0.13767318842077927 3.429904016214011e-07 -8.597620445528216 3.3315764641043 4.675608669586132e-05 0.0008806511541389879 0.03332036260121244
20230702143629 BBSR 172.72762253186312 3.785586 0.002411639051202918 4.003852117461345e-05 1.1852559563769384e-06 573.6704702094402 0.26233039961461685 3.109286686819671e-07 0.10431471817478155 1.901236833549119e-06 -7.15601644627467 15.308102497253493 9.883764293742628e-05 0.002257847598270275 0.1533440431694356
20230703224056 LPSR 46.47117525264464 3.214181 0.0011666050212880902 2.283290515806272e-05 7.72312528128032e-07 744.276183549661 0.23031000637597207 1.7787130327741015e-07 0.1229751043339087 1.0948308651270115e-06 -7.955754607916546 8.416098936733128 5.791867964817217e-05 0.0015464778688169447 0.08417165744574173
20230703224056 RASM 68.44397759007201 3.214181 0.0011433677076466513 8.71337908459149e-06 1.9041420314163907e-07 2971.0072749822903 0.11527311010914681 2.194963740509161e-08 0.04788291209734823 3.77333348657196e-07 -8.413281555200152 14.646756104510542 1.9500593072827752e-05 0.0010758633119657736 0.14662249271294142
20230705133329 BSJR 122.52066724874311 4.507154 0.004777835992532318 0.00017479587411180477 7.924028397389296e-06 331.0269504995264 0.3453410393546406 2.7364922026301064e-06 0.22986868316356832 6.534553271347954e-05 -6.166480420239852 44.42156666396341 0.0006910117694680458 0.012802036061356999 0.44493341394997676
20230705133329 CBJM 176.47627271395694 4.507154 0.0015768307868564307 1.8092036220928216e-05 3.59885574218419e-07 1393.0270630991245 0.1683449494118729 6.058491878586257e-08 0.07209119526827652 1.2801135346644186e-06 -7.759403743359686 19.00802534053873 5.847875876699272e-05 0.0019160004337183188 0.19048549643350554
20230705133329 CCJM 150.9637561852954 4.507154 0.00963758349323295 0.0001513951347105059 4.102757332878093e-06 1342.754189382921 0.17146741884881528 7.034892100316563e-07 0.09870147290131835 8.040929100469496e-05 -6.070517042611166 87.64765606803859 0.00041525351487660823 0.014196841910199586 0.8767366284991257
20230705133329 CSJR 124.39837677147067 4.507154 0.0048055125660298684 8.986477665058767e-05 4.133848141229122e-06 563.6945261279631 0.2646415061610361 1.0939877983358742e-06 0.11749777708945398 5.7724176907427135e-05 -6.575907021618193 50.76435874457246 0.0005207619271686867 0.012737433437250244 0.508290815022318
20230705133329 KSJR 122.1355397142215 4.507154 0.005288353880699722 0.00011609741954919494 4.063078564172859e-06 759.2923301648588 0.22802127087252363 9.264683378576039e-07 0.13793736523102115 9.09603826278398e-05 -6.414992125330776 60.964618159920924 0.0005996472580736004 0.016179588581730228 0.610528313268478
20230705133329 MGJR 195.64945620649203 4.507154 0.001476775246190331 3.7798041368243276e-05 1.2807131009201208e-06 881.5196956118245 0.21162348318283916 2.71028967374611e-07 0.1608180383425141 8.697896204716658e-06 -7.393434356977133 16.698718203838858 0.0001619843668504746 0.004809123987053876 0.16721005705104364
20230705133329 MLJR 98.24026413638096 4.507154 0.007435523895501492 0.00015327221216502698 1.0533493359953642e-05 313.2220219171412 0.3550207392713891 3.73960859976101e-06 0.12951847442207126 0.00015812695331978428 -6.21847201135024 85.30696426296473 0.001149974729496881 0.02135064502568865 0.8539718366111488
20230705133329 SADLY 121.51730314139367 4.507154 0.0013200722705835994 3.542568987518833e-05 1.7331478251204444e-06 293.41984869106204 0.3668048960755087 6.357271078767985e-07 0.1686166576486599 5.0563802059663524e-06 -7.519954524346275 14.193132813435334 0.00019377922546044845 0.0034046567941978826 0.14235489376444088
20230705133329 TASE 165.9774778702649 4.507154 0.003578064453029113 7.795819695542434e-05 1.8893202894456415e-06 966.1556719835771 0.20214188649441636 3.8191076750071875e-07 0.136896862567654 1.800634153552826e-05 -6.733367767116237 32.782064909132394 0.0002236593877653102 0.006654807214853339 0.3280851266725502
20230705133329 WLJI 92.04513669184541 4.507154 0.007217832567938582 0.000239881673611537 1.0039893876825083e-05 542.3437651015098 0.2698003709610352 2.7087670923768334e-06 0.2088190593105046 0.00010852544903331748 -5.886373242033273 72.53610590054146 0.0006455531835662713 0.014701211139141745 0.7258332095845437
20230705133329 WSJM 115.75983469910915 4.507154 0.004802920594048089 9.013987507406361e-05 3.061363144725517e-06 979.1497747110418 0.20079611424347182 6.14709823749059e-07 0.11792107064152084 4.3143807555566035e-05 -6.583785421963472 58.500135712853634 0.0003501690371001106 0.01092819716932152 0.5852512900248563
20230706025251 BOSM 52.69950598472434 3.322611 0.0015811319162532755 1.691534225176926e-05 6.429277778079347e-07 678.4180922519768 0.24122991161347024 1.5509341101445293e-07 0.06721907818677271 8.536049392579753e-07 -7.982091714543665 15.127145335087762 5.7582693662955775e-05 0.0015576575973233787 0.15134985183030913
20230706025251 KPSR 14.742414218828387 3.322611 0.003458074278790609 3.307189011377977e-05 7.723997189436096e-07 1805.3462093706867 0.147876655326874 1.142198870127985e-07 0.06009032695394605 4.046378896032045e-06 -7.174320950872647 34.71725646705619 8.676149023641535e-05 0.0033342346860681647 0.34782376003575666
20230706025251 LESM 39.831626888321026 3.322611 0.0030765547425079514 2.6685585915094504e-05 4.983465348056165e-07 2141.3490612274854 0.13578010327413526 6.766554396221405e-08 0.05449943048909261 2.319929205257018e-06 -7.496081470551638 27.70853711515296 5.800191366520023e-05 0.0026234421588914704 0.2772264930599441
20230706025251 PPSM 19.73786266863052 3.322611 0.01624852871669899 0.0001311075764387881 1.6456948913083983e-06 1546.9316446636274 0.15975126525764957 2.629018411145667e-07 0.0506983255101434 2.1929178325146743e-05 -5.959946964109715 123.06086518364785 0.00021472177268359245 0.0073256411136819475 1.230971876482884
20230706073752 BEFA 54.859956900450506 3.592215 0.02572732627253043 0.00024325258361971493 4.785114557808188e-06 3009.848117844847 0.11452691910894444 5.480244278891309e-07 0.05940769138395738 8.317397512955299e-05 -5.51377602456078 136.87733601280127 0.00024270350602346367 0.012183273056277578 1.369494082172911
20230706073752 BEPA 53.213160566533936 3.592215 0.028194951926533672 0.0002256430896098315 2.57990766615682e-06 7418.685175669681 0.0729485052855066 1.8820040802075977e-07 0.05028408450552734 0.0001356926093012679 -5.39129143134345 215.75692519598712 0.0002092389217788883 0.01636983642358739 2.157750634976927
20230706073752 KBSR 110.58887683511172 3.592215 0.0016689181702293368 5.173532420890244e-05 2.177523292903088e-06 675.1963038381108 0.24180475689697334 5.26535490477928e-07 0.19477445612979288 1.6199851317794263e-05 -7.271049064586222 26.65457580610859 0.0002823023336274955 0.007627294498415049 0.2669616484459111
20230706073752 MTSM 150.1556151308375 3.592215 0.004502002714590561 2.2998804224900107e-05 3.1696845664683266e-07 3780.258925134051 0.1021925166924422 3.239180429685909e-08 0.0320981034330039 2.395108786698977e-06 -7.352945794615583 35.666998142081404 4.777553658077138e-05 0.0027117651170329264 0.356800013090295
20230706073752 SSSR 54.90752563427795 3.592215 0.00388419167365538 4.800660409063496e-05 1.472373071301383e-06 1475.7615374384445 0.16355799375941535 2.408183856074428e-07 0.07765692705530142 9.105950181423135e-06 -7.108936396087783 34.32002523804668 0.0001210456310680506 0.004871036315170333 0.3435798043544592
20230706073752 ULSM 93.92537256848104 3.592215 0.0029150825804668164 2.1232370540691743e-05 4.86920794245855e-07 1413.6655600765664 0.16711157387665412 8.137010027969531e-08 0.04576437028295215 1.8830884520707106e-06 -7.3576744789378195 24.11343347256145 6.910890801522414e-05 0.00228848530484896 0.24137051194720344
20230708204024 ESJR 96.10816710771684 3.126179 0.0006218060366597926 1.1429108576052099e-05 2.2469387134110355e-07 1322.1190384504393 0.1728003384698703 3.8827177019848187e-08 0.11548811501568076 1.7589539084905004e-07 -8.325766017721714 4.337240329147699 2.042943990282103e-05 0.0006771528753123439 0.04339528436692969
20230708204024 KSJR 136.11559022213427 3.126179 0.0009999166160650482 1.2146296792788447e-05 2.583668003796964e-07 1355.5540730634982 0.17065595411092627 4.409183282938431e-08 0.07632379772367558 5.140063694298672e-07 -8.169278986279679 9.260200938693053 3.61734660984345e-05 0.0012054617229963487 0.09271287026933969
20230708204024 RSJR 85.93101074975324 3.126179 0.0005103906938741735 1.1727130427266665e-05 3.501134304663984e-07 796.4442581703854 0.22263947823388888 7.794907148171588e-08 0.1443673140602869 1.6440805939538e-07 -8.371038445080261 4.067231573376301 2.381299929915108e-05 0.000587477519228784 0.04072071535809608
20230714114842 BOSM 84.12164774523045 4.109337 0.005052533829617018 7.860846745814732e-05 1.6762003868864948e-06 1661.6980786112529 0.15413590244724143 2.583626593151651e-07 0.09775522231196508 2.0316504191837315e-05 -6.670798490634511 44.19858928200962 0.00017476684563426267 0.006631762358196892 0.4420510531028911
20230716015512 PDSI 103.44606733480329 3.17837 0.0008575477420506506 4.889786524729001e-06 1.1150338596765831e-07 1416.8883335059122 0.16692141445403408 1.8612302902135622e-08 0.03582708383553452 6.427240542919143e-08 -8.755726431473077 7.569124316943296 1.133336437512461e-05 0.00042072970010416724 0.07572056096106103
20230717024215 CSJI 18.976856081867254 3.435274 0.00404128503767232 7.048352355449957e-05 1.4706777913163312e-06 2232.66328786926 0.1329744653210606 1.9556259295984748e-07 0.109584212810427 7.316890518752274e-06 -6.777418922461025 47.54681739667748 7.77793873896113e-05 0.004282247832347548 0.4765159024274429
20230717024215 ESJR 22.083435726642076 3.435274 0.0034968839142415537 4.367293025594187e-05 9.320477568767157e-07 3723.5062975309506 0.10296836623960962 9.597143478288829e-08 0.07847132488100597 6.247145210725051e-06 -7.124528383919263 37.052778301711975 6.65590344646435e-05 0.004024746607296237 0.37060026408927893
20230717024215 RSJR 18.832211716056058 3.435274 0.0044941054462548395 8.349915816042227e-05 1.961544880307545e-06 2313.515418187634 0.1306302233133981 2.5623704575382735e-07 0.11673973608087872 9.319733960326264e-06 -6.638869625644525 48.329826929321364 8.498161188738098e-05 0.004787093075785255 0.4834459567983136
20230717024215 TOJI 206.8292312637617 3.435274 0.004731462522044575 5.482406951053416e-05 8.707972535450656e-07 4529.441730097475 0.09335928777481355 8.129701138723105e-08 0.07280408254814352 9.50976093496312e-06 -6.876229918005498 39.68733054995041 7.83303513869227e-05 0.004884885822115841 0.3969675711973193
20230717024215 TSJR 41.83527358362223 3.435274 0.00947692761298675 7.38046519367329e-05 9.873645778042478e-07 5407.958688372393 0.08544038284254435 8.43608075327621e-08 0.04893234638775877 1.603249145866665e-05 -6.500188183262103 87.9888354116401 9.909162027303247e-05 0.006387599031134889 0.880560350902553
20230720203847 KTSR 222.42244819502386 3.912419 0.00023220017827278624 4.181579865268301e-06 2.164867523026785e-07 299.95998572698034 0.36278406788822576 7.853794464427643e-08 0.11315082256046244 8.26308942741161e-08 -9.24076710278898 2.659944877208118 2.9166773589649965e-05 0.0005012839111672319 0.0266612030317646
20230721224141 ACBM 114.60647310522288 4.645769 0.006285922305943656 0.00018249333691973488 6.823648591808833e-06 570.265360981769 0.2631124339541821 1.7953867894388493e-06 0.1824138761798005 0.00012259449557338733 -6.091424469628339 55.67311174691156 0.0006775161281377122 0.016150057562596857 0.557702870289191
20230721224141 BBJN 134.48186631873943 4.645769 0.00456432268932825 7.877528038246188e-05 3.843973686775163e-06 364.74165010642724 0.32899340266395993 1.2646419829628877e-06 0.10844099288275388 2.7808841441204083e-05 -6.659096064005646 49.01303160964841 0.00046469316224488416 0.008834997282399368 0.49034791609356415
20230721224141 BKJI 134.53228418285673 4.645769 0.005826508916784377 8.861408586655124e-05 3.4482521841050747e-06 376.5551362040605 0.3237916019797721 1.11651509872163e-06 0.09555957611631849 3.097119015959811e-05 -6.562643450854616 47.47967186158829 0.0004940467370977552 0.009475788292202917 0.47548822379784955
20230721224141 CBJM 125.62513632029741 4.645769 0.011000717061654234 0.00014754307631888777 4.120483532464649e-06 932.771418572907 0.20572745484251181 8.476965898544346e-07 0.08427091471467299 5.28641016029418e-05 -6.109053111944491 83.86055447356627 0.0003873201315113617 0.011411614310459898 0.8388767623316816
20230721224141 CGJR 58.631620213864046 4.645769 0.015216561011786176 0.0002901890544514913 1.0233055709997332e-05 389.1810844698441 0.3184960176094408 3.259187491609699e-06 0.11982415749666948 0.0001498585028070993 -5.534849219795064 123.94260484894133 0.0009823304382200189 0.018370687881354812 1.2412380142582176
20230721224141 CIJI 109.86517288255384 4.645769 0.00491897858906973 9.149282856407516e-05 4.9801195919535994e-06 271.1825401803731 0.38154784600061836 1.9001539031353743e-06 0.11686702548847966 3.75893258056446e-05 -6.538973629348296 50.89861956693804 0.000632901009429506 0.01014381782714342 0.5097492408919923
20230721224141 CSJI 136.2834287643141 4.645769 0.007046177066861132 7.000723601770917e-05 8.475163824051408e-07 4438.609953211422 0.09430970296470542 7.992901828235052e-08 0.062426537478240306 1.487712980253752e-05 -6.625568413381541 62.44191085275113 9.5739543853027e-05 0.005774909405031789 0.6251572704114498
20230721224141 CSJR 142.25629693549186 4.645769 0.0031170303654509193 4.9053539793921854e-05 2.6803347723686803e-06 329.71899345774744 0.34602532534934427 9.274637116540332e-07 0.09888016617179536 9.375573880782792e-06 -7.073326867931986 29.990766981452687 0.0002668335639785466 0.00489922987384261 0.30060895377667685
20230721224141 JSJR 132.44743621386934 4.645769 0.011923091496780376 0.00013645297553061984 2.088652126359633e-06 4029.916684265252 0.09897644128202623 2.0672735454321346e-07 0.0719074688981831 6.595464340688877e-05 -6.024939959992056 95.56426178497432 0.00020291240219577787 0.01233528774289203 0.9559371006230197
20230721224141 JTJM 136.06529724184955 4.645769 0.0046809332651432415 8.234923988554915e-05 2.6110979105767593e-06 688.2984832241818 0.23949224886770762 6.253377106178006e-07 0.11053683203715918 1.8199019354805186e-05 -6.628945282979493 42.47168269544182 0.0002633474899337978 0.0068385378492144214 0.42501209917427957
20230721224141 KJJR 139.03850537803055 4.645769 0.003058411769229622 0.0001729108505372131 1.1122045468041776e-05 196.56742642356892 0.448150713838387 4.984352615845919e-06 0.35522715629001195 0.00014959844821220596 -6.399365662179867 42.68436312348943 0.0014239513428274354 0.020754622614285227 0.42787108352679565
20230721224141 MBJI 241.23111636284807 4.645769 0.0002971853665427574 7.315661946689983e-06 3.4458991075705887e-07 230.65421761343 0.4137130003625139 1.4256132587395374e-07 0.1546699966773836 1.8783942989845334e-07 -8.875423497008471 2.46247182555466 5.077613279934025e-05 0.0007390294640582339 0.024629620904310496
20230721224141 MGJR 73.42439308923446 4.645769 0.008239552658613224 0.00015793398147096238 6.596952120584853e-06 492.5759314544989 0.2831022198349856 1.8676117894826877e-06 0.12043475088970909 0.000106581801010256 -6.090396724136718 100.00484012839203 0.0007654765198126641 0.016797427418489053 1.001340863911829
20230721224141 RSJR 136.36321754960636 4.645769 0.00607852908640256 6.28228893953637e-05 1.0494471893560976e-06 3569.127373041349 0.10517168810488746 1.1037213248151026e-07 0.06493805491307243 1.6088939361717527e-05 -6.745992132884824 63.199438870330695 0.000116830698999953 0.0065171915417023794 0.6320932763534994
20230721224141 SCJM 138.03469453577586 4.645769 0.0025006826338268423 9.791951034577012e-05 6.230917222016745e-06 151.39697854786323 0.5106475638687347 3.1818027000905946e-06 0.24603139173611924 3.430853143239365e-05 -6.686829318341786 23.30515981550812 0.0007711944201291942 0.00883442310159788 0.23344471436327152
20230721224141 SSJM 143.16586205870752 4.645769 0.0036515273144750236 8.006253907036648e-05 4.104873800912092e-06 445.8413802087083 0.2975703673393087 1.2214888048189156e-06 0.13776366046839797 3.242417022397074e-05 -6.842253353052781 46.335150621837904 0.00045015354782870786 0.009842504584802347 0.4637604666536794
20230721224141 TSJN 111.45573427904459 4.645769 0.010148395545773117 0.00015874765655015015 5.140171771982651e-06 428.2872432951897 0.30360736239994596 1.560593993974309e-06 0.09828558008862161 7.409409672678798e-05 -6.0341658145916295 92.18224923772499 0.0007092485945032587 0.014031649078298099 0.9221600524214744
20230723004400 BBSR 146.28089318734806 4.116146 0.0008044206021763328 8.36537896845471e-06 3.0889589637569004e-07 501.1677473099206 0.28066503454157826 8.669627742603482e-08 0.0653404774584106 3.41933812573732e-07 -8.501153619635966 9.785383582123321 4.821074808102191e-05 0.001047527154586462 0.09804574888945657
20230723004400 BOSM 109.89982370156861 4.116146 0.0038534213733667924 5.968201745455313e-05 1.6876031109636283e-06 1087.1713909099806 0.19055961235816002 3.2158899463965394e-07 0.09731434453679967 1.1455453716767554e-05 -6.91801380157558 38.11368479584178 0.0001652519958971165 0.005573012643473336 0.38145538678895974
20230723004400 MNAI 68.19469368313355 4.116146 0.003738458929333585 5.1232230055581376e-05 1.7515059118479723e-06 663.3346899403094 0.24395712882018142 4.2729235336600513e-07 0.08610542504920744 2.272236603496725e-06 -6.875138773767129 8.486251616734105 8.874403897236093e-05 0.0023249683512582193 0.1706937272830816
20230723004400 MTSM 75.52100556595795 4.116146 0.03062259217305436 0.0002903806621433603 4.155332483879143e-06 4516.153230264367 0.09349653883299451 3.8850920494300983e-07 0.059580701057491824 0.00033501758053799545 -5.255074847664361 247.54909464556087 0.00044468212311646045 0.027953891455605284 2.478016719240811
20230723004400 PKSI 106.02677328039596 4.116146 0.002259475369393694 3.225128597542719e-05 1.305301285698245e-06 331.8858204786971 0.34489390486960947 4.5019045745578943e-07 0.08968489275137692 3.532498507382526e-06 -7.445054758813798 21.27479682223653 0.00018248041368540456 0.0031904808871884354 0.2128064944918527
20230726123129 KCJR 155.61991044301058 3.730808 0.00041877451509307915 5.778931282237704e-06 2.434674909048067e-07 739.1294408701124 0.23111046835289156 5.626788585171324e-08 0.08670560126058756 1.9277280205674668e-07 -8.952453898953852 4.224470568314732 2.7442848048320857e-05 0.0007373786536274956 0.04226113102090318
20230726123129 PGJR 50.29936324566853 3.730808 0.003630391995993638 4.1685304885412576e-05 1.4475118954200281e-06 618.8544505612915 0.2525722360276899 3.6560131610291614e-07 0.07214551361681239 5.386936296177068e-06 -7.081064323362739 29.389188720044473 0.00015296067408484144 0.0037465199731623864 0.293996117014158
20230726203109 BBSR 104.10404228468144 3.85799 0.003948196216285476 2.8569935316930836e-05 6.661245957855631e-07 2028.7031504754477 0.13949884651422736 9.2923612746842e-08 0.04546638210886514 3.73153353462702e-06 -7.249982864430404 32.579268170744655 7.530921633899963e-05 0.00329866259534708 0.32619112065530254
20230726203109 MNAI 241.79697847892905 3.85799 0.00041092436452214805 8.524110245726178e-06 8.274904631357287e-07 77.09574777561843 0.7155906473597149 5.921444361992864e-07 0.13033679401076007 1.1851076523342303e-07 -8.68103623559788 1.6416194943021285 6.723591504606053e-05 0.0006153578910936256 0.03293447818599661
20230729072134 RASM 72.42823555134223 3.081419 0.002144973593564339 2.4379325163184283e-05 5.420140780878346e-07 1562.995246797406 0.15892822746559482 8.614133669189805e-08 0.07141338155577551 1.2040020521310005e-06 -7.474042469753326 20.56101794393929 4.728117792056499e-05 0.0017772779905657838 0.20599500477312466
20230803203455 GCJR 123.51974866890244 3.251797 0.0007249950244969719 5.233246202539737e-06 1.7747318429569165e-07 567.5660853575105 0.2637373572697218 4.6806308612388014e-08 0.045354043183214114 8.776878742728781e-08 -8.753128678010267 6.330694660629792 2.1823249730993593e-05 0.0005148502733537583 0.06345431010081856
20230803203455 JSJR 164.16594773242758 3.251797 0.0004392953528084841 6.0159131122486105e-06 1.5826468907865225e-07 979.3758715288499 0.20077293520451278 3.177526616555061e-08 0.08604483665600815 1.605819389148865e-07 -8.739859856496786 5.2697227466782675 2.385587216198452e-05 0.0006700205661527027 0.05272995242345278
20230803203455 LSJR 165.96124074373114 3.251797 0.0004452573548396452 3.2425840520846036e-06 1.068931249616672e-07 686.9133688161415 0.239733587239558 2.562587229830682e-08 0.045757259822670926 4.160500486969392e-08 -9.228627246575602 3.781480518720242 1.5014512226514448e-05 0.0003499554634416744 0.03788272730462576
20230805041601 CLJR 194.71125638282763 4.637439 0.0022348102499458507 4.845708372460788e-05 1.2005794214906461e-06 1434.627678363524 0.1658862026249673 1.9915956118076336e-07 0.13623744409379027 5.325321597886926e-06 -7.198645189407761 18.523786661130842 9.30672797287877e-05 0.003529764832498952 0.18567887337066474
20230805041601 DSJR 139.0859502564806 4.637439 0.005187702708811264 0.00017624569806226333 7.024102322321253e-06 524.1974482563667 0.27443052541646445 1.9276280908936295e-06 0.21346334643223497 0.00011383884384022804 -6.178584395475808 48.31596269962005 0.0007231200898173249 0.01665396958705046 0.4848548305262045
20230805041601 SSJR 104.15266955900896 4.637439 0.00589329733866853 9.0204843236996e-05 4.8505845277421034e-06 308.8903394115915 0.3575013658743657 1.7340905939568672e-06 0.09617260305945839 3.426847420876126e-05 -6.427279311849895 55.51050649693068 0.0005480966448713639 0.009341513089843826 0.5557000224872912
20230808153054 BEKI 100.99054624303172 4.722775 0.008062002502547589 0.0001433516634172783 4.346102189756873e-06 777.9778408724243 0.22526631502062386 9.790304249895948e-07 0.11172225077560743 8.296932300857298e-05 -6.071323635132799 95.57264344584034 0.000560120695589309 0.014670117307648228 0.9572219208147594
20230808153054 BLSM 205.67382465516445 4.722775 0.005534518519414984 0.00013413440638394592 5.026124205806336e-06 451.8385399584492 0.29558897567048953 1.4856669055869476e-06 0.1522790697008907 5.7773769403802555e-05 -6.305891267782585 47.418700519616465 0.000584983029298458 0.012404941822587615 0.4747686912140213
20230808153054 IMSR 150.71622848129348 4.722775 0.007931961175199105 0.00018476278535795742 6.196879066470084e-06 860.7844558302719 0.21415719033906014 1.327106209746171e-06 0.14635709790215323 0.00011138877279577282 -6.0961734012413356 73.72703495759728 0.0005983960291473618 0.017624626107156212 0.7383116327118697
20230808153054 JMSI 182.85764366723856 4.722775 0.003950271881208289 0.00016747026861743826 1.0038465362759977e-05 352.9423349381193 0.3344475286211021 3.35733993172361e-06 0.2663732428575653 0.00015521088551399744 -6.347136677257607 49.47096434968446 0.0009960487599548428 0.01917179114995133 0.49479003088995505
20230808153054 KBSR 100.8920600025571 4.722775 0.04781758203556631 0.001582803272901751 5.726750277682823e-05 865.0709533934606 0.21362594820861946 1.2233824582239679e-05 0.2079788614375148 0.006127460839647546 -4.287213295578902 377.59089102601274 0.004021298080311295 0.11576604883069166 3.776245800954501
20230808153054 KSI 100.9552780490953 4.722775 0.005137421365407647 9.354492417313651e-05 3.4760506583930898e-06 653.8343712966697 0.2457231051472381 8.541459614294515e-07 0.11440760866599499 5.0302352065896084e-05 -6.506023661766154 63.03260521564751 0.00045584809351095496 0.01174802879031308 0.6320199242647293
20230808153054 LLSI 155.35182916536388 4.722775 0.003357435874332849 9.803682387692974e-05 7.859901429040174e-06 185.7173762615066 0.461055915574255 3.6238540496895126e-06 0.18346844270509827 4.6801146466423735e-05 -6.833900349445906 32.532851111658516 0.0007769820457697893 0.010675304487705395 0.3259088081442072
20230808153054 PKSI 149.1983813584018 4.722775 0.0026055700393865407 5.6220365732239504e-05 3.972355289268734e-06 194.16101236132684 0.45091933150448216 1.7912117915353515e-06 0.13557224353724837 1.9624768646568355e-05 -6.961236854722904 30.124973297228852 0.0005213466451794286 0.007454940722066222 0.3017129400256889
20230808153054 RASM 254.00796842047845 4.722775 0.003430233061941434 5.40367282714536e-05 2.954960886912592e-06 333.30907614363196 0.34415675521410316 1.016969750624426e-06 0.09897950692921456 1.3184229853183414e-05 -7.030618769995043 33.57441543831692 0.0003050053044349999 0.0058549668307230586 0.33598796039870993
20230808153054 STSI 232.3257658227925 4.722775 0.0024663921188235955 9.016736360266605e-05 3.59841527389983e-06 377.7525691666209 0.32327800324745276 1.163288504601473e-06 0.22970323731232756 3.004899716366978e-05 -6.771354151583482 25.835002849962194 0.00047693272762638596 0.008910335354170084 0.25862225314632514
20230808192150 CLJR 63.1795162160976 3.178661 0.0008243637206443237 9.124695108284513e-06 2.376684569523053e-07 1149.6781926250223 0.1853069557832935 4.4041618243544434e-08 0.06954715352108874 3.569485343704004e-07 -8.43872594345672 7.707778688943101 3.286841050718864e-05 0.0009824639078068794 0.0772173575116301
20230808192150 WLJI 32.185726173319004 3.178661 0.010390557584756462 8.008142748894762e-05 1.3964099430556808e-06 1029.6152730937335 0.19581338734389195 2.7343576107042414e-07 0.04842535585527161 1.2792887075083845e-05 -6.388744226393893 61.85534413223198 0.00020808864788287635 0.005849106029302469 0.6196082505931375
20230809231017 CIJI 162.87686987239005 4.230985 0.0009706195178632729 1.7415898224851948e-05 7.31937110115818e-07 732.0999814524897 0.23221735306323157 1.699684983198463e-07 0.1127396614469681 2.1360273732052006e-06 -8.019682504011948 13.194815018338007 9.486006233380736e-05 0.0026231659402968462 0.1322366447940163
20230809231017 LPJR 149.92832007319515 4.230985 0.004097272964645363 6.974867381658872e-05 1.641658515055627e-06 1690.503891382393 0.15281703916309275 2.5087339358768045e-07 0.10695988436728031 1.9269218051183278e-05 -6.786925708051524 37.43003116137165 0.00017601587470452218 0.007217040975803352 0.37511985351395477
20230811170930 TPJR 128.22717946145795 3.388953 0.00041493784995769417 9.42760836525973e-06 3.748794692056976e-07 417.033170995138 0.3076766711843921 1.1534166718058088e-07 0.14275730779557172 3.4651598373323814e-07 -8.560717185908752 4.045770543382543 5.406340529717138e-05 0.0010083887035693515 0.040485754847848734
20230812143823 JSJR 27.173592203950015 3.326286 0.004836922055820475 6.7912642169729e-05 9.274482275029864e-07 3272.7577630768997 0.1098304941312381 1.0186209710779393e-07 0.08821885292509735 1.0101752190551653e-05 -6.666168880927689 39.29688266942726 8.64157769079802e-05 0.004934499742981633 0.39333846234498226
20230812143823 LPJR 208.43182424756213 3.326286 0.0006041996277295725 1.0505308883913739e-05 2.715569386517093e-07 1786.8312188313305 0.14864082342358312 4.0364446967577515e-08 0.10924667841128378 3.3746981248475105e-07 -8.401602779972585 5.232868418892705 2.3590639421398712e-05 0.0009326806463035033 0.05234375463265472
20230812143823 LSJR 42.97508059793379 3.326286 0.006125102652248164 6.772376020275741e-05 1.037804224948812e-06 2500.7575142112423 0.12564467206041086 1.3039457150660234e-07 0.06947164140942769 3.3864921971576604e-06 -6.606742185459161 31.501036880172073 5.329143133225749e-05 0.0026323083674115767 0.31507329109811466
20230812143823 RSJR 15.800188393563975 3.326286 0.0027807529007556437 3.712041968732066e-05 1.4382835511056534e-06 1223.582987341985 0.17962349956079643 2.5834952481032704e-07 0.08387457782111231 3.1866067580306523e-06 -7.294885881660782 24.07854272614273 6.494719911653943e-05 0.002698496069308955 0.2411392261391328
20230812143823 SSJR 50.52529626624169 3.326286 0.004023693320017877 3.942954988236835e-05 9.324297032857703e-07 636.2422271851748 0.24909707247710264 2.3226550937917884e-07 0.06157108625975021 3.2314622425924753e-06 -7.0157148203085296 22.532673935923796 0.00013019734600390497 0.0028755005385947122 0.2255603385255402
20230812143823 WSJM 60.19287689180385 3.326286 0.004478948141840512 7.406993263238854e-05 1.609821828981862e-06 1304.0551835870613 0.17399304292839235 2.800977985971042e-07 0.10390723394898761 4.909077575840201e-06 -6.662423175663266 25.38049055222679 9.626923195189506e-05 0.00308835075655848 0.2540486925319391
20230815001646 ISSR 28.914094894251917 3.447286 0.006462596574248988 4.8963307282761355e-05 5.851496541417946e-07 3087.943047823255 0.11306943640266012 6.616254160502421e-08 0.04760401324381239 4.589023336603856e-06 -6.904473682719758 39.96852469626787 6.614696559303454e-05 0.003483572615880892 0.4008008146813033
20230817035406 KPSR 134.278845450969 4.497631 0.0017555218219733077 2.2346015490924054e-05 1.2159119032319491e-06 438.41671775779736 0.3000794914784627 3.64870225604453e-07 0.07997858781883958 2.938507513686148e-06 -7.732964123983288 15.63893334100456 0.00013090955624954172 0.0028024053424693957 0.15660648209814165
20230817035406 KTSR 151.43002966764948 4.497631 0.004582732203269129 0.00012864795733885588 3.695438932119887e-06 1222.2731129527688 0.1797197224164869 6.641432590876649e-07 0.17638363305923588 4.244870084143465e-05 -6.391277810280742 38.79434179058707 0.0002593184825153234 0.009205200472048767 0.3882846118009748
20230817035406 LESM 156.98189756391417 4.497631 0.0022643151573123656 3.8098900109185964e-05 1.167971473516883e-06 859.6520529284445 0.2142981964655289 2.502941802978543e-07 0.1057195808687142 6.7876186195804724e-06 -7.317890045311713 26.203129731168744 0.00015361332503941014 0.0045493252990147955 0.2621606574780243
20230817035406 LLSM 159.04933217651316 4.497631 0.005970650849715714 0.00010805214957354208 2.5477864721504593e-06 1165.569981759252 0.18403935025949647 4.688929669345052e-07 0.11370815271202407 1.6620750165934376e-05 -6.452613827192639 33.52216164982541 0.00018267902106528303 0.005820424759956844 0.33540167282739886
20230817035406 MNAI 234.06522999532336 4.497631 0.0002750789638580863 3.6598302278598144e-06 1.7030186304008326e-07 477.4594178997401 0.287548850786586 4.89701050039905e-08 0.08359560175718804 1.4723574561977654e-08 -9.26308982821142 0.7507921504336597 1.0173374379857233e-05 0.0001932459124826219 0.015083724514082832
20230817042846 AMGI 225.6901772494002 5.337884 0.011969511078542798 0.0002619873022314201 1.822120022537513e-05 155.94519691113229 0.5031458174188345 9.16792068174862e-06 0.1375256480608462 0.00026577707366905667 -5.770478743804966 98.99082462601376 0.0020254079030604384 0.024810369305372768 0.9901521778994661
20230817042846 AMGS 225.654033035953 5.337884 0.0009994811255150688 2.6156891708587583e-05 1.7860359051484366e-06 164.51288819955778 0.48986894099141687 8.749235174277114e-07 0.1644339182295116 2.782798651456152e-06 -7.773745182081355 12.297364283900336 0.00020160709507884077 0.0026126195517305233 0.12304757515405894
20230817042846 ASJR 197.65602345043715 5.337884 0.0032099257439182336 8.48115205096743e-05 3.951069623483066e-06 436.3412685025131 0.30079230616524166 1.1884513438669045e-06 0.1660120956242033 2.532408150966593e-05 -6.794406889881626 30.406002764540993 0.000388980633261928 0.007717243093813382 0.3050952099049762
20230817042846 CBJI 209.9237339972248 5.337884 0.0027995198393179223 9.5723264749621e-05 7.5562387488872e-06 190.4865389921467 0.4552476606938608 3.4399600140752035e-06 0.21483934572745067 5.1519126334291945e-05 -6.693718362667241 29.742691871521988 0.0008040529563418635 0.011152261709446162 0.29794904962666413
20230817042846 CBJM 238.71395269805816 5.337884 0.004829182323551285 7.030943800507541e-05 2.6176588774097015e-06 481.096999984957 0.2864597074005469 7.498537960972271e-07 0.09147868070234237 1.755267291945384e-05 -6.648621013227151 51.90069474864357 0.00032333665816645604 0.006897205769334612 0.5198500235293476
20230817042846 CCJM 213.06314231532698 5.337884 0.01796700374355221 0.00029672997176942754 8.98217852376778e-06 637.9935209079717 0.2487549515086994 2.2343613831223352e-06 0.10376852064109787 0.0003257103956313273 -5.536743796197008 178.49965801470148 0.0012211447072611177 0.029216040056477044 1.785173598852986
20230817042846 CCJR 214.12662941752225 5.337884 0.008973310528511795 0.0001858675201977571 9.598061447583054e-06 204.5668760119569 0.43930102021686324 4.216438186027379e-06 0.13014595541720722 0.00013730889359483235 -5.975647149458503 79.71351707515109 0.0013772855316279383 0.017969201265616914 0.7975582364774072
20230817042846 CSJR 183.73499113191272 5.337884 0.01508813567126033 0.0002685850329755679 7.970423166223572e-06 298.6785594742789 0.36356146462248673 2.8977387199732398e-06 0.11184745217627462 0.00015125344806253378 -5.648242767624141 108.960901373236 0.0011971032480570408 0.018954005493231098 1.0900017676501796
20230817042846 DSJR 200.19971400863002 5.337884 0.014266453583616967 0.00023962879711432897 1.1662895399717722e-05 318.5196952490807 0.3520559775491656 4.10599204100129e-06 0.10553653915328183 0.0003104092647189008 -5.76247559997551 126.00359656487126 0.001664815064106026 0.030544058603386263 1.2611555042574893
20230817042846 GCJR 206.1802472763399 5.337884 0.006711772857159182 0.00010371344829079065 6.649857406427463e-06 182.3275337852205 0.46532216444834273 3.09432604163167e-06 0.09709071333701878 5.200242044942051e-05 -6.482650135176896 58.9320239339733 0.0009356463870064074 0.01208542377416063 0.5896827435538909
20230817042846 JABI 223.2052786138858 5.337884 0.0067726400829178565 0.0001873278009608115 1.556412685997175e-05 88.50456854266446 0.6678778243139573 1.0394935184584356e-05 0.17378972929506972 0.00019574346318277643 -6.110299837690403 59.60534659311219 0.0025087649129332604 0.02309095617268737 0.5964130043860707
20230817042846 JACE 232.5477023833472 5.337884 0.0036990929308323246 9.59277610158764e-05 5.791314573492332e-06 171.79337068798492 0.4793764201781157 2.7762196483661053e-06 0.16294045860317707 2.8362405457885223e-05 -6.5992966069067736 35.68913892131994 0.0006093936195089335 0.008422459789637012 0.3572151467245023
20230817042846 JAUI 223.7219428774783 5.337884 0.005433208521992047 0.00017722904004055965 1.330874286406593e-05 88.6123422858773 0.6674715513799846 8.883207246395385e-06 0.20495493516970834 0.00010948603199665869 -6.10858953065198 45.40205477319647 0.001814890234013505 0.01621661665172857 0.4541125632224139
20230817042846 KCJR 215.19708868546272 5.337884 0.012658696005143976 0.0001975346165673407 6.971966752310367e-06 507.14717554651236 0.27900556312019037 1.945217509783599e-06 0.09804695522911026 0.00013830147639501162 -5.925158573176412 103.87518889602312 0.0008234604977105239 0.01809968685280571 1.0389775767320002
20230817042846 LLSM 246.3051496790482 5.337884 0.004135078143064606 0.00010952291581306801 5.831469971456913e-06 198.1959456654135 0.4463057532012907 2.6026185978817866e-06 0.16641832430429698 3.765370810012167e-05 -6.484248313459214 47.13858364002212 0.0007142635970106392 0.009387898119383278 0.47158404977707935
20230817042846 PSJM 157.88813901290462 5.337884 0.0021057727187890826 0.00011769456696721694 1.2446298671175568e-05 85.50046883776574 0.6795096368019715 8.45737988957937e-06 0.3511759684722891 8.47258438460469e-05 -6.7064654677271776 25.49242360061538 0.0015904841107117638 0.014663077410939737 0.2551983727537857
20230817042846 PSSM 221.77749591251523 5.337884 0.005545876525737939 0.00011452471687400695 4.909746177605229e-06 362.5317602506216 0.3299946040360211 1.6201897457962056e-06 0.12975045784596054 3.448240542327667e-05 -6.481136738287524 58.06494729862698 0.0005246931014333966 0.009886465281795934 0.5829558015000956
20230817042846 PTJI 225.65065800056496 5.337884 0.007392162738688235 0.0002272712370087288 1.6653768983090046e-05 115.55949499268816 0.5844899535418643 9.733960659223241e-06 0.1931758468525242 0.0001793909132312353 -5.96425697622423 70.67843089631307 0.001947965713574482 0.020169402342620123 0.7069399215277683
20230817042846 RLSR 216.36776172756154 5.337884 0.0024253667405559213 0.00013028741098054613 9.658901974499005e-06 142.20963075637894 0.5268844288699341 5.0891250503445875e-06 0.3375241907521989 5.0305582054264474e-05 -6.613062352121522 22.162053944415625 0.0008585522672198676 0.010159772946507686 0.2219646557544207
20230817042846 SBJI 201.47249195492785 5.337884 0.009980000082015647 0.00015142449432603209 6.650055001885935e-06 417.18296858290444 0.30762142760462546 2.0456994133294315e-06 0.09533348197170202 8.976183737626346e-05 -6.150025497946924 70.28394894652295 0.0007125914201695944 0.014049304375902497 0.7041720564998217
20230817042846 SCJM 229.32516106515024 5.337884 0.0026332960493853906 0.00010918319824398019 8.944503912244734e-06 170.78196627086731 0.4807938055221081 4.300462074475529e-06 0.26051695446760287 5.984052955009325e-05 -6.752662381418593 29.57591897649585 0.0008421670620027579 0.011765653934338894 0.29614312702141915
20230817042846 SSJM 201.6252191120407 5.337884 0.004795574100534672 9.295840121084417e-05 4.8180813508058764e-06 225.50239804946128 0.41841214884498273 2.015943771300624e-06 0.12179456482629701 3.6119019107642454e-05 -6.548908491837613 47.15229714296834 0.0006021315963166369 0.009278249520913287 0.47210369380982525
20230817042846 TASE 212.1513834656731 5.337884 0.007620135489694568 0.0003648368590800173 2.8029452457750982e-05 128.40762200948765 0.5544781881355562 1.5541720013205476e-05 0.3008263561178485 0.00044163392618499825 -5.642777388034381 61.30577302828856 0.002657429922988342 0.03015305807466431 0.6141971961421597
20230817042846 TPJR 147.33007237106452 5.337884 0.009037678315759082 0.00021609487139407404 9.818125564323662e-06 322.0333165268861 0.3501301146555845 3.437621429539569e-06 0.15023372966623105 0.00011404107008870834 -5.823013485683226 89.70068444189977 0.0009592336559333955 0.01689012976288366 0.8992472600172166
20230817042846 TSJR 154.75086474703278 5.337884 0.055019758123575825 0.0014244390611408938 0.0001053056576412947 145.03265546692208 0.5217313925581725 5.494126740544684e-05 0.1626691007952303 0.007954010894719614 -4.168162016490547 355.36577611370615 0.011522592410941163 0.13559238220774955 3.556820923659121
20230818031028 GCJR 76.7837514254312 3.534894 0.003067405997200233 4.161266046454975e-05 8.473177193661555e-07 1634.1207301969578 0.15543105636908416 1.3169948820132477e-07 0.08523816444975293 2.2516368761139176e-06 -7.20040184021476 19.05721403764214 5.579954109583932e-05 0.002096579495253364 0.19063010718793122
20230818031028 JSJR 101.74080885789566 3.534894 0.0025339843808213185 3.426191349062364e-05 5.543185653618683e-07 3287.8550712181363 0.10957804190258683 6.074114298260462e-08 0.08495472705730318 2.886438852395725e-06 -7.369234480657848 20.834486330619733 4.880522939515718e-05 0.002643476419312012 0.20835788796137866
20230819081054 MNAI 37.626728368291005 3.36363 0.0020958598237433134 2.3541021336293803e-05 4.4989437511954e-07 2192.7585898093357 0.13417897126744394 6.03663644325494e-08 0.07057370807939954 3.853660074328231e-07 -7.57906300181716 5.148720741755053 2.2262707890483222e-05 0.0009789336837665427 0.1039630141745704
20230819081054 MTSM 97.74693150932657 3.36363 0.004237722432580492 4.5002431789970715e-05 8.241426282271967e-07 3502.7806400774525 0.10616305267931406 8.749349725575222e-08 0.06672419506199567 6.1100445899809326e-06 -6.932506707438075 41.16057535387736 7.573111107661996e-05 0.003994420452091868 0.4124763035137014
20230819081054 SSSR 41.727617985062025 3.36363 0.0015004229056549048 1.7748223836843585e-05 4.017995867729341e-07 1989.2773913750134 0.1408744375013777 5.66032907749231e-08 0.07432263185259483 1.435920490989067e-06 -7.784557487451817 13.992480701416493 4.552427368957993e-05 0.001991639163218728 0.13997639462542305
20230825164430 KSI 106.4540862647883 4.246899 0.0008161394782405214 2.641329511190457e-05 9.192760017169062e-07 540.5840667422704 0.2702391385493154 2.484243547930357e-07 0.20334713879924315 2.4496475054889477e-06 -7.789192544081138 8.562956753326977 0.0001071850794270362 0.0024950711448996363 0.08574313711869656
20230825164430 LLSI 107.88181344504588 4.246899 0.002263959308151817 6.14827818527363e-05 3.1156319366522222e-06 488.16817034706906 0.2843774390262009 8.860154310934015e-07 0.17063368152893293 1.5116833655606633e-05 -6.998257063138132 29.771030599411368 0.00028544224199442863 0.00612900425070501 0.2981967369013979
20230825164430 MNAI 61.897567568849496 4.246899 0.0017849125614740995 3.7547815031569454e-05 1.9532811836512667e-06 299.6512387947642 0.3629709178262093 7.089842640025648e-07 0.1321744744337592 1.951593987089652e-06 -7.396994070508033 6.149104149915491 0.00013755744706742395 0.002379122750634539 0.12309722949948033
20230829085631 LLSM 44.868226707687874 3.457358 0.0010941893059251613 2.027860703929715e-05 1.5584148587013406e-06 192.5336960545629 0.4528209321048162 7.056828689231365e-07 0.11644625396119078 3.319349271608656e-06 -7.854945409799883 13.964731749878794 0.00022219598777724095 0.003149261619331749 0.1400015043186395
20230829085631 UTSI 2.0239443554012624 3.457358 0.19888949942927217 0.0046382487691913575 0.00020135859488069885 589.4530787749192 0.2587946226672014 5.211052158294833e-05 0.14652848240482688 0.05911775793030544 -3.267489029874183 1613.2071070202805 0.015116130453688575 0.3636569859118597 16.138218815395405
20230830063649 KPSR 93.49601231586313 3.420223 0.00046194085464484587 5.7699109593205555e-06 1.885361276763224e-07 692.1644240741173 0.2388224952205607 4.502666845088153e-08 0.0784806526610644 1.6137803880603392e-07 -8.917491359664213 5.315317513390863 2.7154675777445678e-05 0.0006995254606540309 0.05321884243779295
20230903180907 MGJR 121.54342660849908 3.230204 0.0004895279045756689 6.7287370294157145e-06 1.7024150074097488e-07 1202.4817340527882 0.18119266985425456 3.0846512039252296e-08 0.08636464079764203 2.3511235096880314e-07 -8.713644268659966 5.1671864067118225 2.385687992219538e-05 0.0007861222351345428 0.051673100228773014
20230904045024 MKBI 117.1877757296202 4.279595 0.0050613460817272825 5.906163068108276e-05 1.3074704584560967e-06 2702.1803852377393 0.12087116270566704 1.5803547451689995e-07 0.07331946168494426 1.8013785641748376e-05 -6.81162225290971 58.86982202851153 0.00014021292507023888 0.007201049981669409 0.5889767182461214
20230904045024 MNAI 170.25047003618474 4.279595 0.0010940841038926212 1.712654568082102e-05 4.732045696947801e-07 1157.6795420121316 0.18466546715006738 8.738454292023318e-08 0.09835556498957775 2.660853506706217e-07 -8.008177117375972 2.48830728529811 2.477927803000336e-05 0.0008022186034173373 0.05002061074289503
20230904045024 SSSR 117.33069882355828 4.279595 0.0021761461900160722 4.9600450170646284e-05 1.280398854008119e-06 1269.5382223462232 0.1763424936931061 2.25788726837587e-07 0.1432113435997589 1.3434033435482072e-05 -7.159180180594269 25.82052084631183 0.0001685321189191431 0.005852688033964222 0.2590531091473482
20230904054328 ACBM 37.3198434533928 3.867535 0.004039243314137932 9.31706458019017e-05 3.0252965745098263e-06 559.4567187410682 0.26564192665529934 8.036456107564676e-07 0.14493022262707683 2.7062093552548852e-05 -6.652660597386027 37.32523073166553 0.00036100350401599174 0.008267198333994403 0.374219219746855
20230904054328 CBJM 48.80827116553593 3.867535 0.01100576163030508 0.00021866532029548718 5.268435017742352e-06 1414.9285396990024 0.16703697447964125 8.800234456062776e-07 0.12483595173342295 5.512722640750436e-05 -5.761374654437933 63.82388483382443 0.0002794119350566101 0.009900214513745478 0.6403233465892044
20230904054328 CCJM 55.971824529716976 3.867535 0.011964931969332545 0.00018306521694006286 5.147789105948091e-06 1154.5967012621961 0.18491183660568436 9.518871380395953e-07 0.09613365828419428 8.166487442748247e-05 -5.9131347936117695 70.46842064928849 0.00040509631639322995 0.012782773284368653 0.7047628761641034
20230904054328 GCJR 45.485180869031254 3.867535 0.00738051036451646 0.00012646688510819335 4.983932496851393e-06 386.3659349773834 0.3196542286621369 1.59313509798519e-06 0.10766394668001107 2.8707901832251127e-05 -6.259269050971034 38.009652663135185 0.00041311585448072975 0.007387691765818879 0.38038055143257304
20230904054328 JSJR 100.64124034200802 3.867535 0.002067589524447616 3.2253590946787386e-05 7.476479117889617e-07 2217.2498068780806 0.13343585891433765 9.976304127507106e-08 0.09801524255389961 6.701813918174063e-06 -7.428771381619638 31.392973290606555 9.410558017737411e-05 0.004487483201597965 0.3140867860604696
20230904054328 LPJR 97.16196366610235 3.867535 0.0026725587683063155 5.354364327821157e-05 1.4578818606351988e-06 1734.389449488649 0.15087127372099193 2.199524932487621e-07 0.12588109819254856 1.0987524529441732e-05 -7.057547436537243 28.887005275187075 0.00013003944575923693 0.005309650352225066 0.2889572620619373
20230904054328 SSJR 73.04371645057788 3.867535 0.004284723107499186 7.181101836948377e-05 2.3856146644884398e-06 653.7570198532584 0.24573764149185737 5.862353211597778e-07 0.10530480597988782 1.1066943595437431e-05 -6.7375761094471205 27.30887606817877 0.0001979251326882534 0.004861288766873428 0.27330930421156113
20230904190651 LHSM 12.081988493558844 3.267302 0.025366877557600177 0.0002763051895095746 6.282922899997884e-06 1350.6553956731777 0.17096514912422556 1.0741608505341499e-06 0.06843872301910031 0.00024534591009545495 -5.460655456601337 173.14057957577222 0.0006605866788978121 0.024571419203579775 1.734810859593763
20230904190651 MNAI 73.99069742558518 3.267302 0.00038100635953865913 5.221829182007065e-06 2.327596884066731e-07 399.3393098991888 0.31441903960594925 7.318407768780615e-08 0.08611331430980831 2.928697949424854e-08 -8.761931347766438 1.1409188534154735 1.5134341271192166e-05 0.0002913291203931003 0.022841155021920072
20230904190651 MTSM 44.68155548678051 3.267302 0.0016404874853166457 1.592080495058359e-05 5.382705660824184e-07 1126.260019976218 0.18722357530450998 1.0077693986313287e-07 0.06097783045548223 1.3786799801920214e-06 -7.831469497649588 21.535726494760127 6.584032701341015e-05 0.002085236991659229 0.2157396178063138
20230904234932 TSJR 75.86180681717643 3.375637 0.0038081744787414502 4.665540802231806e-05 1.0817973810276055e-06 679.7575063699237 0.2409921311785251 2.607046563571896e-07 0.07697771617942718 5.696939361558043e-06 -7.031173093442131 29.636120142628176 0.00016548613286202952 0.0038931606761475057 0.29685287932822246
20230905083850 BLSM 198.914573396882 4.873104 0.005077955572882874 0.00011214943993699552 3.8467417957560074e-06 498.06167013673837 0.281538834287413 1.0830072009818161e-06 0.13876760107621428 3.247813721603634e-05 -6.418566109023495 46.509172882865116 0.000389563127267912 0.008692875102929452 0.46565379007274676
20230905083850 ESSN 130.0225741264455 4.873104 0.003826366761659499 8.398239693204403e-05 3.785614829152212e-06 411.70774393320744 0.309660171823552 1.1722541384530604e-06 0.13790548458462173 2.6541628095632676e-05 -6.6981600421341625 37.43137040536152 0.00039441678659284763 0.008125390854158343 0.37465611506902186
20230905083850 KBSR 110.44008935274583 4.873104 0.012168924514535408 0.0002947732159176272 7.867544382977188e-06 1075.16923347722 0.19162027283598965 1.5075810012153467e-06 0.15220036388519106 0.00021305113927765377 -5.559618120681434 95.08898654463731 0.0007216042592836524 0.02247491807363087 0.9509447443378141
20230905083850 KSI 87.37528616433804 4.873104 0.009091635422546184 0.00016472350249838836 4.717208086058027e-06 766.7392994735189 0.22691123863599463 1.0703875297111565e-06 0.11383961658629475 8.870720711945566e-05 -6.02942103390301 84.0398393873987 0.000560298084239224 0.015294041010253449 0.840806742884949
20230905083850 MNAI 87.2528701534886 4.873104 0.007891392125411593 9.328799880304104e-05 2.8107730713590578e-06 1683.56328126372 0.15313171476897422 4.3041850024366885e-07 0.0742766008963067 1.3643499045551529e-05 -6.367719772478139 20.545731998825815 0.00014545897233035206 0.005806602212649029 0.41113450218736813
20230905083850 ULSM 92.7459296327466 4.873104 0.013551179030306304 0.00033991452339325807 1.2338077675271122e-05 550.755746818578 0.2677320415343744 3.3032987246100257e-06 0.157605912688853 0.000332631111822894 -5.515644289637316 122.04869997345325 0.0012740580690830952 0.028460643029851487 1.2214943252323984
20230906013053 LLSM 121.16875489695362 4.607467 0.0037463956970002718 6.0117659140698756e-05 2.652841117536964e-06 396.7185512095494 0.3154558704051522 8.368543037791997e-07 0.10082501240253841 1.3189636911452444e-05 -6.835853547482615 34.57972403035651 0.00027583286285306314 0.0052940476263801765 0.3465900154843186
20230906013053 RLSR 169.34941051904877 4.607467 0.0003842229587366694 1.2466793071763836e-05 8.112277094559311e-07 201.68662701062732 0.4424266883614885 3.589087890016634e-07 0.20386905382673856 9.665362774433935e-07 -8.451214502611865 3.65248545229698 0.00011824217089335575 0.0016785907811512834 0.036575486923609
20230907040833 BOSM 110.33694827592188 3.981966 0.0035344568146460976 5.039603062938642e-05 1.0047577716638887e-06 1875.671195117723 0.14507798462617133 1.457682325504798e-07 0.08958875883802214 7.304825855214714e-06 -6.936594209425596 30.82851964684029 0.00010685157398821461 0.004049765928854147 0.3086733848462899
20230907040833 LHSM 101.78179821685046 3.981966 0.002356640232094668 3.93015929273336e-05 1.9857512141578484e-06 574.8285601793102 0.2620660117646682 5.203979010511948e-07 0.10478442482087606 4.587883938301714e-06 -7.4038550571645905 24.396810452132367 0.00013955549391175451 0.003407469464452244 0.24402159900893153
20230910111842 BBSR 67.51865271513134 3.522004 0.0016255860960684792 2.2940024633769092e-05 6.275584357666238e-07 1076.2825478960942 0.19152114049842536 1.201907073474316e-07 0.08866735885219079 1.2282173945766712e-06 -7.820145121071015 13.888651638763585 5.511522025611321e-05 0.0017411136261913783 0.13932547316200158
20230910111842 LESM 120.10317594164462 3.522004 0.0017566116689354764 1.5278345158362976e-05 3.163896867662165e-07 2303.247002998131 0.13092108956885043 4.1422082519780363e-08 0.054648773838112744 7.258254104377736e-07 -7.876394164062697 16.042080143377742 3.159825821316418e-05 0.0012585664608159748 0.16059286826872818
20230912005955 KPSR 104.66691041858648 3.524069 0.0010688729037967386 8.620927057917187e-06 2.351819228448157e-07 1607.3259669663203 0.1567212503502137 3.6858005008007006e-08 0.050676635203461766 3.8467014147934653e-07 -8.384090399440305 12.05230249137292 2.7810101598193467e-05 0.0010815141534801342 0.12057405965396348
20230912005955 LESM 75.2659772104638 3.524069 0.00278981555946768 2.5369689790054195e-05 4.998445402665168e-07 2090.6139506100417 0.13741778573388588 6.86875299345969e-08 0.05713727618860503 3.1169885233947834e-06 -7.441021126888167 28.429727290444937 7.221232295885757e-05 0.0030215125075980496 0.28457018393836997
20230912005955 MKSM 54.604475802967094 3.524069 0.01051543808757031 0.00014686029877276563 2.462559428821184e-06 2263.1178945861325 0.13207672120035469 3.252467751197202e-07 0.08775197607294888 2.1986343358261348e-05 -6.055707982487876 42.49677111181927 0.00014295247486247525 0.005972883770865096 0.4253127390777376
20230916012920 BBSR 151.1972918697683 4.762148 0.005028187956374656 0.00015156347101177267 6.910474373815491e-06 352.90355210993795 0.33446590540509674 2.311318068216917e-06 0.18939255700634597 0.00011447647513886302 -6.300041016920236 51.82409720158604 0.000976143170540225 0.017616966493881482 0.5184221139213829
20230916012920 KTSR 195.88590632801765 4.762148 0.0015403054883254322 4.9361680149412327e-05 2.0743198744036363e-06 530.2983984972052 0.27284733145463597 5.659726423143478e-07 0.20135524141361644 1.020804137611947e-05 -7.300714616999222 13.433973738565111 0.0002105443141884006 0.004627529365131872 0.1349212684819942
20230916012920 LESM 133.44074047478648 4.762148 0.0038569942334890192 0.00012400361734179544 5.086248577497376e-06 407.6585109717497 0.3111942841095961 1.5828114848777475e-06 0.20200644837736365 5.193568534083055e-05 -6.478331343792268 43.402670056942995 0.0005539346754088526 0.011018526742617153 0.4344426101198786
20230916012920 MNAI 166.15839353876987 4.762148 0.0014418057638292535 2.9162946538225786e-05 1.458806316445505e-06 352.38387680104296 0.334712440006667 4.88280621674613e-07 0.12708799049075228 1.284835882966428e-06 -7.692588328116698 3.7207086986381084 9.143345390970328e-05 0.0017694961333960296 0.07452373935841072
20230916012920 MTSM 166.63117275452376 4.762148 0.008456671572904762 0.00017929579273690053 6.289812279990875e-06 839.554734193924 0.21684796999691747 1.3639330245777043e-06 0.13321419436141757 0.00011705587850364316 -5.998486620820739 73.36737878023263 0.0005211292286544445 0.01619821910253052 0.7345511099282642
20230916012920 SSSR 202.46356773518093 4.762148 0.001093114245436145 2.7735301664084806e-05 9.499655147489762e-07 610.630156553789 0.25426743623015113 2.41545295942278e-07 0.15942161638963936 3.25093371092089e-06 -7.678865853670257 9.040863607496364 0.00011977105451304268 0.0027858906548982776 0.09056152719579141
20230917072734 BBSR 92.70219024769271 3.97393 0.00572099938935675 5.401067571638852e-05 9.721053773415954e-07 2666.3270870056795 0.12168110810639275 1.1828685951110839e-07 0.05931814723200137 9.46278598646139e-06 -6.819159436166685 46.694625939711905 0.00010092114146797812 0.004878227979165496 0.46775661061505497
20230917072734 CPJR 236.2566850450231 3.97393 0.008827177503067898 8.675403976276428e-05 1.2831301847362439e-06 3201.277144841431 0.11104991522299903 1.4249149823503098e-07 0.061751529046110906 1.910268740841488e-05 -6.439434200669256 66.02432489741844 0.00013918389915960514 0.007324727337823018 0.6605746230990481
20230917072734 KTSR 125.1514018465215 3.97393 0.0017202407737164902 2.4812272661769145e-05 4.992421288018139e-07 1765.73340347349 0.14952620187287918 7.464977933466598e-08 0.09062691072561174 2.5346185948277318e-06 -7.553732760578253 18.626637626572915 6.331416171093194e-05 0.0025727446398440485 0.18637963601910335
20230917072734 PPSM 104.50670047975929 3.97393 0.009812576950797626 5.8014611044143666e-05 9.781834656150557e-07 2165.456289033039 0.13502219303060295 1.320764767136202e-07 0.0371478922959857 9.571750390036402e-06 -6.54469754778292 76.55598849605693 0.00012404587352576052 0.004983220505473937 0.7662052572473759
20230918175730 BBSR 255.59553922098183 4.903406 0.0007764977163396476 1.4449030759415526e-05 6.081084762780854e-07 520.5522626353549 0.2753897039032894 1.674668132233024e-07 0.11691719867317021 9.285510117385204e-07 -8.05172516176491 7.697265641121262 7.098248636950108e-05 0.0016596722366180499 0.07707547400381112
20230918175730 KBSR 199.67427754591947 4.903406 0.0014185015416578713 3.3305600546912174e-05 1.1643503788049818e-06 655.5936903442732 0.2453931784229215 2.857236402528871e-07 0.1475255781242032 6.935644193747264e-06 -7.582303343262459 16.20155573616004 0.00018588948508805944 0.004731333820933692 0.16217870465856365
20230918175730 KPSR 220.14712410112827 4.903406 0.0006278356754693871 9.162226205506774e-06 3.421817687967888e-07 580.7777224606918 0.26072032793306815 8.921374297341608e-08 0.09169272681495289 3.721455002416458e-07 -8.496113776495422 6.673549359421438 4.4455892923097414e-05 0.001053364198734703 0.06680324800327196
20230918175730 MNAI 143.69135045807172 4.903406 0.004014805990557763 8.528627546511671e-05 2.8853844750379615e-06 1214.9979174804191 0.18025698452428426 5.201107046635279e-07 0.13347331705860227 9.064201768493755e-06 -6.646708993732119 12.325953137715562 0.00013882721471976235 0.004974872806085437 0.24701387204579942
20230918175730 MTSM 188.9786848456749 4.903406 0.005284481819912722 8.901512329392451e-05 2.4878517458815814e-06 1375.629310866001 0.1694061442765641 4.214573718015171e-07 0.10583791067075772 4.165969164057589e-05 -6.575913626753401 54.85446699884158 0.00026515716826835175 0.00968606119034821 0.5492414383719602
20230920200510 BSJR 51.81984367063397 4.03031 0.014714146620336155 0.00028557681116351066 7.052746289365358e-06 1113.5192839728718 0.18829162220796702 1.3279730398458233e-06 0.12194604758755466 0.00022072277775564186 -5.5754093242881275 142.08677086038688 0.0007121644020178323 0.02388376018838751 1.4218294544561556
20230920200510 CLJO 78.88753132091401 4.03031 0.004894838998482139 4.689962629385465e-05 1.8247171118847827e-06 398.9157074477363 0.31458593368217086 5.740303363481086e-07 0.06020198885665885 7.510527521884879e-06 -7.0361197719346675 37.15402319382628 0.00022905279340750077 0.004358879315932133 0.37169608130072107
20230920200510 JBJI 90.24346915091162 4.03031 0.0015515898569547226 3.465517292807721e-05 2.041294693538022e-06 228.47398427175216 0.4156822601324452 8.485299918062521e-07 0.14033661820065416 5.213534381011086e-06 -7.4678620102320705 18.08085544980891 0.00026067791282657074 0.003943148833475766 0.18106089771771477
20230920200510 KCJR 141.21681239063471 4.03031 0.0011323607579185797 1.7384653077418088e-05 4.2106273992504407e-07 1636.536557844574 0.15531629164886965 6.539790331667029e-08 0.09646307152786529 9.774379096686067e-07 -7.968168467312981 9.315549208460585 3.987271624763069e-05 0.001595432325318867 0.09336584953779761
20230920200510 KSJR 93.18760527853608 4.03031 0.0028525390435050414 6.292198944646935e-05 1.9376057749116343e-06 762.7263278994199 0.22750738546239935 4.408196239069922e-07 0.13859600642057487 1.5403105777723848e-05 -6.9850314633252255 30.35333628189653 0.00023396850605122613 0.006329481944914232 0.30391615016524276
20230920200510 KTSR 212.61979853083756 4.03031 0.00044026356244937276 1.0931347993716665e-05 4.295211700699639e-07 869.0798110034141 0.2131326759744649 9.154499636469464e-08 0.1560058359580592 5.86834839964526e-07 -8.542761563109126 5.078369829677991 4.3608530951377774e-05 0.0012958279908155867 0.05079790430480119
20230920200510 PTJI 129.40496198867822 4.03031 0.002959436865751431 5.4348663840554e-05 1.939834125188014e-06 680.5017995208823 0.24086030355851248 4.6722903624594653e-07 0.1153877381402105 9.704892595763247e-06 -7.0748772479678435 26.275488253287655 0.0001874825763603955 0.0047311971928160074 0.26282911919524676
20230920200510 SBJI 103.42366594985216 4.03031 0.013160278171553371 0.00019789270205066198 4.0146721814381105e-06 1317.6030556206165 0.17309621507808906 6.949245593862321e-07 0.09448102097191634 7.532961488047954e-05 -5.7239527971511235 104.85661554593906 0.0003825352100729262 0.013173232405830331 1.0488507034854126
20230920200510 SSJR 118.31168804603858 4.03031 0.006434089264936235 7.065975044742252e-05 1.5046982746888818e-06 1555.395283270491 0.15931603141900413 2.397225576064552e-07 0.06900250952993599 1.511432676951365e-05 -6.549410761773409 50.869338186431875 0.00016475532871153552 0.006291485642062099 0.5087045476791492
20230924123631 IMSR 47.46030620073389 3.448431 0.010737895953582443 0.00013308782665442137 2.089445546895694e-06 3509.9649245916667 0.10605434842258919 2.2159478604050333e-07 0.07787517038852855 1.0590433804529608e-05 -6.025191534434755 40.94117021919706 7.978169260834859e-05 0.004018446944833554 0.4101392972481674
20230924123631 MKBI 102.55957949912266 3.448431 0.0014555244609657408 1.2644928228042118e-05 2.3679781842514678e-07 1124.0138818162295 0.1874105481458256 4.437840895079244e-08 0.05458542908997851 6.697855313451812e-07 -8.03167888941415 15.336049299495956 4.7831310186829045e-05 0.0013979370710727975 0.15359692190393207
20230924123631 MNAI 183.05844763208225 3.448431 0.0006815723244328186 5.0840250837432345e-06 1.5465477996215542e-07 706.111207808473 0.23645217645805935 3.656845932169391e-08 0.04686791197704596 3.671529444799747e-08 -8.949700024068154 2.0071592332024 1.4184230030256692e-05 0.0003491881919355866 0.04025879334237477
20230926151742 APSR 33.20844262448703 3.367364 0.014846813537208852 0.00014925619403223023 1.7336113350381533e-06 3195.697153423908 0.11114682479933646 1.9268539532562941e-07 0.06316536023023013 2.2452522742028183e-05 -5.915998083047798 58.377560654104514 0.00014821249480437095 0.006687863679154245 0.5840994581092067
20230926151742 JPSI 62.048696334191376 3.367364 0.002486558932056979 1.774714669540432e-05 2.5571920463484186e-07 3492.378917655471 0.10632103347208642 2.7188330115436338e-08 0.04484454799093817 1.0485661893767663e-06 -7.685151193627342 19.443749055497015 3.21821081497617e-05 0.0016537854379260156 0.19467061347639864
20230926151742 PDSI 43.57454900306832 3.367364 0.0024287172368178305 1.5914971607998355e-05 3.345642124475016e-07 3018.9590653718174 0.11435397254414008 3.825874676447345e-08 0.04117264630714026 6.246525208287596e-07 -7.917720083784672 20.80636591501612 2.3901910567545525e-05 0.0012097590067447171 0.2081636147314766
20230926151742 SASR 82.3825760492026 3.367364 0.004882189549293576 7.886908189747462e-05 1.3003425660124561e-06 2526.959981291658 0.12499155937031767 1.6253184504149713e-07 0.10150139636439537 4.92629958219448e-06 -6.6032475085241 24.55048034893187 5.978038453790885e-05 0.0028270384503530674 0.24556799330837847
20230926172506 BBSN 248.1300206531374 4.466751 0.002530073524619493 5.2831928942957146e-05 2.328641932463197e-06 393.3889308178289 0.31678805727107345 7.376859538649744e-07 0.13120282729106375 8.162038726410392e-06 -7.069404118746621 28.054616150250304 0.00023667633603011745 0.004783872890133779 0.28091678584418717
20230926172506 BPSM 115.67309391829804 4.466751 0.005391815233748152 5.433025990032957e-05 1.0620338448358275e-06 2267.7012437537164 0.131943180700256 1.4012812349896124e-07 0.06331208988845408 8.406078515848984e-06 -6.856194464649367 48.627394162621 0.00010609132287961047 0.004566938173251005 0.48645615704389555
20230926172506 JASI 156.09271177659974 4.466751 0.0009321031228226133 1.5632827741507537e-05 4.4686260974352e-07 1147.634521030892 0.1854718768045538 8.288044690291154e-08 0.10537884829488164 1.0944249488407608e-06 -8.055392744529296 12.222930571047122 4.894578857440807e-05 0.0016634954067914335 0.12233918357786659
20230926172506 PSSR 137.07820030068214 4.466751 0.000744222621806622 1.5895024411058067e-05 7.824761417368407e-07 370.93841610804617 0.3262338051885505 2.552701691880651e-07 0.13419557657946518 1.0825504367170875e-06 -8.097301721500985 8.11168976506226 8.875241265922875e-05 0.0017609310513419874 0.0812701256064137
20230926172506 TASI 184.8963788769254 4.466751 0.0008357720636283741 1.1961423487702733e-05 5.827315551568425e-07 238.2356551397223 0.4070769279194739 2.372165712749849e-07 0.08992384835718156 7.053167036096947e-07 -8.207889514249425 11.688457456516737 9.739216281021924e-05 0.001436589804233619 0.11695135251775136
20230927062116 ISSR 27.62910367537364 3.510125 0.004880371239517718 5.056111673275361e-05 1.0896193850531755e-06 3559.975117634754 0.10530679302258936 1.1474432305519585e-07 0.06509440576926752 1.0308033899805389e-05 -6.853996743040115 57.358214534689 8.955088388841291e-05 0.005266928532116133 0.573908666949652
20230927062116 MNAI 38.050454758741985 3.510125 0.004289522821220246 4.00198426804469e-05 8.320459714711784e-07 1958.2321271134924 0.141986738269698 1.1813949357963481e-07 0.058620060553470035 2.4112474474422543e-06 -6.959182760357593 11.706948771497604 6.192509722574938e-05 0.0027488790248388394 0.23508423689093666
20230927062116 MTSM 96.89171691892466 3.510125 0.010009038130065305 8.473160318055323e-05 1.0860315748111398e-06 3608.8753212076117 0.10459090699983 1.1358902743995082e-07 0.053190362274536516 1.935561640246972e-05 -6.310813834492752 75.11859593127733 0.00012551183962132334 0.006782290063616445 0.7518295864701545
20230927122854 SSJR 96.18857173638727 3.491287 0.002306605104421225 3.062425255701616e-05 4.4357306759691714e-07 2743.287859347392 0.11996213256798641 5.321197113864977e-08 0.08342037106428862 1.2292369947625822e-06 -7.3765820609775306 12.77923755081937 3.377170382423879e-05 0.0016169531464701242 0.12790199197460694
20230928124730 BBSR 58.87891027784015 3.642308 0.0030325890372204225 2.3009840420588244e-05 5.036261483633348e-07 1456.1722806812852 0.16465445604397502 8.292428950828716e-08 0.04767381583087832 2.0090175509761077e-06 -7.436299874135279 19.43542095413231 6.631571136354816e-05 0.002423034565704805 0.1944672446158994
20230928124730 LESM 45.00094961685452 3.642308 0.0029531455212565383 5.8871162905194006e-05 1.6750753084769474e-06 1122.2131148647798 0.18756085268224185 3.141785531649055e-07 0.12525573938703238 8.621495061057914e-06 -7.06277951322313 28.178768753329592 0.00014710944387772332 0.004560343591873037 0.2823144641350909
20230928124730 PPSM 36.3636745184309 3.642308 0.008067860852070957 5.269910313653851e-05 2.265653035620583e-06 542.0466117915614 0.2698743139456573 6.114415586270007e-07 0.04104163874418396 1.0810729817337613e-05 -6.647916006454516 78.15648041415616 0.00023492389988078526 0.005674891788322291 0.7824384583494772
20230928134330 BBSR 127.36358019139506 3.552669 0.0019319132935827453 1.925809406222778e-05 5.1026333594121e-07 1299.7315730345324 0.17428220016263415 8.89298168501594e-08 0.0626333355943075 1.4021092159238577e-06 -7.77050323995676 14.539483292449223 5.41110224906567e-05 0.0019320667930688127 0.1455009239872424
20230928134330 LLSM 97.76451119971888 3.552669 0.0021689585719318815 3.81949206690172e-05 1.0121145472881466e-06 1151.2343823744727 0.18518166839266686 1.8742506047130772e-07 0.110645619267271 1.7212148600494022e-06 -7.419033036659588 16.838876059577693 5.4388739007172705e-05 0.0018718633223035728 0.16845051621581503
20230929103551 RASM 24.305263421921797 3.076063 0.003610333661149806 3.0411861020771077e-05 3.9771905548331303e-07 4718.309189167995 0.09147168304874674 3.638003138561653e-08 0.05292678634828473 2.763719766921311e-06 -7.288397725174584 33.2333694985523 4.369571057279325e-05 0.002740855795027905 0.3329994095078174
20230929103551 SKSM 57.58410690174715 3.076063 0.002563699791868117 3.332209879598203e-05 4.216586007938456e-07 2880.7635399621236 0.11706472855989844 4.936134964687811e-08 0.08166670771024165 2.3616940004700576e-06 -7.163564928109269 26.6568195339985 5.325798163959716e-05 0.0025779002632878474 0.26736089110238986
20230930063346 JSJR 229.51774125881684 4.970998 0.01385667649334484 0.0002391629659471433 6.768836915077063e-06 1237.5184141953282 0.17860928560252715 1.2089771257619279e-06 0.10844629550111168 0.00012746446152508246 -5.658639935118661 103.05081404979964 0.00044358616348019254 0.015057921962601051 1.0310340765627923
20230930063346 SSJR 250.23878522912412 4.970998 0.002756420940168779 5.4281065614132086e-05 2.186325127472236e-06 470.20254718478634 0.28975929721471294 6.335080324192228e-07 0.12373218798137645 1.0657054350054518e-05 -7.030165869724334 36.8329496088802 0.0002531743620259897 0.005497247355309319 0.3688634860525039
20230930092029 BBSR 102.2939345455412 4.196841 0.001437155934654086 2.894412008652234e-05 8.008195388563484e-07 861.3759961963411 0.21408364267795152 1.714423640060444e-07 0.1265424757826655 2.0071173700926314e-06 -7.533449921331136 14.420014503707955 7.826328148457951e-05 0.0022387910488013184 0.14458802467610904
20230930212107 CSJR 29.052609870610873 3.246057 0.0006611612120019506 1.4120642190060864e-05 1.4098930428790135e-06 129.34435852345064 0.5524667212647559 7.789189867333586e-07 0.13419210008990795 1.4611642279259862e-06 -8.150269186481792 7.38385480074027 0.00017340604711080563 0.0020593338465279545 0.07392268630991022
20230930212107 JSJR 54.484262394082705 3.246057 0.00028776968867489744 5.047730115413833e-06 3.1304167771411643e-07 312.973971859599 0.3551613986886064 1.1118032010477354e-07 0.11021252391736952 1.4056491497997055e-07 -9.143289581089583 3.8390932772899027 3.824577054417519e-05 0.0006527433527412591 0.03843416698857437
20230930212107 KCJR 51.93885124103502 3.246057 0.0003307788758222307 4.7473220789752425e-06 2.6654720386406586e-07 278.9746748606396 0.37618153852386854 1.0027013723881953e-07 0.09017596501868821 1.1436344568739706e-07 -9.146352379168459 2.5896389809805607 3.390366084789583e-05 0.0005653226914582984 0.025932672402033837
20230930212107 KSJR 7.098614463108119 3.246057 0.00982860039688568 0.00030188325444791117 1.859138264519469e-05 201.88618108945408 0.44220797631888326 8.221257696501551e-06 0.1929866259932283 0.0002879363045228961 -5.654328802135009 74.19336171593753 0.0017067092633260901 0.02483094645795581 0.7431937199761436
20230930212107 SSJR 55.06329380833918 3.246057 0.0002462545847645591 8.37336928422821e-06 6.759292624110528e-07 140.17650694592962 0.5306916465032929 3.5871001318867797e-07 0.21364650290086035 3.849183515457288e-07 -8.774997511763983 2.291447803720893 7.987585775047831e-05 0.000985134067848679 0.022929374886795743
20231005103347 ISSR 127.17348292420647 4.486153 0.003366149654111596 6.327173082459157e-05 2.903186519788208e-06 479.7616025932599 0.2868581049789783 8.328025834669604e-07 0.11810170382392506 1.2698420543616472e-05 -6.881884466558165 27.373712990250617 0.00024670985101160104 0.005504447350448206 0.27389463235998024
20231005103347 MBSR 123.13341868879385 4.486153 0.0018008451124399503 5.61886184235828e-05 2.7314496788817717e-06 372.5498067727672 0.32552751065623603 8.891620144491584e-07 0.19604323507391477 6.550851997137246e-06 -7.1338792605179195 10.408378730843035 0.00015626947548720712 0.003030959595331571 0.10410738122484678
20231005103347 MNAI 134.2978919787381 4.486153 0.0022493269701085354 3.897645439046246e-05 1.1171244242071762e-06 837.3404137197282 0.2171345045184314 2.4256625833566313e-07 0.10887536085529272 1.449391430920146e-06 -7.299399039675978 5.642837379448 6.876962183262567e-05 0.0018405983133529778 0.1131308679989042
20231006214128 MGJR 158.5600485106386 3.623766 0.0011461822746954918 2.33601045892162e-05 6.348933015751712e-07 1382.2101961714313 0.16900238059612455 1.0729847939073716e-07 0.12805630410585075 1.7051575507336954e-06 -7.776886435321016 12.70756619654258 5.9624319293132566e-05 0.0022071934890839683 0.12709239659780625
20231006214128 SSJR 238.64553248426773 3.623766 0.000322353337527245 3.6304096338138726e-06 1.4776218930708655e-07 460.8020371504435 0.2926999667955249 4.32499879038183e-08 0.07076252613111107 5.584705720888521e-08 -9.251358884376405 2.4034354334657326 1.991563274155445e-05 0.0004142090029645796 0.024080466302416934
20231007205116 CLJR 133.25199862427874 3.193884 0.0004452372993728903 6.386964723420401e-06 1.8745032623243594e-07 828.4595393585821 0.2182952153547463 4.0919509333227054e-08 0.09013279652040056 1.892851153527618e-07 -8.803733503398295 3.3240898222015605 2.7590475624482743e-05 0.0006911305152453511 0.03332309439775197
20231007205116 CPJR 102.36026093818158 3.193884 0.0005172343237665481 9.080292297712999e-06 4.775815608508051e-07 355.1602214008537 0.33340162276214114 1.5922646738893469e-07 0.11030427898601142 2.5428867136011154e-07 -8.552155602582523 4.137882246280841 4.2787703001871535e-05 0.0007881550743371942 0.04143818018533372
20231011092744 KTSR 149.64899423466878 3.998594 0.0009809056822471488 1.5028699742008949e-05 4.858393549852565e-07 923.9316151712546 0.20670927050234433 1.0042749865033188e-07 0.09626624365013331 1.3510337340340035e-06 -8.047199114875538 10.325397070624671 6.77895145060219e-05 0.002022519458625544 0.10336723830774452
20231011194106 IMSR 84.79342512165165 3.315935 0.001243754920265234 1.9707246435065313e-05 5.327447741830853e-07 956.4973377338438 0.20315989774776466 1.0823237384869159e-07 0.09955681720588795 8.614848507836573e-07 -7.837235480082475 13.778234803215705 5.158349079469329e-05 0.001498471027318266 0.13796455211259556
20231011194106 MNAI 178.70805812917442 3.315935 0.0003382090909701395 2.749665941682344e-06 1.4609166166349096e-07 276.31578055167074 0.37798713979196735 5.5220769339638756e-08 0.05108278016676963 1.2023350338916656e-08 -9.282686827276544 1.1793294663762017 1.212233302534297e-05 0.00019471280808254125 0.023617297584228675
20231011234441 KCJR 51.814839327592246 3.198578 0.0006774223331605212 1.073978493514775e-05 4.4292605715467626e-07 479.1271793089701 0.28704795984913617 1.2714102107027172e-07 0.09961298233549529 4.2299844058475774e-07 -8.429890897493385 5.58027067936851 5.0890524678142894e-05 0.001014432026102825 0.05586056416326617
20231011234441 KSJR 9.254157664522415 3.198578 0.0163403516850368 0.00047546677458160065 3.7190377555220555e-05 228.63985752384758 0.41553144854791496 1.5453771457564662e-05 0.1828262885454814 0.0013230741894711988 -5.315211297510021 176.56658814297919 0.003308400792485647 0.056559691493084784 1.7675163290361673
20231014034929 LESM 30.285956332454415 3.987778 0.006204259120367426 0.00014195961675635284 5.209477686972176e-06 302.581065670653 0.36120935889271794 1.8817120954771388e-06 0.1437655263765866 3.156736103064756e-05 -6.186706024045193 47.77592132740274 0.0004598476133589383 0.007790538778658086 0.47817602463913644
20231014034929 MNAI 123.2318977473084 3.987778 0.000930872899917727 1.1336034697940496e-05 6.75911811271777e-07 270.8774202433583 0.3817626758107782 2.580379016832233e-07 0.07651571622943677 1.16599176686716e-07 -8.323918575687532 1.8282315548819632 2.9204336195896474e-05 0.0004717558677709685 0.03665091438032367
20231014152743 ISSR 33.01861180066413 3.130701 0.004225124014516269 3.267186461280996e-05 3.780728051925542e-07 4360.098478811536 0.09515502311665418 3.597552651787579e-08 0.04858635604258611 3.058373511674706e-06 -7.097243866223392 31.281599187090578 4.497035474014199e-05 0.002748381391615105 0.3129437006042901
20231015195938 BLSM 142.76549303911207 4.211437 0.001751453518666421 1.768708243146368e-05 9.024399207544221e-07 329.2631223646359 0.3462647818369284 3.124831622809649e-07 0.0634508511221374 1.7945211396981233e-06 -7.693908132139203 16.3916758384046 0.00013349201137384623 0.0023141801192735224 0.16411157910451463
20231015195938 JMSI 104.35510727931984 4.211437 0.0013720134218965585 3.029524070782338e-05 1.23635033902965e-06 547.7873835898511 0.26845645784829814 3.3190623267544234e-07 0.13873815536712442 4.062688884940374e-06 -7.52405083605829 16.621789485771657 0.00014702206002675637 0.003307364376139976 0.16659682869495077
20231016122442 CCJM 75.96673226386669 3.576792 0.005480534064398497 5.934293457522251e-05 1.352102280211108e-06 2127.8445771055585 0.13621028979693958 1.8417024342265784e-07 0.06803400001289477 1.317079985615287e-05 -6.708714626300708 59.30436502082955 0.00014391484974694482 0.006021753787118585 0.5937303980906481
20231016122442 CNJI 52.26050560552763 3.576792 0.0032131718520255837 4.1104639882845554e-05 9.054368374131173e-07 1777.917694386194 0.14901296021193774 1.349218234278636e-07 0.08037791978228336 5.1850726043055365e-06 -7.112904505765993 33.65571516371696 9.176138833711404e-05 0.003700228557979081 0.3374317459333629
20231016122442 CSJR 67.10248642153321 3.576792 0.0051492386716395395 5.1407018179672195e-05 1.6085099763806902e-06 1028.3090397185279 0.19593771611887947 3.151677711264652e-07 0.06272768498601866 9.782278964321087e-06 -6.769578462742592 35.739030107907446 0.00015779036796963376 0.00490404946495778 0.35746996105222545
20231016122442 GCJR 60.43316648246652 3.576792 0.0073120649796785874 8.375807408013716e-05 1.9491706286408906e-06 905.1457567814634 0.20884332953651122 4.0707128392013824e-07 0.07197248682561763 9.128928572571802e-06 -6.394360283905813 44.287111154126066 0.000133161423939773 0.004035287046942936 0.44302230968739065
20231016122442 JTJM 57.48338231937661 3.576792 0.003917631044495147 6.652463486298845e-05 1.7652240477126556e-06 933.3246591708222 0.20566647196232685 3.6304740211611997e-07 0.10669371454056378 9.161089780334013e-06 -6.8404658056668 32.50294190898886 0.00015820246895639848 0.004803911851581051 0.32522955720845453
20231016122442 RSJR 35.65769554106887 3.576792 0.005891597018678426 6.399972616528206e-05 1.0322452148333033e-06 3676.8489137392303 0.10361961542019431 1.0696085218036274e-07 0.06825350373257864 1.3178558254088774e-05 -6.749310176945829 61.063277716007825 9.952816282178191e-05 0.006048053033533892 0.6120450217029944
20231016122442 SSJM 79.91355738560605 3.576792 0.0014864256974812297 2.334641098074865e-05 6.851702294917111e-07 602.8760589793778 0.2558973859328026 1.7533327064590733e-07 0.09868628260274574 1.774250698145851e-06 -7.631951743878082 17.059382290098373 9.198769640696066e-05 0.0020896984302886112 0.17066162388121572
20231016122442 SSJR 43.11430284710048 3.576792 0.015924837793180928 0.00016296537293094667 3.2437619883065467e-06 1852.4870934923395 0.14598299617285518 4.735340939246077e-07 0.06429840291479902 4.0273490290136614e-05 -5.697279590933648 85.30006070604063 0.00021641768284640895 0.009260674693408216 0.8535483010909578
20231016122442 TSJR 16.454232432580383 3.576792 0.010342109027258807 8.760219180703515e-05 2.5699557972460576e-06 2362.017339579909 0.1292820790620379 3.3224922856550744e-07 0.05322133067713183 3.212342136719681e-05 -6.365273344682523 115.92155872358933 0.000199285334430393 0.009522900381650077 1.1595169741575742
20231016152114 ISSR 85.3499624676047 3.81527 0.0011784736791927873 1.4933471423515085e-05 4.348534232244545e-07 1199.9912303901795 0.18138059919008429 7.887397446431087e-08 0.07961974025392428 8.245705305570973e-07 -8.019631172244326 11.480433802864166 4.2043440706948274e-05 0.001440595714585195 0.11485644245791854
20231016152114 LHSM 105.25890686170742 3.81527 0.0020151153272493054 4.371388966241289e-05 1.4437703471691124e-06 991.80562781481 0.19951088000320813 2.880478924862469e-07 0.13630111663210118 6.929800655653586e-06 -7.3111779546214475 21.55104503947836 0.00013629584343716607 0.0042193375080575805 0.2157039002714272
20231016152114 MKSM 59.34987439718964 3.81527 0.0036675226248691815 6.045185704986728e-05 1.9038086375578163e-06 1122.3319100500737 0.18755092606620186 3.570610730268025e-07 0.10356588325641077 9.802637968487842e-06 -7.0178850319659665 32.82761943533984 0.00015075439557725597 0.005043973852363628 0.3285463715964061
20231016152114 MNAI 64.08253056748299 3.81527 0.0032050920478635557 5.156545000095554e-05 1.2945698403832114e-06 1741.2208261049939 0.15057502428321232 1.9492988515201636e-07 0.101087667051583 1.7792732052203308e-06 -6.86637825967192 7.417034961278694 4.908151096024749e-05 0.0019901792230194626 0.1485674035541899
20231017040959 BBSR 82.75268177868725 3.473422 0.003227457996946647 2.7511791363614905e-05 8.129065446655116e-07 1018.18107728308 0.1969098120349884 1.6006927491209777e-07 0.05355970036901861 5.362290867571091e-06 -7.245841497043286 33.7450403685105 0.00013854352295375515 0.004296852188303038 0.3377351640478291
20231017040959 KTSR 82.13823015940513 3.473422 0.0021094202516659306 2.923692430034629e-05 6.552073811623645e-07 1282.5688076936292 0.17544440848844856 1.149524714252965e-07 0.08708601950985269 1.133495427751066e-06 -7.415451111321222 12.421338513714039 4.501706726461779e-05 0.001616383465848594 0.12423503287480886
20231017040959 PSSM 44.16059129762539 3.473422 0.010818487552067145 7.646335564275292e-05 1.2261961919097986e-06 5414.9075466500135 0.0853855431519099 1.0469942785702169e-07 0.04440855807246305 2.1027467027807486e-05 -6.4349503630762 93.6125787430446 0.00010723965807456192 0.007732840738771934 0.9369018493405359
20231017132846 CGJR 75.9310115474648 3.753317 0.0008029265931929526 2.0499795238024623e-05 6.8421325694981e-07 570.7290359998058 0.26300553256696535 1.7995187203346268e-07 0.16041816690556826 8.209390395037112e-07 -7.995571997027516 8.530280510843237 6.004301322313212e-05 0.0013742099981499988 0.08543832985878153
20231017132846 SSJM 121.5522867964594 3.753317 0.0014505874775675508 1.8364905708104912e-05 4.647120434413983e-07 804.8947888097624 0.2214676567239512 1.0291868731236549e-07 0.07954715416845988 1.076578094408643e-06 -7.864752195515646 16.79444335561561 5.962854569759942e-05 0.0016993937835516975 0.16806633474612281
20231017175715 ISSR 121.23255969784753 3.137101 0.00019097228982335976 4.206844277602355e-06 1.957612310902774e-07 227.46108398595024 0.4166067633003067 8.155545286420384e-08 0.13840951574216515 7.502812560526202e-08 -9.236964882339823 2.2314429051144913 3.339610498472006e-05 0.000483124068472641 0.022360072011956576
20231019140825 BALE 147.76533212249177 5.22372 0.007729955541837876 0.00023213368085102428 2.0470676016587956e-05 202.51516023854512 0.44152072925932323 9.038227803275252e-06 0.18868658751404518 0.00021760737481257896 -6.0174889175059 62.835542410126294 0.0015017326923812554 0.02321094218495151 0.6297261160398184
20231019140825 BBJN 160.56265673717002 5.22372 0.02083773728916643 0.00040947071039772144 2.4925631252447384e-05 273.50735010682996 0.3799228088638573 9.469815838134556e-06 0.12346735711218239 0.0008584710874804081 -5.333503292850852 210.86306020788163 0.002705429118073635 0.04761683113667644 2.110269511216164
20231019140825 BKJI 160.61119418643904 5.22372 0.022743661227862047 0.0005154085102450751 2.5378320495436173e-05 366.48177597317505 0.3282114113634969 8.329454387842266e-06 0.1423872412767024 0.0010256888797695704 -5.132284813067087 222.40866330457806 0.002564900409811624 0.05032663248867442 2.2251618175448495
20231019140825 BLJR 174.1525911121169 5.22372 0.007064769826731599 0.0001495375451518505 6.672844271460731e-06 318.5023068605502 0.3520655875306954 2.349278838932657e-06 0.13299401532016913 7.585509666265187e-05 -6.090806751370788 62.381455296634456 0.000809503869063574 0.014066395833472576 0.6248348158678849
20231019140825 CBJN 205.99991661397468 5.22372 0.0037362292001202474 7.411648345404037e-05 4.969312442803775e-06 283.5944353505584 0.3731049543037766 1.854075091893491e-06 0.12464106855201967 3.4478259149055924e-05 -6.828993804444596 37.45589456593265 0.000591740299198718 0.010221272026815777 0.3754491904522422
20231019140825 CILA 195.2018773411109 5.22372 0.024820125807442292 0.0008109851042297089 2.8668483883404327e-05 303.84790003969124 0.3604555765107668 1.0333714885882134e-05 0.2052999138992966 0.0012287443119979344 -4.807259360487328 172.51502943952534 0.003115530769217111 0.05022981796659777 1.729926171876854
20231019140825 CLJO 197.55378055661637 5.22372 0.0070938228731587194 0.00014788380340011637 7.3506070723191694e-06 254.7337215084844 0.3936739230990674 2.893742323319638e-06 0.13098457028145422 0.00010326430598005493 -6.067700927251988 65.07898135314213 0.0010529527640615861 0.017068571777149755 0.6526795760815115
20231019140825 CLJR 197.1416661165166 5.22372 0.014725780905494094 0.0003366019810935785 1.1767762401090987e-05 888.8853539125378 0.2107448609818195 2.4799954512850025e-06 0.1436210843790054 0.0004035146159804702 -5.509991475778351 132.86206319089945 0.0011114229036143374 0.03255103576934263 1.330211305559592
20231019140825 CPJR 218.89770102595918 5.22372 0.006763586071974447 0.0001813498628593236 1.036569906022942e-05 215.59313035989874 0.4279198268431666 4.435688146961748e-06 0.16846903131730265 0.00013000362648023494 -6.204615266745307 65.96322187137879 0.0013173831296626481 0.019037097519572166 0.6597307688771265
20231019140825 CSJR 136.66513093717612 5.22372 0.025111086764086084 0.00045960088469455877 2.8717525054397776e-05 240.8157374802042 0.40489035912659116 1.1627449032501995e-05 0.11499930500856165 0.0012015038618249524 -5.195764445811588 253.19552012647802 0.0037339570288373565 0.059297921532959035 2.535655369557412
20231019140825 CTJI 242.4389136318972 5.22372 0.0007691934333070025 1.7138978745623598e-05 1.7040348327391085e-06 130.6035525773249 0.5497970093374912 9.368732548468739e-07 0.14000038842191329 2.1618230774374556e-06 -8.114550568153131 9.805200234853238 0.00022285885627602712 0.0025535777867677608 0.09817283161102745
20231019140825 GBJR 176.66165047393073 5.22372 0.004837369618084676 0.00014401745728851486 1.504807407227657e-05 82.19060344885993 0.693056727888501 1.042916897755579e-05 0.1870620694828866 0.00012831085838541076 -6.431920308495658 45.21679556998271 0.0020780786125534838 0.018395988695575027 0.4525352245875955
20231019140825 GTJN 120.97458730339217 5.22372 0.008733948579719451 0.0002248405638196678 1.0071095840979332e-05 342.8983922988994 0.33931037871579695 3.4172273438857846e-06 0.16174985622540608 0.00021124890190142256 -5.9296561588932075 93.02630276077802 0.0013496169988838288 0.024065187996297706 0.9324297824283607
20231019140825 JABI 209.50277646949235 5.22372 0.007253958440676972 0.00020393808289238886 1.3310147925695918e-05 178.273368620801 0.47058343216874393 6.263535093547672e-06 0.17664572749940458 0.00023418671884099996 -6.045743308758078 90.2508103398177 0.0019472308357118024 0.02561891947889007 0.9032242845082858
20231019140825 JARU 218.05957973072282 5.22372 0.0029754842535352276 0.00010649613534774052 9.848910123548323e-06 91.12974718930255 0.6581877356882876 6.482431853215723e-06 0.22488270677061062 6.143415737056532e-05 -6.601451562083065 39.37513530367664 0.0014149739394772845 0.013336063465885766 0.393862236857621
20231019140825 JCJI 187.37801263028348 5.22372 0.002648769011103206 7.325312334182003e-05 3.382384619499131e-06 328.2201712373746 0.34681449030094075 1.1730599978133326e-06 0.1737648493911665 1.806234577571482e-05 -6.945191650883427 24.618967291731053 0.0003577740663774223 0.006454964080019412 0.24627823721373693
20231019140825 JPJI 176.5976979961084 5.22372 0.005824561811539011 0.0001565365414181132 1.1050959418365996e-05 189.48563600034691 0.45644843405549335 5.0441931213239645e-06 0.16886216146363067 0.00010436847226120905 -6.1590181283193495 56.71632066747611 0.0011191019262938421 0.015770132394639074 0.5682709624103915
20231019140825 KSJR 158.23582196386224 5.22372 0.019876005280604334 0.0005021459611664556 1.4704258402135992e-05 942.0724615625267 0.20470936633729686 3.0100994199611324e-06 0.1587379395767958 0.0012871502633074465 -5.159920823810293 202.8289028143344 0.0018231219110631566 0.055379043353522894 2.0323642575020053
20231019140825 LBJN 187.38798139244648 5.22372 0.0052758975790651655 0.0001571595868565249 6.939713648834798e-06 349.2691590442624 0.33620157922300153 2.333142688093677e-06 0.18716489321885194 7.888440537160846e-05 -6.259945652730127 52.45850999494497 0.0007298453642976987 0.013516008722746062 0.5247825386610667
20231019140825 MLJR 203.59021680416492 5.22372 0.007102135475431304 0.00015577866078538005 5.051676119602338e-06 664.5570002656294 0.24373267210812596 1.231258519255487e-06 0.1378157592184444 0.00012766241555288655 -6.147719229078779 92.81912842180498 0.0007484514666127617 0.019317979601495335 0.9294226950926241
20231019140825 PSJM 150.95891646224547 5.22372 0.005647578572163681 0.00045162844193259515 3.8519380940702026e-05 89.14253241827855 0.6654836417281708 2.5634017905533077e-05 0.5024569652986933 0.000700755674365269 -5.6365130319379135 72.52486839854433 0.00407776873105633 0.04021481968758267 0.7262869401124737
20231019140825 SADLY 216.99454056862993 5.22372 0.0029537804607676944 6.737891551077665e-05 5.145576976914169e-06 230.49941844212518 0.4138518980682574 2.1295067985522545e-06 0.14332622805723882 2.4760768273584054e-05 -6.914600877922909 26.446729262161217 0.000516044763615368 0.007989617444405746 0.264873801671666
20231019140825 SCJM 141.46548318215326 5.22372 0.009521177513812998 0.00033388566732789484 2.4788812727892656e-05 184.06271196801708 0.4631236507400969 1.1480285448054227e-05 0.22033677202099936 0.0006964150484107987 -5.5873671199170385 113.65254864089343 0.003034564361246658 0.04216888228178305 1.1368482917505367
20231019140825 SPJR 247.53420867763134 5.22372 0.00482911215757449 0.00011143810446390316 6.533522589516391e-06 251.47167264991634 0.3962190324504037 2.5887059989110405e-06 0.1449927518310574 7.612011107325618e-05 -6.479975243173541 53.21730375058006 0.0009258222256001952 0.01438671700777536 0.5326857848014788
20231019140825 SPSJM 164.88398391527832 5.22372 0.0032802490201505738 9.809007019594804e-05 4.3172957981766245e-06 476.26851810962614 0.28790813137412796 1.2429845658424063e-06 0.18788759147532771 3.5712129953975396e-05 -6.646931858922943 29.62501956723738 0.0004153247886356251 0.008956084713267686 0.29687218136771687
20231019140825 TASE 207.4900528646215 5.22372 0.004155153048355776 0.00014876774321917916 1.4770071917947586e-05 98.25686251252037 0.633867408373943 9.36226720812619e-06 0.22495809119399188 0.00017522008026708954 -6.390057375683058 52.393479221391345 0.0021085112209923832 0.021627686834653395 0.5254058108818846
20231019140825 TPJR 243.3474661154712 5.22372 0.0028577757070497242 0.00010530341795733662 7.546295275647744e-06 143.19850836900753 0.5250620396459014 3.962273189201834e-06 0.23152302921224885 4.8795470228388965e-05 -6.7847954290790105 29.99172433077891 0.0008693014968447129 0.011081490746641241 0.3001449752013089
20231019140825 TSJM 164.24978064474345 5.22372 0.007551675094679053 0.00017859834234408583 8.135624276268984e-06 528.5612894883972 0.2732953180791635 2.2234280243554965e-06 0.14859835287321535 0.00010162098644748448 -6.089883754326985 59.555038695077286 0.000518486330228522 0.012766618782847544 0.5965713885876441
20231019140825 UIDS 202.5507118612732 5.22372 0.0005557361055973509 1.8655894664852595e-05 1.2256458852850377e-06 110.30675459579217 0.5982446380346333 7.332360790009851e-07 0.21092464943319786 1.5110565929660952e-06 -8.07654406966315 5.661571020428139 0.00018949163294869467 0.0020343399975463645 0.056618391971430385
20231019140825 WLJI 209.50624013740358 5.22372 0.014876077119809122 0.0004124724848916192 1.9658267746606245e-05 197.00180575144495 0.4476563660033209 8.800148701366044e-06 0.17421535501693672 0.00046738346401353596 -5.417026356773735 150.3228775164274 0.002560238155689691 0.03356283185524282 1.5043453000719933
20231019220744 UTSI 168.06316699693255 3.425856 0.000654192204219625 6.313898638501865e-06 1.512985242808014e-07 2064.05661693764 0.1382990081525688 2.092443584298218e-08 0.06064180358703518 2.2018767886561628e-07 -8.747524640670347 6.893470004113009 1.893465720486321e-05 0.0008392105626186495 0.06903403438724985
20231021164131 ASJR 111.88869081408862 4.012261 0.0008265703330844272 2.573135938571869e-05 1.2693076013218647e-06 297.3183880262756 0.36439212573785296 4.6252569506088944e-07 0.1955972683205308 1.5212119062718895e-06 -7.78741220370268 8.672387599038395 0.0001100332188041114 0.0019449996429494998 0.08677907901827875
20231021164131 KTSR 148.86609413323168 4.012261 0.0007823156644985454 1.8559209932232855e-05 6.463162086307515e-07 598.6966411639039 0.2567890245321101 1.6596690875358245e-07 0.14905869900203658 1.1135723014224827e-06 -8.063135999401702 6.900673216474569 7.049712986168552e-05 0.0017347886009599764 0.0691433449404054
20231021164131 TPJR 74.45872109208946 4.012261 0.005229804592717786 4.79580835475643e-05 1.7868235409683e-06 514.4700585706909 0.27701278661864054 4.949729682794154e-07 0.05761774088579366 1.3521047873161732e-05 -6.888141664412824 46.249275352357145 0.0003171506156827511 0.0067750857750502585 0.46276075155170965
20231021164131 WLJI 81.66705342317815 4.012261 0.006143663050604833 5.7454010335861e-05 1.3114731351150865e-06 1323.595249419527 0.1727039491391572 2.2649658962428696e-07 0.0587587878123112 1.202358181280367e-05 -6.77053809549946 53.605642484163575 0.00016675206555129103 0.005716465941310156 0.5361649160748945
20231023105623 BBSR 71.17137778980303 3.866937 0.004778757013094805 3.5203944638985633e-05 6.754155680359284e-07 2321.2616800984524 0.13041207868526183 8.808234820395232e-08 0.04628670323775047 4.341685305496285e-06 -7.097259938684595 36.85264727075411 7.434717551774262e-05 0.0032545074776586117 0.36891633023986337
20231023105623 KTSR 116.0883890918412 3.866937 0.0010772469670681318 1.7877406780456706e-05 4.0261470830781427e-07 1540.330965311997 0.16009318516194765 6.445587104604646e-08 0.1042723377714871 7.746775400252743e-07 -7.88482440080573 8.507523776206538 3.7987672183107184e-05 0.0013364378498828646 0.08532310056205625
20231023105623 MNAI 144.5117072469517 3.866937 0.0009003075390430818 8.09145092226865e-06 2.340824882605582e-07 1215.4747054812726 0.18022162681721082 4.218672684373846e-08 0.05646968768316654 9.349535855490898e-08 -8.482133863068237 2.5349203524471884 1.652909906259443e-05 0.0005109179553878412 0.05099888529748138
20231023105623 PPSM 51.08864527563747 3.866937 0.009976487139512881 6.34886912883822e-05 8.54921285872473e-07 2424.6840753960737 0.12760047417933246 1.090883614633322e-07 0.03998513772400864 7.894172125785316e-06 -6.710404616167482 103.63191710810376 0.0001043440266022955 0.004661572894696481 1.0374030543585595
20231023105623 SSSR 194.64242655509727 3.866937 0.0003349624792913638 5.6216794865460426e-06 1.509949770876443e-07 918.9155133966411 0.20727268660012882 3.129713456408093e-08 0.10545077772968843 1.6657330229299222e-07 -8.925880418826035 4.234556378046932 2.5025742626596832e-05 0.0007297970135750234 0.042420515949115466
20231023111157 IMSR 62.56524388811057 3.690226 0.0030899908327197455 5.241757462052352e-05 1.8564995241530272e-06 878.6272848020939 0.21197152559722454 3.935250364052386e-07 0.10658586142269444 8.67290540617196e-06 -7.06323902472422 28.762390807465287 0.00015974361335339426 0.004772502656487236 0.2881726841076634
20231023111157 KBSR 93.55409408164398 3.690226 0.0014198294954734852 3.44255377215069e-05 1.3680480950004285e-06 759.2293360414297 0.2280307302686922 3.119570061456409e-07 0.15234366766792393 5.021953772322949e-06 -7.556334303891082 14.14271957028177 0.00014044392106386892 0.003651961531960679 0.1415042388562144
20231023111157 NBSR 98.034183104079 3.690226 0.0010684343894516034 1.2577524364682793e-05 3.1279183449489575e-07 1633.4143367886788 0.15546466192864686 4.862807680379023e-08 0.07396515599748753 8.95511411871072e-07 -8.14236035430527 14.10952043557945 4.230452878224009e-05 0.0016500894018123783 0.1411979290000025
20231023154143 CCJM 147.83936687485792 3.722003 0.006592968673424567 8.332692996111329e-05 1.9027234854713027e-06 1614.0172991496256 0.1563960484165292 2.9757843435703707e-07 0.07941165322602678 1.3043276064088436e-05 -6.528915169950937 39.86903196598805 0.0001361722053473931 0.004935335489680264 0.3995012733750335
20231023154143 CIJI 95.05068006482404 3.722003 0.008852387858741949 0.00012250365397088354 2.9195228367989757e-06 1736.2277237865467 0.15079138321159805 4.4023888687876615e-07 0.08694977795686586 2.406413850557536e-05 -6.213084872798408 44.11044250228197 0.00016567227299475387 0.006949936977061046 0.4415380499435688
20231023154143 CNJI 123.08870452036327 3.722003 0.0026001279517968412 2.9202342605685937e-05 4.3712723599157004e-07 3551.1831704643073 0.10543707064747668 4.608941526317938e-08 0.07056719261391435 3.2201280821656787e-06 -7.375346012480536 27.55715603993259 5.2481535654280386e-05 0.0029119255243779812 0.2758919515625046
20231023154143 LSJR 171.75009069583564 3.722003 0.0018615702679042538 1.766255363186399e-05 3.80600476524349e-07 1512.8405901366073 0.16154119238269515 6.148265479916531e-08 0.05961477757803723 8.708538906706772e-07 -7.770649250082077 14.367770360104124 3.944374108315999e-05 0.0014134843114420106 0.14373226311554918
20231023154143 TSJN 95.74476480098235 3.722003 0.010841740370836928 0.0001230038163010491 3.4407160227475115e-06 1384.6634450864728 0.16885260098249522 5.809738496830635e-07 0.07128521297084964 2.415446305187282e-05 -6.218803777529602 59.151971856872194 0.00019828389683950278 0.007006825143926184 0.5916788431971878
20231023190540 HSSR 68.4372768905965 3.421868 0.0003045376634775902 6.3914196762697005e-06 2.53346661946821e-07 551.6915239442567 0.26750488211665385 6.777146893873211e-08 0.1318670201359557 1.8188402019430428e-07 -8.932119388127106 3.2952342740263725 3.0324580623851027e-05 0.0007119481977847921 0.03298323546112692
20231023190540 LPSM 88.3651346365074 3.421868 0.0019725000694703686 2.7051524154400665e-05 7.779109546452872e-07 1242.5165852599027 0.17824968503384284 1.3866238264989845e-07 0.08616969993282794 2.2657501009156356e-06 -7.668377472610919 23.589684534652342 7.498042653435259e-05 0.0025674061393462424 0.2364030774810048
20231023190540 MKBI 188.659112026412 3.421868 0.0013676113607679573 1.2527794068224844e-05 3.52151695547662e-07 1059.0499212253362 0.19307304777204037 6.799100113747876e-08 0.05755615511751909 5.078012924424246e-07 -7.931160972405553 12.31847213902067 3.7590590337024365e-05 0.001155091524149106 0.12328545383332778
20231023190540 PAPA 66.51849099238771 3.421868 0.003597174346507522 4.64138902158642e-05 7.799505558425528e-07 3208.1734892274303 0.11093049361600285 8.652030015569019e-08 0.08107115334470888 6.828515986243158e-06 -6.948385330265099 33.06714890900381 7.83135493419406e-05 0.004123901597103243 0.3310927944018746
20231023190540 PDSI 26.94986301560334 3.421868 0.0011505523620700454 9.038472348612528e-06 1.9997354590248793e-07 1549.5938853438306 0.15961397795108775 3.1918573146480547e-08 0.04935924563917745 3.950994387051106e-07 -8.205772587509774 13.195868518058521 2.990870656628791e-05 0.0010275880182777203 0.1322621120299719
20231023190540 SASI 137.766284022012 3.421868 0.0007234335779153511 1.2808614557213112e-05 5.764602181010642e-07 716.6874959296921 0.23470100791542567 1.3529579421146587e-07 0.11124573319241869 6.967798113177565e-07 -8.309290764364464 7.719316680958226 4.3482792396067884e-05 0.00133174333410671 0.07725460998504821
20231023190540 STSI 171.68398209353882 3.421868 0.0011175755952299088 1.710406458006683e-05 4.922351246317299e-07 611.7448503059577 0.2540356733034638 1.2504528130943594e-07 0.09616173413344649 7.043991303329709e-07 -7.936460974350149 9.193433006279406 5.76083636895453e-05 0.0013224527159957792 0.09198158714621102
20231023224757 ACBM 119.45945015553804 4.426654 0.005195914948666076 0.00012892006303306263 4.292975835208762e-06 813.6145221864848 0.2202776945752703 9.456468198471316e-07 0.15589721037638624 6.751893624773677e-05 -6.371193391344029 55.618381065183016 0.0004481589770098117 0.012575586681704257 0.5571742703104172
20231023224757 BBJN 103.00480961027871 4.426654 0.0041502209055532925 9.455627599239892e-05 4.556817833432145e-06 313.7625409034902 0.3547148101992856 1.616370772898603e-06 0.1431525255010139 3.82910806824122e-05 -6.596689835397261 54.86650643407778 0.0005934573844780619 0.010452787870492836 0.5497186969444833
20231023224757 CBJM 142.16990246951497 4.426654 0.003620187713941907 4.008102719861117e-05 1.2299447982679957e-06 1190.7217101217823 0.18208523556186207 2.239547883207149e-07 0.06956449253200805 7.873396995481477e-06 -7.066735267113995 36.768738477662055 0.00013526632903989965 0.0048449333925251956 0.3677754338230793
20231023224757 CBJN 163.21802807750856 4.426654 0.0021709224026574864 5.557409919527137e-05 1.5516138767036813e-06 522.4827212513964 0.27488048094068596 4.265083686625501e-07 0.1608451610688738 4.377523764437468e-06 -7.027580955572655 21.80793495263182 0.00014130146088280022 0.0030667029427639686 0.2183819031392123
20231023224757 CCJM 146.5061963568557 4.426654 0.009705670115390466 0.00013557268210133717 3.656620800794273e-06 1026.12603223105 0.1961460269095288 7.172316419905361e-07 0.0877660454256827 0.00010676072871100196 -6.16105867073305 89.7663671480569 0.0005573270768477679 0.017737754812436217 0.898162868104293
20231023224757 CIJM 178.05127769314163 4.426654 0.003575220835824015 7.44044576242562e-05 2.0351632409652187e-06 639.7130675190322 0.2484204002955543 5.055760669873773e-07 0.1307603128313175 7.1839083219851204e-06 -6.7479494456034015 24.166792382763855 0.00016823949848229398 0.003969229442362059 0.2418651303609925
20231023224757 CNJI 122.77647696727053 4.426654 0.006063077994232837 9.163517187284176e-05 1.7784990610835347e-06 2515.015714550367 0.12528801162736683 2.2282461104429488e-07 0.0949617943361401 3.3434643910307e-05 -6.444955062940283 70.98323076417552 0.00018421830153403363 0.009164295191243382 0.7104407562325772
20231023224757 GCJR 129.95710846929816 4.426654 0.0036341538368467046 4.830088285486437e-05 1.6486611846587462e-06 1047.342001906681 0.19414920122095816 3.2008625208549417e-07 0.08350868210378616 8.286501279301178e-06 -7.041323662058855 35.429691277809226 0.00013909853006037142 0.004623481254802679 0.35482068357568064
20231023224757 MBJI 199.4797871056622 4.426654 0.0002782172451715156 7.925247221177787e-06 2.906877414602102e-07 568.4058558815077 0.2635424606822991 7.660856267460377e-08 0.17898170498083954 3.460711810524064e-07 -8.82065650459802 3.315478097034214 4.342127610690583e-05 0.000984677901394565 0.03318239882268768
20231023224757 PBJI 120.79463616932267 4.426654 0.001643466189322041 3.607519605814701e-05 1.5598832773593113e-06 386.3358301671288 0.3196666827780754 4.986427127944435e-07 0.13792017341085455 5.851913679015053e-06 -7.466974317528789 20.396455829412012 0.00021102841470061278 0.00400978232529226 0.20416767351185502
20231023224757 SSJM 169.85417787923237 4.426654 0.0016540526417355246 3.0267764315365606e-05 1.111175082045184e-06 771.9710887697642 0.22614102195444943 2.512822686240171e-07 0.11497697668674824 4.125454812053861e-06 -7.577197120145891 23.003150394271852 0.00012226617022671353 0.003340077245542469 0.2302987991609704
20231023224757 SSJR 150.14955788764584 4.426654 0.0033908316545982397 3.9900395348190946e-05 1.0338421664287927e-06 1200.3912062405116 0.18135037824905087 1.8748766793167976e-07 0.07393512959053529 6.737070252675115e-06 -7.1458734261567125 32.33565825052676 0.0001255679978578347 0.004269183487401337 0.32339650542725173
20231029104932 CLJO 139.02281778930885 4.190328 0.0019842358980542386 3.9989518809614965e-05 2.176027746767495e-06 297.0006089987234 0.3645870162769173 7.933514635297444e-07 0.12662887375041648 6.887362666002749e-06 -7.403120399705062 23.38384189770705 0.0002601745382166732 0.004321638126172949 0.23436505577513783
20231029104932 CPJR 78.80551456206359 4.190328 0.006981535475975522 0.00011858738668783713 4.799002183917774e-06 494.8844108236671 0.28244115683057747 1.3554357284582037e-06 0.10672530823883401 6.257748413130119e-05 -6.3384850420187995 79.03653509253101 0.0006115576072429064 0.013722679994213786 0.7912297952303187
20231029194936 ASJR 150.97841734506676 4.383799 0.000567651174533465 1.64248936817001e-05 8.842849916557774e-07 300.52326863042805 0.3624439180068946 3.205037170104141e-07 0.1818029368787307 7.523001026394655e-07 -8.11355096820446 4.783383121087108 8.325572211682729e-05 0.0013831662964503683 0.04803163724003764
20231029194936 BSJR 95.90824525810973 4.383799 0.005169529377015154 0.00010785416909233982 3.027884215998725e-06 930.0484901802693 0.20602839168535075 6.238301152316765e-07 0.13108886344124662 4.383196041239528e-05 -6.4639384978158 54.82971272274692 0.0003621259873416172 0.010862110164263403 0.5487735022131984
20231029194936 CBJI 130.4175444071435 4.383799 0.0008402274154886726 2.1843898349201358e-05 9.742308512262932e-07 458.6430228847741 0.2933880852403217 2.858277240233309e-07 0.16334775398801146 3.2047761252832003e-06 -7.893107090876841 10.585580531116797 0.0001433633603298541 0.003019604231377788 0.10611876603582429
20231029194936 CCJM 133.13025370180327 4.383799 0.006480768840030586 9.871298387005941e-05 3.285936693102991e-06 903.643444912352 0.20901685899714081 6.868161664558391e-07 0.09570345512852539 3.757330922253501e-05 -6.454597496386878 56.40173933251615 0.0003499701589625915 0.010196801640382646 0.5645306204446903
20231029194936 JTJM 96.74106132844874 4.383799 0.005365323117517047 0.00015954309845648334 5.729558270678363e-06 587.3830732854004 0.25925023261843866 1.4853893144742647e-06 0.18683662290736158 5.871872410701255e-05 -6.198467562386658 42.107246128224254 0.0004933732218637865 0.011316906972543759 0.4216357499550002
20231029194936 KSJR 97.86362461817438 4.383799 0.002764768174644448 8.23218460439904e-05 3.3605614059953223e-06 592.356034058419 0.25815970728582793 8.675615488878028e-07 0.18708382795603412 4.009397347629527e-05 -6.744557731392097 37.028083876382944 0.00046331080831418076 0.011447393059858126 0.3705072295555807
20231029194936 MGJR 185.96981265149338 4.383799 0.0007609664175761748 1.7664635288414996e-05 6.307868396776726e-07 595.7006338785241 0.25743395995829876 1.6238595402780378e-07 0.14585423789709448 1.2546778463966608e-06 -8.133744766452217 5.751801134255083 7.317964971266148e-05 0.0016707356445020102 0.05770852287580783
20231029194936 RLSR 180.25633072671724 4.383799 0.00016493745813064224 6.771878658325463e-06 4.053593535057776e-07 182.40763338314488 0.4652199861286728 1.8858127281508564e-07 0.257970317781251 2.629351207567083e-07 -9.029771654967352 2.264924057161826 6.60197405420108e-05 0.000860997679083359 0.02267525661951913
20231029194936 SADLY 94.44967899025548 4.383799 0.002055922869323351 3.9543469872062764e-05 1.1048594910647683e-06 674.320383025845 0.24196175428877226 2.673337407006314e-07 0.12085032595450268 4.554502839649043e-06 -7.37226989477215 18.31649553079899 0.0001287407276693671 0.0032978947784892704 0.1833422743716346
20231029194936 SBJI 146.17782023264348 4.383799 0.005051795954643276 9.735091167484568e-05 4.745269781443441e-06 372.4734113319481 0.32556089229084645 1.5448742642075166e-06 0.12108046789057621 4.138991354596831e-05 -6.496116339198272 57.12252999901858 0.000554288455657194 0.011104300955192447 0.5714837851370821
20231029194936 TPJR 104.95105038003256 4.383799 0.0023164339336926324 4.609927989769469e-05 2.2200177675785977e-06 533.8479468553617 0.27193873937493757 6.03708833105287e-07 0.12504147599971577 1.1301630829865174e-05 -7.140946007126955 25.97378526976384 0.0002451876479277149 0.005629860377953174 0.2599099871766477
20231029194936 WSJM 93.77431366057321 4.383799 0.006330363045600969 0.00011837726499084037 2.530080042851537e-06 895.9568679887285 0.20991154100957787 5.310930006725449e-07 0.11749504518724514 1.947552555546355e-05 -6.277327753211638 39.30917493188964 0.00022007939903805437 0.0064040104335058995 0.3935584592123118
20231031120512 CGJR 75.04362406151084 3.711993 0.0013807595737618606 1.9092535628286936e-05 3.441866691232809e-07 1702.2537501777913 0.15228871373546227 5.241574512567759e-08 0.08688112080919387 8.790284261324452e-07 -7.82725732841501 12.401020741285237 3.742713366267105e-05 0.00147133455792484 0.12432702654794885
20231031120512 GCJR 111.3026869469223 3.711993 0.0017207137880465115 3.0364695943715704e-05 8.834504106840255e-07 1012.1019330237185 0.19750029160835483 1.7448171373161587e-07 0.11087666800597117 2.5994184214232936e-06 -7.532934174227804 16.100987012279777 7.582430110902499e-05 0.0023442423495729703 0.1610128830831341
20231031120512 LPJR 137.5999403351175 3.711993 0.0031003271799365448 4.837497304332282e-05 8.451200511472529e-07 3476.3193661968485 0.10656633611447364 9.00613474276393e-08 0.09803769157913052 1.1709662931050696e-05 -7.069253994126067 36.29168157093787 9.844325746225869e-05 0.005662273825539902 0.3629441523269769
20231031120512 PGJR 72.60553460372577 3.711993 0.00296752589607741 2.280316472569674e-05 4.119143749037761e-07 1919.9612348502073 0.14339487783029753 5.906641146587035e-08 0.04828146900119119 1.3519713775553857e-06 -7.521682381323855 17.96527168737938 4.550346267607524e-05 0.0019029958154687307 0.17982161622023832
20231031120512 TSJR 109.9820235018624 3.711993 0.0021872316940271955 3.8213338160193215e-05 1.1905812408248574e-06 905.1806111612217 0.20883930869542133 2.4864016327960017e-07 0.1097741430512691 4.2258424674618035e-06 -7.305337153647464 22.346898919900084 0.00011152654929920503 0.003325399385694267 0.22361823731442343
20231101112711 CCJM 118.18064379655195 3.289673 0.0033384901317794254 4.082502019049756e-05 5.243764325059821e-07 3250.9671553807093 0.11019796572791023 5.7785216137818044e-08 0.07683448412337315 2.2879497372059654e-06 -7.057841667454235 24.421975558460183 4.6385085454051655e-05 0.0023332412118922596 0.2444059983124609
20231101112711 CNJI 86.96173201489796 3.289673 0.002289578408274849 2.678206265200459e-05 3.869348444130218e-07 3543.6546352238042 0.10554901236142619 4.084059067601656e-08 0.07349678960234056 1.776870225043906e-06 -7.474749932499439 22.00259026826791 3.670112712718774e-05 0.0020081311783673437 0.2202342040961785
20231101112711 JSJR 119.9951193460547 3.289673 0.0017158305576749576 2.37620754312189e-05 3.2180840373655436e-07 4034.033981837677 0.098925918716026 3.183519199017646e-08 0.08701414166433728 1.7954662872501477e-06 -7.594171861946986 18.24009863706959 3.662209682864905e-05 0.00220549870444494 0.18251467166574248
20231101112711 LSJR 126.3051893208492 3.289673 0.002801272128542828 2.4336685590329915e-05 3.863645573555297e-07 3257.511320100918 0.11008721919127173 4.253379971333688e-08 0.0545865943435321 1.0984795009563895e-06 -7.569082900736088 18.207726530615815 2.9915347095160323e-05 0.0015916923820105645 0.18214635386885658
20231101112711 PGJR 61.56502884765668 3.289673 0.0012493139784752003 1.046842052750207e-05 3.597740843945257e-07 995.951518336282 0.19909519065941064 7.162928992684299e-08 0.05264891546963817 4.816719113610046e-07 -8.151735676277312 11.26361614916561 3.708822408285367e-05 0.0011401738309430938 0.11280536886400111
20231101112711 TSJR 99.46271486097255 3.289673 0.0020112851187273424 1.710058168747712e-05 4.0546014199072045e-07 1600.1727104265115 0.15707115546254577 6.368609299649033e-08 0.053421627099278675 1.2248763750041575e-06 -7.767423779584576 20.403274199741425 4.8523007604189735e-05 0.0019462156584213197 0.20420333267055785
20231102124315 MKSR 150.7047607188622 4.123479 0.00022693477812941592 4.364689663879051e-06 2.0271991532724476e-07 499.0259428464791 0.2812666926369055 5.701836011572766e-08 0.12084597254125619 9.115911624852258e-08 -9.215023454769847 2.6069794822283274 2.266079939842917e-05 0.0005109468941564659 0.026081914930056627
20231102124315 SSSR 184.65773835858343 4.123479 0.0003294260579364872 8.572208889900533e-06 2.7513801831402515e-07 847.468740216444 0.2158330880494449 5.9383888132520774e-08 0.16349883577662072 2.1749960266952967e-07 -8.706530262251626 3.268304753176287 2.4091134073495968e-05 0.0006922668436953125 0.0327766595045484
20231103055245 BOSM 232.40656974075216 4.604713 0.004346388188648338 6.692460172125018e-05 1.9177686958246507e-06 1108.5530421542533 0.1887129176869387 3.619077260377451e-07 0.09674692088526357 2.176074139369518e-05 -6.769701552528765 49.484696238807075 0.00022939890420489283 0.007605077346294443 0.4950368405998262
20231103055245 IMSR 188.38695938087793 4.604713 0.015183464637057519 0.00015974077179202668 4.862632632573945e-06 729.243086357555 0.2326717777550784 1.1313973791908367e-06 0.066103547133212 5.39314478484379e-05 -5.787939649677673 88.93895138135345 0.00040685062794016617 0.01129687498468672 0.8897867005334138
20231103055245 LESM 200.22884414542025 4.604713 0.005597196016742239 8.40106745695766e-05 1.662463339083081e-06 1477.6112846488002 0.16345558668893315 2.717389204386678e-07 0.09430697701543764 2.125292114949628e-05 -6.551477906176364 49.18393369624683 0.0001953814195072188 0.007050670337634268 0.4921186373510541
20231103055245 MKBI 255.2161751999251 4.604713 0.005085934935876961 0.0001069554988338284 3.489108869789394e-06 562.0784277263872 0.265021684185995 9.246895089798787e-07 0.1321332709261052 2.6090519359085438e-05 -6.404699946826353 57.63376933846378 0.0003236534289962848 0.007609149019471725 0.576541437515825
20231103055245 MKSR 158.6106976577602 4.604713 0.0033323665927089572 6.433324502849495e-05 3.5686225548749582e-06 311.59466776449506 0.35594660892863866 1.2702390969539961e-06 0.12130048981124428 1.0845459384011366e-05 -7.073228488343089 21.806745444607262 0.00025261520971921414 0.004576360780314079 0.2181070820546513
20231103055245 MTSM 175.18728907864428 4.604713 0.02338500434373992 0.0003734081112092628 6.500177145812751e-06 2099.9754546738495 0.1371111454665035 8.912467341975736e-07 0.10032892547055644 0.0003711147667876195 -5.310811705060924 194.13541384767208 0.0006618102692376891 0.027678658031583828 1.9433303783496187
20231104225658 ISSR 72.63573468313652 3.57514 0.0022022611592118083 3.048055243254423e-05 6.912269485051311e-07 1854.8468850763632 0.14589010465557034 1.0084317185816411e-07 0.08696287377080307 1.8322590296882553e-06 -7.458525045047377 18.149338468132008 5.2638652604507875e-05 0.0022494386965332845 0.18200699207548426
20231105022005 BOSM 173.27816029587194 4.667954 0.010983224305449122 0.000166190031303348 2.834303853594397e-06 2359.394414705216 0.1293539201641814 3.6662831439888133e-07 0.09507251548771975 0.0001026120094054008 -5.971836980291818 102.99262348574678 0.0003314385408324251 0.015911040906111708 1.031013768947275
20231105022005 KBSR 215.32345428098984 4.667954 0.0054081405163926115 0.00014314453556045422 4.271197575974945e-06 920.4866773842081 0.20709571583389177 8.845467194645146e-07 0.16630552403553678 3.868953781600724e-05 -6.257897281531424 33.797417645137344 0.0003095010921424472 0.009217039587503337 0.3395686556144262
20231105022005 KSI 172.64407726407293 4.667954 0.007590651084471247 0.00012724159822252 2.832889213624137e-06 1001.4515037632161 0.19854772118487884 5.624636977342958e-07 0.10532463309364146 4.236558052281662e-05 -6.242087691889349 47.572393813758055 0.00029106381006134785 0.009377836351048604 0.476806592803588
20231105022005 LESM 137.57908198289653 4.667954 0.009467113901380943 0.00012999777305896525 2.1011333718268953e-06 2418.9756348081764 0.12775094500085918 2.684217738237275e-07 0.08627762443325121 3.7357195674866516e-05 -6.153793446257272 66.5563602256401 0.00019697488909725918 0.008832171886528312 0.6659854768119807
20231105022005 LHSM 162.6664665182849 4.667954 0.012759632072282291 0.00028857280379755343 9.100334959808135e-06 1262.676001875915 0.17682102555614307 1.6091305604976965e-06 0.14210099402561296 0.0002948846022629322 -5.6643125457234955 117.41019685692318 0.0006789577675461642 0.024372967180572736 1.1761450510422944
20231105022005 LLSI 218.66402458879935 4.667954 0.005864739350111432 0.00011883636987075087 4.900929170127706e-06 586.5989246150021 0.2594234538977015 1.2714159726225253e-06 0.12731528010980978 5.254663977170194e-05 -6.3572336512590395 48.231506624088055 0.00044922813717622 0.011239778012657612 0.48242049140960075
20231105022005 ULSM 163.746608479475 4.667954 0.01141211020854679 0.00021145532613540944 6.882798457077997e-06 879.6878400080415 0.21184371019905657 1.4580775616997448e-06 0.11642132559356493 0.00014057961321853912 -5.818235244067576 86.47363407182532 0.000573924861174701 0.01682273874552273 0.865186354198447
20231105102445 IMSR 114.58897406949166 3.859937 0.004279218766970283 4.9820210693919296e-05 6.774822182490935e-07 3517.1165255020633 0.10594646966474396 7.177684928413102e-08 0.07315111306035242 4.733232252820138e-06 -6.941333863962518 30.75554915176257 6.144102690145675e-05 0.0033303918217429947 0.3080471297849413
20231105102445 ISSR 75.3797517233859 3.859937 0.00972179918312385 0.0001409450224562144 2.7544168581446413e-06 2428.2493280590234 0.12750676571339303 3.512067850084689e-07 0.09109257222205074 1.6499634804468596e-05 -6.129478278599732 41.66674024940322 0.00011496940020878123 0.005238459033170757 0.4167563900784651
20231105102445 KBSR 58.82424136443174 3.859937 0.002816139004613186 6.397664971522265e-05 2.319015785592133e-06 911.4060210263758 0.20812484225761646 4.826447945692851e-07 0.14274051985174505 1.7856475271401695e-05 -6.905831852952966 31.77734306891812 0.0002437802661435786 0.007289202448419693 0.3183564603417805
20231105102445 KSI 52.71456505085799 3.859937 0.0018461624472744698 2.967551011937572e-05 7.903979067688639e-07 1369.0572392752283 0.16981226913866942 1.3421926207087526e-07 0.10099692442579514 5.170355355323433e-06 -7.547015156922021 23.769685657126196 0.00010991179878761521 0.004114708154348134 0.2381200646651974
20231105204840 SSSR 104.74256247757202 3.262108 0.00014580676687549502 2.5189932183684633e-06 1.1730108398347574e-07 335.02295577330375 0.3432753237416978 4.026656757967971e-08 0.1085498397481973 3.292976450890762e-08 -9.684058013806723 1.7418605867171433 1.7997358432786504e-05 0.00032402005156099533 0.01742699721347799
20231106023436 PSSM 87.95989873711551 3.770092 0.0015012228411219663 1.6136038702636022e-05 3.346806656691213e-07 1318.2842593627975 0.1730514868545985 5.791698681552822e-08 0.06753542413244348 8.962087886112019e-07 -7.788058746608176 18.453526090942326 4.8037157715143463e-05 0.001548870225574643 0.18488564309379718
20231106032220 BBSR 63.370699700550894 3.895795 0.005005290068157276 0.0001213566210641717 3.136245755436139e-06 806.092146497991 0.22130311316154166 6.940609493176887e-07 0.1523400498305356 2.4931100299463893e-05 -6.343255809663966 44.30006017125379 0.0002782506841407933 0.007753900299628025 0.44312195157344336
20231106050435 BBSR 52.32051626101879 3.38325 0.0014833683138993827 3.602762714066464e-05 1.0503864451880432e-06 675.5855231190185 0.24173509241356475 2.539152643974874e-07 0.15260421527254167 2.795923028878387e-06 -7.434787957397893 15.962418848161676 0.00010743468439782626 0.002762494361687829 0.1597750986069249
20231107035741 BLJR 33.94175610226772 3.565915 0.004135421325355603 3.770660350038666e-05 6.354882103471605e-07 2785.097407359485 0.11905829911326053 7.566014543046286e-08 0.057289828159626126 5.988473495671358e-06 -7.0635722543097215 42.666846111090805 8.491251182272201e-05 0.004068515340263742 0.42731040098555645
20231107035741 CLJR 54.32270192413138 3.565915 0.002798160844572331 3.9936645982562965e-05 6.611549001218509e-07 1798.5481922086092 0.14815585827705666 9.795397168163448e-08 0.08967652725982739 4.750086377092972e-06 -7.1680489652481985 23.81869050981345 8.81923238898028e-05 0.0036389554794353583 0.23831983881489302
20231107035741 CSJI 42.348801223798944 3.565915 0.013798357511994675 0.000159489645806223 3.39134024567157e-06 3171.2199650779903 0.11157494587988086 3.7838860437106725e-07 0.07262480322790779 2.127206462123534e-05 -5.980189951229064 51.23128559173131 0.00010638154829880508 0.005615060085551399 0.5128859197535437
20231107035741 RSJR 42.22905187356069 3.565915 0.014999247480457362 0.00017651909357508942 3.3028710246023163e-06 3752.80906214243 0.10256557852644464 3.3876087743656756e-07 0.07394385462555493 3.185920773799969e-05 -5.798809811605396 76.37186790999499 0.00012687603042163005 0.0077317238765964936 0.7640578200265049
20231107120259 CLJR 42.453861516769805 3.487907 0.0011590414609744329 1.6760245089911435e-05 3.718740120486601e-07 2587.3091560235125 0.1235252397988217 4.5935826513260646e-08 0.09085760021485832 1.2401448146344564e-06 -7.942528031133309 12.799899765456598 3.880905862892111e-05 0.0019295636944663792 0.1281114231591649
20231107120259 CSJR 109.94160451618025 3.487907 0.0011570506932085875 1.4440079539784495e-05 3.1960520622218925e-07 1438.1270853794622 0.16568425353664903 5.2953550019350204e-08 0.07841462446842179 5.011140284276085e-07 -8.041008716958913 8.2479219321316 3.16603526866319e-05 0.0011030690701807969 0.08260581625280755
20231107120259 JSJR 95.0424061911026 3.487907 0.0030082278554859256 4.005744297160652e-05 6.451060507888133e-07 3996.5715569364816 0.09938848525906496 6.411611321935758e-08 0.0836666466814983 5.714309712146059e-06 -7.168336930394 27.161791375316522 5.957492059587138e-05 0.003628827675458798 0.2718610086238515
20231107120259 KSJR 92.5999027946123 3.487907 0.003726973790291786 5.538066358135705e-05 1.4531666184503718e-06 1346.364449189119 0.17123737063401567 2.4883643083656554e-07 0.09336448048618977 5.831926844902634e-06 -6.969711960176202 18.045306103398662 0.00010306716765901277 0.0035079754423314362 0.18069773463247185
20231108000303 CGJR 104.290674061227 3.581938 0.0011595245292133124 1.4097801744037236e-05 5.440419495914839e-07 1206.1410829820356 0.18091759802144503 9.842676274299534e-08 0.07639260623642229 1.0556729575596916e-06 -8.15514092520142 11.229564593947675 5.0830338212885256e-05 0.0017421751278061184 0.1123268345402955
20231108000303 CLJR 119.71308802803935 3.581938 0.003980676156777486 7.331443060023637e-05 1.4498496974270323e-06 2267.8056814183155 0.13194014252189332 1.9129337571384655e-07 0.11572108230089118 1.5398109429271834e-05 -6.750433922513139 28.336642236809816 0.00011463667007960387 0.005318613130292269 0.28360383414657586
20231108000303 CSJR 89.29732512676566 3.581938 0.004320128626826004 5.8112783447343995e-05 1.3529634309973185e-06 1357.3167988358996 0.1705451040206307 2.3074128907554708e-07 0.08451910085462529 8.322531775185958e-06 -6.986629719662606 31.443641749211732 0.00012365122129036807 0.004493182479443311 0.3146684548927407
20231108000303 RSJR 45.1858518093863 3.581938 0.011366824612563158 0.00016962847516797052 3.152839866486445e-06 2308.9713346878093 0.1307587010623619 4.122612455993981e-07 0.09376472138724554 3.7259382487059566e-05 -5.871953214351863 84.1816436313083 0.00018247021611381717 0.009015871737487332 0.8428411776994269
20231108000303 SSJR 67.86479066014711 3.581938 0.015182135049716718 0.00014595501188174618 2.4062004605428104e-06 1833.8592874102683 0.14672254915857685 3.5304386535738277e-07 0.06040404614775975 1.9026986488558122e-05 -5.759052723529732 65.68352077036046 0.0001557763557056913 0.006375847519229941 0.6570861789339935
20231108000303 TSJR 38.50817446181092 3.581938 0.019040930615428837 0.0002545114715388491 5.248693090302447e-06 3069.214434256512 0.11341389149832685 5.952747086515796e-07 0.0839844843080185 8.507601905072649e-05 -5.624626593545601 148.259341872192 0.0002311750664229223 0.012856100260060073 1.4830872437906324
20231109112215 BBSR 120.14461570965011 3.66985 0.0008637381160070414 1.3636967607132207e-05 3.7267722300748794e-07 1055.149781106796 0.19342954568267856 7.208678593262068e-08 0.09920089540533665 6.608183331230014e-07 -8.060015839311633 9.284930194129455 4.717727620516884e-05 0.0014431869343376718 0.0930089863211315
20231110153431 LLSM 107.53656878437869 3.407602 0.001049279435891421 1.2018811276737076e-05 3.533837424274763e-07 593.6503054322986 0.2578781349267163 9.112994041062069e-08 0.07196978787600401 4.4827920016964487e-07 -8.303568486594667 11.973015973822609 5.340915817494618e-05 0.0011844722952567164 0.1198377535833713
20231110234823 BPSM 131.04859002536494 4.351869 0.004205955704818187 7.289468809599676e-05 2.606790461664954e-06 670.0097910810398 0.24273885203603998 6.327693241630496e-07 0.10889578144903553 2.3449767816827658e-05 -6.7327493692575 42.54052305318584 0.00030346192163596805 0.00757987720351933 0.4261493428498296
20231110234823 JASI 92.60263676622242 4.351869 0.0024219862102406787 3.9270657001180614e-05 8.667488857635625e-07 1525.4205226134593 0.16087370941671486 1.3943710838558875e-07 0.10187705199551385 4.999797700187408e-06 -7.24700024669948 21.156079636104895 9.953166122225366e-05 0.0033845008846742674 0.21194088225627
20231110234823 LPSR 46.23281398481588 4.351869 0.014735346414855008 0.0002100710980938418 5.4648179056162925e-06 775.1338477045471 0.22567919164262032 1.2332956874136022e-06 0.08957479517927545 8.538805590897178e-05 -5.765216590669395 134.6539862488139 0.000511878823155345 0.014604021526017356 1.3466447076477914
20231110234823 NBSR 141.26978432922763 4.351869 0.0019177900602541423 2.108265849574624e-05 5.341629220364549e-07 1346.6721705908058 0.17121780521364655 9.145820313759e-08 0.0690723415675663 1.7322045917110405e-06 -7.697428562957674 17.724294035278994 5.8006531153873055e-05 0.00207465452604116 0.1773111390851129
20231110234823 PPSN 114.88644226942843 4.351869 0.004905329506512173 9.506317232164702e-05 2.466478590070185e-06 1252.848742540533 0.1775131569288251 4.37832401020716e-07 0.12176542407442682 3.6000763718157496e-05 -6.541046413238371 59.25699934951332 0.0002797874862067892 0.009772012048393274 0.5928761891179896
20231110234823 PSSR 95.63338839324133 4.351869 0.001666838584896047 4.0089587722271134e-05 1.5905401731655962e-06 458.3054385553821 0.2934961190751498 4.6681736805721917e-07 0.15111859710349237 9.219726029683884e-06 -7.3654542569995 21.392036419044693 0.0002518727699474205 0.0052115333873706225 0.21398351736616736
20231110234823 SKSM 61.39092782616822 4.351869 0.02233979925342285 0.00030842908013355765 6.1771102226885714e-06 2423.453766421471 0.12763285938332222 7.884022404476926e-07 0.08674729090527354 0.000330260906827881 -5.450177218829673 195.93562956901383 0.0006382418248410229 0.03016524624013122 1.960987684232967
20231110234823 SSSM 90.05240637747339 4.351869 0.004078567563349154 6.84180347912652e-05 1.884330142862984e-06 1337.9786209271867 0.17177315057453102 3.236773253621309e-07 0.10540053199304529 1.995754442514034e-05 -6.896773273823431 38.458616116962006 0.00020116010626559916 0.007251830294926907 0.38545993057994987
20231111065748 CSJR 36.950981807167096 3.549466 0.0015109274271662006 3.2796224767617735e-05 1.2924429511721994e-06 540.3247386833497 0.2703039812073283 3.493524751851941e-07 0.1363829618060061 5.698170391418499e-06 -7.54066499243661 19.97093021497962 0.00018085582044378453 0.004193379022839094 0.19982115900881947
20231111065748 LSJR 42.23737539040077 3.549466 0.001823087078311652 4.682660650572657e-05 1.7202997345416646e-06 434.4371272238031 0.3014507729365979 5.18585684660209e-07 0.16138573383688096 6.3567372856950914e-06 -7.195513088324638 21.975674221410138 0.0002020167530461768 0.0039955899134498105 0.22011248295472355
20231112091219 BTSR 56.06603175993251 4.002138 0.009594460861938114 9.534092389812901e-05 1.2095635956170123e-06 4404.401609132781 0.09467523941544767 1.1451572300325036e-07 0.062436514237720515 2.150935591476099e-05 -6.36170334839209 74.05450105949973 0.00011577956052184792 0.00740906833626663 0.7407394508050268
20231112091219 MKSR 114.36911803893622 4.002138 0.0025551180065001467 1.8385646926358275e-05 3.288967118849707e-07 1877.8008630831416 0.14499569272970647 4.7688606576284005e-08 0.045211386063894195 9.454410145657331e-07 -7.598871726806877 19.83563086866195 3.791660014039562e-05 0.001580659225126659 0.19838197700727422
20231114112829 BBSR 107.94537709366814 3.976917 0.0018473842138963183 1.6869781490613772e-05 3.62813474429558e-07 1548.7643310333588 0.15965671871391696 5.792560883261884e-08 0.057376241715088865 1.056373114920248e-06 -7.85309967622034 17.770634928139664 4.568862625360514e-05 0.0016628240207979626 0.17800052739245753
20231114112829 MKSM 64.48980969168831 3.976917 0.003545497955904175 5.873431360500119e-05 2.0542436041306937e-06 998.0052516441033 0.1988902323202228 4.0856898766788547e-07 0.10408652913074636 1.5317246371377637e-05 -6.864608863080712 33.52011931498861 0.00020588239682473605 0.006493767704753876 0.33522043419336445
20231114112829 MNAI 97.14771900362057 3.976917 0.0019878191496070633 2.9268374265597218e-05 7.35618332837607e-07 1801.6683318542052 0.14802751409971773 1.0889175313612972e-07 0.09251275156846396 6.901156919192828e-07 -7.475925374581943 5.1111869191578965 3.214990034192202e-05 0.0013519644115753768 0.10241514963460976
20231114112829 PPSM 77.82536302703984 3.976917 0.009625387694406014 9.770423670993727e-05 4.009364264298011e-06 711.9777390069078 0.23547600593742476 9.441090833051371e-07 0.06377860757773433 1.552157395544104e-05 -6.466758787597404 79.85227591104825 0.00020177439618738053 0.005579413775035072 0.7989021151847792
20231117233428 BALE 119.45769762393198 4.985356 0.005925118173775083 0.0003292663421916638 3.401239348964358e-05 90.19782413710007 0.661579192754117 2.2501891828513782e-05 0.3491645875628675 0.0005763103324961416 -5.903666790530484 65.18536404067335 0.003458282366763675 0.03681466726827742 0.6525534387564906
20231117233428 BBJN 149.99820242034284 4.985356 0.010175844098997902 0.00044530311547307124 2.881673784206306e-05 156.624904573243 0.5020528752950298 1.4467526090230852e-05 0.27495723845230985 0.001033288222018587 -5.502444819708641 104.3177016421977 0.004433348577736163 0.055615074537941435 1.0452813762231639
20231117233428 BKJI 150.03934485569462 4.985356 0.01018201509631931 0.00047874224541793797 2.9242763456702648e-05 159.11756194377074 0.498104895928475 1.4565963648261885e-05 0.2954254353269935 0.0009383350483120875 -5.458313469150466 97.3964069584348 0.004136375614183159 0.05221563436641218 0.9744793371407481
20231117233428 CIJM 181.30929747499545 4.985356 0.006078048205174437 0.00024899503838656423 1.3964863779751963e-05 201.37998240073406 0.4427634054250318 6.18313064341966e-06 0.2573987428100988 0.0001312687215305779 -5.898473069006693 39.378521400434934 0.0011703254152638331 0.014993203312734139 0.3938703583578436
20231117233428 CLJR 172.28014060207212 4.985356 0.006101020055466939 0.0001344336579049123 4.732338109074901e-06 976.5910070470221 0.2010589952728674 9.514791455021009e-07 0.13844759998480374 0.00010053405652447946 -6.278537512246959 72.12667289602744 0.0005108333807967341 0.015671240103072186 0.722337354784059
20231117233428 CSJR 107.50014223326069 4.985356 0.009250854524398243 0.00021647082628774373 1.0568933158308828e-05 408.24340353001264 0.31097127932902957 3.286634665382297e-06 0.1470271002075509 0.00025966811524572215 -5.8767255197836175 86.57365527999697 0.0012430444490278117 0.024100511351066257 0.8661477482215655
20231117233428 CTJI 231.40925211724505 4.985356 0.0009307248626471532 2.2361823361235865e-05 1.1651531629615842e-06 331.15282479425036 0.3452753994323825 4.0229872374146487e-07 0.1509613481103799 2.2519172111332157e-06 -7.894083722457928 9.655006482844268 0.00013458162849513966 0.0023464821216347175 0.09662000165238568
20231117233428 GBJR 147.4730024790743 4.985356 0.003437668942614138 0.00015159215599423278 8.414119203847698e-06 205.21597209370682 0.4386057175904464 3.6904807912951753e-06 0.27707194122722445 0.00010190315323672493 -6.40736034278367 39.66315329485231 0.0010773402102653106 0.0163053698264138 0.39666258721732767
20231117233428 GTJN 99.0194329090569 4.985356 0.009353461674550695 0.00032075171429840583 1.8227275843069686e-05 133.3894135015526 0.5440254124104533 9.916101257645079e-06 0.21546487585615914 0.00042878625821270047 -5.646831569329858 83.38484645843377 0.003132745221381555 0.0334256778970457 0.8347474391492096
20231117233428 JABI 179.40822519192199 4.985356 0.005363170205888217 0.00016927570340187443 7.877957692859118e-06 234.98867395256485 0.4098796937959334 3.229014886886413e-06 0.19831379047217862 0.00010432912346573393 -6.181238672138876 54.78000228270609 0.0011316321681489518 0.016783604303538823 0.5481918130832854
20231117233428 JAUI 170.32214196950343 4.985356 0.0036252210726857915 0.00011238438300576485 6.678805062219637e-06 199.35753314073838 0.4450036189373252 2.9720924228646658e-06 0.1947831290562145 6.635793530294154e-05 -6.56374072607374 42.543496063234734 0.0010178993719162002 0.013584794924523868 0.42562331579058144
20231117233428 JCJI 165.45857058862524 4.985356 0.0025230544659187106 0.00011967826052432855 8.366509258962776e-06 114.21545179426533 0.5879189210485438 4.918829096472047e-06 0.2980358522864718 4.369159533335307e-05 -6.678533853583043 22.56896189689442 0.0009990872286737935 0.010252002488355796 0.22605449441983178
20231117233428 JPJI 146.56083095849706 4.985356 0.005424032744548319 0.00022637762171014118 1.635578906804928e-05 175.28025154744296 0.4745843081741675 7.762200839502779e-06 0.26223524333127235 0.00022542056056828287 -5.985196716371616 46.684350767900256 0.0016860530158279113 0.0222162198598032 0.46707356572039227
20231117233428 JTJM 100.53578028001627 4.985356 0.009021337559794871 0.0003095201429198248 1.8390509814254355e-05 236.7723609206203 0.4083328933644283 7.509450082901395e-06 0.21557473061834853 0.0003205029593491475 -5.719292282461204 99.74733729401285 0.001924878968964352 0.0277926415051107 0.9979490318946166
20231117233428 LBJN 165.46854935399082 4.985356 0.005039568312568449 0.00023806099104019105 1.6698851017604776e-05 117.71792158493368 0.5791066813155151 9.670416194587316e-06 0.29680743038762475 0.00017962580583295732 -6.102946103122572 49.20583717959258 0.001997788335328674 0.020731653537186576 0.49236919122318534
20231117233428 PCJR 154.04124245061303 4.985356 0.02030154792776262 0.0004554485718280405 2.134479684495605e-05 306.8966584234108 0.3586606972961384 7.655539720056352e-06 0.14095810747379042 0.0006797068271536267 -5.227285120691412 170.21392791624118 0.0021828697883200664 0.04024397694986928 1.7026136624538575
20231117233428 PKJM 174.46113582369478 4.985356 0.005764435619801595 0.0002804133996913309 1.7375287037091445e-05 251.96835332161277 0.39582832582264915 6.877630778579884e-06 0.30564819681991506 0.00022655806790174724 -5.879619120559136 48.04139200514093 0.0014104553366166208 0.022874150140539652 0.48231908716404637
20231117233428 PSJM 124.30172853848423 4.985356 0.002927147945513884 8.427356758106128e-05 6.1509291897945065e-06 183.62025934606513 0.4636812879651134 2.852070768906128e-06 0.1808950047845877 3.086729642247866e-05 -6.673912635182842 27.29556745544859 0.0006154116263360524 0.008462085833806967 0.273177488569912
20231117233428 SCJM 110.85096397089406 4.985356 0.005845426777295559 0.00022869710281733777 1.849459266066605e-05 126.93565875837001 0.557683824107186 1.0314135160304938e-05 0.24582401438980173 0.00036865595628051513 -6.009969393596526 53.4312495417111 0.002865946075877281 0.03050787043864228 0.5349524322497747
20231117233428 SPJR 226.2481361886567 4.985356 0.002131906032576766 4.1772493851356394e-05 2.1965401630599582e-06 370.2546124432155 0.32653491820710995 7.172470624834154e-07 0.12311251790673905 1.1634811041506784e-05 -7.311922654026405 23.80543562175076 0.0002950224903096006 0.005794283531504783 0.23812762004505336
20231117233428 SSJM 110.76250843969194 4.985356 0.007066484451806554 0.0002786545836109171 1.7147972265151388e-05 162.59100227697846 0.4927556517972224 8.449760250515365e-06 0.24776653758500192 0.00038026077975800144 -5.855912003971578 100.52987029731315 0.0026411195613982416 0.03185330571730176 1.0057534886904957
20231117233428 TOJI 153.91666874748012 4.985356 0.007938836191540524 0.0004204985850634599 2.439049060098407e-05 179.44234886427807 0.4690481157226217 1.1440313657941893e-05 0.33280325574369174 0.0004018740589672927 -5.556089241068391 58.74594519967924 0.00234166114696782 0.028838012732250222 0.5877726565248031
20231117233428 UIDS 172.28412202042628 4.985356 0.00034007916024165086 1.661076944270215e-05 1.286806493585982e-06 155.28554160017922 0.5042133703664243 6.488250391403885e-07 0.3068948489203878 1.0570689135046762e-06 -8.339101992294873 4.2452331108844685 0.00013214837754207305 0.0015963287524476725 0.04252870110259553
20231117233428 WLJI 187.56074405457372 4.985356 0.003292860196674647 6.390772232146348e-05 3.7517324150413487e-06 241.37576619116166 0.40442038257077306 1.5172770585941926e-06 0.12194385364767035 1.7610969715418992e-05 -7.003555155289071 37.41417694679595 0.0004514454410727332 0.006826673547335377 0.37457562865164773
20231117233428 WSJM 112.61240891630285 4.985356 0.008321243733193557 0.00020446858582710291 9.426204545184834e-06 288.40778032851324 0.3699784105561716 3.4874921752048453e-06 0.1543896628245486 0.0002265234944345466 -6.0398737116204035 96.47048152873819 0.0014479956069209828 0.024442029496062456 0.9661282707885457
20231118100134 JPSR 191.1530319993143 4.537849 0.0037641692539824353 0.00010797491134881974 3.07570982307171e-06 900.84100152979 0.2093417237947157 6.438743962541718e-07 0.18023269697906316 4.2086254303514685e-05 -6.549823126164309 36.67663448801787 0.0003262911305220802 0.009873980214693798 0.3668889073830233
20231118100134 MKBI 149.93973909944194 4.537849 0.0025979891040328637 6.232484213537404e-05 4.629232332603968e-06 156.75371397393218 0.5018465566727747 2.3231643061555783e-06 0.150731399053749 2.3087853899451227e-05 -7.041311033411505 29.16207284310409 0.0006314911076681778 0.008317941153528243 0.2917126964048051
20231118100134 PDSI 232.92374850703902 4.537849 0.0011759894109390507 4.008762195203235e-05 1.661899299687748e-06 466.2546255928564 0.2909834519827161 4.835851950707993e-07 0.21418386501256842 3.822330694724222e-06 -7.481792422072251 11.765108862079241 0.00014792692259611877 0.0031034610395783407 0.11785514226494119
20231118100134 RASM 148.82253733847736 4.537849 0.0053885412569565794 0.0001263658457043534 4.5269910155616355e-06 246.15526110413214 0.40047490509996586 1.8129462973454441e-06 0.1473460046415886 4.152436713668417e-05 -6.393300957713158 45.18062507610845 0.000675057231288357 0.009674852152317788 0.4527447737568936
20231118100134 SKSM 188.18208441309264 4.537849 0.005135691082783763 0.0001067235015675814 4.538818409521303e-06 618.2689341658283 0.2526918038895657 1.1469222114291075e-06 0.13056928973553275 5.7265654191444575e-05 -6.464154980087029 61.413162621985805 0.0004516315439757156 0.011550500073934704 0.6155627301742997
20231118100134 STSI 133.44134953702698 4.537849 0.004190026530340455 0.00013949870272204714 9.478444313068959e-06 147.7606912179834 0.5168927149974525 4.8993388149343775e-06 0.20918631253691872 9.57772577211499e-05 -6.392037416395574 32.351016210060145 0.0012702401974918087 0.01538095107496575 0.3241376808283767
20231118145129 LPJR 125.17813535716991 3.541554 0.001530009356717737 2.694079508841609e-05 5.98090372391151e-07 2542.672503637434 0.12460476631632689 7.45249110878443e-08 0.11063592985235603 3.6688771462175105e-06 -7.586335601121853 18.308958807896946 6.207977684602364e-05 0.003061211331425933 0.18319794937987835
20231118215216 CBJM 114.92691338732953 3.317447 0.00532523299767945 4.926525566666371e-05 6.462501269855664e-07 4212.999543691897 0.09680196256963898 6.255828060308124e-08 0.058127546849896544 5.20329737893993e-06 -6.858298333828877 38.485578760440205 6.151950018590483e-05 0.003623734362044182 0.38493304280600615
20231118215216 CSJI 83.82555555359974 3.317447 0.0029071852085776374 3.378993872682986e-05 4.295697627914534e-07 4555.645140680629 0.09309040602883148 3.998882363596522e-08 0.07302886858136892 2.5660996150607508e-06 -7.224364531611339 27.13136124168956 4.081843345008846e-05 0.0025987608194102717 0.2717550138551157
20231118215216 KCJR 111.73348457521847 3.317447 0.0026308565801569568 2.7975818659640667e-05 6.466206507906515e-07 2134.275504767149 0.1360049228312579 8.794359171188031e-08 0.06681369637720345 3.39130621213309e-06 -7.455105340530208 18.64011524077508 6.404687159490468e-05 0.0028327897931601813 0.1864454697504716
20231118215216 LSJR 93.12427352856207 3.317447 0.005411899857559755 5.076571471992541e-05 9.668371511801622e-07 3628.968739898484 0.10430094775570774 1.008420311935194e-07 0.05893870936860436 5.296981087360788e-06 -6.962810552445826 43.800136541724925 5.93767521514424e-05 0.0035661100000476346 0.4385469245186129
20231118215216 TSJR 62.68812499637086 3.317447 0.004422187512585309 5.749209922446779e-05 1.0699063432306741e-06 2620.885349535635 0.12273144762244242 1.313111543251344e-07 0.08168661145598999 6.769571532376158e-06 -6.873773308860132 46.98518732905583 7.508138742713536e-05 0.004110531185934057 0.47054505340433594
20231122100928 APSSI 90.92907081637303 3.836482 0.011744334878036129 0.00019035937685391876 4.451760012703323e-06 1869.0270782590812 0.14533562133185954 6.469993074665644e-07 0.10184171791365064 9.147405308362948e-05 -5.856097500436177 92.51255744962573 0.00034756381067085646 0.01489657911416415 0.9267328236400012
20231122100928 ISSR 131.0418635626834 3.836482 0.0009745550993902124 1.806658622332638e-05 5.723188973493593e-07 509.75417247438014 0.27829120014889647 1.592713128112463e-07 0.11647951889054317 9.91601204245989e-07 -8.047804817754633 10.612552414213337 7.747399316532619e-05 0.0017103542579632327 0.1061778009803523
20231122100928 MNAI 162.40776909905256 3.836482 0.000937967019104098 1.241380510527703e-05 4.797159275375594e-07 748.5297318206569 0.2296547014770602 1.1016901813242926e-07 0.08315669555009282 1.8194915954372242e-07 -8.282783931610597 2.6665166946419427 2.7079401901532297e-05 0.0007150401911196092 0.05349029170320259
20231122100928 NBSR 14.517017380938631 3.836482 0.008900149162996581 5.204894571199871e-05 7.731088253140245e-07 5266.811763904199 0.08657768517089903 6.69339724808812e-08 0.03674468427018023 6.553744163395811e-06 -6.647015543272976 50.893624495510664 5.075046988474426e-05 0.0035383496866490246 0.5090357142190131
20231122100928 ULSM 106.24216708782966 3.836482 0.0013830073041984894 1.835440738543889e-05 5.776305649164792e-07 727.9669628800515 0.23287562485473837 1.345160787401206e-07 0.08338650306190053 1.1587425199582634e-06 -7.757640608663658 16.170138168398292 7.089506538580627e-05 0.0017932578186014192 0.16207993486263583
20231122100928 UTSM 122.78044303367726 3.836482 0.0014153608132887025 1.2156628651971625e-05 4.952009658366799e-07 566.1549338180486 0.2640658378073284 1.3076565792666108e-07 0.05396669867765102 7.708831828004688e-07 -7.919006284611712 16.5889862284688 6.644525963493755e-05 0.0015760511614539311 0.1659536042785015
20231125190820 BLJR 103.10838150243305 3.213353 0.0005969463916219986 7.6905822332234e-06 3.525693842265863e-07 541.4769108898782 0.270016247255985 9.51994620262163e-08 0.08094755905994977 2.466496709675409e-07 -8.683486103254427 5.586961526839629 3.782610414218563e-05 0.0008502050228460469 0.055961669387046956
20231125190820 BSJR 94.15868842240135 3.213353 0.00043400613918409325 6.189720591568987e-06 2.128535428415547e-07 574.1001431101724 0.2622322134679862 5.5817055683843716e-08 0.089609703562273 1.7990521165845252e-07 -8.829536627272427 4.301302644824896 3.173981892696601e-05 0.0007361081972193178 0.043093575573547434
20231125190820 CILJI 113.16544904953714 3.213353 0.009573177906743495 0.00014417960017454329 3.3471224204724065e-06 856.9049393128289 0.21464142615069995 7.184311298311801e-07 0.09462972006125392 4.16901814340163e-05 -6.081902771593354 79.38588108190848 0.00035989143077126554 0.010055918036592025 0.7943385183781283
20231125190820 WLJI 68.32282166944927 3.213353 0.001649394958288762 2.4213142288755692e-05 7.318379834859036e-07 801.8517922480607 0.221887489387952 1.6238569279442863e-07 0.09223725288162536 1.5177038324632629e-06 -7.670863041914374 20.191025584764404 7.610318892107683e-05 0.0021042515920791766 0.20210007790029774
20231126014100 CILJI 113.36241547370805 3.324854 0.011094163623183799 0.00017472488970882036 4.180591376375173e-06 979.6043263483475 0.20074952257864032 8.392517229036969e-07 0.09895553167458866 6.670887519382565e-05 -5.8954660474054394 93.83081903733883 0.000414053898934236 0.01219605355310458 0.9399033516136303
20231126014100 CLJR 99.25469656805406 3.324854 0.0006044674663924954 1.4035682394022645e-05 4.490566616449889e-07 1166.1044854980098 0.1839971666486122 8.262515340736248e-08 0.1458950204891576 6.783093014107053e-07 -8.252694657925813 7.549148210308367 3.8878753430831344e-05 0.001315595867379435 0.07557813237290179
20231126014100 PASJI 117.30665825471037 3.324854 0.008636455005977336 0.00014644907587785561 4.058132751683921e-06 1267.3839311572954 0.1764923029865471 7.162291951698287e-07 0.10654448858575868 5.849875072929647e-05 -6.121561611392964 67.11302939819902 0.00030510028843743224 0.01106300001317732 0.6722080305766346
20231127162203 BSJR 92.81495033207366 4.066307 0.0023631029141585012 3.526457558275807e-05 1.1270796276732068e-06 536.5019806193864 0.27126527550333535 3.0573756571496907e-07 0.09376394986352583 4.5456799658956505e-06 -7.364331676934715 17.54428948853887 0.0001567601503762808 0.0033435591997047712 0.17585812934834347
20231127162203 CILJI 110.59099033156846 4.066307 0.023102764799949767 0.00041716846235946965 2.052964439891256e-05 470.41782609726897 0.2896929878602999 5.94729402563045e-06 0.11345597706649461 0.0009631134721395915 -5.200433350438038 239.39434805817336 0.002434100382714662 0.05271526114133995 2.397444614241227
20231127162203 CLJR 97.52545540165053 4.066307 0.002530395390791011 6.106897915278325e-05 2.167819878003018e-06 742.0034154309536 0.23066245827480789 5.000346621571703e-07 0.1516394291317752 1.0799724606467487e-05 -7.016189694422242 23.979629951028684 0.00018390400007564555 0.005285272934846095 0.23996017928401675
20231127162203 PASJI 119.81269327268906 4.066307 0.051773227886985934 0.0009638696575987939 2.642768417828631e-05 990.7860221771982 0.19961351069515468 5.275322818370525e-06 0.11697496790968447 0.00198951194399268 -4.521216277591203 289.1975096014873 0.0020194224880086234 0.062057614406601125 2.8928707460877057
20231127162203 SPJR 54.15203621823304 4.066307 0.004991511526605631 5.772519692224745e-05 2.3840904459135235e-06 358.5031443064628 0.3318435523612535 7.911450427224685e-07 0.07266298138803626 1.2484453130776265e-05 -6.850945045782283 50.45637622122338 0.0003246563509632383 0.006056528395423666 0.5046487635320248
20231127162203 WLJI 66.20189883733181 4.066307 0.005876527089619943 9.44368405719069e-05 3.234094917958364e-06 631.6853210014127 0.24999393691324276 8.085041208915223e-07 0.10097191080527146 2.339869396486503e-05 -6.425387410947112 48.95007653972223 0.00033238388236460803 0.008187232049181665 0.49029678721474557
20231127162351 ASJR 128.6283311350199 3.713708 0.000485043667521412 1.1149261640477956e-05 5.801699651969567e-07 302.73482850706654 0.3611176158480414 2.0950959461856618e-07 0.14442591794533555 4.740484068864978e-07 -8.410475253936957 4.906769132830536 6.335762811457767e-05 0.0011585405281497852 0.04908758612216219
20231127162351 CILJI 112.23521406832413 3.713708 0.01217482082061374 0.00017274890873322275 6.922661523234555e-06 505.5927704488163 0.27943412427821873 1.934427860419568e-06 0.08915231042629637 0.00012835456834768704 -5.891114878823355 129.05414331123615 0.0008295655000432579 0.01829281404255257 1.2908105914989993
20231127162351 GBJR 156.3426082287192 3.713708 0.0003601915647026059 8.814461011818226e-06 4.61336166584801e-07 210.56922024403406 0.4329945438981192 1.9975604303409266e-07 0.15375954727282626 3.999367950288017e-07 -8.68182435830879 4.009278588862111 7.677470969504344e-05 0.001108417874312763 0.04016602810188481
20231127162351 WLJI 67.24562628663136 3.713708 0.0032139317853482337 3.073723258778569e-05 9.488640237501143e-07 1006.3162795539841 0.1980672259699769 1.8793886500689542e-07 0.06009079877157721 5.843984042510911e-06 -7.323824155619242 34.6271312248067 0.00013364570789082918 0.003983384373266636 0.3466759638443232
20231201041643 BBSR 105.22924724871106 3.705062 0.0033904434916554745 3.0068594154944792e-05 6.123597447442452e-07 1969.2384927811374 0.1415893898245448 8.670364261145169e-08 0.05572325551712607 2.923351896031661e-06 -7.264246557962195 29.023163616135403 6.637504334919465e-05 0.00288688480138543 0.29056081151124463
20231205091413 MGJR 21.865534592348784 3.604202 0.011705468946173159 0.00015747554412772437 3.2574991173527018e-06 1725.781325030329 0.1512470754579963 4.926872148066004e-07 0.08452869591584421 6.184457872511198e-05 -6.020463839159354 81.09750110038813 0.0002695656600685911 0.010739084580461335 0.8123284816772732
20231206075944 BPSM 70.5743925181561 3.283214 0.003431630582077414 1.928098530303753e-05 3.7976700533306437e-07 1322.3841719959044 0.1727830146603288 6.561728804997203e-08 0.035302752049334085 1.1778425802692788e-06 -7.669342901277285 27.968534691591742 5.66195096590613e-05 0.001831301197953728 0.2799048904025637
20231206075944 LPSM 33.94589995665166 3.283214 0.004927382027534313 5.1912854548803946e-05 1.5052562314916609e-06 1797.2730127227178 0.14820840783706588 2.230916294562009e-07 0.06619703589697451 5.646931229548844e-06 -6.974155610366315 45.25169090624172 8.697797276286626e-05 0.003800443698532167 0.45259510329243846
20231206180348 KSJR 16.351955114432272 3.318829 0.013383274994900461 0.0004616300072269163 2.4618473613413252e-05 331.001572467422 0.34535427782347694 8.502095175876657e-06 0.21672624076442953 0.0005519217029112824 -5.389596826766183 138.9880207956532 0.0018517533945716117 0.035815229835148316 1.3933152493184973
20231206180348 LSJR 44.902020867692954 3.318829 0.0023859729585752614 2.3081155203396818e-05 5.29892083330183e-07 628.0420392573918 0.2507179977389157 1.3285348215024615e-07 0.06078156700204699 9.360907317741468e-07 -7.501997591144116 10.92619243298039 6.519319916425194e-05 0.0014548096227622693 0.10939329702445333
20231206180348 SUPJI 112.29682187861707 3.318829 0.002808926349771742 5.4746133611359024e-05 2.4538571520402797e-06 328.19283822786275 0.3468289319420972 8.510686551806066e-07 0.12245963741973295 1.53904460335856e-05 -6.970176106873483 27.952151070331066 0.0003680641785287223 0.0065828240583802955 0.2796576983628898
20231208181951 BLJR 48.898135214513566 3.327091 0.0017264133549601906 2.495158576312566e-05 7.378043241539729e-07 993.6560009002883 0.19932503017783387 1.4706286917732696e-07 0.09080990749247163 1.7256045052767979e-06 -7.630783806043533 14.977784524451629 6.704617439799338e-05 0.0020845310934102437 0.1499076778536411
20231208181951 LSJR 73.628412759757 3.327091 0.0008740711086579759 8.003672749372704e-06 2.0184749565311808e-07 1042.551231113447 0.19459477080423968 3.927846715402828e-08 0.057533716106397625 1.8567203756983244e-07 -8.512960620753693 8.173413658460788 2.341126818935539e-05 0.0007304652234009277 0.08199301267853187
20231208181951 MLJR 61.41009509705288 3.327091 0.004533889393798847 5.789831371497432e-05 1.4312791961043323e-06 1421.8333787030592 0.1666308906473909 2.3849532721194656e-07 0.08023703325051623 6.619008481548297e-06 -6.887511362632139 25.2084304681957 0.00010812661071334556 0.003998576743337846 0.25224955517315373
20231208181951 SPJR 90.87608677136284 3.327091 0.0011440553702223872 1.5995205425754673e-05 5.473784290117471e-07 771.6304300686811 0.22619093471263613 1.2381203849970143e-07 0.08784613256689237 1.0112752398684688e-06 -8.087807436340203 10.667726533511306 5.747143945094386e-05 0.0016249164780980454 0.10703652846701978
20231208181951 WLJI 58.31664904799511 3.327091 0.004663860452369063 5.254724418177155e-05 1.8472514677680578e-06 954.6927367404824 0.20335181785531964 3.7564194400654196e-07 0.07079201360065872 8.00240226735915e-06 -6.924831163610796 37.48938754430689 0.0001445669629321311 0.004431315760435614 0.37564967336289434
20231212083650 BPSM 49.32719404537482 3.617603 0.0037621139578306903 2.62724282241654e-05 5.714413949121132e-07 1931.8209624253127 0.1429540392751435 8.168985561170901e-08 0.04387813257448256 2.579385330889809e-06 -7.324134322857736 35.96921655974796 6.897643356588104e-05 0.0026909267952822027 0.35998788642089885
20231212083650 HSSR 82.4753190652364 3.617603 0.0008560002453032931 1.455250594475742e-05 5.046741839384089e-07 1035.9293997434313 0.19521572099607587 9.852033468564271e-08 0.10681783333174899 9.94889343794855e-07 -8.130846898861336 8.27015830182452 4.654992775669073e-05 0.0015245132795392755 0.08280451715346042
20231212083650 LPSM 63.17824438117875 3.617603 0.004153796216929504 3.243463088947032e-05 1.1256344914367835e-06 787.4857157530779 0.22390228510869847 2.520321348298635e-07 0.04906181854033205 4.8483226521402435e-06 -7.19444063855261 34.27049199020384 0.0001344611692371188 0.0037329539116646485 0.3433184106017725
20231212083650 PPSN 41.10815066681966 3.617603 0.008770306479719315 8.585285556067957e-05 1.0070614352848007e-06 2097.4317959427462 0.13719426099050716 1.3816304938593768e-07 0.06150633411565077 1.183951783223289e-05 -6.336996926986126 56.16264893860129 0.00013915761002677323 0.005712540311969843 0.5618379558578716
20231212083650 SIUMI 141.75853743197456 3.617603 0.004289165113771329 5.6059862153220614e-05 1.5613845900295845e-06 1330.669879922941 0.17224423897662397 2.6893950045947383e-07 0.08212192649630125 1.57588702050364e-05 -6.856119126119839 48.89272891812503 0.00020159113384928107 0.0068820540028887815 0.4901713771033388
20231213103555 BBJN 104.53103190244703 4.324033 0.009719960279431733 0.00010690122743786867 5.2968015777132745e-06 469.0618475615026 0.2901114124165817 1.5366625870007765e-06 0.0691031858410381 4.9191579500159526e-05 -6.303962685875888 79.41270584646885 0.0005287768790904774 0.011176434315696898 0.7946688890654429
20231213103555 MGJR 79.83976657626292 4.324033 0.01292287677780993 0.00014991698827205454 3.976783456655026e-06 1057.0076605611464 0.1932594774585708 7.685510927990392e-07 0.07289059813872364 8.353612764385375e-05 -5.9175860929031625 109.55610356226293 0.0004748455755694682 0.01582920263173796 1.0958796414053935
20231213103555 SAKJI 249.02691129204297 4.324033 0.0053561095543882414 8.332231775618589e-05 3.0861886893748546e-06 605.7026466857651 0.2552995990107264 7.879027348688397e-07 0.09774437161332708 2.6486227534391268e-05 -6.672027557075981 42.16402146388171 0.00030825742554578387 0.00831090461165988 0.4234074463631262
20231213103555 SICJI 118.7141269513329 4.324033 0.044183315587114406 0.0007337457403808863 2.6496482121179376e-05 521.781466712456 0.2750651334003555 7.288258389302339e-06 0.10434392244911846 0.0010363835319908159 -4.666987175800686 378.93763283547935 0.001935087543952301 0.04789386920120067 3.7906471590099278
20231213103555 SSJR 150.60627799998716 4.324033 0.003834441866620623 4.161754984642231e-05 1.239928730003984e-06 854.6475322550792 0.21492470874428277 2.664913211597747e-07 0.0681952646073918 5.158980626670469e-06 -7.098227688919358 31.667290226420576 0.00012759805303872815 0.0035779817519414293 0.31715997615893216
20231213103555 TSJN 91.35640894286057 4.324033 0.027510371626237897 0.0005946564087066866 1.5135274470801845e-05 919.1213320452866 0.207249478035992 3.1367777340051573e-06 0.13581555570272694 0.00043839712309202993 -4.959643706798777 185.18991233250233 0.0009804419085999098 0.029220731042553637 1.854120434141668
20231213233512 AMGS 59.41351148636867 4.692807 0.000742255414483658 1.7954989557631943e-05 8.892538807759022e-07 341.58802345173603 0.339960571537037 3.0231125755010387e-07 0.151988822685186 1.1984938705472693e-06 -8.103813144765143 8.548029790628657 9.530892992663337e-05 0.0017306576745685196 0.08558347354961007
20231213233512 ASJR 102.83931092112968 4.692807 0.001203232039133398 2.8156354552889563e-05 2.3762622133284244e-06 155.51070386023207 0.5038482156097811 1.1972754760064757e-06 0.14703032123203064 6.490276495230751e-06 -7.638021251435977 10.793584068862062 0.000330662462837768 0.004189936486428842 0.10803758368652346
20231213233512 BALB 54.235821281312134 4.692807 0.004337053652725201 0.00013610971756460743 1.1614181227769053e-05 127.64853605624522 0.5561243986424442 6.458929551017429e-06 0.19718515057542246 0.0001641023990603028 -6.343435589825971 50.85989482138772 0.0019223705280789045 0.021719629732892758 0.5090470086565057
20231213233512 BLJR 37.64389180387408 4.692807 0.01399713724137724 0.00023808548315658152 1.8288183193768764e-05 161.7890998403089 0.49397530609047147 9.033910890980541e-06 0.10687436893881554 0.0002731251333307143 -5.809767010464409 110.249427538296 0.0019747896160040544 0.0263626943093542 1.1028692240187445
20231213233512 BSJR 63.409929079837774 4.692807 0.008000744557150679 0.00021224701484960984 1.17594237890622e-05 312.51106748520976 0.3554243412625697 4.179585453854824e-06 0.16668290253110257 0.0001475096573827464 -5.956672759518472 69.64837389723778 0.0010299781177626386 0.01820030407693001 0.6977787849926879
20231213233512 CCSR 103.81570074193323 4.692807 0.0007664342839528301 2.1993655561957276e-05 1.677380412106366e-06 178.92412722945755 0.46972688145623237 7.879106699944932e-07 0.18030275572401638 2.6101868314102094e-06 -7.973332690811752 7.268414583253979 0.00020105924868854538 0.0027098892331420413 0.07273372735527175
20231213233512 CPJR 73.50940342644724 4.692807 0.0030676253667892388 9.088745411242396e-05 8.39869431019647e-06 145.38643092802837 0.5210962294835195 4.376527937628069e-06 0.18615790652554476 4.664968258355022e-05 -6.844842314296558 35.27030626957939 0.0008238337095492537 0.011013342900413812 0.3534071081771687
20231213233512 MLJR 57.22425093989622 4.692807 0.010194359963083042 0.00017241409475551476 9.925941210177002e-06 233.04759033283432 0.41158312470442193 4.085349898917042e-06 0.10626559301824948 0.00016426451397118 -6.018162675195795 92.6227643338456 0.0012926115357530057 0.020274061361051463 0.926750364036496
20231213233512 PASJI 86.13363166165118 4.692807 0.009752852224302012 0.00035074867774066156 2.1858973922353924e-05 130.0369396782173 0.5509935288223591 1.2044153177913713e-05 0.22596660831190993 0.0005346691796803381 -5.517178746581376 114.6348036158705 0.003605659689152027 0.04037355628868433 1.1465518870771818
20231213233512 PSJM 23.384080486174646 4.692807 0.005420777901070513 0.00032574788379557517 4.081152530464462e-05 74.22538137942657 0.7292956942301401 2.9763669679641727e-05 0.37757206708376767 0.0007193110219323669 -5.860740490920419 54.28211709294585 0.004876413936956172 0.04441364870862278 0.5446612636657069
20231213233512 PTJI 59.412756149826336 4.692807 0.005544810920076625 0.00014589420774954278 8.034869296451325e-06 276.15413625363647 0.37809774926593515 3.0379659966342137e-06 0.1653222004767415 8.710580550783274e-05 -6.3519718446372115 59.66213528778218 0.0009053400379742517 0.014621944069676037 0.5969546625769946
20231213233512 RLSR 140.17329988301964 4.692807 0.0006444550099382575 4.162448044139913e-05 3.7190135303087207e-06 133.2191685365657 0.5443729150163651 2.024530236479461e-06 0.4058224699866009 9.3052354787961e-06 -7.651705023210563 7.688210257722954 0.00038693796173283216 0.004624919236618518 0.07716754902181966
20231213233512 SADLY 55.111248946685585 4.692807 0.010979394635703427 0.00023287801446569457 8.207202208849953e-06 281.3972349967358 0.37455875731461014 3.074079460376562e-06 0.13326925275987786 0.00014451159167389906 -5.800943933728661 65.02616782010446 0.0011564545811537628 0.018664280099766208 0.6506768239897012
20231213233512 SBJI 84.63186430888942 4.692807 0.007884050722105525 0.0002291715089583366 1.2205280106205936e-05 151.9513577617255 0.509715189588536 6.221216663315946e-06 0.18263797490215114 0.00023614482273653876 -5.896296270595035 89.66055205997898 0.0023105371064158285 0.02561418646771734 0.8978303319950729
20231213233512 SPJR 105.90228592555269 4.692807 0.0029108377888076363 8.251538576632591e-05 6.719154350164886e-06 123.91940427283632 0.5644301572850392 3.7924933466860216e-06 0.17811348384191844 3.2115989993588626e-05 -6.941801058194166 24.704192770627845 0.0007640514659147827 0.008528920675837081 0.24735087520322258
20231213233512 SSJR 63.10776555194565 4.692807 0.0027810374084359813 0.000107857963746538 9.473377905385796e-06 151.2467845165073 0.5109010475554119 4.839958695749897e-06 0.243683012324412 4.60230979905478e-05 -6.681126300903367 32.9672212675183 0.0007325904118227159 0.010401185167333673 0.3303826083780118
20231213233512 TPJR 87.10516252262306 4.692807 0.0029961707935562856 7.074640291599117e-05 4.803838172483091e-06 214.12486525490237 0.4293844543980126 2.062693432707998e-06 0.14836028716839308 2.1776964246925676e-05 -6.964327574850488 24.672359723275505 0.00048221675397849703 0.0073619617141066716 0.2468519110030132
20231213233512 TSJR 76.47518782774752 4.692807 0.008895219861499968 0.00016754573742031633 9.365229959014798e-06 225.5250385816006 0.41839114605184247 3.918329295591251e-06 0.11834681233639391 0.00010829935868986905 -6.156577198758804 88.87115614739452 0.0012323117193366454 0.017888871403894488 0.888743699482893
20231213233512 WLJI 71.8040261906095 4.692807 0.004114928160655481 0.00011604204444983216 9.213411385326501e-06 127.0206146674513 0.5574972935147133 5.1364519113571705e-06 0.17718745995947666 4.9500809014590546e-05 -6.580871969146178 43.13449516020533 0.0009821637568757792 0.011379933177665233 0.43152293737190545
20231213233512 WSJM 31.620813705796017 4.692807 0.021354635359833875 0.00048451232634834476 3.3400672292604425e-05 234.40552972510423 0.4103892178394802 1.3707275777474727e-05 0.14255831011684403 0.001194360649217653 -5.271179768141882 185.59339083976738 0.0034379279664391526 0.05286506110143479 1.857463670741906
20231215085241 KBSR 62.072277453350516 3.593171 0.005515175267379626 8.77101978682734e-05 3.060527025227949e-06 800.1304430475607 0.22212603839768413 6.798227435229334e-07 0.09992419094916424 3.12128320387118e-05 -6.634201719910946 36.75815303593886 0.000348841696255603 0.00967093037981236 0.3680970238660088
20231215085241 NBSR 47.232599528028786 3.593171 0.0057024577097990175 6.305756368622166e-05 1.338756858094528e-06 2258.7917541926754 0.13220314036114025 1.7698786082011002e-07 0.06947922769843269 7.356151583112135e-06 -6.649881479536696 45.694386918243126 8.207391771748043e-05 0.0038537471177090285 0.45734343100225094
20231215184258 ACJM 47.8812882009487 4.062908 0.011585443191928385 0.00017451651546004156 3.4444528805882957e-06 1367.920143433729 0.16988283346040098 5.851534150751798e-07 0.09464632363504755 0.00010431500312355481 -5.969725023684213 99.67386453462586 0.00047195074737697526 0.017260611890003358 0.9971259111883224
20231215184258 BBJN 45.26571696639648 4.062908 0.0019010302726770196 6.748122858909336e-05 4.041967612345295e-06 156.9071576825706 0.5016011120623037 2.0274554492722145e-06 0.22303540878617797 1.759815045173307e-05 -7.008857510771078 23.79204555781257 0.0005444986480546456 0.006495988313557653 0.23825333099218424
20231215184258 BBJR 93.25547278609085 4.062908 0.0009578730072352003 2.129439627005555e-05 7.058361111378581e-07 646.2547883037238 0.2471598832459384 1.7445437081960022e-07 0.13968097728890255 1.0869166389899527e-06 -7.872025711853092 6.503904795956424 6.528010778091685e-05 0.0015307572804524475 0.06507558917267191
20231215184258 BKJI 45.21663223457096 4.062908 0.0016818742636204496 5.3327285045268625e-05 3.6527348630288022e-06 214.72006125527136 0.4287889225682119 1.566252246345465e-06 0.1992213217811769 1.7025440733744663e-05 -7.225841836065066 21.835939893932952 0.0004532288780202692 0.006573944914803884 0.2186207559431877
20231215184258 CGJR 158.65573630260567 4.062908 0.0003042561057010853 1.1634969214620502e-05 7.025463902457585e-07 235.50336523622994 0.4094315539244294 2.876446602623195e-07 0.2402734612353568 4.4574681053221e-07 -8.496826076556056 2.9975468175727804 6.656427346141487e-05 0.0010344942262352772 0.029990541095555295
20231215184258 CIJM 105.36102307220371 4.062908 0.002257925911654131 4.929512134354896e-05 2.1286166444281676e-06 701.9888063932381 0.2371454381726288 5.047917268444685e-07 0.1371747321481052 1.225125983553003e-05 -7.065131643526604 28.671288053812646 0.00021450225021314002 0.0056880051771402975 0.2868347402824044
20231215184258 CTJI 36.85799354095578 4.062908 0.007317759595000068 0.00011450539164285117 2.7725053481623547e-06 476.938220398542 0.28770592440124226 7.976662141004383e-07 0.09831678466928373 1.3598867163121763e-05 -6.283261853335093 30.757520647269388 0.0002630855985127744 0.00483611329319816 0.3077193320486189
20231215184258 KMJR 155.05359706525363 4.062908 0.0002482439383108096 6.403155404743646e-06 2.6362413091496973e-07 408.2229410830009 0.31097907305268735 8.198158786625759e-08 0.16206724817707643 1.3199072704421898e-07 -8.975508224929563 2.3334762311086283 2.696763809845422e-05 0.0005603458337951391 0.02335624037441536
20231215184258 KPJI 21.609528533000915 4.062908 0.002115253542366621 7.403755225732643e-05 5.315556546625558e-06 217.5498098231117 0.42599108886618947 2.264379721226823e-06 0.2199224117607676 2.7414454432031358e-05 -6.973636801720573 19.958888530038777 0.000561667788350211 0.008333992312064708 0.19991636199208535
20231215184258 MGJR 134.01362569527384 4.062908 0.0009199393917107083 2.4198460875569127e-05 8.738337816731544e-07 615.840780532931 0.25318947384407536 2.2124551540900458e-07 0.1652754683621036 2.3770001318701316e-06 -7.788702181181796 8.08283425548314 9.931044546505922e-05 0.0024158356429414933 0.08090439588521778
20231215184258 PCJM 31.661982406387988 4.062908 0.009479162610627853 0.0001736318502864738 5.01100174242131e-06 1131.9639444509762 0.18675127323717056 9.358109555908597e-07 0.11509045001034304 9.338226646513318e-05 -6.007119230980653 88.68857407948873 0.0004457370660203998 0.014853650055322472 0.890101833341516
20231215184258 PKJM 62.044134461621475 4.062908 0.0024691867812044427 3.9732384200428015e-05 1.8697632955971993e-06 459.7006874443649 0.29305038194806227 5.479348479272269e-07 0.10110451527104362 7.853039221651855e-06 -7.339318352757997 24.828947697546404 0.00021382841340106048 0.004705988657757668 0.24871159027201611
20231215184258 SAKJI 152.70737436548626 4.062908 0.004966117756369034 9.706757008213183e-05 4.665761249017524e-06 426.7947834812076 0.3041377418299934 1.4190340901940795e-06 0.1228109279852433 5.157780307025186e-05 -6.532127171669107 46.0528082706562 0.0005219740930959653 0.01071734309151811 0.4628357939185354
20231215184258 SKJR 224.6252042455878 4.062908 0.018637660434969092 0.0002524722384792186 3.583924778709157e-06 4719.105588011426 0.09146396431741599 3.2779996807615737e-07 0.08511421617635012 0.00014957164048279406 -5.580570951766625 131.26066202599327 0.0002788807240428962 0.018590438111239133 1.3150855637733319
20231215211138 MNAI 123.67548312430138 3.402945 0.0003894049671154498 4.31857997502284e-06 1.1826440139011184e-07 359.4494634528485 0.33140644381394424 3.919358469448185e-08 0.0696817979697181 1.1545410993338662e-08 -9.06389107995849 1.149095024599907 1.0440350432001818e-05 0.00017751131096062627 0.02309621618729203
20231216031045 LPSM 39.70758031805203 3.444142 0.013295510062342395 8.717336748546221e-05 2.1473191603191775e-06 1756.976577210094 0.14989836037237445 3.2187962132802857e-07 0.04119634517169661 1.631987238273712e-05 -6.338496876624807 86.25107598988983 0.00016350539351183796 0.006070336897033065 0.86278392776836
20231216031045 LPSR 33.064522811906656 3.444142 0.00620564220883606 3.427912856652317e-05 4.941565049751175e-07 4577.613319006063 0.09286676480503353 4.589071592440162e-08 0.03470746615804262 4.757896889822522e-06 -6.972170848963683 55.051689776252964 5.488816050603198e-05 0.0035964937596800477 0.5510257685023813
20231216031045 PDSI 127.547817094987 3.444142 0.0005490395584192677 4.548321513714026e-06 2.0182516547411458e-07 1140.9269379539187 0.1860162783989841 3.754276616875393e-08 0.05205079755924173 7.975004497182428e-08 -8.758356091837129 7.5833186351944155 1.2803923596673414e-05 0.00047949815445666726 0.07606895318566695
20231216031045 SKSM 82.24369941213352 3.444142 0.004789236922470418 5.5130352253228955e-05 8.146779813329893e-07 3135.1931185226877 0.11221417470791743 9.141841732799356e-08 0.0723276431850533 6.438053413856695e-06 -6.794927495417235 32.01191659695337 7.170135274679287e-05 0.0037749112734774483 0.3202877927732132
20231219135730 CLJO 26.497789292466212 3.125827 0.008462046240319702 0.0001476815818821414 5.839090483424953e-06 864.7785375706878 0.2136620628465862 1.2475921178364457e-06 0.10965559854797635 6.398182885379366e-05 -6.1720459885794705 60.09727656370272 0.00038501312980690364 0.01119291450209766 0.6018455554864812
20231219135730 LSJR 44.22953006323478 3.125827 0.0009839258004423843 1.0486537769971834e-05 3.95908774188821e-07 446.3464309889189 0.297401965988465 1.1774404779583863e-07 0.06696527320438841 4.088086262905322e-07 -8.332432302323637 7.851896481243065 5.086884006954058e-05 0.0010464190638053608 0.07856703142921595
20231222053942 HSSR 94.95210479003539 3.141305 0.00041137649758619916 7.872699640774084e-06 2.0405135306656113e-07 960.669010779879 0.20271831030126172 4.136494550833945e-08 0.12024418264289585 2.648210496396183e-07 -8.720752510493885 4.240212428053514 2.948633501564013e-05 0.0008580603531299826 0.04244996687077687
20231222053942 RASM 32.69622580419363 3.141305 0.003458546083323884 3.605424634846793e-05 7.435866274524608e-07 3888.4073090487664 0.10076135357676412 7.492479508369099e-08 0.06550021467414185 3.1681431247742037e-06 -7.296317505262239 31.192768690218955 4.7070319964387865e-05 0.0029356684722094345 0.3121487337215248
20231227130815 BLJR 39.613447791672584 3.228928 0.0055804224465715365 7.752276955939271e-05 1.1975036443638981e-06 788.2215538731219 0.22379774958481552 2.679986207282557e-07 0.08728549340681194 7.069991013642558e-06 -6.594597771939622 29.800971261039873 0.00015527125479405604 0.0037526441460399474 0.2980976846167809
20231227130815 DSJR 42.49751991890363 3.228928 0.0029772116303629194 7.17458703744382e-05 2.306752254867197e-06 755.3410909574314 0.22861689013257955 5.273625268140541e-07 0.15141436167657654 1.7000757678255186e-05 -6.843851301888502 25.80112756324586 0.00023328808977180675 0.006178984165923361 0.2581632378941294
20231227130815 KCJR 64.11873711767895 3.228928 0.0014512988417776512 2.222664887701908e-05 4.2370160735064805e-07 1398.3323650432342 0.16802529381701278 7.119258706583322e-08 0.0962270137836449 1.5017193713470773e-06 -7.721176245264291 11.011217822175741 5.8569398221089975e-05 0.001913872066768733 0.11028548013092174
20231227130815 LSJR 45.40499909949678 3.228928 0.0021161438846759644 1.817312516604486e-05 4.770005661345005e-07 762.7095304856964 0.22750989068521713 1.0852234665804688e-07 0.053959049692083344 1.0809850670548204e-06 -7.833360348628617 13.37863817307742 6.330773651780903e-05 0.0016402727593965763 0.13385882219106274
20231227130815 SUPJI 114.43867245042475 3.228928 0.004992181033633256 7.490133560168534e-05 3.2571622551677925e-06 322.409508212807 0.3499257868066775 1.139765064896602e-06 0.09427121495995211 1.7898930459073203e-05 -6.66448613216534 49.653783073631644 0.00040839358318429605 0.00720558198033129 0.49716040176861387
20231227130815 WSJM 31.68144007004967 3.228928 0.0063416306775908255 8.400124571989969e-05 2.0334558161281424e-06 693.68907923647 0.2385598975693371 4.851010112073024e-07 0.08322707829030568 1.371267498751005e-05 -6.593295723840217 37.75949844802585 0.00022718632725325655 0.005575011804274882 0.3780750690612035
20231227230318 ACBM 119.41283603598768 3.463097 0.0009086875598087407 1.3580875033170167e-05 5.772940530438597e-07 451.38790209209554 0.29573648777229655 1.7072691565902493e-07 0.09390593449415907 9.040516087846459e-07 -8.08110307971444 14.830283674318894 7.66278127632291e-05 0.0015940707561533745 0.1484107349938253
20231227230318 CIJI 92.71084431127629 3.463097 0.0024093022869066533 5.463316141629659e-05 1.4192045179719806e-06 1054.9599633645707 0.1934469466786791 2.745407807142662e-07 0.14247704779974965 4.206535899894352e-06 -7.044182919021417 19.65356065663449 9.026674823372124e-05 0.002824609079635808 0.19673052849965963
20231227230318 LPJR 87.16474610464138 3.463097 0.004849914895741587 6.895848904803284e-05 1.3032324815727656e-06 2724.3551752815433 0.12037824441330619 1.5688083819412593e-07 0.0893374367398364 1.6870773561512077e-05 -6.695262801151235 47.04247769277126 0.0001339849563812972 0.006700074149902902 0.47103671765411814
20231227230318 SICJI 123.54984475946631 3.463097 0.008015335758286368 9.550476780794985e-05 2.674273141115396e-06 759.7553740499036 0.22795177485377205 6.096053089610266e-07 0.07486575384395386 2.4389309680324254e-05 -6.319364081894182 65.50211605645012 0.0002954348731659792 0.0076430173251033524 0.6564375711154189
20231228091849 BEFA 50.9500329702157 4.089632 0.021202679084217052 0.00023441904704101483 5.17366382063346e-06 2637.7932298466194 0.1223374696897542 6.329329408417238e-07 0.06946755672907144 0.000122321150253912 -5.6237843706609745 160.4757219018474 0.00033565406915984805 0.017040388539808625 1.606499687938526
20231228091849 BEPA 48.842578254411734 4.089632 0.03747323821834929 0.00034647644094105425 7.380183927673085e-06 2668.124169893611 0.12164012278178786 8.977264791143315e-07 0.058094143621106153 0.00016076417102744005 -5.211058080299821 206.2120566305075 0.00031665617363404536 0.01763820093981825 2.0636051652120564
20231228091849 KBSR 99.74867768485532 4.089632 0.003540397574283727 9.866731135373284e-05 3.224539765185858e-06 748.6926617893993 0.22962971147036973 7.404501359043624e-07 0.17510604049097833 3.244457690065323e-05 -6.591675772011281 39.695007715242255 0.0003662932012728028 0.009918613974010077 0.3973310757633177
20231228091849 MNAI 97.41500931316398 4.089632 0.004131408939992767 3.985295501910303e-05 8.618600450742133e-07 2265.321212479653 0.13201247472695055 1.1377627741852804e-07 0.060609710890579496 1.911700551096701e-06 -7.016908424237622 9.51757420805708 4.6724988226039305e-05 0.0021494315183888816 0.19054685286927106
20231228133523 IMSR 44.6466266431479 3.021493 0.001417957452215526 2.3492276365131163e-05 4.622218435113444e-07 1349.840435122435 0.17101675108578135 7.904767795819056e-08 0.1040978524841933 8.710464209054158e-07 -7.677369509595183 10.555528451749304 4.371638649835378e-05 0.0014443771140232185 0.10558137103070636
20231229115346 MNAI 70.37963891316993 3.056552 0.0005175543253792903 4.296742973788911e-06 1.375631472561013e-07 686.7477027557362 0.23976250129627122 3.298248427231013e-08 0.05216308897013401 2.035259869566329e-08 -9.055487796581557 1.3761238288746804 1.0097351775345202e-05 0.0002365907219670478 0.027591007658822338
20231230095351 APSSI 71.83692582503747 3.778505 0.038876945546567475 0.0005815835387734665 1.0778590230884476e-05 3279.246141364951 0.10972178398664263 1.182646148993643e-06 0.0939939363636964 0.0014357403906074089 -4.917703204798491 347.9746003984055 0.0009346944749192229 0.05341002369667858 3.482223760928573
20231230095351 KBSR 156.77787592937966 3.778505 0.000927404781370697 1.784863351333395e-05 7.812971494476723e-07 499.6811975082743 0.28108221324004473 2.1960873196488974e-07 0.12092483681015934 2.0568177573942776e-06 -8.048875442163641 10.580427519058114 0.00012115961740711821 0.0026811543011952205 0.1060124522691584
20231230095351 MKSM 85.03264626042291 3.778505 0.0019399505843130575 3.683135779410996e-05 1.1945312327263862e-06 1164.3289968830313 0.18413740211025498 2.1995787793379715e-07 0.11929079431545002 6.656298990208747e-06 -7.2830309341812605 23.01766792562305 0.00013261962471413578 0.004429988546561537 0.2305304095038362
20231230095351 MNAI 46.330519529678945 3.778505 0.007460423038004158 7.290975642742755e-05 1.1608188537753416e-06 2897.2354583102797 0.11673147479873577 1.3550409677537364e-07 0.06140476324214041 5.122057363864816e-06 -6.605751752149115 16.07221866087571 7.188443170073713e-05 0.0036760603095473245 0.3229583338248333
20231230095351 NBSR 172.28834267970262 3.778505 0.0008479213797349152 1.0646827618079936e-05 2.5420820621166274e-07 2084.2921773740686 0.13762602581761305 3.4985665151135396e-08 0.0788940961471066 5.061013016500259e-07 -8.226133141877268 10.651588969843258 2.765956387781934e-05 0.0012001706202149592 0.1066263470593376
20231230095351 ULSM 92.43377900018595 3.778505 0.007612937666771961 9.345552207754239e-05 1.5415874654773822e-06 2749.252960827255 0.1198319199463486 1.847313857533801e-07 0.07713163943996874 1.3086890444389321e-05 -6.466712401956735 38.38208480670791 0.00010954278689063466 0.005022255391764991 0.3839254539447874
20231230202556 ASJR 105.40998917097768 3.3547 0.00034715703000980807 5.234376307126962e-06 2.55974382178219e-07 479.6066445149346 0.28690444231742573 7.344018736638953e-08 0.09473682933702908 1.7574499774150257e-07 -8.957372631358 4.2404505945717865 3.3789933829132644e-05 0.0007436328698964872 0.042432228162901896
20231230202556 BSJR 68.61855674987449 3.3547 0.0009535080138015798 1.6477838956615982e-05 4.84671350883993e-07 861.1212150658413 0.21411531094811392 1.0377555700216859e-07 0.10858148450530558 1.27849257575778e-06 -8.127543087322696 10.42541203304632 6.652576374512664e-05 0.0018660301481303633 0.10436957355507831
20231230202556 CLJO 28.37956450792222 3.3547 0.015219415276058107 0.0002656037217057176 6.213513427176457e-06 1403.324572562962 0.1677261597154994 1.0421687454809984e-06 0.10965187370758285 0.00014813507769687956 -5.606238852027879 103.25158879234306 0.0005129837547954207 0.018604601322790393 1.034188671629299
20231230202556 CSJR 36.40265995283457 3.3547 0.0033643617378531507 6.64969632725768e-05 1.653972542830284e-06 1345.2149630770125 0.17131051617354093 2.8334289004911997e-07 0.12418781782749903 1.4580385539719783e-05 -6.868596681852917 34.90238681764895 0.0001746179244131835 0.006000158403519824 0.3492918349385158
20231230202556 DSJR 38.23341042968206 3.3547 0.002380688781836426 6.174788432997339e-05 1.8925027507880976e-06 1026.3826872471282 0.19612150145240478 3.7116048098736793e-07 0.16296687014765399 1.5657262020503838e-05 -7.035734524625709 25.908706923802207 0.00019081406644899304 0.006083668364293574 0.25953925008776096
20231230202556 JTJM 42.09833514135802 3.3547 0.0018156855919139385 3.4233055745391914e-05 9.398190088165167e-07 565.9419482987486 0.26411552215149003 2.482207882414701e-07 0.11846358964195676 3.254222280480186e-06 -7.391414268053699 18.500664209200302 0.00013684764081388205 0.003022174909831067 0.18514847122799508
20231230202556 KSJR 12.84292866758603 3.3547 0.03755598602360846 0.0008340786399986525 2.673789084168973e-05 781.3916524162609 0.22477369488522836 6.009974517924509e-06 0.13954288545579582 0.0019633040350607684 -4.690002372978986 258.7542442292505 0.002132066527299121 0.06094342759237313 2.5893719642380493
20231230202556 MLJR 63.655778803110394 3.3547 0.0019438780384681536 3.3545270841608775e-05 7.663041606547494e-07 1250.0671050503772 0.1777105474802561 1.3618033192635364e-07 0.1084281774403148 4.3468863875060926e-06 -7.434663034911696 19.90690952495603 0.00010143086180587586 0.003419265511509448 0.19950472276302075
20231230202556 TSJR 77.43994630914911 3.3547 0.005348422021491366 7.036288635481054e-05 1.539304737358383e-06 1742.8131209807993 0.15050622326692054 2.3167494247668927e-07 0.08266046544921217 5.345753060904362e-06 -6.71612105139094 24.646928155902334 8.733039872369118e-05 0.0032766708000929548 0.246510618367565
20231230202556 WSJM 30.026948578955643 3.3547 0.01760963018770088 0.0003315519398022793 7.088451020842836e-06 1495.157153266063 0.16249366974906668 1.1518284192132702e-06 0.11829903606877254 0.00010409690911381671 -5.440869199732389 78.32815778477317 0.0004056315332834052 0.014180745014636571 0.7850255703414843
20231231083810 CSJM 13.590014863542972 3.350995 0.01013715719219454 0.00017429110281329128 5.890129168274678e-06 658.3121326873943 0.2448859894551641 1.4424101093916673e-06 0.10802863915455622 0.00011680021884620347 -5.9753335765885565 89.17480885221114 0.0007421258797014562 0.01789690641777431 0.8929601495709978
