20240101134648 BALE 33.991943139486665 4.501648 0.006644457583306089 0.00015325402778513752 5.957336923249525e-06 433.67935571342275 0.30171402170187783 1.7974120817467053e-06 0.14492130374418696 4.707752367267209e-05 -6.20892326079576 27.499527710690987 0.0003573893449615287 0.007227777368255483 0.275472927362182
20240101134648 CBJN 67.41375935489931 4.501648 0.005885756003843498 7.326679582509273e-05 2.085411205540481e-06 597.8940223714103 0.25696132477811406 5.358700260828059e-07 0.07821405690819219 1.0518229058943262e-05 -6.571059254993019 30.673980357974862 0.00016831351033509153 0.003907706309009037 0.30780180198041496
20240101134648 CCJM 89.44196832998452 4.501648 0.0038330713095011807 9.484984811549451e-05 4.140818937075031e-06 421.59793956076527 0.30600648372717254 1.2671174426852184e-06 0.15547823767073252 1.816376192351952e-05 -6.669786864714927 15.864614635951696 0.0002288385339166269 0.004438679259582556 0.1587921183050885
20240101134648 CIJM 45.74780064476522 4.501648 0.015603336085370375 0.0005681208283820412 2.2674668197589694e-05 338.658554874062 0.34142777112137096 7.741761423619682e-06 0.22877213065605803 0.00046913374397420055 -5.16123027270483 73.65441462953359 0.0013940020691167255 0.02303822995941899 0.7372211287387205
20240101134648 CILJI 177.41158012847688 4.501648 0.007449521459298114 0.00029496562161599826 1.7031716606746582e-05 217.9540453982641 0.4255958663983828 7.248628185500036e-06 0.2487842568125647 0.00039793292638851894 -5.829805210769401 69.99622911394277 0.0018918079358075295 0.028044198983945126 0.700771938631938
20240101134648 CSJR 122.60675074551953 4.501648 0.0016606374401548448 4.327070889297007e-05 1.8233563163087667e-06 505.65416774674503 0.27941715910508474 5.094770419393079e-07 0.16371898872893265 6.512898981786674e-06 -7.419817130475436 8.28597289176456 0.00013199644186973457 0.0028949978086486765 0.08328691585138592
20240101134648 IBJN 70.25635737833653 4.501648 0.014150479111381153 0.0004849126892235939 1.846495616932005e-05 331.759997370942 0.34495930080270965 6.3696583695213245e-06 0.21531400175306462 0.0003167967236150319 -5.316504060403684 62.324668738951594 0.0011201551322756137 0.018606951454554075 0.6259973700117756
20240101134648 JCJI 38.229500325022315 4.501648 0.0022627060816699193 6.524954145578536e-05 3.987521724340821e-06 182.7898597032831 0.4647333278996404 1.853134241025022e-06 0.18118789863888407 1.755979349564499e-05 -6.908507181542779 17.86739372224381 0.00040998029774736697 0.0055569818141015396 0.17910634006200551
20240101134648 JPJI 64.24698061937227 4.501648 0.0033677323317058577 7.70995482930355e-05 2.6726550609099017e-06 547.9503070646371 0.26841654445648744 7.173848359735788e-07 0.14384478970144426 1.3740436868506393e-05 -6.83628557841883 19.570964293859305 0.00018405108088465676 0.004303572453931671 0.19578466015194382
20240101134648 KSJR 139.2704739954051 4.501648 0.0036904530775464075 0.00011331461947871234 4.589637901024159e-06 748.9180962796028 0.2295951480425492 1.0537585933473367e-06 0.19292394110878328 6.270636097687394e-05 -6.558438554586584 29.638454805206162 0.000375167489761205 0.010041582758923846 0.2972602202081239
20240101134648 LBJN 38.237413779379764 4.501648 0.006115865025743772 0.0001407952562304022 8.089110484322547e-06 193.61953968017528 0.45154940746286276 3.652633046097477e-06 0.14464718916190658 7.482745845841782e-05 -6.224257202518188 42.93288453865064 0.0008181932090499762 0.011508494194212012 0.4305655574100624
20240101134648 LPJR 92.79727941629278 4.501648 0.001636673360467001 5.2900436143310945e-05 2.766870691858905e-06 515.9048265073933 0.27662732232145215 7.653920306986327e-07 0.2030846539985245 8.509175800118724e-06 -7.260260925434441 13.491437427002985 0.0001446974668645629 0.0033812005284987964 0.1353837301359993
20240101134648 PBJI 58.08298973277692 4.501648 0.0043617186976774745 0.00019874414733449112 1.2720709699777988e-05 224.74726810084962 0.4191144723853744 5.331433534189966e-06 0.28629684603111644 8.984044083353899e-05 -6.17358221077084 23.834124159157327 0.0006578400804109194 0.009109758532853823 0.2383972237946086
20240101134648 PGJR 94.81214609596178 4.501648 0.0011335868806519147 5.29672745207364e-05 4.148826121360616e-06 203.2051656120497 0.44077047585329315 1.8286800637446912e-06 0.29358420312578665 8.76884668687428e-06 -7.417277412931932 7.108910763063539 0.00023980601212280313 0.003538743014535513 0.0714196142219527
20240101134648 PKJM 56.70927790803264 4.501648 0.0018559859638714181 2.8702142480605277e-05 1.7935776089719813e-06 189.19795513801512 0.4567953236432492 8.192978643696413e-07 0.09716715720335482 1.9856726441125666e-06 -7.552035465643459 9.943308333932372 0.00012525896295034674 0.0015274479047202541 0.09982432575717312
20240101134648 SCJR 92.9719247936402 4.501648 0.0012171389001363164 7.02729641346295e-05 4.43741977589007e-06 184.47438287612513 0.46260661142180315 2.0527797259806025e-06 0.36276718761779037 1.0048389756640171e-05 -7.083626797298859 7.247258887062202 0.00023485835038892453 0.0033480211878948803 0.07259126098239874
20240101134648 SICJI 121.5593393833669 4.501648 0.00777460179707531 0.00036815262546486356 1.9026865766918172e-05 305.6496651089425 0.3593915867741939 6.838095479312312e-06 0.2975292146783132 0.0002872705035156145 -5.602336610193389 46.53516639798342 0.0010911371202773643 0.01891196402419152 0.465754839207682
20240101134648 TSJM 15.735819957319288 4.501648 0.055230275802786166 0.0019484279604909864 8.422095293675625e-05 636.4649301178811 0.24905348837723956 2.0975522123354465e-05 0.22165983702795977 0.00912098324365226 -4.091239738986275 318.6533009060701 0.003853511918116343 0.1027019989302106 3.20882018263834
20240103005347 ACBM 181.42430790945855 5.346815 0.009138663978168383 0.00024889321041661597 1.0782510563694183e-05 385.6140532403964 0.31996571255667167 3.4500336756622488e-06 0.17112371857443778 0.00020625795974400085 -5.782833575202274 60.370885601413455 0.0008974193917798932 0.017414697800499618 0.606971913050805
20240103005347 AMGS 155.69303938403542 5.346815 0.000632263961736042 1.1180161745341165e-05 2.5318462026387345e-07 1210.4519916449524 0.18059515033779192 4.572391455977098e-08 0.11110395698868832 2.7963231767350243e-07 -8.334808250987043 3.523859742266314 2.073526290224404e-05 0.0006193740251000803 0.035257356324071815
20240103005347 ASJR 162.577411102996 5.346815 0.0020947201532551278 0.00010656335961570888 6.7648671581032735e-06 175.6577492931926 0.4740740805755957 3.2070481781938524e-06 0.31964047053285183 2.206430662142038e-05 -6.724569997933036 12.456780211371045 0.0003412832464429087 0.004538696953351212 0.12531139588963647
20240103005347 BALB 129.1463627072558 5.346815 0.0036423881697381535 0.00011292972284813428 5.8135360961969944e-06 273.8134093810033 0.3797104171283623 2.207460216077752e-06 0.19480580934191574 2.346063167927131e-05 -6.5932790045104435 20.32696887060143 0.0003282234965703862 0.005741581427648899 0.20358576786211022
20240103005347 BALE 182.85785787712788 5.346815 0.002194305216052366 0.0001009947353383043 8.579439789540669e-06 164.87721427725361 0.4893274145855721 4.19815509080852e-06 0.28918886604195215 5.078784422311718e-05 -6.745494134504554 15.4780960059271 0.0006281770530152959 0.00840286740909607 0.15514013751495528
20240103005347 BLJR 66.45369273511673 5.346815 0.0550744747990549 0.0008100907899904354 3.6398674279929525e-05 356.9322563433137 0.3325729859338474 1.2105215789309695e-05 0.09241941149181425 0.001632024541247898 -4.679258360655455 263.99827368026115 0.002715251042080551 0.04903167488731204 2.6452332000543026
20240103005347 CBJI 128.49389812694682 5.346815 0.007167094687733083 0.0002366811124891265 1.326918621620763e-05 370.9436436079969 0.32623150646576843 4.328826608888225e-06 0.2074915085221184 0.00012704489521640045 -5.924858609824012 28.913824640088876 0.0005710012862194697 0.010621271335768036 0.2899936044685523
20240103005347 CBJM 151.86815578415573 5.346815 0.006258546529101124 0.00012262275899860395 8.565716037825427e-06 167.5346346822623 0.48543106661480545 4.158064672561142e-06 0.12310550286449788 4.216167206727174e-05 -6.321532069325684 34.59631230993727 0.0005198424459958926 0.006659097376582343 0.3468364866254783
20240103005347 CCSR 165.54286124321507 5.346815 0.0013170502942617872 4.212475531265912e-05 3.1377291767142093e-06 144.83201244859964 0.5220926577559037 1.6381853651889652e-06 0.20096244221059764 6.862396412642857e-06 -7.3498869719117215 7.649263906401767 0.0002746878719391521 0.003246691046331401 0.07665436000227109
20240103005347 CGJR 151.80601529261136 5.346815 0.014808543103173399 0.00046834077102753384 2.687470821206203e-05 246.28106920299558 0.4003726044591517 1.0759896920943027e-05 0.19871447385278293 0.00041661145389157656 -5.304440815659403 82.21569272317959 0.0013697896180891371 0.02041290708515487 0.8231788860609224
20240103005347 CIJI 230.67482479090208 5.346815 0.005623037673739033 0.00031960150209415334 2.8328134935316786e-05 128.20015485797757 0.5549266646102238 1.5720037434283702e-05 0.35712288955290167 0.0004293771552690121 -5.809529936052088 41.31152224313587 0.002299643566156869 0.026049747928580728 0.4134608829604637
20240103005347 JABI 152.38030458018716 5.346815 0.003316403206307189 8.899593470898436e-05 4.045797082668195e-06 449.08783261867296 0.2964928495427155 1.1995499057118984e-06 0.1686097602061024 2.3028858327229994e-05 -6.753269070116735 28.6257650989604 0.00030425490143935437 0.0061643301246301005 0.2873253945602904
20240103005347 JARU 145.3847420766685 5.346815 0.002603154129870649 5.714398453971912e-05 2.4517512367683196e-06 252.3470957807805 0.39553116906889957 9.697440329450938e-07 0.13792738583308614 8.24958104520305e-06 -7.063163687325205 21.69663850557051 0.0002544138010448682 0.0038961130509665483 0.2173239974544952
20240103005347 JAUI 150.085941346197 5.346815 0.0025349187897436816 5.627816948132744e-05 3.226975170889821e-06 234.15705653860783 0.4106069001105894 1.325018271652909e-06 0.13949408124265555 1.0220348153292911e-05 -7.113706688843509 17.859722443898868 0.00025553057868347014 0.003943997875327424 0.17913965588997388
20240103005347 JBJI 121.30443036509965 5.346815 0.0020771840681250778 7.351239627557027e-05 4.4220857735044915e-06 140.27521304246142 0.53050490032816 2.3459381725155744e-06 0.22236450551594236 1.126963292259332e-05 -6.952423628772071 13.697977081389048 0.0003426995209035894 0.0040519593568994 0.13743288072521723
20240103005347 JPJI 180.91389486637348 5.346815 0.0035685700850347835 8.219752316335606e-05 4.825145151751624e-06 319.2437156134601 0.3516565329089411 1.6967938148473625e-06 0.14472527021184128 2.448691100732784e-05 -6.7183669829266845 17.542724123612153 0.00031134026936020147 0.005562918911052287 0.17600417931654755
20240103005347 JTJM 91.5253868363655 5.346815 0.01973157160426218 0.0006334315412821433 2.460047162377683e-05 477.3806271553976 0.28757257949690307 7.074421081689871e-06 0.20170556269468048 0.0007585257421302574 -5.105655763812142 117.32136219237974 0.0014600647888730208 0.031232940284722625 1.1759441491937355
20240103005347 KJJR 212.26372983853537 5.346815 0.0018040024843410493 0.00011592105831227668 8.002933633724343e-06 117.56894340866916 0.5794734743703565 4.6374877578896264e-06 0.40374306393843556 4.6752358971359605e-05 -6.721811575453225 13.872448734259505 0.0008535714985773559 0.009105869621722917 0.13879011446187167
20240103005347 KSJR 97.37545186141865 5.346815 0.01200045959715525 0.00032103589073387967 1.0821656741350811e-05 905.8776338710596 0.20875894808853737 2.2591176778996245e-06 0.1680875615976067 0.0003173920622196699 -5.555519459208586 94.18070356854268 0.0007784836871028711 0.022201249604201105 0.9460402344473835
20240103005347 LPJR 252.21552767465815 5.346815 0.019339233347073582 0.0006112091332127459 4.30279257181051e-05 141.68988751951431 0.5278498963262808 2.2712286129436685e-05 0.19857768798251854 0.0007953020448196662 -5.0424534556301115 117.55916873497253 0.0027460903276870573 0.031220957304361155 1.176471985316461
20240103005347 MGJR 174.49028742898614 5.346815 0.014817661645174089 0.0004142268078398609 2.4140032614876368e-05 196.1788430077982 0.44859433401529303 1.0829081853977917e-05 0.17564605368803032 0.000728809391523035 -5.360581317006085 95.27317609651556 0.0024526916091009024 0.03422152016699464 0.9547860889834274
20240103005347 PASJI 145.46732450297512 5.346815 0.02292560258445058 0.0004184205479934249 2.1425828318439066e-05 440.39522835527316 0.29940466720623704 6.414992997300218e-06 0.11467588822103465 0.000507808564491074 -5.335653296651671 122.44192810651323 0.0012205645822829809 0.02753365329976277 1.2272760010666532
20240103005347 PBJI 157.7894585946905 5.346815 0.0037849995701578474 0.00019518514892235484 1.6007580688228223e-05 125.91662437657051 0.5599359247413858 8.963219495535419e-06 0.3240117831340876 0.00011783992392413794 -6.23297144437061 23.326571029293714 0.001099167985996177 0.012477163040168078 0.23373567707737886
20240103005347 PSJM 77.70502823439867 5.346815 0.0030444031959237566 0.00010757666948002017 7.097524552730325e-06 101.74898384242158 0.6228949759569611 4.421012385626897e-06 0.2220218892087594 2.7268178091060474e-05 -6.541215342816065 17.865949592823576 0.0005978674925104447 0.005812600213369068 0.17907709080855405
20240103005347 PSLI 187.34385717155683 5.346815 0.004098476186411359 0.00018762390103600868 9.8034213546597e-06 209.1506836239579 0.43446042643581445 4.259198622275423e-06 0.2876375717818662 5.9838038483812124e-05 -6.181139537007214 27.72679836655999 0.0006487365783075464 0.0094092405756102 0.2782422393938509
20240103005347 PSSM 240.72357294059924 5.346815 0.005807040191345521 0.00016074972820998836 5.348398401900485e-06 726.0537859791491 0.23318224067484994 1.2471515233769416e-06 0.1739303151246287 5.976521869393977e-05 -6.203243189646559 37.21586903655768 0.00031908895959482556 0.008319189525110102 0.372863109660281
20240103005347 PTJI 155.69175962329362 5.346815 0.004445278963665216 7.669583652386423e-05 2.2987720098769903e-06 977.1921222896433 0.20099714550133974 4.620466121436526e-07 0.1084058294445621 1.6163406690429723e-05 -6.671053339919183 26.311379449864774 0.00016041985395053878 0.004812513155857638 0.2631790596640063
20240103005347 RLSR 193.17153231508334 5.346815 0.0014646195965763548 6.380732394736501e-05 3.523229270665066e-06 136.73934122919366 0.5373201492697703 1.8931020776253773e-06 0.27373199242567364 8.722768143638073e-06 -7.089424371641249 7.196872880549625 0.0003023156252505816 0.0033066766088223815 0.07206801529322165
20240103005347 SBJI 156.0159968051991 5.346815 0.007473278864857063 0.0002454673156353098 1.242013891882831e-05 180.78580673020517 0.4673020675949294 5.803956596584721e-06 0.20637750295192436 9.549975740909489e-05 -5.983339288054654 40.8397953771085 0.000773876759878853 0.010004633300562745 0.4097156377254471
20240103005347 SCJM 143.54178417466866 5.346815 0.007744606674979872 0.0004467599877182009 3.487843921471736e-05 124.75727674850835 0.5625316018693646 1.9620224282158216e-05 0.3624555653336686 0.0006464856347423805 -5.583938868889623 51.59143506293155 0.0028938124363210296 0.031653874044121275 0.5164239478781136
20240103005347 SCJR 121.73168013716564 5.346815 0.011597736563555523 0.00017635042204023198 9.067867514981485e-06 322.19435686685904 0.35004260207365107 3.174139940203251e-06 0.09553953692654076 0.00010784048878008089 -5.919637815662777 58.05880275099539 0.0006493556089244902 0.012014110135428914 0.5822799062411673
20240103005347 SPSJM 190.60362782616812 5.346815 0.0023985123797869382 0.00012428597048906744 8.946738395201752e-06 185.6573988450954 0.46113038260282374 4.125612899226757e-06 0.325581719004858 5.868625353983043e-05 -6.605203888223442 16.954380971215183 0.000610233751686901 0.008764211079867374 0.16993699336114204
20240103005347 SSJM 117.03858685508675 5.346815 0.012688691926267176 0.0002306454831827699 1.0277331893394112e-05 294.807687751064 0.36594049070427237 3.76089187619931e-06 0.11421100926103465 0.0001715604252178778 -5.855032553920248 71.63120448483404 0.0009107473810255917 0.016079804545996244 0.7185023720062722
20240103005347 TASE 142.90026531539118 5.346815 0.00302036404513362 6.827348316290448e-05 2.314342588293456e-06 497.9002780664498 0.28158446034527046 6.516829087786893e-07 0.1420275635217862 1.1252246853001185e-05 -6.839586343059217 19.256487792110207 0.00018978264164997842 0.0038855607766128974 0.19261936387422987
20240103005347 TSJN 233.28883440480183 5.346815 0.012199335333651059 0.00046089831937102643 3.1163143922873646e-05 168.36308955931298 0.4842352769812881 1.5090293629100465e-05 0.2373825679164358 0.0005835862965860488 -5.366149705841019 51.87979501600709 0.0021271878361156333 0.027998635574260366 0.5201292541860353
20240103201116 BBSR 147.35672143078287 4.617466 0.0011666412026525921 1.4453124750289152e-05 5.618337945251236e-07 911.2392595732904 0.20814388534262393 1.1694226890924866e-07 0.07784026559954504 4.899356370719831e-07 -8.099955218131477 5.886225024892586 2.8593807057819655e-05 0.0008472151232341552 0.05919525449288239
20240103201116 BEFA 155.0685487842219 4.617466 0.007116428987960045 9.661548713923818e-05 2.316179561978867e-06 2616.4703160458207 0.12283495253432036 2.8450780655663705e-07 0.08530303755806519 2.741339487178894e-05 -6.3907338196111 50.16436940630648 0.00012720370435659884 0.006416776752297639 0.5020069745320674
20240103201116 BEKI 166.7181213651592 4.617466 0.006991290006811073 0.00012958675991835047 3.702500075177433e-06 1146.7928487085487 0.1855399265455842 6.86961591983441e-07 0.11646171523864107 3.8526777260486716e-05 -6.2736697821224965 37.62319809935855 0.00019431413657663898 0.006465443409905694 0.37643491068809537
20240103201116 LESM 83.77439354560518 4.617466 0.008081901065254967 9.497192570329894e-05 1.8401432076307783e-06 2673.401126288483 0.12152001235714058 2.2361422533020047e-07 0.0738348815897926 3.055244780435399e-05 -6.333252066558717 50.47955267271165 0.00013598086590425876 0.006706042596795271 0.505204899842488
20240103201116 LHSM 120.52510119395366 4.617466 0.011166877910044965 0.00028858823073381584 9.317447177824903e-06 1153.4383522713026 0.18500466284551556 1.7237711737143965e-06 0.16237782357596875 0.00015262646743586885 -5.616972301800014 65.8882348020399 0.0003648079076967335 0.01304047009247004 0.6600763880076959
20240103201116 LLSI 202.84995693756883 4.617466 0.002333101430101959 3.895078058044128e-05 1.3116782674394794e-06 995.7285236334013 0.19911748322531062 2.6117807541388504e-07 0.10489684206978923 3.7388727880820244e-06 -7.341477466480716 12.483276447363805 6.321448337376657e-05 0.001947139152259442 0.12555926578505602
20240103201116 MKSM 73.41257540209278 4.617466 0.005633457077155541 0.00010213063533210469 3.6561259021069034e-06 740.6452241573269 0.23087385519926884 8.441038821133254e-07 0.11390975355679964 3.4836605925528844e-05 -6.42183631655029 40.28240854846902 0.0002868201803425454 0.00755115756892032 0.4031588930059221
20240103201116 PPSM 118.11209950612023 4.617466 0.00284036588484963 3.163648657189536e-05 1.1009429308925061e-06 705.8506202900061 0.23649581940335798 2.6036840055775776e-07 0.06998320486089087 2.5480686056954324e-06 -7.264509553918895 15.176012172012362 7.54028594047012e-05 0.0017956835307453424 0.1522352878812902
20240103201116 ULSM 150.68278476008598 4.617466 0.007827502215005647 0.00011155502388914706 2.9588518257391334e-06 1370.372994932002 0.16973072742998854 5.022080727402528e-07 0.0895459199869228 3.503759588728471e-05 -6.265611107273069 40.9452264056832 0.00018177028483599996 0.0064352375662893755 0.4098400817418654
20240103201116 UTSM 116.48251303172651 4.617466 0.003663240126214961 6.163394847838863e-05 1.6020949079730341e-06 1477.5730532813157 0.16345770133570664 2.618747509789126e-07 0.10571447848356269 1.0562692663486684e-05 -6.889676427548361 28.46897536720129 0.00010653679872033814 0.00415105610479352 0.28489317496960853
20240103224429 CLJR 79.84888795800346 3.140824 0.00033181579080644144 6.2924327279470005e-06 1.9788817955647954e-07 1004.1534605917932 0.1982804170538444 3.9237350772484805e-08 0.11915201734843128 1.2417196354781515e-07 -8.836752756301028 1.817125978998266 1.4292085320426252e-05 0.0003924076356151055 0.018176617481609106
20240104065457 CCJM 145.05396404221426 3.522026 0.004576661867988397 6.0950552078555754e-05 9.760637337261303e-07 1928.4333796073206 0.1430795443006919 1.396547542299666e-07 0.08367749777695321 5.4071055344405954e-06 -6.7422638692542165 21.928219225250512 6.0497309019175734e-05 0.0024092329935326744 0.21979273792733386
20240104065457 PGJR 53.32868512088233 3.522026 0.0069182328629539295 0.00010220088747366181 1.654481293287341e-06 1686.1254575843461 0.1530153237805228 2.5316099078118055e-07 0.09281952881259967 9.401098994245618e-06 -6.376721484440671 36.29847758612824 8.271098503037381e-05 0.0034870018913636287 0.36315872871656385
20240104192424 KBSR 52.35799699128441 3.253228 0.0008620877164190557 2.4589614162264266e-05 8.646780351930693e-07 624.6511312210581 0.2513975858961593 2.1737797062497188e-07 0.1792173806342136 2.7796535547953763e-06 -7.827662517928932 7.889755292421387 0.00010337628239452443 0.0024969573345378633 0.07916760963595056
20240104192424 LLSI 77.6100147072567 3.253228 0.0018285812268282456 2.2441639285785978e-05 6.858772514542368e-07 1259.8032259137733 0.1770225165219463 1.2141571707758476e-07 0.07711168427232186 1.73341334754475e-06 -7.590359944861216 12.888174524414147 5.0955248539406086e-05 0.0017755108423139366 0.12901628036927737
20240106204955 BMSI 108.10877639518208 3.391759 0.0011589887696992478 1.596094547952223e-05 3.871571563574637e-07 1750.8148075055717 0.15016190279302943 5.8136255278575164e-08 0.086528515847183 1.0527352680003652e-06 -8.088738346309613 8.166969690993252 3.567631446999613e-05 0.001348706491320868 0.08207765998663663
20240106204955 JASI 123.20124003828357 3.391759 0.0011016431532649869 1.4033774543637728e-05 2.9404653956224613e-07 1578.0212336231073 0.1581697568519277 4.6509269665711204e-08 0.08004116918942591 5.529265194123592e-07 -8.164205668592295 7.46073413213 2.677682636664669e-05 0.0009778301148166105 0.07474922003316961
20240106204955 KRJI 141.81276183492562 3.391759 0.000772107367827044 1.829123320558412e-05 1.0469630701544187e-06 242.5131984461905 0.40347086429360846 4.2241909479869314e-07 0.1488487385516904 1.1126549155026054e-06 -8.145499788535904 5.806689537099803 0.00010438429275460689 0.0014958446805222445 0.05825239937555434
20240106204955 RGRI 83.07669101557808 3.391759 0.0013810796105289931 2.0258848470011936e-05 6.207346690957866e-07 1090.2727919140718 0.1902883854373626 1.1811859796723278e-07 0.09216709744806158 4.583801125144171e-07 -7.657578540421416 11.116967162669543 2.4528137018676386e-05 0.0007490478548894075 0.11143596197541022
20240107231908 LPSR 50.707244659018315 3.348261 0.002393419339041934 3.9087533268604446e-05 1.0858413466973467e-06 1027.164811055707 0.19604681990924985 2.1287574294599204e-07 0.10261227972925882 2.557541628384992e-06 -7.377386303564326 14.394400792742639 5.9532803854662724e-05 0.0018509214530440742 0.14429852522683456
20240107231908 PASMI 91.78724564044927 3.348261 0.005855174196141267 8.508795270509614e-05 2.555503001730319e-06 1190.36561295929 0.18211246887006594 4.653889608499728e-07 0.09130785120056449 2.14877007941237e-05 -6.564933872009776 35.23606903933833 0.00018068790439713578 0.0059250477327196195 0.3531156626194487
20240107231908 RASM 40.527777096945414 3.348261 0.007435473411630218 8.718795335091368e-05 1.252037385610972e-06 3613.3877979239483 0.1045255789059777 1.308699325429137e-07 0.07367628624703959 1.0866290517265501e-05 -6.423759516385269 35.195406694753665 7.117590639325081e-05 0.0037693066649198206 0.3524533095565574
20240107232124 CLJR 97.25774977291536 3.551724 0.0012139590114031477 1.6840967761502135e-05 4.450374357328516e-07 1232.7828485806413 0.17895200827963517 7.964034288401287e-08 0.08716515154449056 5.817136244687034e-07 -7.927201532550524 5.682507465805968 2.5576677050221128e-05 0.0009121742346818794 0.056861898343576446
20240107232124 PASJI 117.9612409819842 3.551724 0.014234972925354809 0.000300224683853478 6.174494321597435e-06 1126.8969906201144 0.18717065441679112 1.1556841428661527e-06 0.13251639692836237 0.0001319689085854812 -5.5609506250643825 69.43413533708522 0.00041637733646810837 0.013803874465500679 0.6950232244663279
20240108070202 KCJR 93.87251979876889 3.001512 0.00017468156854968283 3.239656261855112e-06 9.664855092720548e-08 923.7740561945724 0.2067268979255722 1.9979855122182872e-08 0.11652838243784674 3.078563002746523e-08 -9.522207645857035 1.1795767153204089 8.411590755175235e-06 0.0002317417900751697 0.011805590162368563
20240108070202 KJJR 5.110678681533063 3.001512 0.014848875921407788 0.0001541568869044588 5.464231056484539e-06 1254.8839323484551 0.1773691517515994 9.691860274634085e-07 0.06523027681861122 8.915298612770898e-05 -5.844291396286303 100.06676057912566 0.0003424006365174803 0.012505724546208071 1.0041090406717044
20240109115058 LLSM 116.9216198209346 4.325602 0.004402579065908949 0.0001263030396118514 4.037739739336609e-06 1207.778860399618 0.18079489208462388 7.300027204391596e-07 0.1802546622924678 3.307480122031191e-05 -6.336465867705129 30.751398887824866 0.00019431726039104006 0.0069124948169799316 0.3077807562649385
20240109115058 MNAI 221.0636607251171 4.325602 0.00035214472164724606 5.784539014036619e-06 2.036029094039702e-07 859.013161809025 0.2143778738051052 4.364795881855659e-08 0.10321134552801897 1.9447451510844595e-08 -8.863190901207922 0.9109169468964604 5.756065819716187e-06 0.0001532227693321568 0.018380449766736084
20240109115058 PPSM 90.26942550600285 4.325602 0.005657163746084771 0.0001218946122990856 2.9896909697465373e-06 1002.9705706749037 0.19839730721950727 5.931466378161903e-07 0.13538346623818764 3.040971965358087e-05 -6.340365332060674 44.498836886693496 0.00021736896966165334 0.006697470005295547 0.4460379012521942
20240109115058 PSSM 93.44615778129507 4.325602 0.004804443457677306 5.478112013167143e-05 1.9854134241931346e-06 807.6043542350398 0.22109582534619235 4.3896661967539097e-07 0.07164199811158985 9.464210586004097e-06 -6.7625758588952385 27.739851763812712 0.0001318689178707156 0.003693083492122938 0.27814581960130524
20240109115058 SUPJI 194.30251361973046 4.325602 0.0017916451736137433 3.89732073889439e-05 1.3576277216851622e-06 641.1608032465007 0.248139776201973 3.3688143902455063e-07 0.1366765516109204 5.762581651917113e-06 -7.451015305276693 12.759752132396706 0.00013722203430564437 0.0031967250847734973 0.12781344852437246
20240109115058 UTSI 115.78497391119745 4.325602 0.0032982167680386336 9.104578454856781e-05 2.7276890938572476e-06 1221.7234753359153 0.17976014466193782 4.903297861045689e-07 0.17344449318787125 2.7012133866001764e-05 -6.656208661427633 24.525916063760985 0.00016894634559061047 0.0059402529301542635 0.24600678533815318
20240109155238 JMSI 41.08707924550387 3.225879 0.001111075923140046 1.7339142343711936e-05 3.771195320816549e-07 1708.9194278309442 0.15199142082133482 5.7318933500567686e-08 0.09805364524974432 7.143526572685965e-07 -7.982995579865907 7.895866677360967 2.52498697003216e-05 0.0010054584143258797 0.07904132694558957
20240110091632 BLSM 95.09874381842181 3.425378 0.008547259397811601 9.912115267708609e-05 1.9105204451097315e-06 3035.090419390341 0.11404967484684923 2.1789423555302255e-07 0.07286506014908471 1.736294270615604e-05 -6.373797957342795 41.259843453453534 9.442157366502278e-05 0.004693422648629876 0.41312310472279656
20240110091632 IMSR 109.33973452693238 3.425378 0.0018344567352583964 2.503626874019395e-05 5.6877801661758e-07 1378.9205771366128 0.1692038505991748 9.623943054785598e-08 0.08575155405495476 1.2267164415911075e-06 -7.571349121952654 10.889322984215465 3.953574654233433e-05 0.001365256637511253 0.10901184389492977
20240110091632 MNAI 123.57242640635778 3.425378 0.0009770020067828202 1.3263071720027898e-05 6.179278512292473e-07 471.8937563480131 0.28923960032902923 1.7872920472172333e-07 0.08529597358122207 1.2396833692580375e-07 -8.146234627498474 1.4306975965487427 1.9623867657259725e-05 0.0004085953982463339 0.028662846187636006
20240110091632 NBSR 62.61725077387525 3.425378 0.002933300143759059 2.9483961768644708e-05 5.117413078815387e-07 3088.5880304397683 0.11305762977323042 5.785625932613972e-08 0.06315521300346336 1.8908304377222594e-06 -7.245435821762429 16.291010852888107 3.158997538317722e-05 0.0015564422450852797 0.16304788723651586
20240110091632 SSSR 76.50822444091301 3.425378 0.0012605251316027955 2.3750883182151183e-05 4.5003224737573827e-07 1414.6353424952695 0.16705428361755204 7.517981469015092e-08 0.1183881197615466 1.4529355914765682e-06 -7.693155715634618 8.410907744536544 4.2241047330341304e-05 0.0015611395424191999 0.08434798782066528
20240111044504 SUPJI 21.266247552219053 3.171138 0.009538171659479662 0.00015755226478174198 4.592656067658948e-06 604.6137559341836 0.2555293889532514 1.1735585986413334e-06 0.10378614587059265 3.9296446396731426e-05 -6.08194856982177 63.49808419456663 0.00033329192958854784 0.007772914787584114 0.6350952050096456
20240111180131 PASMI 196.1555631021009 3.541501 0.006317913976388699 0.00011197662023121888 2.908452944748761e-06 1091.6782107106492 0.19016585802959277 5.53088449776844e-07 0.11136110077057133 3.071194317716149e-05 -6.366305031120951 39.43842513354942 0.00021286148712604039 0.006962554120723193 0.39541424127517766
20240112144628 BBSR 63.950781647716724 3.393876 0.0018811822854651718 1.1669167588020409e-05 2.854093333128275e-07 1005.2790915785505 0.1981693766989273 5.655938968665942e-08 0.038975245994268916 2.36409355370609e-07 -7.978964806582403 9.55396617241484 2.2166129213292726e-05 0.000638251911417591 0.09565952873177076
20240112205208 APSR 106.13444365103702 3.341528 0.0008445049949499184 1.3487186554509577e-05 6.461001444389006e-07 387.2674128947661 0.31928196764941275 2.0628812541502198e-07 0.10034575627289227 6.410417462817595e-07 -8.230921055037818 6.86382029382875 5.7480233095957994e-05 0.0011941342366155985 0.06875883040630024
20240112205208 JPSI 60.37037894918729 3.341528 0.002887752098776974 1.3629762861106407e-05 2.2291520002109948e-07 1861.4276163095835 0.14563199265736537 3.246358477268789e-08 0.029655705483000245 4.4732148065225865e-07 -7.795743120676672 16.002306347646257 2.4343279794679915e-05 0.0008754853614699858 0.16026103576029166
20240112205208 PDSI 104.4161214648816 3.341528 0.0007507637002949682 5.866181402416198e-06 1.8361500812370476e-07 556.0887812845044 0.2664451390937156 4.8923326379214234e-08 0.04909441517008655 8.355476253555313e-08 -8.830974691067555 4.592368992716829 1.8613855993480355e-05 0.00041998588764048173 0.04596811417530745
20240115111218 PGJR 49.616827824808084 3.180969 0.0020641674065152377 2.0880467867013903e-05 4.49577031983806e-07 1374.8205352881737 0.16945596583670242 7.61835101728139e-08 0.0635587251765322 8.13062347597706e-07 -7.607272145263863 11.826342127725173 3.011731125026786e-05 0.0010666705109066612 0.11857077396932263
20240115220427 CILJI 27.305355265148144 3.128122 0.08504421814025846 0.0004287475323603938 5.6632243224177534e-06 2861.664251627315 0.11745473496520291 6.651725118380681e-07 0.03167646495818727 0.00020035027098138405 -4.748401742234375 268.59686385062366 0.00031465384753325546 0.015788366396206264 2.689448029167056
20240115220427 CLJO 25.525583428667947 3.128122 0.012951534578417807 0.00014863004542924862 2.8069127547627062e-06 1571.7076798054063 0.15848712261790615 4.4485952594184177e-07 0.07210497813924482 2.482329192248438e-05 -5.890933064677858 47.11973879869417 0.00016560495061479123 0.005676780038972379 0.4715546941930644
20240115220427 DSJR 42.71479741281618 3.128122 0.0032010432186328187 0.00011136668896072566 3.707576412020804e-06 992.1539816609454 0.1994758519302994 7.395719633845325e-07 0.21859671863041322 2.263011412817342e-05 -6.540810545725193 19.5843465939177 0.00016412021261017593 0.005188823382480072 0.1961231937607748
20240115220427 GBJR 18.229013490262446 3.128122 0.008969461744350808 0.00014277269925677273 3.3472371427105443e-06 636.5289933367367 0.24904095511499202 8.335991350170108e-07 0.10001350714289181 2.2575521744509474e-05 -6.109195462210337 29.17042022959617 0.0002259666470410263 0.005117281644070618 0.29188581185371554
20240115220427 JARU 50.7319531452115 3.128122 0.002463173021150797 2.954103034063153e-05 7.279762023764766e-07 560.510482542947 0.2653921048019809 1.9319913659444592e-07 0.07535474211571398 1.643585657446484e-06 -7.31972126381305 17.635005229668486 8.362807415164761e-05 0.001793507036761193 0.17658499789319893
20240115220427 KCJR 64.34063594348645 3.128122 0.0008560300489780548 1.6811181472762617e-05 3.8575320103344985e-07 1325.4252127101638 0.17258468513010106 6.657509473828651e-08 0.12339259416429624 5.540700293852904e-07 -8.064718567458748 5.112146333484732 2.7252218579251046e-05 0.0009160932414979601 0.05114346120539934
20240115220427 KSJR 15.678367550673535 3.128122 0.0057905172493555555 0.00011254803861015817 3.631283128026e-06 615.343569726327 0.2532917444525727 9.197740380989004e-07 0.12212383662719054 2.1204365986555368e-05 -6.459202975552409 30.043742808131665 0.00021550083473892727 0.005116863245067943 0.30124839201707854
20240117110228 MKSM 68.4036661097512 3.488088 0.004466936485134576 6.852849714568674e-05 2.2091597932313638e-06 1012.045705334086 0.1975057779370852 4.363218235494908e-07 0.09639206821538342 1.0816599439883015e-05 -6.782202827359452 18.02534480120441 0.00011167916216549566 0.0035518228194723095 0.1806860558104447
20240117110228 MKSR 71.72034039216976 3.488088 0.0018030454888674202 2.5612237699554868e-05 9.396405871604164e-07 571.6287596826752 0.26279847030106207 2.469361089385492e-07 0.08925256550178326 1.53162524964189e-06 -7.557977311595391 10.473660219565886 6.524701783168343e-05 0.0015392380090227793 0.10478675548981253
20240117110228 MNAI 70.00966130133476 3.488088 0.00327770000509618 5.4385984512102175e-05 1.2117670969056528e-06 1281.1125574981504 0.17554409465157284 2.1271855795486754e-07 0.10425518451097836 1.0750794491146476e-06 -6.981277739801365 3.319935753961527 3.1119554226678085e-05 0.0010519243604869635 0.06642013562468112
20240117110228 SSSR 109.04801963738508 3.488088 0.0007604021457103304 1.184175742196038e-05 2.593751173480668e-07 1987.6797070418072 0.14093104311823776 3.6554005846778383e-08 0.09784816713706371 4.605756628634893e-07 -8.262446859987689 5.076298942779273 2.1125810218224413e-05 0.0008163775382537865 0.05100440774585759
20240118005313 KCJR 132.223097873266 3.353345 0.00053718316628148 8.614949719899856e-06 2.5096251013216834e-07 1178.334949354039 0.1830397815686446 4.593612303651085e-08 0.10076511867797866 1.749729929607964e-07 -8.565653685379866 3.1276476787809324 1.580192911407124e-05 0.000503568450427755 0.03131772726183734
20240118005313 TSJR 79.65447682427776 3.353345 0.006552194410665504 7.257647716300649e-05 9.852790756633809e-07 2208.8981812647908 0.13368787482165334 1.3171986573168038e-07 0.06959675283980779 3.57076609872285e-06 -6.651899512744081 21.533386808403453 5.455216243127789e-05 0.0019606581536714034 0.21575708202748597
20240118191301 SIUMI 47.51009076397255 3.507339 0.00489518587167302 8.954789976559568e-05 2.330473783082153e-06 1196.5618398061667 0.18164033498025575 4.233080386217462e-07 0.11493864846927385 1.5338039477935038e-05 -6.565424699421743 23.63444110273592 0.0001420620998412935 0.0043934570566523425 0.23672750304753826
20240120211311 CPJR 64.99643286008816 3.099883 0.0006592963808007129 1.0446921820734765e-05 3.848636413547786e-07 513.4141569369773 0.2772974963548907 1.0672172418570668e-07 0.09956060369931809 2.167867386513276e-07 -8.397762777021216 3.5684807716056097 2.654855416126755e-05 0.0005375024219988707 0.03571447741389154
20240120211311 PASJI 112.77175811397436 3.099883 0.003302992145478993 7.960622375191531e-05 1.780202436805665e-06 1537.8501422773993 0.16022226237375672 2.8522806190827833e-07 0.15143259002983483 9.365589044438588e-06 -6.708227659633663 17.74636561750874 8.474684250972525e-05 0.0032084948539780433 0.17862263822498942
20240120211311 TPJR 74.69680652888653 3.099883 0.0004926497283255723 5.457939451919568e-06 1.9183440051131596e-07 669.1933358853387 0.242886884729814 4.659405992420497e-08 0.06960979170400315 7.061446954555237e-08 -8.809332374231548 2.58264631080599 1.4427609702140122e-05 0.00036636914802747744 0.02590277951221908
20240120211311 WLJI 62.188808529185565 3.099883 0.0014517432312129187 2.1736063668285352e-05 6.554816416147641e-07 777.8249360525899 0.2252884553578113 1.4767244655479266e-07 0.09407429147259469 1.1167860583099555e-06 -7.763630031804784 9.281921851702077 4.6338787685578176e-05 0.0012493359556893953 0.09293846367133611
20240123155545 BBSR 227.85547519448093 4.020262 0.00015388531372949405 2.4735194244401804e-06 8.846961127043821e-08 491.4165892770813 0.2834359682277024 2.5075469929165105e-08 0.10099456879936886 1.7570967851825183e-08 -9.644716379404056 0.8157652855612157 8.602973682024192e-06 0.0001839693210175597 0.00817621086192133
20240123155545 BTSR 139.76391895938926 4.020262 0.0033182829044186434 4.253992103768553e-05 1.1495120657821282e-06 1226.7229245802569 0.17939346885206137 2.0621495696795494e-07 0.08054955364916166 4.388897181586647e-06 -7.141560721686262 17.487146478001975 7.473153289867713e-05 0.002665529271659192 0.17525959189422446
20240123155545 MNAI 113.5775565026899 4.020262 0.0019879446519588183 2.4124021687261682e-05 6.527610284928886e-07 2230.1072284484985 0.13305064849602005 8.685027815390785e-08 0.07624744404535076 5.718319777325505e-07 -7.38702074056012 3.6302046374982084 2.0579988013600632e-05 0.0009810654525992525 0.07266766534602742
20240123155545 MTSM 156.7408184008334 4.020262 0.0026802661526595635 3.830788450924472e-05 6.980775534320116e-07 3705.7742351727798 0.10321442312688277 7.205167197531077e-08 0.08980284919047406 2.0326744164134973e-06 -7.2406072781004935 14.11788575341151 2.7167799046509998e-05 0.0014186803645055246 0.1414977989780385
20240123155545 UMKSI 168.8631510530813 4.020262 0.0019408715933645457 3.7795222012171905e-05 1.5195369333175387e-06 1031.0263106348655 0.1956793487471699 2.973419975088477e-07 0.1223545052853299 4.5256881699087735e-06 -7.371074129541386 12.307838986332953 8.385665895363327e-05 0.0025410939715682086 0.12384452460711824
20240123155545 UTSM 123.6282146778547 4.020262 0.0023551589439717445 2.5498538598600214e-05 4.058561200093431e-07 1824.7240021084674 0.14708936598918487 5.969711937500481e-08 0.06802600032042616 1.1215221820406624e-06 -7.555377496356734 11.552093197032125 3.3783079737210404e-05 0.0012020149540322234 0.11564961427260541
20240126075923 SISMI 34.53474711568745 3.092034 0.014666878621818907 0.00032433613033930266 1.052079253008852e-05 640.6489999678889 0.2482388736772495 2.6116696878611942e-06 0.13894326538598334 0.000181933760810542 -5.510858489824971 82.46923425869218 0.0006360918171126522 0.015523740736193753 0.8269595491201256
20240128104331 LPJR 82.36028434190028 3.042453 0.0018132291473291638 2.1673483767388833e-05 4.1657291836916176e-07 2858.236666610256 0.11752513946877181 4.8957790330249034e-08 0.07510276070911388 1.5022982521952904e-06 -7.684606989447313 10.233399668496252 3.155192544811125e-05 0.0014691692923835017 0.10257254760098218
20240130013849 BEFA 37.70324281397463 3.582914 0.0024280994034618945 3.134063242682827e-05 1.1224917191983463e-06 628.6802659384738 0.25059070286737073 2.8128598887671696e-07 0.08110005747754957 1.8661834031013188e-06 -7.511203921667143 16.623323257803435 6.844343243780693e-05 0.0015897470539798925 0.16682786591032067
20240130013849 BLSM 107.27349081070712 3.582914 0.006218574615591178 9.992962796791905e-05 1.997680795194717e-06 2160.732176523247 0.13516971519293505 2.700259441328659e-07 0.10096789200305531 1.0276954781831911e-05 -6.466434688189676 23.338124343986088 7.425145090627307e-05 0.00324537379327382 0.23361935078675117
20240130013849 LLSI 59.70714054729953 3.582914 0.009095121294073041 0.00012167167764137683 2.944717492347776e-06 2632.1565676625833 0.12246839013303798 3.606348106844287e-07 0.08405448069773158 1.778772122997648e-05 -6.179680556399067 27.681721041227753 8.061263816881199e-05 0.0036527637994190967 0.2770210529276504
20240130013849 SSSR 60.53191921957302 3.582914 0.0015994627444622296 3.33887622778193e-05 8.808248371162828e-07 1327.3703277191219 0.17245818684762945 1.5190545433943267e-07 0.1311614048500023 4.219539602957412e-06 -7.467217990605007 11.103179564670764 7.312007929547765e-05 0.0026206695309282163 0.11126362489160374
20240130013849 ULSM 46.432387137980456 3.582914 0.001880754834152379 3.7733748577439605e-05 1.2796331153581812e-06 913.5451684534702 0.20788102801265215 2.660114474996914e-07 0.12606009584094904 2.4333812858649672e-06 -7.330887129161795 14.147982309256555 6.440915411101468e-05 0.0018397442959591382 0.14150841570648093
20240130185751 CGJR 105.5548236003198 3.295378 0.0013213826059391837 1.3966428424194826e-05 2.813721567528914e-07 1353.2961636650223 0.17079826039341064 4.80578748965359e-08 0.06641048359063621 1.9418217129174345e-07 -8.069010219104431 4.9710930671952696 1.467643420568199e-05 0.0005457950307025361 0.04976937953280017
20240130185751 LPJR 112.26510511314792 3.295378 0.001894995957274461 2.6118061593348907e-05 6.316994237903911e-07 2803.5938973079114 0.11866491032551377 7.496055547676547e-08 0.08659892926176478 2.349425601078242e-06 -7.592597777284458 13.437672283937392 3.651529915590721e-05 0.002005958243447659 0.13462201716680403
20240130185751 SSJR 171.36092137846785 3.295378 0.0003263380470952359 3.1248667923532337e-06 8.960009260757006e-08 875.7993077671167 0.21231348035258005 1.902330750142668e-08 0.06016496480067914 2.73410103484045e-08 -9.192520645433031 2.0216394411306693 7.464580070634949e-06 0.0002110624901485017 0.020272514458131184
20240202102136 CGJR 27.02793451161085 3.09642 0.000819709260984937 1.5031411704984097e-05 4.860565964688997e-07 789.8761202064464 0.22356323031780095 1.0866438282386307e-07 0.11521785792372408 6.039414327150078e-07 -8.134053720855343 5.745962594154628 3.535563365596054e-05 0.0009520172115574728 0.05751121454630815
20240202102136 MGJR 15.200841878334169 3.09642 0.00296288855863697 8.327397081333172e-05 2.8783778738881788e-06 649.0780953868903 0.24662175946221032 7.098706156553987e-07 0.17659313859766948 1.3217889511209762e-05 -6.728622865951032 19.094874758015795 0.00016090962706922146 0.004073443322213211 0.19130435343361873
20240202130308 LLSM 75.40359465452957 3.893638 0.007740935086652688 0.00014791806430767955 5.695261085127807e-06 1026.8810782350668 0.19607390243931752 1.1166920663717912e-06 0.12006257615142257 4.306947900671027e-05 -6.244793320629391 40.01023640749361 0.00021649331232822088 0.007026022689001736 0.4002185341698348
20240202130308 MKSR 198.88291887424484 3.893638 0.00026106713766802707 7.545746690824417e-06 3.565302310785355e-07 430.48520912907236 0.3028312932418186 1.0796851095731734e-07 0.18160587028680414 1.6727384676849205e-07 -8.933322790769694 1.4709423370637023 2.2692694784678563e-05 0.0004502418749513726 0.014827270001537128
20240202130308 MNAI 239.84506256578373 3.893638 0.0003150526639310323 2.2480883620955407e-06 1.5804774084422784e-07 172.99835526341644 0.477704003784432 7.550003859037195e-08 0.044834268625807396 5.315537281049359e-09 -9.623377643649578 0.9923956132828278 8.655446594290014e-06 0.00010871256396010672 0.019960251087328705
20240202130308 PPSM 87.68348319518041 3.893638 0.006490201066931649 2.1699251760248235e-05 5.860291511109032e-07 1159.1338107528202 0.18454958859506626 1.0815143874223311e-07 0.02100711802773773 1.2806910072169543e-06 -7.203380813760181 26.73257902642146 4.877345688219628e-05 0.001425461692814604 0.2674032271570822
20240202130308 PSSM 48.29807848384609 3.893638 0.03212127491287861 0.0002648386375731875 6.43015520360338e-06 1413.6366419857493 0.16711328312881002 1.0745643471019627e-06 0.05180461363649485 0.00014179245592539982 -5.417402369273765 150.97703379467322 0.00033349352312889754 0.012835449428696107 1.5119325236237908
20240202130308 SUPJI 157.06051046409874 3.893638 0.002887699012528818 5.371852573425102e-05 1.9632155673717292e-06 454.24539712629297 0.29480483414589154 5.78765439731655e-07 0.11688318282216616 6.24104127113071e-06 -6.978103549652586 13.992490191741783 0.00013778763345301132 0.002948356625980794 0.14073171949971824
20240203010955 KTSR 125.1767480841758 3.673048 0.0007853212881746484 1.8422099588285705e-05 6.850041383535612e-07 773.7852961210648 0.2258757626729728 1.5472583218475322e-07 0.1473912234437916 6.031424095179702e-07 -8.019897579980867 3.4090748128755375 3.255746403294202e-05 0.0008492820085899816 0.03425155610334382
20240203010955 PSSM 87.05667684676096 3.673048 0.003005121726305632 4.253402988444118e-05 6.920185633628174e-07 1388.8168567257528 0.1685999256639122 1.1667427834101832e-07 0.08893123672351302 1.7641026348752476e-06 -7.131792963005965 13.14676614365979 4.2302495759072164e-05 0.0013704728761892927 0.13172644986823587
20240203031134 CBJM 106.16815263287805 3.619267 0.003155425793197938 3.1903581376895345e-05 5.313434314681255e-07 2702.1497672699966 0.12087184749725818 6.422446221708511e-08 0.06352743714836669 1.5606206688812528e-06 -7.133437957114579 15.420771634190366 3.0106806778635373e-05 0.001287505408950512 0.15434847022287682
20240203031134 LSJR 76.70665401233893 3.619267 0.006851460608161414 5.611740675597452e-05 5.45798114524732e-07 5865.523711852407 0.0820401547620449 4.477736178444132e-08 0.051462904885733345 2.621235881969229e-06 -6.781944425625507 23.179265581243964 2.6990736447882824e-05 0.0016665580278660956 0.2318491379932815
20240203031134 SSJR 63.688457251774594 3.619267 0.010008108955480127 8.644501215700707e-05 1.544635230842058e-06 1985.8195910500394 0.14099703267954242 2.1778898412101018e-07 0.05427099491822135 5.9280418862023345e-06 -6.3594222486665615 23.89521199248159 5.860812288895615e-05 0.0020698524303375495 0.23913228808583975
20240203075836 CILJI 126.56905829634029 3.425205 0.01900260500353449 0.00014691554331221934 2.3824598222152194e-06 3335.898107004538 0.10878611813574234 2.5917855567316453e-07 0.048577423093515135 5.277709846511983e-05 -5.88621007745001 88.38466749245804 0.00015276245717530854 0.008328316231174188 0.885627879110903
20240203075836 CLJR 110.91406854297449 3.425205 0.0029989643098072304 4.32179331224243e-05 1.307459604655303e-06 1806.2377232510353 0.14784015670860615 1.9329503284241225e-07 0.09054668690570078 4.234967731773383e-06 -7.164270090256498 14.78043085981748 5.3298347597890145e-05 0.002338812324042422 0.14805575974315366
20240203144448 RSJR 66.98457727470804 3.123352 0.0010108399051501193 1.2939525059011175e-05 1.8213006583177606e-07 2452.13590995289 0.1268842157396966 2.3109430565684217e-08 0.0804295846636437 2.657491966502017e-07 -8.126605440398901 4.674920696670206 1.308024989428822e-05 0.000546457099323046 0.04709352857829206
20240204185528 CSJI 80.19779462959846 3.303855 0.0010275444787639003 1.1311328415127095e-05 1.971208223722329e-07 1920.5468498121954 0.14337301411260528 2.8261806447862503e-08 0.06916603025117281 3.331516421153306e-07 -8.201596132927335 6.870477576964698 1.8341637378533795e-05 0.0006950911683207066 0.06887769579303551
20240204185528 LSJR 96.77099072839005 3.303855 0.000705357603031833 5.950796641163224e-06 1.6892998117152634e-07 1179.5460828647692 0.18294578670432374 3.090502830337148e-08 0.05300851349876636 8.484514515429686e-08 -8.590192517721992 3.383343814576675 1.1050077643692617e-05 0.0003553958319491659 0.03387380040999308
20240204203357 SMSR 77.14697563934267 3.361218 0.00033893649890591026 5.489118114764639e-06 1.780278227629343e-07 485.4511569463653 0.285172142260895 5.07685755993489e-08 0.10175695565214642 6.1280975158457e-08 -8.969757400606065 1.5156063553137713 1.4613749464648708e-05 0.00029557354741852716 0.015185037783111413
20240204203357 TRIYO 40.08692741920014 3.361218 0.005212618487162698 0.00011021482374699908 2.8262737455526326e-06 996.8777531813852 0.19900267592646864 5.624360382656973e-07 0.1328507280757219 1.0316934435158729e-05 -6.402164486116386 13.050530461439088 0.0001102921128041583 0.0027636699189550087 0.13073701743059124
20240205012524 CSJR 35.41263612795131 3.371671 0.00327981760126943 5.569353037399232e-05 1.0955622588562307e-06 1587.8253278512102 0.15768068783262598 1.727490105399159e-07 0.1066927537724627 3.484141918820243e-06 -6.953258987459647 11.655290770913904 5.4346224587609534e-05 0.0020602054174846257 0.11676288935563724
20240205012524 KCJR 14.323425142239824 3.371671 0.0027213459591798233 3.9527767578241835e-05 1.0274901840366262e-06 1805.6543216088342 0.14786403814136545 1.519288477622703e-07 0.09126376881095674 2.436303595839364e-06 -7.098735827020224 13.969624827292293 3.885830678853475e-05 0.0015273140710851624 0.14014894745453219
20240205012524 SCJM 17.05760159695158 3.371671 0.002948886782353319 6.430134676498381e-05 1.4620799119816443e-06 703.4838853606137 0.2368933074969408 3.463569461741678e-07 0.13700671034348272 3.969576532335041e-06 -6.835165178635612 15.951476717900865 0.00010070499426252115 0.002155314771815361 0.15971046928508337
20240205012524 SSJM 17.619785514960085 3.371671 0.0020040527525498767 4.023407521044138e-05 1.367104224053899e-06 735.45796266865 0.2316866132548917 3.1673974763750447e-07 0.1261434609885161 4.592961620740251e-06 -7.329074824079906 15.13664749889847 9.665444456644277e-05 0.002599748187893395 0.1515440889410392
20240206014206 LPJR 127.45250892635583 3.295106 0.0029110317249303307 4.672080790117041e-05 8.860734961135355e-07 2796.0526823753 0.11882482773687111 1.0528753053789799e-07 0.10084242340272656 5.108749890913318e-06 -7.064049687849179 15.210228173161585 4.940745369475498e-05 0.002530720790173363 0.1523886753582886
20240207183103 ACBM 115.81218177539074 4.65155 0.004963867338824102 0.00012642656381078318 5.402110170538259e-06 542.7342808734303 0.26970328822328926 1.4569668763386422e-06 0.16002875861732696 3.567374938993207e-05 -6.426294348293461 29.300664513204786 0.0002954993943811894 0.006780143522378445 0.29347259994392905
20240207183103 CBJI 111.82160434031121 4.65155 0.007234555394259269 0.00021061549578769935 8.265998983125466e-06 662.5849196104582 0.24409511875609688 2.0176900034237867e-06 0.182918799633175 0.000184208317255014 -6.012829120346958 48.35535519810929 0.0006119858012155125 0.016285603795920898 0.4852792858875027
20240207183103 CPJR 155.05036715374462 4.65155 0.0035515409498955456 7.001083159181745e-05 1.8075465523793134e-06 861.3731045436914 0.2140840020199195 3.8696679977067146e-07 0.12385920213423682 9.895462338453601e-06 -6.805861533823157 17.164747033285916 0.00011286090023064826 0.0034638848626181874 0.17262097697576445
20240207183103 JAKO 169.09013821998983 4.65155 0.004795552597278348 9.402569708253842e-05 2.6750348350609737e-06 1153.2432758817242 0.18502030937750402 4.949357727785818e-07 0.12319349364275844 2.3477845101007148e-05 -6.600774344527593 33.933420595011846 0.00019553630481065288 0.006193252010002341 0.3396263284233578
20240207183103 JARU 161.12920084403305 4.65155 0.003627133727206778 8.622438837515835e-05 3.6283427013722543e-06 260.49419376373555 0.38929680958666796 1.412502237731291e-06 0.149364167660989 1.735035507289958e-05 -6.686603148994905 23.42546008533276 0.00034064555345942303 0.005143987609526718 0.23483507841443338
20240207183103 JBJI 142.7823656183925 4.65155 0.0024556133702345094 5.285247414884245e-05 2.8375610236883683e-06 308.33550923156224 0.357822871816335 1.0153442344502713e-06 0.13523378437558442 8.628204827878621e-06 -7.023926654825129 17.19783668288821 0.00021209971574988082 0.0037745614368797464 0.17220128723964953
20240207183103 JPJI 143.07004531910164 4.65155 0.003386951252476245 8.727047620670147e-05 4.480382441494817e-06 327.228495538192 0.34733960857501395 1.556214283495175e-06 0.1618968012756653 2.7982046090993236e-05 -6.784346837905981 23.55491089215338 0.00037151914627733606 0.00655024997048511 0.23590665743362324
20240207183103 KSJR 99.77714195543334 4.65155 0.00992013265342816 0.0001788927739708644 5.099968821345706e-06 893.4515623332701 0.2102056388926325 1.0720422044234801e-06 0.11330659460344018 9.904048396091736e-05 -5.962051669703569 48.067325014047114 0.0003705668889429832 0.010815737140738808 0.48150808842299453
20240207183103 PSJM 89.38996897180064 4.65155 0.002745209319578225 5.5559016477964725e-05 2.8095459113596444e-06 270.22516255491263 0.3822231391485363 1.0738734578218186e-06 0.1271624693702156 7.968838282040238e-06 -6.993674540778254 15.195878282848039 0.00019501612586557082 0.0032667370795723756 0.1524521375863711
20240207183103 PTJI 160.32323133403798 4.65155 0.005465129760166083 8.520636280300512e-05 3.286518732352383e-06 433.46157805097926 0.30178980503167846 9.918378474695846e-07 0.0979605956923858 2.0185521022027938e-05 -6.568551591402617 30.121487445904393 0.00027661288885365374 0.005546880169287315 0.301426021568175
20240207183103 SCJM 102.72503067098671 4.65155 0.0056358757422762 0.0001253404729183765 6.386313728132816e-06 261.15250855825025 0.3888058291200205 2.4830360040872486e-06 0.1397364764322529 3.69604546874447e-05 -6.324762391761813 27.4372483101324 0.0004417394485277431 0.006425746296410676 0.27531105034808706
20240207183103 SICJI 213.6970699689549 4.65155 0.008111878843923098 0.0001146884717662411 3.3728122830165755e-06 770.7092603722697 0.2263260686881153 7.633553444381285e-07 0.08883378740849429 2.0292970297043275e-05 -6.286666981689076 38.340817712085 0.0001920293481923786 0.005167806318886139 0.3839601048322057
20240207183103 SPSJM 140.6410205830265 4.65155 0.001712115006664709 5.2259054154772364e-05 2.476733390429891e-06 524.3658005026712 0.2743864677145049 6.795821264706276e-07 0.19178228095320404 9.288810911328598e-06 -7.229716370360446 11.15522227203889 0.00013902878164194984 0.0033340156282028795 0.11165589628223291
20240207183103 TASE 151.98043908397742 4.65155 0.005127429251993651 0.00014078617228093234 4.941831568553182e-06 491.2144373928663 0.2834942841249383 1.4009810027930053e-06 0.17252029538694516 3.8739180835858694e-05 -6.3035674190118876 33.68044760407217 0.0003388785063387764 0.007204255210978392 0.3377914203949089
20240207183103 TSJN 153.50550224065853 4.65155 0.0030541665694411016 6.129439704981745e-05 2.5020911639132336e-06 520.9523652528428 0.27528393098354953 6.887854912812397e-07 0.12609792105291778 1.0781446107738936e-05 -6.964538781227096 24.629675601167982 0.00018186266278845034 0.003905248414279252 0.24671477056851804
20240207183103 UIDS 150.51611942026122 4.65155 0.0014954971781683296 2.7548329848784487e-05 5.640825249339071e-07 917.0022255860732 0.20748880693833716 1.1704081011330121e-07 0.11574161681483078 9.149164852209891e-07 -7.624803804869381 5.023935407395539 3.8674967338864964e-05 0.0009518511450093709 0.05028196985547457
20240207183103 WLJI 145.76086486719254 4.65155 0.004798302095698086 9.960929664159206e-05 2.964934664192023e-06 666.3320479609043 0.24340781483158994 7.216882677294142e-07 0.13043440296892972 1.979401015307857e-05 -6.451357825317531 31.318852483665857 0.0002231999492860955 0.0055823866293554965 0.31430354499919405
20240207183103 WSJM 82.7340336650201 4.65155 0.014788767782943735 0.0002986024681110445 1.2824544543045648e-05 535.1530266631605 0.2716069479252546 3.483235401868107e-06 0.12686483876545254 0.0001409491327072678 -5.550171372872206 77.851522849031 0.0005083019452802104 0.012802757191221398 0.7808605781148897
20240208030444 KTSR 89.10857572003002 3.059468 0.001727108176502146 3.6943072338265364e-05 1.0676896578793236e-06 1367.9887488256006 0.16987857354799304 1.813775960724842e-07 0.13439816479125627 3.2963451866396546e-06 -7.408360460761635 8.625995124893304 5.89666240877224e-05 0.002123856114370237 0.08638700607145992
20240211200054 BLJR 115.38183259399464 3.713663 0.000858350064561768 9.666376892203262e-06 2.3016483404357095e-07 1217.5381598763431 0.1800688444171169 4.144551569168331e-08 0.07075858646758591 2.576942050909029e-07 -8.431743458079907 4.556859947283991 2.0219456623706163e-05 0.0006827095500950572 0.04559815173782563
20240211200054 KTSR 158.19343019130477 3.713663 0.00018101629802140968 5.433276954308206e-06 1.8824191850611054e-07 559.0145137789982 0.26574697308412304 5.002472005054704e-08 0.1885923328578351 6.554690102697698e-08 -9.111945981638407 1.3078011276505963 1.4743598762031485e-05 0.0003471053624342421 0.013098195026002448
20240211200054 LSJR 167.70548013564232 3.713663 7.759973963367221e-05 1.1922170026073657e-06 8.414533949619448e-08 138.30519140726742 0.534269801575972 4.4956313836174626e-08 0.09653280267581998 5.130557997344814e-09 -10.207254262744144 0.4480946291536697 8.99361336568101e-06 0.00010676676134632211 0.004490162938075112
20240211200054 PASJI 107.45896382528228 3.713663 0.01642754559956995 0.0006113792514790314 2.386602619674389e-05 592.213303558815 0.2581908152024237 6.1619887593797046e-06 0.23383950491715974 0.0006265252991109477 -5.129302255139445 84.08105660919985 0.0010730604342723139 0.026101576478804372 0.8437186511561655
20240211200054 SPJR 44.1203219963881 3.713663 0.004808798232691631 3.58125431990521e-05 1.1752412872019095e-06 1174.7701278696397 0.1833172868765313 2.1544204419513633e-07 0.04679273996386194 4.653355229316529e-06 -6.981186750031048 40.773921199684246 7.973716608574075e-05 0.0028935945851800244 0.40816040539646725
20240212070238 CCJM 76.09049689647063 3.586867 0.020894370720544585 0.0002703757666362178 4.570030053975867e-06 2998.4107989382946 0.11474514040007498 5.24388740176023e-07 0.08130520258625058 0.0001068165872320002 -5.456799188921567 93.93576004851947 0.00021114187072004937 0.010810355647966898 0.939449742175106
20240212070238 JSJR 53.050256057009115 3.586867 0.005931147335652755 6.858541028641736e-05 8.955136378901346e-07 5431.461446258389 0.08525532568196346 7.634730685096333e-08 0.07265623627457476 9.910742541148182e-06 -6.70190315856406 28.242691418484075 5.2816822443040074e-05 0.0034895302572087823 0.283146346955991
20240212194401 BBSR 121.8357166945256 3.633412 0.0007775975553799244 1.663049912314067e-05 8.792175438038108e-07 322.85458229075937 0.3496845069585954 3.074487533143828e-07 0.13437864743611072 4.912616596622147e-07 -8.04042379417484 4.70360117284534 4.35879165268815e-05 0.0007718421242785422 0.047151787645948295
20240216065528 APSSI 55.23723939562193 3.992455 0.06950042992711733 0.0009984021705599787 2.272917438956371e-05 2993.8463151438805 0.11483257856484586 2.6100497038036572e-06 0.09026053299666051 0.002015009598683966 -4.515943344544643 317.6442491633812 0.000838969350911546 0.047456271719973256 3.1819469418576802
20240216065528 MBSR 43.13931056572059 3.992455 0.0049059272472322234 4.119774072391788e-05 6.58996354034533e-07 3879.8188829479873 0.10087281536003888 6.647481754346426e-08 0.052763326107526765 4.051626801278576e-06 -6.9878847802818305 25.375562885920715 4.132128899500256e-05 0.002519525377290831 0.255092838068795
20240216065528 MKSM 96.04392540699574 3.992455 0.001682752969218564 2.834332237646953e-05 8.642269136290562e-07 1083.7789679061134 0.19085762225631844 1.6494429382515835e-07 0.10583035654674101 2.015511618276923e-06 -7.474355187316988 13.061908272167841 5.9022831728854455e-05 0.0016632070482325459 0.13077253964816327
20240216065528 MKSR 95.37985749924114 3.992455 0.0017151664417197922 1.4684761437132186e-05 3.9987291153347476e-07 1459.3542142309884 0.1644748541936551 6.57690388204606e-08 0.05379482425548766 5.99751968347724e-07 -7.989720003087942 8.463788643024321 2.4896177093555437e-05 0.0009343540411187025 0.08470099529783706
20240216065528 ULSM 80.92691507037983 3.992455 0.004778663474971642 6.290518934485393e-05 1.6500487974916624e-06 1674.4126712272807 0.1535495745353088 2.5336429081734263e-07 0.08271035688263895 6.742420018651736e-06 -6.741212066540273 26.784774315218847 8.02232485394682e-05 0.0032072991722759143 0.2679449050919263
20240216065528 UTSM 45.60913186085608 3.992455 0.013582161365176343 0.00014117573651597966 2.5655135906474006e-06 3226.8863349473177 0.11060838071777716 2.837673039709592e-07 0.06530870084357471 2.314448310116415e-05 -6.045182784365301 48.297893440004856 9.228960432085471e-05 0.004786564959361591 0.4831701885583977
20240216115118 ISSR 56.60712787819393 3.832375 0.008309794059889018 0.00012002237778031332 4.340827717162248e-06 504.1793053360375 0.2798255464812007 1.214674488135669e-06 0.09075108662946746 1.7225829054709973e-05 -6.3142131595012 42.52184425580262 0.00020599144841329064 0.0047737585524529275 0.42595991528132293
20240216115118 KBSR 125.07406427895285 3.832375 0.0011189438123270572 2.936976326795407e-05 1.4409978460173772e-06 419.00736106313843 0.30695099253952457 4.423157190823509e-07 0.16491950981593487 3.6056012433300614e-06 -7.6981225153714075 7.545169476454243 0.00014168909216411758 0.00282303304905702 0.07552081816975163
20240216115118 MNAI 83.01706726092819 3.832375 0.002117498678041561 2.1964232716378647e-05 3.8270284319466437e-07 1568.357682138084 0.15865629585029506 6.071821551264174e-08 0.06517375699835729 2.37500173990834e-07 -7.751907340945794 3.3173497031109 1.660388793514683e-05 0.000575483729947945 0.06660138019449541
20240216115157 ACBM 72.42508070925638 3.043251 0.002070672211368596 3.568635094261588e-05 1.2545454689524966e-06 895.2361618867458 0.20999601821203473 2.634495531459741e-07 0.10828558700814322 4.766310741380438e-06 -7.358820506577179 16.03849672804003 0.00010136815226019777 0.002812429406022164 0.16061340101171345
20240216115157 CMJN 9.599732392420881 3.043251 0.08879838602066933 0.0012885153633704002 2.1009052033233674e-05 2360.853124796916 0.1293139517683465 2.7167635413242613e-06 0.09117261204859722 0.0008059996195387882 -4.155952984209536 178.49841042769782 0.0005857813975273403 0.024998982931644133 1.7855602476334405
20240216115157 SICJI 61.10298890356527 3.043251 0.004235402175868398 6.959077178070582e-05 2.401676819125804e-06 654.3999582956948 0.24561689499708314 5.898924031001512e-07 0.10323735423736176 1.541009175067134e-05 -6.733217401738107 24.885003172471546 0.00019923009005144335 0.00487073381503752 0.24953287538277222
20240216230749 RASM 50.0684044126933 3.238988 0.0026857120869330704 3.427247322511881e-05 7.964585329217297e-07 1869.6276550051355 0.14531227652171785 1.1573520257400411e-07 0.08017996465685144 2.3111753759775642e-06 -7.340532474651061 17.33670102666411 4.8826081644103556e-05 0.0019248228817784112 0.173976144946362
20240216230749 SISMI 174.91319481084108 3.238988 0.0027116485683039153 5.920019375640373e-05 1.967426491983239e-06 797.6033804898431 0.22247764327801728 4.3770840925916796e-07 0.13717330185787244 6.6769355120545655e-06 -6.968682456740168 18.70313173217827 0.000123541962680523 0.003321574538190583 0.18732601121112874
20240216230749 SKSM 70.90808032178477 3.238988 0.001714131962442049 2.8217440423819526e-05 5.314008910520136e-07 2525.4549806376613 0.12502879708843515 6.644041417995584e-08 0.10343159742764094 2.3648569920896642e-06 -7.481661662261988 15.318540836560329 3.9154998621585264e-05 0.0018626354191832641 0.1533332071043974
20240220042714 BKJI 92.03684172519938 3.601933 0.0016627462988091151 2.3703180105155114e-05 6.649850595462409e-07 680.7854808484431 0.24081011543607825 1.6013512895259762e-07 0.08956957118281313 1.732616998786793e-06 -7.64631505205511 9.816892573349138 7.122701336230222e-05 0.0017669351856779815 0.09836174585341649
20240220215127 BSJR 80.95684456217424 3.295967 0.0008880468821454903 2.1161709712210827e-05 9.407991556899044e-07 296.3080168418432 0.365012861531114 3.4340379194442803e-07 0.14972513975537957 1.894716662379287e-06 -7.90675028809659 7.401716690875616 0.00011420276389148425 0.0018800222098781056 0.07423132089947682
20240220215127 CPJR 58.98778933546084 3.295967 0.0018885937184916725 2.3004686430503938e-05 9.73560283196811e-07 442.0391978904542 0.29884739689137757 2.909459563501993e-07 0.0765345698024746 1.228081500326978e-06 -7.679052309825577 7.460096432662385 5.6556256753264515e-05 0.0012632572031415267 0.07490252690181946
20240220215127 TPJR 68.52791857219808 3.295967 0.002256975641864938 2.0919833310539425e-05 8.646369382092729e-07 714.9538407147721 0.23498539289223908 2.0317705063424865e-07 0.05823863884362348 1.3712069683934582e-06 -7.700273001720022 12.271690866590149 6.01044408693518e-05 0.0014785582509642772 0.12276812876130606
20240220215127 WLJI 56.577984779898145 3.295967 0.0020640519801428717 3.559567469892055e-05 1.6174172614946831e-06 506.8104956712344 0.2790982209908983 4.5141828028313665e-07 0.10835687396395927 2.0292874438694167e-06 -7.540952539914164 14.168200155447234 7.539471542354299e-05 0.0017358721059883239 0.14191203300413738
20240220233414 CGJR 107.13046063103774 3.081689 0.0009760393086546725 1.3948453154652843e-05 2.790368373646874e-07 1813.2082074406278 0.1475557134276348 4.117347960993735e-08 0.08979219908673289 3.295008365892881e-07 -8.080165186463338 4.025793999519381 1.679769820558352e-05 0.0005977587128181317 0.0403267323615376
20240220233414 CILJI 56.30646797868795 3.081689 0.03959204741493585 0.0001694437523440218 2.95521238923701e-06 5349.823785172128 0.08590335578366239 2.538626612889138e-07 0.026890412712521232 6.834149403533307e-05 -5.488904842488299 216.3208657513853 0.0001269898155557749 0.010081512163258517 2.1674196753659616
20240220233414 CLJR 73.60522443814249 3.081689 0.0014230533568963268 1.739377931999802e-05 3.455582238560193e-07 1923.5027849934277 0.14326280780468134 4.9505641409611946e-08 0.07679848273440223 8.349652747351931e-07 -7.8643703846455955 6.629234099759145 2.6887360466064697e-05 0.0010877175382789 0.06646638199106597
20240220233414 CSJI 7.025384168876632 3.081689 0.004241882933796626 9.392344969035807e-05 2.573450148230154e-06 1170.2466379215498 0.18367124393531983 4.726687899309656e-07 0.13912181177661248 9.464871932387477e-06 -6.500009470208043 30.061332624647832 9.469000580682776e-05 0.0036827894653985987 0.30167043870180243
20240220233414 CSJR 45.091058672832425 3.081689 0.0023792802595256554 3.253027778688943e-05 6.466056641537629e-07 2715.897043803543 0.12056554597648514 7.795836493018621e-08 0.08590571144813475 1.3316764915510475e-06 -7.331183986057276 12.30289795664651 2.8357407631764734e-05 0.0014500058831882984 0.1230455134931582
20240220233414 JSJR 8.548877347012464 3.081689 0.007663544814133105 0.00010828988093994685 2.1364482019074105e-06 3443.5309914413174 0.10707248209956632 2.2875481185538187e-07 0.08878468193769776 2.2722079096911218e-05 -6.3131614356408745 44.074726745685574 9.820169640698887e-05 0.0056593029238497655 0.4412315473471081
20240220233414 PASJI 133.29941234671568 3.081689 0.0027367793021971275 3.740115806787868e-05 8.728371936137252e-07 1253.6437994239523 0.1774568588635333 1.548909466779533e-07 0.0858667729089212 3.5314974060573747e-06 -7.2465966791960525 18.086406943571433 7.530345612562781e-05 0.002392423270420384 0.1814467720215284
20240220233414 WSJM 38.373071497108114 3.081689 0.003961920774039645 5.3679273983433074e-05 9.92964016597292e-07 1877.3235000422862 0.14501412620303727 1.439938092179145e-07 0.08512962394472132 3.276439092405878e-06 -6.896959410786674 20.587665086354733 4.7976960471971876e-05 0.002092023075448391 0.20597105610671912
20240221042650 NBSR 26.680780839810083 3.157271 0.002726956430462022 1.9530239778231976e-05 4.7483366797976977e-07 3213.942085681407 0.11083089620063094 5.2626240968430716e-08 0.044999661252193394 9.212604600109344e-07 -7.556456235393866 15.01763221053565 2.137374581430696e-05 0.0010706186507123934 0.15038916293243354
20240225022529 MNAI 152.8207141870774 4.339227 0.0008899086053508849 1.0268741737764709e-05 3.986447642547447e-07 720.4649618504113 0.2340849195130045 9.331672755485256e-08 0.07250228486610154 9.292008359151384e-08 -8.296271748225829 1.4016803613291962 1.4775431440971697e-05 0.00036886480609872043 0.028051840377061717
20240225022529 MTSM 178.7106313541891 4.339227 0.01574796746977545 0.00022368994179778316 3.5392853944618294e-06 3694.1596078443895 0.10337655151265875 3.6587911889858403e-07 0.08924868294052482 5.882577274724814e-05 -5.696763721755573 64.10416575954099 0.00016164994348521 0.008487874513571017 0.6416895261377618
20240225022529 SSSR 172.0281385413299 4.339227 0.0006233828845007984 1.1367931127196618e-05 3.9672978640327715e-07 879.2595294767038 0.21189530124918712 8.406517760444807e-08 0.11457936944904973 2.2506802205172297e-07 -8.343993424877146 3.1483801261478055 2.0963492532449212e-05 0.0005466514127764842 0.03157467007343855
20240226004434 CILJI 88.92208973205126 3.820672 0.016372885683112674 0.00017483773989715858 3.9441508535275234e-06 1399.1254117102944 0.16797766735486422 6.625292600712501e-07 0.06709494830195799 8.055925777196634e-05 -5.837706920334018 92.92676581064708 0.00031698807012752817 0.011674700022659194 0.9316062341506928
20240226004434 CLJR 91.8871329477369 3.820672 0.0011896814172278618 1.6797298089591566e-05 4.683768673986744e-07 1080.5294026931806 0.19114439774356293 8.952761423593626e-08 0.0887132765364722 7.355725862695678e-07 -7.9391489564271644 7.688200923680212 3.377341528264183e-05 0.001150550680830046 0.07716297142868477
20240226004434 PASJI 147.08433328247312 3.820672 0.0023701604027578675 5.484022279153992e-05 1.9754332933632697e-06 621.7903382569923 0.2519752493473125 4.977602966641926e-07 0.14537888730455667 7.128544960423277e-06 -7.06581863609422 12.839760579246478 0.000133911692862149 0.0032813763990350037 0.12961807005573356
20240226004434 SUPJI 95.22569814402803 3.820672 0.0032484445747833378 8.345586788159429e-05 4.334320607691837e-06 392.74511674114285 0.31704760104024166 1.3741859508079794e-06 0.16142146519662504 1.9828308524785313e-05 -6.861652593501479 17.94276687290951 0.0002709635447533782 0.004969660082835266 0.1798631959598307
20240226004434 TSJR 85.44156737428035 3.820672 0.004875574454477189 8.071520799209786e-05 4.331865632998315e-06 373.7202022881914 0.32501737673839404 1.4079316044203153e-06 0.10401822670479051 1.715686849949148e-05 -6.554402847409203 28.65211947074372 0.0002577987498925599 0.005147405750693582 0.2872470578413837
20240226235536 BSJR 110.61026832430476 4.279953 0.006524150591716886 0.0001760485014439955 7.613373240863335e-06 288.7125975571377 0.36978305091986624 2.815296384798114e-06 0.16954626385054136 4.829027843381393e-05 -6.086068016943858 21.58151645053934 0.00037062550273865195 0.00667672955541845 0.21622967805766805
20240226235536 CCJM 147.5488110098578 4.279953 0.004768260377984647 0.0001223772142979048 4.70358890773016e-06 700.4565003915782 0.23740468401052542 1.116654038355091e-06 0.16125770277988766 4.695063896458424e-05 -6.369747315070204 35.76181612153074 0.0003051018896276751 0.008412467276996485 0.35807379809022233
20240226235536 CCSR 168.2996561169783 4.279953 0.0004268865652383859 1.8119297480355975e-05 9.83443915648617e-07 290.94343512180666 0.3683626488539233 3.6226400576759887e-07 0.26669123129094807 4.158604406758143e-07 -8.211596890379116 1.4882357690873873 3.663756952083299e-05 0.0006266770592020456 0.015041440004645653
20240226235536 CILJI 92.24509217745975 4.279953 0.09714405571230834 0.0017786313509576524 4.3825370799907036e-05 1618.2138208750057 0.1561931254566018 6.845221639531973e-06 0.11504018737206322 0.005849871543855433 -3.9167383316983164 480.3693364584878 0.0020339251272810627 0.08161407444434383 4.814092477930641
20240226235536 CSJR 119.12963317044046 4.279953 0.0029475144319060387 4.6908576717105094e-05 1.2631983853573907e-06 1235.2592139581739 0.17877254275729101 2.258251873572451e-07 0.09999451633525258 6.964703413601866e-06 -7.136219035249455 20.658282901697046 9.577958919132831e-05 0.003265056458482674 0.2070593387456569
20240226235536 GCJR 140.7119401785141 4.279953 0.0011833741582423763 2.627233762278126e-05 9.385770360845966e-07 633.9239809727121 0.24955212811308816 2.342238967529858e-07 0.13949431343160237 1.2812363962983098e-06 -7.67645529298108 6.43953807690594 4.976105276692183e-05 0.0012361115716823631 0.06445811888012556
20240226235536 JARU 157.55040268385164 4.279953 0.004354701962589814 0.0001071857193556083 3.7230491723148394e-06 838.1630795685193 0.21702791846200967 8.080056121991975e-07 0.1546530033008528 2.2298747419943122e-05 -6.548864032616226 21.119423030544848 0.00016407369207804395 0.004647092937560245 0.2120399906623336
20240226235536 JBJI 133.3609535357595 4.279953 0.003524480718624193 7.333825365786933e-05 2.638102444239847e-06 808.5240998358278 0.22097003455221265 5.829415882559556e-07 0.13074205099275163 1.3558116104200416e-05 -6.773217797179327 20.38175092740329 0.00015377498418311814 0.00418097470735209 0.20409282765659142
20240226235536 JSJR 84.90587789994845 4.279953 0.003867556104339657 6.786793293864836e-05 1.8359790070581508e-06 1409.9545627126583 0.1673313480111833 3.072168421712742e-07 0.11025743067832565 8.846701733949813e-06 -6.765617815393729 19.83881682612292 9.308919776538937e-05 0.0034769898112455037 0.2001570992513963
20240226235536 MLJR 86.46904642654943 4.279953 0.010291283711102939 0.00021820406680051664 7.2159202718069905e-06 578.4902099876675 0.2612352999848481 1.885053096872246e-06 0.1332211437343519 0.0001073297605423616 -5.854528328619199 57.325184680799595 0.0004906006309232995 0.011203858022200098 0.5770711272146555
20240226235536 SPJR 105.38966421821199 4.279953 0.006323953548964376 0.0001099398824100934 3.6070115544663168e-06 688.8561152176055 0.2393952942387443 8.635015924040144e-07 0.10923113974252274 2.695904933931086e-05 -6.381421306264628 31.28907491296286 0.00023700602456215786 0.006470099490091703 0.3133349013946869
20240226235536 SSJR 113.33908045917846 4.279953 0.0032711149902646688 4.279410507833956e-05 1.3358145007745837e-06 1203.658268296935 0.18110409342611547 2.4192147414824e-07 0.08219927855253015 5.935273956800506e-06 -7.071307036184226 20.68710724884715 8.795174041898449e-05 0.0031751973858136556 0.20720717789710635
20240226235536 TASE 156.60095854573987 4.279953 0.0038332081454149555 8.291030868201433e-05 3.0828096958515147e-06 830.3199835054048 0.21805051824154753 6.722082518204903e-07 0.13590204694406524 2.180762883652337e-05 -6.7671177622244665 24.696620837646723 0.00021173926243850654 0.00600347878504146 0.24726068773660448
20240226235536 WLJI 79.87651188844761 4.279953 0.016758554196311146 0.00032651428675740783 9.079249283782851e-06 666.9308410320303 0.24329852040874309 2.208967917166508e-06 0.12241806453625632 0.00022084808373819753 -5.453264181152299 87.59453315724376 0.0007587311015870771 0.01818307079482841 0.8767472132327502
20240229131248 LLSM 136.69125446644426 3.791134 0.0013192255388234132 2.1930113426946114e-05 1.0107597838960766e-06 708.1111114201931 0.2361180368620225 2.3865861591262374e-07 0.10444837703177136 1.4653025116016001e-06 -7.8585190639125 10.462794762189908 5.258511753463254e-05 0.001501918134961385 0.10497969397446288
20240229131248 MNAI 154.06421561722982 3.791134 0.0005626235894666302 6.233213350876743e-06 1.5586612062107692e-07 1233.7815516377216 0.17887956591776413 2.7881263997984103e-08 0.06961036699487211 3.014868590926195e-08 -8.539528430593736 1.1079927198814494 7.488966967113335e-06 0.00022980899984725617 0.02220293680524006
20240229131248 PSSM 127.34503188468138 3.791134 0.004618801229336087 6.841329294743107e-05 2.1197334605148944e-06 645.0028461986678 0.24739963401762102 5.244212823462902e-07 0.09306600906158921 5.992943413809567e-06 -6.65526560163614 20.654271249641766 0.00010502364984749573 0.0025516504325008046 0.20709585061790325
20240229131248 UTSI 112.93276262863327 3.791134 0.0028193742151044004 6.725081234608217e-05 1.8983254858191072e-06 1372.9384586594074 0.1695720744232478 3.2190299056086566e-07 0.1498734413349766 1.3373997808094742e-05 -6.919864813736494 22.111322036166293 0.00011844277597941125 0.004534177047898685 0.22119613892164067
20240303150743 APSSI 145.9458017513795 4.890205 0.06287431412087197 0.0019473633686129682 7.93325422693119e-05 682.5901096735738 0.24049157838116517 1.9078808307337322e-05 0.19460482514189306 0.007779099043150571 -4.130504430455601 290.41805564796545 0.0032414955353341646 0.08632937939541904 2.907085802695806
20240303150743 BTSR 164.99482091187207 4.890205 0.0026051691113421465 4.388413986919228e-05 1.7667550503958047e-06 828.6189909163571 0.21827421101668953 3.856370646848958e-07 0.10584041613416394 7.771631803597115e-06 -7.163262955052622 16.565650076380237 0.00012554487654012074 0.0035648606905122875 0.16604827960062912
20240303150743 ESSN 170.7632548965819 4.890205 0.005011577221068873 0.00013183282658889588 6.147974981824817e-06 285.00800563373144 0.3721785493456292 2.2881444101487815e-06 0.16528331151817272 4.59040841571224e-05 -6.370886114776684 23.173956010882762 0.00045180615177137223 0.007740167598300017 0.23202204946884739
20240303150743 KBSR 233.71342505852394 4.890205 0.004852764102925002 0.0001633614114250822 6.475072465278332e-06 645.3023541064816 0.24734221384380406 1.6015587583610007e-06 0.2115145097218955 0.0001133875594557018 -6.255957855724193 40.8608933027752 0.0005694652744422591 0.014229338374226973 0.4099469153172253
20240303150743 KSI 171.07012765919552 4.890205 0.002957658903916791 0.00012119054135307216 5.770772334432092e-06 444.9659341086434 0.29786295019823383 1.7188992724562919e-06 0.2574545116715006 2.1322924295168042e-05 -6.576734158091686 12.124255048159341 0.0002002232412326349 0.004254909829130702 0.12185885100053255
20240303150743 KTSR 187.78129739471632 4.890205 0.001345971186686362 3.719465543858693e-05 1.3324843119638616e-06 641.8404062496885 0.24800837188503935 3.3046726477251416e-07 0.17362995201456244 2.805747137372492e-06 -7.511806642684651 5.673868977472663 7.234025474343117e-05 0.001731504934204459 0.05694600968201844
20240303150743 LLSI 207.1417597105968 4.890205 0.002000335491597072 7.075639793764139e-05 4.881084065153692e-06 193.97368406140376 0.4511370145577374 2.2020376929587814e-06 0.22225049836804642 1.2072054079131478e-05 -7.049067362205959 14.980510169810866 0.00029657692778165093 0.004291266933096604 0.15009755256129018
20240303150743 LLSM 208.70043008998132 4.890205 0.0008854881961681458 1.7135000828099123e-05 9.037215545274507e-07 324.6115978725778 0.3487368594055972 3.151610167030473e-07 0.12158534230893168 9.338557107466076e-07 -7.922337905742928 7.40800311142606 7.471761355549625e-05 0.0012505836557017696 0.0742302226320034
20240303150743 NBSR 248.93967019971902 4.890205 0.0010615473206507184 2.5884509815454262e-05 1.4303135314977421e-06 454.28716785658884 0.29479128049836667 4.216439574643603e-07 0.15320765131441616 2.2487228737639933e-06 -7.78220626195818 5.601159506387018 7.7862325633144e-05 0.0017450883349901221 0.056125921162368156
20240303150743 SSSR 127.84013838489177 4.890205 0.003097745445148138 8.278405888306318e-05 3.117528059352518e-06 500.65673231133906 0.28080823391730964 8.754275485344382e-07 0.1679116608039684 1.7014080508139716e-05 -6.8172347314350645 14.967392808307677 0.0002181981295160704 0.004706760346913807 0.1503742478029288
20240303150743 ULSM 155.0357680828706 4.890205 0.005149560626514348 0.00012549110451816136 7.027869560272933e-06 228.14463894279348 0.41598218749281163 2.923468553096479e-06 0.1531167261203721 4.1157491595615885e-05 -6.555712515179261 23.316538396121267 0.00047746212661816555 0.006912186076228838 0.2333624517555287
20240303150743 UMKSI 178.87101140087884 4.890205 0.02120162774244063 0.0008192074953786275 4.245015526222999e-05 355.6272335903311 0.33318263816514393 1.4143654720789755e-05 0.24277534541326004 0.0019681656342017593 -4.911838260934284 176.4602675131427 0.0028975659087811982 0.05645172686438966 1.7725389353075285
20240303150743 UTSI 174.92997772786066 4.890205 0.0018635159675042192 4.852195895330765e-05 2.1681026738316677e-06 557.3297559352973 0.2661483346202744 5.770369159260623e-07 0.1636006693193539 8.641859363288196e-06 -7.265537706195708 10.409980178914644 0.00012762480679869112 0.003005703806158211 0.10474201384523169
20240303150743 UTSM 120.85479040502943 4.890205 0.0034355373527313786 9.717397857464703e-05 5.108389749239304e-06 252.6179517778778 0.39531906870061795 2.019443878229065e-06 0.17771953896382084 2.1889045517530144e-05 -6.627221324175322 19.04860202506378 0.0003387324909524286 0.005625198377377467 0.19063286356749412
20240304024826 APSSI 198.99888525349914 5.174926 0.013114937444797328 0.0003667214077247445 2.36498108466434e-05 163.50506792127635 0.49137636036904564 1.162095797724001e-05 0.17569115907284732 0.0004878705733390445 -5.439804912625462 97.41821009131718 0.0021599680456654852 0.026979453910799985 0.9775307729583559
20240304024826 BBSR 225.33590354808013 5.174926 0.0016710095489529163 0.00010358726234152463 1.0220670707795349e-05 97.94388869733233 0.6348793432455375 6.4888927064940144e-06 0.3894998476597957 3.9249791413682184e-05 -6.908484489646996 10.164565496771491 0.0007222849296667836 0.007284946095452034 0.10182079123493867
20240304024826 ISSR 172.21967946511896 5.174926 0.002792101473291446 0.00010106514044357895 9.032733444673028e-06 112.09175084365475 0.5934621723439745 5.3605856122797266e-06 0.2274312060566191 4.5849512800153524e-05 -6.734317619369036 20.49809602894586 0.0007676114051543562 0.008545507002570526 0.2052613869673003
20240304024826 KPSR 199.5959038115287 5.174926 0.0020474630734246156 5.0275738568220216e-05 5.33751096161113e-06 80.76337840026223 0.6991536504974809 3.731740273380741e-06 0.15428448306570836 1.0266343949141886e-05 -7.2529162213899845 10.814996163188527 0.0004596227604492778 0.004154653598514142 0.10871799794377793
20240304024826 LESM 186.23734590882225 5.174926 0.004886389528545128 9.308798943465815e-05 5.778019332919549e-06 192.76260322096522 0.45255198795930207 2.6148541355800222e-06 0.11969759759715211 2.7555495219378972e-05 -6.577476369265051 30.628008197261092 0.000500377080622045 0.0066872105935807035 0.30662903116082585
20240304024826 MBSR 159.84777598840154 5.174926 0.003392243470230885 0.00017631777880039277 1.599605518243163e-05 129.01423485649116 0.5531730999772526 8.848587432672901e-06 0.32657952970509097 0.00011969455271274796 -6.333934891388705 23.99950042842614 0.0011765940215528686 0.013574827574196365 0.2401994419642695
20240304024826 MKSM 179.58148436362492 5.174926 0.005804769613416217 0.00019416595934993553 1.1086345597184071e-05 145.8447958772852 0.5202767274620427 5.767967606816154e-06 0.21016866890328867 8.892378751897962e-05 -6.181084151759229 29.095326917048922 0.0009669055255144428 0.011133669663127252 0.29311417185211225
20240304024826 MNAI 170.982902822447 5.174926 0.00563641605507194 0.00010489325703532721 6.2615291088514505e-06 215.73838526506444 0.4277757451123209 2.678530280081416e-06 0.11692958166803884 8.519359622990125e-06 -6.508838429394838 6.172839414050173 0.0002152390487825361 0.0032976170739185593 0.12515297458304417
20240304024826 SSSR 187.2719347162082 5.174926 0.00439820379269381 0.00017385805191407288 9.449407227679094e-06 174.03453517075042 0.4762797856987719 4.500561649379425e-06 0.2483701094378591 7.372180571972192e-05 -6.207999821194878 27.61984774474771 0.0008167761566950794 0.010232137753067068 0.27835637821178194
20240304024826 UMKSI 237.92229780140127 5.174926 0.006155113301707124 0.000406818172363827 3.0329203302276625e-05 142.4910889499376 0.5263638024779415 1.5964194776312864e-05 0.4152830074762573 0.0007109562020128468 -5.626828123546107 49.169452758152204 0.0025715227816220927 0.03190170006380161 0.4938169700653052
20240305004509 CILJI 85.31944681179934 3.940026 0.0356369560486244 0.0005723472890297127 1.3540197088306535e-05 1121.3178855506328 0.18763570945362124 2.5406244868062534e-06 0.10091108994070137 0.0006626275883341803 -5.000184603386792 191.19675970805181 0.0009372188134758193 0.030285726401890575 1.9150331996395074
20240305004509 KCJR 142.911368635024 3.940026 0.0003782300300561726 7.271587848375085e-06 2.8258924124226624e-07 503.3440680957183 0.2800576181938977 7.914126982952985e-08 0.12079615656639037 1.1342895892863553e-07 -8.8265255655005 1.624123270748597 1.6913573264103494e-05 0.00037265238779060107 0.016323529262715585
20240305004509 WLJI 75.33400152690078 3.940026 0.005000867582751002 9.77822384437141e-05 3.5245935803313183e-06 503.34323805929034 0.2800578491078264 9.870900970868419e-07 0.12285546732167213 2.7169760282231035e-05 -6.486718317636043 29.027383987396373 0.0002947368598469139 0.006350829706392097 0.290393312210486
20240305161353 KPSR 156.27511005229678 3.133566 0.00031114008198851397 3.592882875795858e-06 1.7131484392931527e-07 230.11791490897286 0.4141948104775707 7.095771931329734e-08 0.07255493651393664 3.5660815930026904e-08 -9.252087696144999 2.3981869039789045 1.8118455943349277e-05 0.0002548423902739426 0.024121747066030153
20240305161353 MTSM 97.91292016246716 3.133566 0.006525655599198614 7.919010631575631e-05 1.0133036671083226e-06 5058.9237306988825 0.08833865901921491 8.951388713160216e-08 0.07624768192459516 1.2281597350029092e-05 -6.505762616024001 42.77464199071337 6.518928583670255e-05 0.0043086086432720435 0.42841624384000665
20240305161353 NBSR 183.62285197252754 3.133566 0.00033532437405063006 3.456584459568354e-06 1.5808275351378007e-07 363.5860559410987 0.3295158116554661 5.2090766832824226e-08 0.06476821361666348 2.4846856764726628e-08 -9.221821481274466 1.3508619261947463 1.0268451518647414e-05 0.00018331680111188738 0.013545685863815176
20240306034158 BEFA 57.21181599221973 3.771786 0.006815450724265519 0.00011972186750836869 3.818346660483223e-06 788.815612235081 0.2237134624821578 8.54215552373886e-07 0.11037196354431121 2.4597736620199454e-05 -6.352849654174986 44.16577060499266 0.00023237294783742707 0.006369812812521334 0.4432052722305714
20240306034158 BEPA 56.03041680781225 3.771786 0.009035322431652892 0.00012027642211268455 4.657951397530052e-06 716.6760899371101 0.23470287555642957 1.093234587202393e-06 0.08364051797101177 2.2728802074122963e-05 -6.2016697511188275 77.3821274891535 0.00020128061087696639 0.005992628864848561 0.7765640491198542
20240306034158 IMSR 76.38495226929084 3.771786 0.005212812573024625 7.929135284870485e-05 1.2756964029819534e-06 2998.0545127808773 0.11475195830322768 1.4638866044256266e-07 0.09557264072441092 6.997183452487294e-06 -6.609055469262493 22.170875489007468 5.634082651751313e-05 0.002801408018998963 0.222131064053038
20240306034158 ISSR 112.67240745676082 3.771786 0.0012877101536423812 2.195637801027726e-05 1.0607036704545245e-06 344.27479701980275 0.33863142088980747 3.5918759106904973e-07 0.10713279795366724 1.3523265720823083e-06 -7.769266874102656 7.045330710140158 8.09876783638305e-05 0.0014312475977421742 0.07047908719887366
20240306034158 KBSR 21.718727881942872 3.771786 0.006442118367091453 0.0001106027656415966 3.3166014760783827e-06 870.8146519483018 0.21292026818431814 7.061716757471147e-07 0.1078740924045554 2.793100484141734e-05 -6.349994746586078 30.763338192986758 0.00024551207521393716 0.0068463352070066465 0.3086001189802613
20240306152157 MKSM 74.34266968214678 3.710368 0.0010515147346318264 1.7090613999270908e-05 7.108398914689477e-07 707.8601948705 0.23615988175896374 1.6787186471886132e-07 0.10212267240220423 9.638440590677328e-07 -7.9557901229274925 9.659475529232695 4.653965590518372e-05 0.0012626540221059802 0.09679663402018454
20240306152157 NBSR 219.07736497622741 3.710368 0.00027100586259194405 3.4442531447077948e-06 1.2068000446055003e-07 558.9450250683292 0.26576349156070805 3.20723393469976e-08 0.07985392104088895 2.777199166008758e-08 -9.248690911702939 1.3354076432405575 1.0318102213791183e-05 0.00020174892811480817 0.013375464265742473
20240306152157 UMKSI 151.87820094913468 3.710368 0.003695353754254162 6.573809571421861e-05 2.049364830779569e-06 844.9759939486615 0.21615121596932518 4.4297270013777415e-07 0.11177404507972716 1.1158904143818382e-05 -6.8255386110212575 20.414260386941706 0.00015201917263129282 0.004060000064175226 0.20547631548238895
20240308000200 CBJM 131.36702629642988 3.506291 0.0024208406672419657 2.5504039276547738e-05 4.0412527682807833e-07 4786.522725298653 0.09081755503489766 3.670166956932726e-08 0.06619461041965345 1.8911390528607028e-06 -7.521820737901184 16.5901665079736 2.600844303155263e-05 0.0016770583947505213 0.16612878673020262
20240308000200 ESJR 131.4315344563967 3.506291 0.00026802622179929127 2.7300209372630174e-06 8.155532204652042e-08 528.3844848785809 0.273341038413518 2.2292416416344767e-08 0.06399831824719246 2.0948760885310476e-08 -9.384726377809155 1.8138694278952774 9.32294882095755e-06 0.00020244731848006791 0.01824683977836829
20240311124111 MBSR 56.28588216801 4.014865 0.0027546780349339173 2.3324555276948038e-05 5.728577766486174e-07 885.3093601230318 0.21117005858060997 1.209704102532465e-07 0.05320131832253626 1.2324693293350692e-06 -7.583527644735887 12.772695765131022 5.139281577194462e-05 0.0013436988244344282 0.1282312819621061
20240311124111 MNAI 66.61289478136901 4.014865 0.0025207414201266036 3.901333334423218e-05 8.507179637069898e-07 2280.1202769013967 0.13158336545701713 1.1194033271930628e-07 0.09724440630656499 1.1388116965375312e-06 -7.18061212206645 4.594519034471247 2.6180751819572496e-05 0.0012159193672936163 0.09213259469559944
20240311124111 SSSR 99.93067801769202 4.014865 0.0005845809389883459 9.191270935455361e-06 2.519593263269973e-07 809.4961265086225 0.22083732651465263 5.564202401648702e-08 0.09878949969853738 1.3107173578288046e-07 -8.460582244197346 2.0863507325374147 1.692904426833939e-05 0.00041020826700831776 0.021053577002648295
20240312204441 BLJR 71.97527557504229 4.166112 0.0022131437567268946 5.904971294527207e-05 1.7622804365419728e-06 766.9566836618086 0.22687907879421748 3.9982456201971424e-07 0.16764400759922715 6.766393734141623e-06 -7.049323659367317 14.688361635256726 0.00011174831536901657 0.003152740121595733 0.1469821419058993
20240312204441 BSJR 105.37673156292762 4.166112 0.0009508668178130225 2.7238939295208947e-05 1.4702530106539015e-06 266.3902314543878 0.384964534072334 5.659952652148255e-07 0.1799908251677658 2.321929556657089e-06 -7.760261115002809 6.45838111909292 0.00011659684359610564 0.0018719148582677604 0.06468709077533163
20240312204441 CCJM 143.08466262079673 4.166112 0.0016533962117013625 2.680094185536028e-05 8.223099827619906e-07 665.6627971319415 0.24353014400364784 2.0025726851766473e-07 0.10184811292805221 1.8866118680938743e-06 -7.609832899195978 11.357263980830542 7.672541931205064e-05 0.0018405421511172603 0.11365695121286593
20240312204441 PASJI 143.60883245160585 4.166112 0.0033142200907902456 7.085484410958642e-05 2.6987203319778414e-06 533.8938000864279 0.27192706145547935 7.338550895648901e-07 0.1343284704262658 1.1628227235886489e-05 -6.82476821063953 12.712017955402576 0.00018011982394204053 0.003937215768981754 0.12757917377405903
20240312204441 TSJR 86.51048709660584 4.166112 0.00538322321050567 7.197852711102735e-05 3.26234211877167e-06 321.2572639855462 0.3505527595220683 1.1436230322404801e-06 0.08401182828418371 1.0140139654939103e-05 -6.665523479959476 20.35611990945188 0.00022463458647833343 0.004090743354743016 0.2037414250573989
20240313093420 BEFA 52.91226150452442 3.748314 0.006333149275688364 7.056454532012362e-05 1.111830118037268e-06 2342.7514723606478 0.12981257315138997 1.4432952852963142e-07 0.07000784208027655 1.2256627939099616e-05 -6.656613009212359 42.40709451545871 0.00010852612797029507 0.004194099969742819 0.42475071086713323
20240313093420 BLSM 161.2288178668718 3.748314 0.0018495147032205682 3.245419834250486e-05 9.416552806977052e-07 947.9924054477993 0.20406918935486623 1.921628297837097e-07 0.11025364752539638 2.5670086684647507e-06 -7.417085172137812 14.67795447611433 6.424158933691261e-05 0.001966646859552882 0.14704456817518713
20240313093420 IMSR 94.83401949924605 3.748314 0.002103648675497432 2.3088636492132346e-05 4.875957769400991e-07 1313.1511660219 0.17338938513771393 8.45439319593897e-08 0.06896122116772796 1.3194590661923478e-06 -7.651473959255473 12.73843041159622 4.498267418782836e-05 0.001490449916147698 0.1277167103420941
20240313093420 MNAI 137.23292974026012 3.748314 0.0009133356278377918 1.1330541358059727e-05 2.4607147071591973e-07 1260.5042305509273 0.17697328588082348 4.354807673412314e-08 0.07794713007297158 6.782733857289605e-08 -8.44335361863668 1.7356127722335277 1.066122882328536e-05 0.000316732248569204 0.03480223947176124
20240313093420 NBSR 63.99695702865344 3.748314 0.00712889688743403 8.542473816865133e-05 2.091082447699792e-06 2184.1145850293005 0.13444422712274173 2.811339635309296e-07 0.07529067515018117 1.3520363046006294e-05 -6.5091111000396715 41.14211203694501 9.22950857431209e-05 0.004481305744045941 0.4122058276974252
20240313093420 ULSM 102.65361300697883 3.748314 0.0024722109641781647 2.5758684824333783e-05 4.1804340226534515e-07 1763.5160499543404 0.14962017558414648 6.254772724873492e-08 0.0654663345344099 9.889983435685071e-07 -7.510134781845038 11.910027560772866 2.947708261776365e-05 0.0010584259080439703 0.11970655996853882
20240313110844 BEKI 53.398058794438626 4.074612 0.021376453076638647 0.0005415808380843359 1.970782347052154e-05 644.6971017511777 0.2474582910972257 4.876864317261056e-06 0.15918696859117049 0.0004488595185523224 -5.059916306424208 114.0050500967819 0.0009012019693033076 0.02228649282608946 1.1414146960503342
20240313110844 IMSR 124.91441611593525 4.074612 0.010448358968548534 0.00015105160230412647 5.39026707136786e-06 706.2679314399526 0.23642594016857674 1.274398960107867e-06 0.09083581556492662 5.508195863512287e-05 -6.052959776007177 53.158504660389745 0.00033879868802232153 0.008541951583642206 0.5317917440591694
20240313110844 ISSR 66.27501004760299 4.074612 0.0044120637630462745 7.119725233035528e-05 2.274324239724075e-06 681.1085294280537 0.2407530007554596 5.475503854044504e-07 0.10139144712740497 1.2018527879319086e-05 -6.76144949601582 23.5442487163236 0.00015314290228403556 0.0039895921046796306 0.23621172727182757
20240313110844 MKSM 150.9350086031498 4.074612 0.002211819094119871 5.2310712126189024e-05 1.5944972970732264e-06 1208.298290842076 0.18075602731656187 2.882149969859522e-07 0.1486007145490168 8.130294747674134e-06 -7.12503332148166 16.478404608148352 0.00010304511819406264 0.0032093066189328744 0.16504598085226352
20240313110844 MNAI 100.48790181422896 4.074612 0.002172043750997366 5.8218306936202756e-05 2.382986048000416e-06 646.3323766481235 0.2471450477662507 5.889432006593718e-07 0.16841116141535037 2.726342106249191e-06 -6.991373146904963 4.5944566577795625 7.913301272159697e-05 0.0020695585094451796 0.09214534021188625
20240313110844 ULSM 69.93623128829786 4.074612 0.00585815946343252 9.872055631332489e-05 2.26415027032087e-06 1230.9245541400608 0.17908703690784797 4.054799630258676e-07 0.10588300861667435 1.4575487983564735e-05 -6.457388690581718 28.527766366298902 0.00012232164460503395 0.004031071342827365 0.28578731765853793
20240313110844 BEKI 53.398058794438626 4.167735 0.021376453076638647 0.0005415808380843359 1.970782347052154e-05 644.6971017511777 0.2474582910972257 4.876864317261056e-06 0.15918696859117049 0.0004488595185523224 -5.059916306424208 114.0050500967819 0.0009012019693033076 0.02228649282608946 1.1414146960503342
20240313110844 IMSR 124.91441611593525 4.167735 0.010448358968548534 0.00015105160230412647 5.39026707136786e-06 706.2679314399526 0.23642594016857674 1.274398960107867e-06 0.09083581556492662 5.508195863512287e-05 -6.052959776007177 53.158504660389745 0.00033879868802232153 0.008541951583642206 0.5317917440591694
20240313110844 ISSR 66.27501004760299 4.167735 0.0044120637630462745 7.119725233035528e-05 2.274324239724075e-06 681.1085294280537 0.2407530007554596 5.475503854044504e-07 0.10139144712740497 1.2018527879319086e-05 -6.76144949601582 23.5442487163236 0.00015314290228403556 0.0039895921046796306 0.23621172727182757
20240313110844 MKSM 150.9350086031498 4.167735 0.002211819094119871 5.2310712126189024e-05 1.5944972970732264e-06 1208.298290842076 0.18075602731656187 2.882149969859522e-07 0.1486007145490168 8.130294747674134e-06 -7.12503332148166 16.478404608148352 0.00010304511819406264 0.0032093066189328744 0.16504598085226352
20240313110844 MNAI 100.48790181422896 4.167735 0.002172043750997366 5.8218306936202756e-05 2.382986048000416e-06 646.3323766481235 0.2471450477662507 5.889432006593718e-07 0.16841116141535037 2.726342106249191e-06 -6.991373146904963 4.5944566577795625 7.913301272159697e-05 0.0020695585094451796 0.09214534021188625
20240313110844 ULSM 69.93623128829786 4.167735 0.00585815946343252 9.872055631332489e-05 2.26415027032087e-06 1230.9245541400608 0.17908703690784797 4.054799630258676e-07 0.10588300861667435 1.4575487983564735e-05 -6.457388690581718 28.527766366298902 0.00012232164460503395 0.004031071342827365 0.28578731765853793
20240315012919 BKJI 88.15483040279862 3.947188 0.007914813681538948 0.00010925946787955384 2.41930565455738e-06 1351.1267158677924 0.17093532721527427 4.135448036955291e-07 0.08673577305455797 2.6439046083342995e-05 -6.328616443176279 45.399416279613554 0.00019034302696592254 0.006779034859409895 0.4547247222209362
20240315012919 CCJM 158.29964223789182 3.947188 0.00698123742298314 9.090489961700666e-05 2.1202636206186487e-06 1967.8263492299368 0.14164018411486787 3.0031452959648175e-07 0.08181534232653911 2.2696506350759256e-05 -6.49028361700468 37.9735170888325 0.000123147103876915 0.00546240522874051 0.3800996264071436
20240315012919 CGJR 91.67662555923182 3.947188 0.007495305616520291 9.366618812597169e-05 1.8679997580468876e-06 2800.540171165893 0.11872958917099095 2.2178684384441748e-07 0.07851874855048896 1.665474172437084e-05 -6.381538573658155 38.11888446665917 9.317961790614145e-05 0.004414072404466883 0.38151614852471183
20240315012919 CIJI 81.70642129814308 3.947188 0.011316224553705968 0.00016333326764179007 4.4446904429401615e-06 1772.3222845392263 0.14924799972454492 6.633611580036206e-07 0.09068865526218611 5.3999316500663415e-05 -5.966400549757325 59.14566594581363 0.0001966016830457066 0.00825480067814471 0.5920962749181768
20240315012919 CNJI 137.49589005447112 3.947188 0.006023568628078792 8.243628048591947e-05 1.663479343317243e-06 3099.8732708054445 0.11285164621158539 1.877263823323179e-07 0.08598929609819482 1.853252411829893e-05 -6.597261915288645 43.2188082382595 0.00010236813987693178 0.005569599565920785 0.4324528078181127
20240315012919 KCJR 169.48696102465874 3.947188 0.0013238334567117784 2.2598687334581476e-05 6.048919423078476e-07 1674.1006592644967 0.1535638828362445 9.288955535715067e-08 0.10725800855258322 1.2173671227701308e-06 -7.800505688780882 6.727893135252888 3.319788723765295e-05 0.0012103602895246165 0.06762559082857716
20240315012919 KMJR 233.5420545152958 3.947188 0.0006537975435159237 1.3157130733012923e-05 5.007298658851264e-07 1001.8984782923376 0.19850342743840635 9.939659459897113e-08 0.12644386832923962 3.7109978162462696e-07 -8.324763222730313 3.8227146853568454 2.3910931944226813e-05 0.000755218755902185 0.038255038447073474
20240315012919 MBJI 178.13762799991233 3.947188 0.0005798651556707096 1.2251194215784453e-05 5.15278210957771e-07 504.38482331472096 0.27976853144283825 1.4415862836414858e-07 0.13274900679794147 5.203386059461805e-07 -8.325010317744777 3.490597184888101 3.7841920470340654e-05 0.0008086316157432561 0.03495275680442893
20240315012919 PBJI 128.92040750109857 3.947188 0.0017572948050701743 2.6068146846182432e-05 7.31717121715469e-07 777.5305652076523 0.2253310981040447 1.6487862253767757e-07 0.0932063287143176 1.796614140129684e-06 -7.604592537599844 10.742523645248468 6.226632852693369e-05 0.001583492473159559 0.10785444423490499
20240315012919 PCJR 70.05773002656375 3.947188 0.007626128453136052 9.987381040521931e-05 2.6248471141117976e-06 1232.094875385935 0.17900196263220358 4.6985278503548743e-07 0.08228626910317248 2.586236279106293e-05 -6.317259353383284 46.08305396145952 0.0001841705483582113 0.006468700554056062 0.46149016995414627
20240315012919 PGJR 63.08294153772207 3.947188 0.01368646883283954 0.00017102657427755757 3.0976957380998343e-06 3357.7871198015296 0.1084309565261785 3.3588611190923153e-07 0.07851489465709481 2.467098719952219e-05 -5.900295901204061 47.124362032329564 9.316403941354409e-05 0.0052485457571164705 0.4715456602427074
20240315012919 SCJR 152.54327288975196 3.947188 0.00541373854403545 7.315997912546936e-05 1.745616208140201e-06 1824.1509627420191 0.1471124675252677 2.5680190773160624e-07 0.08490947654300025 1.474332693833268e-05 -6.648337180782027 34.265050549353184 0.00010975012269822374 0.004608018632576963 0.3430670623897495
20240315033739 BKJI 96.63120006155414 4.101477 0.010047657752695819 0.00024034857257334563 1.0069782079559318e-05 386.72693205674966 0.31950500038869534 3.2173457272436775e-06 0.1502991699124358 0.00010111219032206112 -5.760674610888353 71.23025759907603 0.0006350917771923839 0.01234089491127408 0.7129986080746222
20240315033739 CBJN 164.4579176717511 4.101477 0.0022429626693842497 4.0056759819724185e-05 1.8296681344613848e-06 333.9235157086783 0.3438399747493184 6.291130451528351e-07 0.11221053662101577 3.0027070016534808e-06 -7.2469878503495915 15.743440985502989 0.00011441680142674479 0.0019203780926390903 0.15778528970512998
20240315033739 CGJR 110.87080757984512 4.101477 0.00200862485223197 2.254533730462943e-05 6.940758775973118e-07 972.0329611934162 0.20152984571331314 1.3987700452551866e-07 0.07052413592336454 1.7770258969804243e-06 -7.72180897577941 11.112869075755778 5.632866664140329e-05 0.0017379958865570992 0.11130805692647398
20240315033739 CIJI 96.52040960918535 4.101477 0.016110449433063466 0.0003984636541630516 1.4032096809364038e-05 530.45304678561 0.2728075555980175 3.828062030477344e-06 0.15540354647985138 0.00013687038944351808 -5.319549654605656 60.238838727076 0.0005064386728151489 0.011737410982501103 0.6037787197053098
20240315033739 MGJR 105.38540428115789 4.101477 0.006162885868660599 0.0001597249238096762 4.998643835470787e-06 1068.4784487149377 0.19221929715846922 9.608358047997095e-07 0.16284275189562256 6.373595559307751e-05 -6.173364368963651 38.723547035277306 0.00026995120904185635 0.008797510389180292 0.38775624127697467
20240315033739 PCJR 71.39711411178735 4.101477 0.008207082826999796 8.67838348943162e-05 2.730515985406511e-06 937.7393817981997 0.20518177888018657 5.602521271464934e-07 0.06644004060916738 2.3019952926430538e-05 -6.487155984158973 57.102606215043295 0.00020376619080290942 0.0061100141779867195 0.5728394225817441
20240315033739 SAKJI 217.29487694334438 4.101477 0.010191255062727602 0.00016536533908552222 2.8603823764525403e-06 2804.3367197617727 0.11864919309776514 3.393820609171618e-07 0.10195221908034928 8.326435138455434e-05 -6.00471347713132 68.33758931991709 0.0002234312615080581 0.011287114024184784 0.6838935792968399
20240316114255 CBJM 114.97742820591822 3.181722 0.006128738784033982 6.145369740147485e-05 8.697089869600734e-07 3727.2990920200587 0.10291596405198804 8.950693883767385e-08 0.0630023536964414 4.4894058695209386e-06 -6.682555073319083 20.768321492155476 4.649233085211356e-05 0.0019332279593030134 0.20788009324816023
20240316114255 CCJM 100.02610262753979 3.181722 0.011693831114635114 0.00011133832866017598 1.4728474371661046e-06 3768.535507956228 0.10235134698728086 1.507479191007153e-07 0.05982293945463553 1.2059451417528287e-05 -6.237099965011723 34.421750296879864 6.994718129683554e-05 0.003285980069785224 0.34455345012927885
20240316114255 CSJR 105.91867630367129 3.181722 0.0011537927055690587 1.4600615604243013e-05 3.077254305358186e-07 851.2396527091322 0.2153544971795425 6.627005536239944e-08 0.07951027337714939 2.665446957573857e-07 -8.010799451543965 4.885049846365553 2.423587776622269e-05 0.0006673157224572773 0.048863010877751585
20240316114255 KCJR 111.79744907044012 3.181722 0.0010174611689989707 1.4625652460988755e-05 2.932312494434729e-07 1592.4795416875143 0.15745009879905103 4.616928919584399e-08 0.09031861603250282 5.586445950012985e-07 -8.032194335191777 6.961933799473856 2.6689800389126356e-05 0.0009507863584350359 0.06964618569742355
20240319085612 MBSR 34.3972139888245 3.228866 0.004381731172995742 3.3985694042738056e-05 3.9903410518380933e-07 5239.04983467363 0.08680677135148239 3.463886233013431e-08 0.048733800644743495 1.6542011892162498e-06 -7.102657286019566 20.915701440803254 2.5091326476834015e-05 0.0015109094804489469 0.20963680304219834
20240319154534 PGJR 46.76802329108615 3.11505 0.0006970059170386989 1.0898332229796489e-05 2.013961296378538e-07 1537.9380685590638 0.16021768223187108 3.226722110104637e-08 0.09824341410177316 1.198358159827325e-07 -8.210264760176598 3.6483386047345547 1.1853588285051632e-05 0.00039851508580662147 0.0365056760926137
20240319195925 KTSR 193.9879736781551 3.830728 0.00013070636728729142 2.755728269823698e-06 1.0379167479322246e-07 364.27727689960614 0.3292030329006952 3.416853413177147e-08 0.1324706036506853 1.2041274699263889e-08 -9.715907683293889 0.6864072096638596 7.75126096946463e-06 0.00013538187287952187 0.006874907947444646
20240320082457 APSR 136.9822898656873 5.037394 0.013086038994510354 0.00017763026173644964 6.7662589745346535e-06 745.0319768047873 0.23019315842683843 1.557546524082073e-06 0.08528813425675458 9.6737008258598e-05 -5.903700072928898 56.379312266781426 0.00040953966014570145 0.010779101797729996 0.5643625876657155
20240320082457 BKASI 213.95330702682014 5.037394 0.01056787179383589 0.0003554692472728828 2.2124086369736365e-05 230.64125984592621 0.41372462170377633 9.153279263860851e-06 0.21134616270817413 0.000331006508130107 -5.602558639060991 56.7333153184164 0.0013666630080618445 0.0208310585441422 0.5690421185216739
20240320082457 IMSR 153.07971635806126 5.037394 0.006356429549658346 7.995446247168348e-05 3.828433398118098e-06 493.25386961902217 0.28290760221193917 1.0830929128896975e-06 0.07903315846118758 1.9427829887227913e-05 -6.542071212653004 39.64845316425057 0.00024361727312878503 0.0054583744402334974 0.3979639414924011
20240320082457 KBSR 208.26484773437434 5.037394 0.0014974550100126695 4.8534984546367535e-05 2.724106671166675e-06 346.4990249172271 0.33754280878868675 9.19502617225599e-07 0.20364838993282652 1.0000220559095465e-05 -7.251699464061702 12.10002101559046 0.00024095181122089243 0.00456294028216722 0.1211112540143762
20240320082457 LBTSI 184.66660376236808 5.037394 0.024028359118437488 0.0007476526157359828 2.9217925605905085e-05 350.9030378505307 0.3354179531246499 9.80021680128098e-06 0.19550398372655045 0.0013588814509348246 -4.933898993205802 172.1628295023279 0.0025707178249667756 0.04524057280254179 1.722315797200391
20240320082457 PASMI 96.21964480352402 5.037394 0.09762984739643214 0.0027140344764200125 0.00024412321115432824 107.93565180664794 0.6047799839014116 0.00014764083171187555 0.17466770665099138 0.026815463948617016 -3.764743710885941 494.2372049762222 0.017856095251574642 0.17849176281632295 4.951842924466492
20240320082457 PSSR 99.71147267916226 5.037394 0.012407189534427732 0.0003591095604617065 2.0561423407370727e-05 256.35712379530605 0.3924254574274547 8.068825985997032e-06 0.18185842230424065 0.00026356239522645384 -5.511722096744044 63.30195189972622 0.0010788269726899635 0.01840211293076221 0.6340256145459756
20240320082457 SASR 204.54665804411 5.037394 0.001835612716844162 4.69478183297432e-05 2.0656157097544614e-06 224.45592335763845 0.4193863903602186 8.662911163852845e-07 0.16069938916130422 5.496759376161717e-06 -7.207630644337413 13.182716317065786 0.00019321299751818758 0.00278876345306179 0.1322350527743737
20240320082457 SIUMI 195.00308169856228 5.037394 0.007793412222951839 0.0002879594678448676 1.7840879585037135e-05 173.3351877647018 0.4772396304434128 8.51437477994855e-06 0.23215796183572487 0.0002203031632583712 -5.727409535532647 48.39337251115841 0.0012865808853857017 0.017672919318951437 0.4843463826490134
20240322204508 BTSR 80.54493906481645 3.048951 0.001550734712466296 1.526329652789054e-05 3.508569313472101e-07 1999.725163582717 0.14050594899040433 4.92974860988009e-08 0.06184302170591373 4.637310405023668e-07 -7.900829701694626 7.074999002800113 1.9894617242298197e-05 0.0007683482644694852 0.07085942192236573
20240322204508 UMKSI 80.52329752907256 3.048951 0.011589611682889155 0.00022211589510109903 4.369729252056596e-06 1205.9090568987206 0.18093500214591993 7.906369715979492e-07 0.12041778161133024 8.829038550253442e-05 -5.799734816529875 56.768316499597674 0.0003650726990656008 0.01209990921328654 0.5678056270874872
20240323050512 BEFA 94.11053273889935 4.951719 0.010104828385747451 0.00018916459246932048 7.20383855653987e-06 486.95865426217097 0.2847303907251548 2.0511517669245328e-06 0.11762260007485831 8.222652617205842e-05 -5.857313472828645 65.09979119060542 0.0005179661682699101 0.0105493371084898 0.6524269130584966
20240323050512 KPSR 223.61040023361232 4.951719 0.0013604273262680334 1.777697563513798e-05 3.827759543220091e-07 1902.0836233164807 0.1440671832793441 5.5145453566234726e-08 0.08210363755570574 5.071822144225574e-07 -7.880551682240867 6.066834526169136 1.883238567094639e-05 0.0007585237828924918 0.060788830918382886
20240324153406 ACBM 127.65071780605734 4.68843 0.0035043080488369044 8.62286758397446e-05 3.900181174639932e-06 468.416347548233 0.2903112372628722 1.1322664223590809e-06 0.1546070555280257 3.208964726403906e-05 -6.720578065880443 23.305977666224024 0.0003240513583140438 0.007309654045906118 0.2343450022295447
20240324153406 ACJM 103.86518908854268 4.68843 0.010418854343212892 0.00025090751328817854 1.0140070811008744e-05 430.9166540883917 0.30267965399332325 3.0691931245439233e-06 0.15131206839264638 0.00011423900833012864 -5.820546935177232 38.429834564151705 0.0005667087186158864 0.01057155110176648 0.384840366912318
20240324153406 BTJI 86.12656243541456 4.68843 0.012525072185680816 0.0005828413635607375 3.492467639287837e-05 263.6260364879881 0.3869775032325518 1.3515064071720916e-05 0.29238157175078056 0.0008645914616695918 -5.261894687824947 68.23311178498305 0.0018280949980952884 0.03144486536649536 0.6832611288488996
20240324153406 CBJN 111.97410025199575 4.68843 0.004630101838817537 0.0001285603351004559 8.205084196275825e-06 215.5598596805179 0.4279528493039857 3.5113891605753425e-06 0.1744601818079149 3.1687364654921585e-05 -6.37984651904081 25.670622902192548 0.0004226367681469344 0.006050456065835169 0.2570362726394697
20240324153406 CGJR 124.07572516378389 4.68843 0.003068393447039417 4.668789676732339e-05 1.4122766527449812e-06 854.3293870004853 0.21496472311849435 3.035896596240389e-07 0.09560335467233033 4.872971055159997e-06 -7.102760351859552 14.789417480685946 8.081167517587002e-05 0.0023368059301195057 0.1481920066043759
20240324153406 CILA 46.11047419719152 4.68843 0.025450041766509807 0.00048576818234297414 2.1133288767527247e-05 383.2224889007837 0.3209625596261721 6.782994456144577e-06 0.11992795666092461 0.00040846234447893735 -5.17694115951961 98.67195097666107 0.0010923739479530314 0.021659001487809696 0.9899837655027811
20240324153406 CMJN 52.29398034286978 4.68843 0.008101064661385497 0.00021668666864912135 1.4630968028001639e-05 207.8775173656251 0.4357888432978647 6.376012633250875e-06 0.16806216832307092 0.00013118491596561605 -6.02235498454215 42.65535433342845 0.0008786583290029732 0.01286107317315543 0.4275834012046039
20240324153406 CNJI 168.25331515811354 4.68843 0.0028170239684620563 5.016864405656643e-05 2.428366176843199e-06 537.975435438832 0.27089353809851385 6.578287054438155e-07 0.11189783642111971 8.018486847589046e-06 -7.105203797792756 18.38521658081401 0.00013960766697948372 0.0032356068171888446 0.1850732672303294
20240324153406 CSJM 128.20196085415316 4.68843 0.0021086584202501244 5.0290416288530483e-05 2.8623570943192166e-06 189.08251213216832 0.45693474896083336 1.3079104203290116e-06 0.14985073053157577 8.475216570640622e-06 -7.154891047718786 14.73989205849782 0.0002755522454957299 0.003746855219995063 0.14742999606165527
20240324153406 CTJI 103.76746698007749 4.68843 0.002271492214811021 5.154592865059205e-05 2.8891980333825236e-06 119.65867120895555 0.5743912037450393 1.659529936252388e-06 0.14258143586429686 7.029579017186734e-06 -7.101537240781386 14.889740459656965 0.00032015075238834613 0.0033134032739658825 0.14898899051394227
20240324153406 GBJI 175.16859680889172 4.68843 0.0018370817761233223 3.50038467046011e-05 1.5532830533008539e-06 398.0527148489309 0.314926765856074 4.891704084350857e-07 0.11972012251584824 3.5596043890307294e-06 -7.426527859958625 10.707061382491009 0.00011307873944794252 0.0022325625216636736 0.10726870205129237
20240324153406 KBJN 118.19125999936486 4.68843 0.004550666748860184 0.00015866101463495703 8.195792845280485e-06 371.64225454564405 0.32592473819322465 2.6712116373839458e-06 0.21906604262469062 7.401762269772275e-05 -6.247022642666367 34.77738107449549 0.0005371238514699932 0.010068411707662052 0.34836374376333423
20240324153406 KCJR 187.76764562126596 4.68843 0.0006664283275415498 2.0368389250919826e-05 1.2615794954345014e-06 222.33474984685728 0.42138220880231697 5.316071543659028e-07 0.19203620071854613 1.1541909613743325e-06 -8.038484042818055 2.6445872510832658 7.217251583692804e-05 0.0011091302204803862 0.026474874152251544
20240324153406 KJJR 122.58130635820395 4.68843 0.003406058313157197 0.00010774680393167932 9.324448413001582e-06 216.97656779338945 0.42655344203406825 3.97737556563493e-06 0.19876146357915936 5.639467283173103e-05 -6.677447786043425 20.273690383952065 0.0006297226478508622 0.009345581112008134 0.20298539770066057
20240324153406 KKJN 84.65550083697596 4.68843 0.002728554267095101 0.0001521498944157352 1.303481259627274e-05 85.66346455350885 0.6788628622638445 8.848850188178526e-06 0.35036355795101837 5.2531026561367935e-05 -6.4669672903723265 19.13478975445477 0.0009474698215663458 0.009004305845076499 0.19150659531779166
20240324153406 KKJR 173.3715949068068 4.68843 0.0023302923152537978 5.607597462354451e-05 3.160355776040374e-06 274.2299456964468 0.37942193061192386 1.1991082899657836e-06 0.15119808683832717 7.95271190351015e-06 -7.076900397488077 11.148566794836203 0.00018997833537639136 0.003048987213030661 0.11166616086599224
20240324153406 KPJI 58.180056269199554 4.68843 0.0019061196363786505 6.076320028046953e-05 3.979206494098857e-06 233.4611983488143 0.41121837556013535 1.6363228305216733e-06 0.20029511261150182 1.4192122426728405e-05 -7.087555784058337 13.651397524026539 0.00029509173024602504 0.004663708234786286 0.136658959908529
20240324153406 MGJR 105.98829043020935 4.68843 0.012017559925699525 0.0003792176374540388 1.5545121103227857e-05 608.2459362358435 0.2547652913196201 3.960357306462619e-06 0.19826776006160657 0.00042009715456994633 -5.522594598894122 83.05370070838103 0.001045173983430201 0.025172402973702993 0.8318451498458022
20240324153406 PBJR 193.6484596112439 4.68843 0.002955325120276088 3.713792664856634e-05 1.3670419017223514e-06 424.3654650713995 0.30500703150150943 4.169573923825126e-07 0.07895729422676381 4.449346578586762e-06 -7.239231054409054 17.443327597918103 0.0001349119265097392 0.002706962223111942 0.17498412483592607
20240324153406 PCJM 92.55302063088295 4.68843 0.009480876177112556 0.0002890434075584887 1.8812780383074095e-05 218.86412956093002 0.4247100850093217 7.989977555757099e-06 0.1915554277454684 0.00016143949911650175 -5.7267325939653935 53.26104718192114 0.0009653429805254065 0.013520886223081015 0.5335618909817275
20240324153406 PCJN 126.70688353344673 4.68843 0.0035472936976571013 6.487004904478997e-05 4.072315004810433e-06 161.90310743064094 0.49380135374046663 2.0109146622330066e-06 0.1149018304583708 9.985191379544414e-06 -6.757130543420088 24.78467022672257 0.00031714307333481964 0.0037886500114493226 0.24845511687105837
20240324153406 PCJR 8.48335378028833 4.68843 0.033332726779020376 0.0009412742107201045 4.4321983501073304e-05 392.5773567926782 0.317115335726558 1.4055180678009824e-05 0.17742923733878324 0.0012527868129171176 -4.663649809510155 143.6378449480851 0.0018331778921941767 0.035408112977688665 1.4416396155404216
20240324153406 PGJR 95.98812438376675 4.68843 0.0040502036497462365 8.879550532462334e-05 4.0193967335326735e-06 390.40137410186094 0.3179978616101066 1.2781595662260377e-06 0.1377507559241413 1.955388845042926e-05 -6.692998677815268 24.466408162116313 0.0002844565859311367 0.005443494335685769 0.2449152711830251
20240324153406 PKJI 125.45360988535145 4.68843 0.002383564531892512 0.00014374727022723182 1.1451325152862835e-05 154.1752869422347 0.506025596704429 5.794663643533853e-06 0.3789243899856982 4.769576294832559e-05 -6.539941575485569 16.491207977997078 0.0005725353746571489 0.007081675764789644 0.16512809127351433
20240324153406 PKJM 106.040140661469 4.68843 0.002879832810532665 0.00016547964501385692 1.1890019108896953e-05 150.34430415346 0.5124321607538779 6.092828183376963e-06 0.36104154046222053 5.446933475790208e-05 -6.448634756750698 21.423800842653066 0.000742860719418936 0.008076553652395721 0.21451359867270142
20240324153406 SAKJI 171.58599002465482 4.68843 0.02259793971469238 0.0005707203100749095 2.692057104617114e-05 358.1407629251164 0.3320113963115503 8.937936382543574e-06 0.15868444256624847 0.0008714402685846726 -5.166608041320828 111.21422047932714 0.0016614492555341582 0.030115234920596663 1.112711833008636
20240324153406 TKJN 162.63685340635308 4.68843 0.00518146222566181 8.719469645956052e-05 2.7267013088503556e-06 870.8184628744001 0.21291980228681526 5.805687035756182e-07 0.10573471576138303 1.599938980324463e-05 -6.5467396556348225 33.861417981334554 0.00016110444041300746 0.0046096172329459575 0.3401249761600196
20240324153406 TOJI 119.7086322684432 4.68843 0.0033872978550709464 0.00015116374330894613 7.776273385156728e-06 274.90562578721983 0.37895536037192123 2.9468604830226476e-06 0.2803974883741494 3.9309068709612875e-05 -6.359045025567937 21.505875347919808 0.00046814634190912163 0.007289889574341244 0.2155392003031767
20240324153406 WGJR 219.62984401253846 4.68843 0.0020619857526195384 2.2371512478697303e-05 1.126922945119084e-06 454.9150940991617 0.29458775779248403 3.319777036075335e-07 0.06816941306551864 1.4610821392389128e-06 -7.549795559161649 8.753097822851675 6.049864160321245e-05 0.0013411565893308602 0.0878532532910801
20240326082442 BEFA 41.88236907607908 3.811468 0.012274550499108798 0.00015219338448841033 2.7854819753850944e-06 2866.224596169996 0.11736125881422331 3.2690767103552406e-07 0.07790584570383602 4.3322016122101656e-05 -5.9932140732750545 64.73815311251724 0.000137533091915126 0.007063959046189248 0.6476994606047991
20240326082442 BLSM 136.5175710279964 3.811468 0.0035765036858773653 7.665135783415643e-05 1.977923731817473e-06 991.8816054736959 0.19950323863764932 3.9460219027585126e-07 0.13466075464166335 1.119562652939343e-05 -6.743046089968778 22.703405787023044 0.00012655055002668133 0.0039494975108216365 0.22743858147877985
20240326082442 IMSR 91.97836902042928 3.811468 0.03353635788483567 0.0004158540804745493 8.358034705208373e-06 2592.764491567734 0.12339521902877305 1.0313415230992739e-06 0.07791210534373054 0.00013048891816136026 -5.121534664630157 89.60964748539871 0.0002498465633809244 0.011544643341510667 0.8961231771902489
20240326082442 ISSR 97.07064624935582 3.811468 0.0025321602076337083 4.7222376887926815e-05 1.503095990409717e-06 914.9422996192969 0.20772224858833316 3.1222647897201405e-07 0.1171754234735368 3.7687562435871514e-06 -7.167786875868579 14.12867160049093 7.063083551611054e-05 0.002104290326835717 0.14180181568902678
20240326082442 MNAI 130.22428476293967 3.811468 0.003975719750179418 4.0050007504372935e-05 9.96775791144903e-07 1734.4670908780972 0.1508678968952011 1.5038146728608175e-07 0.06329460689289078 1.396638991520019e-06 -7.235231039394163 5.747287454374647 3.654088459312719e-05 0.0015147339903284686 0.11541114035971664
20240326082442 NBSR 51.3658133046868 3.811468 0.005165055499497715 4.7070993054377914e-05 5.736818269020203e-07 4114.059897818301 0.09795904964564722 5.61973265623006e-08 0.05726090880966932 4.5780328990836725e-06 -6.952909898005024 24.039054081253767 4.212187164629226e-05 0.0023920928964432744 0.24056052515903414
20240326082442 ULSM 84.6673771815809 3.811468 0.003964077410624809 6.0248146841034025e-05 1.4738710234045114e-06 825.6165661594538 0.21867073719602284 3.2229246321972114e-07 0.09549517625507645 6.334863169248362e-06 -6.900275182098686 22.920197979365096 0.00012615778847580858 0.003145083109485527 0.22927181460724205
20240327045128 CLJR 71.75145860335383 3.332646 0.0030783312548548366 4.8024369512213673e-05 8.517500302777778e-07 2624.8323057401662 0.12263913736543475 1.044578889642496e-07 0.09802259338718683 4.324514244035726e-06 -7.057869981656978 14.080019282732446 4.4583345596938426e-05 0.0022542632379313377 0.14122092940397374
20240327045128 ESJR 54.74797390275527 3.332646 0.002814438766617245 3.737107007655063e-05 4.4633695224016335e-07 4294.370467142442 0.09588046125100247 4.279499285415352e-08 0.08343026012990354 3.278697104890689e-06 -7.200990583571596 17.05936553166947 3.5869469969058954e-05 0.002241676109510619 0.17114516673705593
20240327045128 KCJR 128.5767613605128 3.332646 0.0005257459172047327 6.479077170238697e-06 1.3792353999532659e-07 989.7032447849216 0.1997226736762118 2.7546458170754557e-08 0.07743140012682918 7.366946971382437e-08 -8.718533938949903 1.9939398810924756 1.2112677023414886e-05 0.0003153821464918048 0.02011128272437362
20240327045128 MLJR 65.7768722321726 3.332646 0.005873557408517038 8.751325731743545e-05 1.5778237520787871e-06 3169.056148480279 0.11161303080345278 1.7610569104318912e-07 0.09361652135433313 1.8256412847411947e-05 -6.504360478588886 41.221968121048846 9.650491384091034e-05 0.005312379139058628 0.41402495752550467
20240327045128 RSJR 52.83004560419487 3.332646 0.0032538175879295505 3.567189572609321e-05 4.127264203813103e-07 5618.920841449121 0.08382111072437864 3.459518698165826e-08 0.06888312729542106 2.7139241980774373e-06 -7.167077139355041 18.21684228375483 2.8908561877190162e-05 0.0019398804702005176 0.1826106257957119
20240327045128 SPJR 93.77953479159669 3.332646 0.001710188026620455 1.7171167670160896e-05 4.2140272209575874e-07 1508.7419752770093 0.16176046317050588 6.816629950752191e-08 0.06308641315041566 6.188532033555208e-07 -7.852720112270768 7.908003266129583 2.8994566416143857e-05 0.0009377244993832558 0.07946219015996764
20240327045128 SUPJI 86.22899867748397 3.332646 0.008323565990526166 0.00010181212554224521 2.8237943155282e-06 956.9765541283301 0.20310902411635312 5.735381077322381e-07 0.0768546139993203 1.9279224518914476e-05 -6.355090408801851 44.99630200706943 0.00017628022507081267 0.005108622040613595 0.4529569228724484
20240401003521 CILJI 57.24379905153675 3.013508 0.008569030163435049 6.351403053318598e-05 9.865608563869269e-07 3528.5178942133525 0.10577516372953824 1.0435363611348066e-07 0.04657124736807967 1.2024595741464178e-05 -6.505994168895423 63.5810146398867 8.460617505004969e-05 0.00455132483316195 0.6359766023027527
20240401003521 SPJR 55.959008626997594 3.013508 0.019590337413816196 0.0001892277919463878 2.7425596031063017e-06 3715.3554347105696 0.10308125196976302 2.8270647748989395e-07 0.06069080164127563 1.8238087209191773e-05 -5.684403811135043 42.39479761953798 7.464697389492494e-05 0.003871821070134274 0.42426765918247755
20240401003521 WLJI 27.57460911448972 3.013508 0.014786283435569914 0.0001926819348881377 3.2962765630999117e-06 4205.952748760694 0.0968830212663739 3.1935323236265857e-07 0.08187698467457503 4.098983989605349e-05 -5.8395442885896465 76.76971239554663 0.00012309397339716583 0.007427628145552845 0.7708256748729556
20240401013149 CGJR 106.8856676296591 3.276218 0.0011562580981893098 1.0916342476889142e-05 2.504664524349863e-07 1395.0079883944481 0.16822538119386585 4.213481443715084e-08 0.05932014899298061 2.0374355721299227e-07 -8.172793760145684 3.9450717964768387 1.5942898843308764e-05 0.0005285702081957817 0.039490856336056104
20240401013149 CILJI 57.448879209149524 3.276218 0.04647812155653274 0.00037503870220960276 8.891028554685204e-06 1479.9796441986896 0.16332474820086293 1.4521249999406432e-06 0.05069993331122193 0.0001223068557480534 -5.128741240547245 129.86647138276288 0.00030754897787425677 0.010892475804899372 1.3006201976286498
20240401013149 CSJR 46.1455260875961 3.276218 0.0010624538645283455 1.5192873580106354e-05 2.869219397725308e-07 2012.3022380304797 0.14006617318817996 4.018805810766784e-08 0.08984826846550979 3.284415150787153e-07 -8.00690934515991 6.086881244575697 1.609853259443254e-05 0.0006883036636849349 0.060939828161883945
20240401013149 ESJR 6.6509226845626035 3.276218 0.008781965164017766 0.00014242334064614313 3.25706607993028e-06 2456.830193659102 0.12676293847374834 4.128752670951348e-07 0.1018988602931185 2.1509993852230396e-05 -6.101024418404165 34.4193685921977 9.64928685074561e-05 0.004741990872625199 0.34430617587496926
20240401013149 JSJR 9.014767256627362 3.276218 0.006651594905618816 7.886972053734478e-05 1.4291552341077045e-06 3027.7059869140703 0.11418867104314621 1.6319333689711528e-07 0.07450139046245813 1.4712694901274541e-05 -6.589485926268224 38.2436213719525 9.004352324511568e-05 0.004890493935061009 0.38260434079460115
20240401013149 RSJR 5.938077070237289 3.276218 0.01347236898677865 0.0001764828508366607 3.399489229643874e-06 1569.035470097047 0.15862202417680232 5.392338627733496e-07 0.08230731035011636 2.6724590599908067e-05 -5.92793581112867 45.261740755127875 0.00013128968054388073 0.005052254442757342 0.45287824936152554
20240401013149 CGJR 106.8856676296591 3.264173 0.0011562580981893098 1.0916342476889142e-05 2.504664524349863e-07 1395.0079883944481 0.16822538119386585 4.213481443715084e-08 0.05932014899298061 2.0374355721299227e-07 -8.172793760145684 3.9450717964768387 1.5942898843308764e-05 0.0005285702081957817 0.039490856336056104
20240401013149 CILJI 57.448879209149524 3.264173 0.04647812155653274 0.00037503870220960276 8.891028554685204e-06 1479.9796441986896 0.16332474820086293 1.4521249999406432e-06 0.05069993331122193 0.0001223068557480534 -5.128741240547245 129.86647138276288 0.00030754897787425677 0.010892475804899372 1.3006201976286498
20240401013149 CSJR 46.1455260875961 3.264173 0.0010624538645283455 1.5192873580106354e-05 2.869219397725308e-07 2012.3022380304797 0.14006617318817996 4.018805810766784e-08 0.08984826846550979 3.284415150787153e-07 -8.00690934515991 6.086881244575697 1.609853259443254e-05 0.0006883036636849349 0.060939828161883945
20240401013149 ESJR 6.6509226845626035 3.264173 0.008781965164017766 0.00014242334064614313 3.25706607993028e-06 2456.830193659102 0.12676293847374834 4.128752670951348e-07 0.1018988602931185 2.1509993852230396e-05 -6.101024418404165 34.4193685921977 9.64928685074561e-05 0.004741990872625199 0.34430617587496926
20240401013149 JSJR 9.014767256627362 3.264173 0.006651594905618816 7.886972053734478e-05 1.4291552341077045e-06 3027.7059869140703 0.11418867104314621 1.6319333689711528e-07 0.07450139046245813 1.4712694901274541e-05 -6.589485926268224 38.2436213719525 9.004352324511568e-05 0.004890493935061009 0.38260434079460115
20240401013149 RSJR 5.938077070237289 3.264173 0.01347236898677865 0.0001764828508366607 3.399489229643874e-06 1569.035470097047 0.15862202417680232 5.392338627733496e-07 0.08230731035011636 2.6724590599908067e-05 -5.92793581112867 45.261740755127875 0.00013128968054388073 0.005052254442757342 0.45287824936152554
20240401103254 APSSI 153.2457164182789 4.191902 0.0037482419633996533 8.692011151416115e-05 2.3162173161186885e-06 1001.7841810140438 0.19851475111210976 4.5980330403086026e-07 0.14570435230623272 6.798782072666177e-06 -6.6967999803129254 16.729339524348184 0.00010187813222351545 0.0028985940128863734 0.167744817544267
20240401103254 ISSR 120.74058531861918 4.191902 0.0015195466658105604 4.228350109683952e-05 1.3439187928344146e-06 531.4163237248679 0.27256018982250546 3.6629876128098047e-07 0.17483837700111496 1.568509010461699e-06 -7.332151836123853 5.325986343243463 5.728097443612675e-05 0.0011924579625167612 0.05351460328087851
20240401103254 KPSR 152.48415719599058 4.191902 0.0011856675123515083 2.1141874187455192e-05 4.169635682887394e-07 851.1266397688015 0.21536879413369653 8.980094090002904e-08 0.11203673194806739 5.262247620001596e-07 -7.825221072286059 5.52505355828664 3.275565676343399e-05 0.0008156976911087158 0.05571942862272764
20240401103254 ULSM 173.98103634298835 4.191902 0.0013701914509355938 3.8117621341635615e-05 1.4023571672378935e-06 633.5916288038852 0.24961757114737265 3.500529899670329e-07 0.1747931489390512 2.9842441991987166e-06 -7.482914263392776 11.945115374173067 9.297758897295575e-05 0.002386035336226403 0.11978314614446471
20240402052009 CCJM 109.54469100667482 3.714357 0.0025904190646199917 2.4767334138696196e-05 6.222094002864553e-07 1774.441897130501 0.14915883296521606 9.280802800671464e-08 0.060074353251832656 1.4304268269123576e-06 -7.487874698822721 14.888709862852092 3.483206655871764e-05 0.0013245926410967504 0.15001129847060624
20240402052009 LSJR 94.6204989001343 3.714357 0.002026719397567268 1.3102988702356288e-05 2.449605435197926e-07 3963.0088675709317 0.0998084580775426 2.4449134138547272e-08 0.0406215612253016 6.045429852448084e-07 -7.879412026799114 13.514996068468037 1.6725473371824642e-05 0.0010274955957474976 0.13525750929836183
20240402052009 RSJR 80.19211117794289 3.714357 0.001425377456641444 1.542724698131503e-05 4.820989938497427e-07 975.2078168921217 0.2012015311897208 9.699905574759202e-08 0.06800461948628439 5.748428064887324e-07 -7.854520624715083 8.727745428880393 3.195490159012418e-05 0.0009511426969045857 0.08744270943594429
20240403230748 ISSR 149.98247049265257 3.779242 0.0013654614666495579 1.490727132084153e-05 2.619421647910999e-07 2411.4369455435617 0.12795047813755206 3.351562522940669e-08 0.06859596584814505 5.776608407038688e-07 -7.929821278530361 7.861125549168628 1.9670648279834037e-05 0.0009014551515225806 0.07908678214324294
20240403230748 JMSI 80.05794972470147 3.779242 0.002463652730547521 4.594912090856778e-05 1.1501444404290976e-06 1118.9555462315109 0.1878336733092858 2.1603585508205043e-07 0.11718650026879776 4.103243204935054e-06 -7.152939730617028 13.243050305168065 7.991315001669779e-05 0.002512171901559816 0.13262385307901037
20240403230748 PASMI 167.1438688708982 3.779242 0.002093303495039477 3.0722591602699875e-05 7.756133124576968e-07 936.6138906464289 0.2053050212032453 1.5923730755964678e-07 0.09221583808272502 1.8546461872259885e-06 -7.33441091478 12.55091379986136 6.183691566493267e-05 0.0016632596035770933 0.1255345741963949
20240403230748 STSI 124.47713028141014 3.779242 0.0015160393336682222 2.8512290764317335e-05 1.2888823243146557e-06 465.9900384115306 0.2910660498489895 3.75149886858451e-07 0.11816844222037616 1.7136229735929449e-06 -7.6324187514169655 8.9807872396097 6.703082237517855e-05 0.0014561980344835806 0.08999665148023736
20240403230748 UMKSI 101.94976755978286 3.779242 0.008327296724397849 0.000159356907320595 4.582809166598451e-06 1196.4878063821204 0.1816459544474416 8.3244874511726e-07 0.12023937801336648 6.865408289588811e-05 -6.019109581249421 57.23592468756772 0.00031077809050289484 0.010423721768932937 0.574442362017823
20240406160036 CCJM 120.99089158750448 3.154815 0.001796017228605347 1.862203571261337e-05 4.5817442134753124e-07 1985.0561843257267 0.1410241421731969 6.461365473623646e-08 0.06514731558010932 6.585730771094686e-07 -7.746601153823164 12.621088381268443 2.326980317460839e-05 0.0009464669489519963 0.12630420130589196
20240406160036 CGJR 78.94593107700334 3.154815 0.0019578203027504418 2.7837321234126577e-05 6.815749952260591e-07 1589.5493408972627 0.15759515500083546 1.0741291701734447e-07 0.08933764121445897 1.0203496581519852e-06 -7.5462924241127896 6.913253598072074 2.61252225500883e-05 0.0009847010270924558 0.0693034522998277
20240406160036 JSJR 106.37856401561895 3.154815 0.0007763898897524332 1.1338371073413406e-05 1.8542290055950154e-07 2428.6208226303665 0.12749701328880983 2.364086601668443e-08 0.09175942071906389 2.591572244682588e-07 -8.255532991036215 3.9007706478276285 1.3241023698887522e-05 0.0005678439892337047 0.039253549279681554
20240406160036 TSJR 85.22442274027608 3.154815 0.00244228852889023 2.462561418529473e-05 5.718137243277654e-07 1309.2837251284548 0.17364528029660317 9.92927544383394e-08 0.06335340620038236 1.3014924001955326e-06 -7.613592393910899 12.689322167765347 4.578343764668905e-05 0.00157354512354479 0.12694846760750772
20240408133132 BSJR 103.12836625284322 3.399204 0.001281382805732982 1.980121963808752e-05 4.4540382985979077e-07 1093.7715066753376 0.1899837980358975 8.461951125649774e-08 0.09709411718155461 7.608927624835352e-07 -7.862606243328089 6.740546702695612 3.576031823753494e-05 0.0011198710531563005 0.06756061548723671
20240408133132 CCJM 74.396234983777 3.399204 0.0020715439936007177 3.605503505872256e-05 8.161582827424652e-07 1038.2215482981942 0.19500010676617205 1.5915095227287635e-07 0.10935826959534768 1.1271998789116331e-06 -7.319042230123459 10.042893491675812 3.575263917483123e-05 0.0009857097553369624 0.10149182976306861
20240408133132 CLJR 76.9793406523306 3.399204 0.004270650529152835 7.67254602719405e-05 1.7324808078521205e-06 1961.8228319541204 0.141856740300676 2.457640800353836e-07 0.11288216663396182 1.5679812574630578e-05 -6.724341407992356 21.992840236136754 0.00010393057820221784 0.004342184198102858 0.22002202164317325
20240408133132 CNJI 65.27470273586007 3.399204 0.003006589756004599 5.3727524852495594e-05 9.09206075622781e-07 1914.0749104012416 0.14361519857864205 1.3057581109947353e-07 0.11228003224255316 2.8589537338967845e-06 -6.957675695586335 13.627678414642897 5.086524272780495e-05 0.0017087912985761556 0.13659112460713893
20240408133132 ESJR 9.692548958379911 3.399204 0.007153256313778697 0.0001109011518371483 2.6610576389557256e-06 2301.025585462889 0.13098427014529568 3.4855669265317946e-07 0.09741192782792546 1.7862051617537528e-05 -6.386199969869684 33.29219668027544 9.579164109576512e-05 0.00484947608407532 0.3329865296065434
20240408133132 RSJR 2.3234180464528427 3.399204 0.005466410385871035 8.715368919317776e-05 2.544347133660554e-06 770.07920355767 0.22641863652120645 5.760876088400625e-07 0.10017593644642067 9.144989084299688e-06 -6.566125377461643 24.465121258365347 0.00010863865816796816 0.003217802255539081 0.24525438428468807
20240408133132 SSJR 40.0181716999577 3.399204 0.0043951649953765095 6.522260199236708e-05 2.31482666385489e-06 533.2890813901306 0.2720811924831665 6.298207990934684e-07 0.093240116119772 8.088882304335613e-06 -6.743647380075439 21.54236127505425 0.0001369579994623203 0.002897213301743261 0.21551429393900595
20240409005832 ESSN 142.18140952415126 4.682515 0.008208867255072206 0.00013537668134024614 5.852784497209211e-06 411.2122409666882 0.3098466829776064 1.8134658626430322e-06 0.1036192630117376 4.8005083985069e-05 -6.175242270122824 51.97638273790989 0.0004238386797131697 0.00841600807012108 0.5209332145238152
20240409005832 KBSR 211.9511723226167 4.682515 0.006317916679897862 0.00016106378134818876 5.608015222214602e-06 841.9593792823842 0.21653808850932071 1.2143488965495233e-06 0.16017836824370488 7.287634570093347e-05 -6.153236671532001 33.79263026142001 0.00037464818836043646 0.010416085469191916 0.338496675793292
20240409005832 KTSR 193.378462411274 4.682515 0.0005364435086778539 1.098726227438486e-05 3.488010845116556e-07 676.2157003363526 0.24162242758230396 8.427816478304659e-08 0.1286901673182526 3.332087934245523e-07 -8.452495533753504 2.6405036468500303 2.739881617605322e-05 0.0006786520317295457 0.026520825769566696
20240409005832 LLSI 178.78978390245348 4.682515 0.003944729560264801 7.863417408389361e-05 4.430276979798064e-06 516.2194537705402 0.276543009572035 1.2251621292310622e-06 0.1252489124280946 2.448593449279982e-05 -6.746039779741442 28.39822347361346 0.0002739355910316116 0.006384570356407297 0.28409116150616104
20240409005832 NBSR 225.9283455441592 4.682515 0.002007229500047854 3.808573313306772e-05 1.5951967525801367e-06 799.5974617570146 0.22220005645454188 3.544528084794083e-07 0.1192189128493522 3.6993920389123305e-06 -7.48110261992055 13.075302986568634 7.312922888491147e-05 0.002203217008173769 0.13115146556719998
20240409005832 PPSM 122.14758087042131 4.682515 0.005009267727940057 4.598219597627506e-05 1.963775213850372e-06 733.5276132553728 0.2319912659087557 4.5557869782138526e-07 0.057676026485570395 6.625859962940426e-06 -7.01473783430485 30.469064537546203 0.0001102659663115207 0.0031079355845244658 0.3053163058737808
20240410130112 ESJR 107.90458279320508 3.496996 0.0013880175507644025 2.3523547142024516e-05 3.716251090339858e-07 2572.5334913043 0.12387947313811505 4.6036722712024724e-08 0.10648482484541894 8.10792224153099e-07 -7.61863755450498 6.588496630897472 2.1249706491955805e-05 0.0010414334394624357 0.06593945962382491
20240410130112 RSJR 98.66122217377574 3.496996 0.0015835685093573862 2.7424461063100825e-05 7.14702125392504e-07 1386.4070329301092 0.16874639048361492 1.20603403930953e-07 0.10881308247214297 1.2101875502081092e-06 -7.61306280802519 9.260632644343957 3.5940985792987765e-05 0.001349452489525113 0.09279550618867916
20240410130112 TSJR 78.95006040916134 3.496996 0.0036863203133003157 3.675537223478711e-05 1.0164642885410867e-06 1234.558307135058 0.17882328362327274 1.8176748176271088e-07 0.06264805962528322 3.313936786535111e-06 -7.161277079790144 20.077984751793927 7.198011011781584e-05 0.0024235901053407402 0.20113100861383615
20240411014756 LESM 89.35833426537971 3.944904 0.004475948299529701 5.6508214445075e-05 8.409194097608363e-07 3926.0846804499 0.1002767008652042 8.432462410433145e-08 0.07932432614861853 9.689505557883161e-06 -6.829276191113354 34.10728233250386 6.738106154032637e-05 0.0040435329198055285 0.3414682964205722
20240411014756 MKSM 68.0606079445297 3.944904 0.008623046612327897 0.00020883695157125406 7.792589060192903e-06 1104.250611391002 0.18908019615033164 1.4734242680202025e-06 0.15216910271976883 0.00012463452492161967 -5.984979483382823 60.39038656365115 0.00038969830548440026 0.013746762384702557 0.6048495421262865
20240411014756 MKSR 71.3495376507107 3.944904 0.00875199055876288 0.00012534329366562845 4.26724651287476e-06 892.6193401809311 0.21030360732391568 8.974173349979621e-07 0.08998583074622239 3.100695433524026e-05 -6.100082965218901 40.489871333007756 0.00019919447787917753 0.006225192846103417 0.40491896911703995
20240411014756 PPSM 128.30674248764413 3.944904 0.00316019980937731 5.314024516704006e-05 1.5786543451675593e-06 1148.0468662017743 0.1854385657510466 2.9274339758452987e-07 0.10565471419329567 3.8608188233465954e-06 -7.081197904196754 23.644222342763655 7.645573786162518e-05 0.0024975222041853937 0.23686769973316002
20240411014756 UMKSI 159.6148570747032 3.944904 0.0059381635731225735 0.00013788510632927332 5.268914912508535e-06 895.9672620755069 0.2099103234176003 1.1059996333444838e-06 0.14589656608455673 5.333209005495774e-05 -6.345232845069819 45.312083456132456 0.0003054867138171935 0.00954231700903913 0.45372929207763557
20240411192302 SSSR 109.01932526169159 3.333721 0.00023266277131291682 4.372605569013367e-06 1.1627573327027139e-07 1035.678357721913 0.19523937910356454 2.270160196849947e-08 0.11808460335223017 3.8262054627452824e-08 -9.21911950337459 1.0951941815299584 7.50058677950756e-06 0.00023128053533492867 0.0109997270177884
20240414161612 LPJR 116.67185152602627 3.228003 0.00044867370088512556 6.3235187426217596e-06 1.4204715471786644e-07 1616.822967311096 0.15626029269436867 2.219632997261608e-08 0.0885539758067709 9.880209051535498e-08 -8.844781272723411 2.534586320311296 1.0474052558189986e-05 0.0003777224006227084 0.025373174916634378
20240414161612 MGJR 173.40814620622686 3.228003 0.0007304918748085325 6.712090885474232e-06 1.166420239498576e-07 1612.5342701546474 0.1564679497011101 1.8250738336422e-08 0.057732758277591605 8.674703900845251e-08 -8.772553292935322 2.9177204770243326 1.113627681353577e-05 0.0003503217802019795 0.029271061148216954
20240415084523 BTSR 105.06897746853919 3.143752 0.0017001901359817715 1.7841076018843903e-05 2.95842946215163e-07 2158.393780796287 0.13524291655302229 4.001066288777755e-08 0.06593308850197678 8.877501470815911e-07 -7.7402315316421 12.387161096195515 2.9251695774261554e-05 0.0012169846813066187 0.12396610087157728
20240415084523 KBSR 48.991270671199004 3.143752 0.000997122037415053 2.965096420043102e-05 1.2413964891584445e-06 441.6840577512738 0.298967518252553 3.7113722753113246e-07 0.18684022177548915 2.982026525593284e-06 -7.746754845549016 8.468039744292216 0.00010858605383209692 0.0024127061174800354 0.08479777288573861
20240415084523 MNAI 193.91001747931583 3.143752 0.00043245284091702774 4.241470093687906e-06 1.3670941185035148e-07 688.9009439383476 0.23938750504968936 3.272652501966608e-08 0.06162508382876977 1.0166281292884235e-08 -8.99869395857575 0.9620212473823296 4.962795347731604e-06 0.00012223941079255444 0.019290636538651477
20240415084523 SSSR 143.31765181478022 3.143752 0.0010093136531823584 1.6423211599614853e-05 3.5425720925817155e-07 1206.328260661379 0.18090356160575402 6.408639087931813e-08 0.10223787372145797 4.6148771943570117e-07 -7.9463028351199885 4.84728665549557 2.5995738403637156e-05 0.0008107993651991553 0.04867713066509924
20240415084523 UMKSI 99.29764630546443 3.143752 0.005941807166659773 0.00013685096005409573 6.398779852834068e-06 639.3986031615747 0.24848148094110906 1.589978294048341e-06 0.14471353872103035 7.284817607357219e-05 -6.405466461372438 36.97771952106143 0.00038612306664508863 0.010395470692604243 0.37154807641436166
20240416031705 CILJI 69.28727608586821 3.182758 0.018921640604084876 0.00013573024855100527 2.057405397668173e-06 5462.811295763236 0.08501034309941946 1.7490073875036893e-07 0.045071054951302696 4.85243765358229e-05 -5.853552877624682 84.91320087119678 0.00011590026089705786 0.007294220927749541 0.8510786149067004
20240416031705 ESJR 51.93481062193885 3.182758 0.0018679566731131876 3.0255405685497044e-05 6.026421670425815e-07 2058.3678267596533 0.13848998742830382 8.345990613749289e-08 0.10176912730478184 9.990420726848785e-07 -7.4422667789473325 8.704911005687006 2.8620127051327115e-05 0.0011815238246273433 0.08731710275179289
20240424231251 PSSM 110.65078156409841 3.886929 0.0018957357948052077 2.216286826719229e-05 4.957091331413583e-07 1287.219969290524 0.17512715161362286 8.681212851590422e-08 0.07345612645125371 1.4669978930407188e-06 -7.527061590105162 17.022451468270134 5.173815831324114e-05 0.0015354604379541597 0.17069820192774884
20240424231251 SUPJI 154.26645595468386 3.886929 0.0013703362681541363 3.260826028597414e-05 1.4049503111792315e-06 374.6691777180781 0.32460550798359294 4.560546094520414e-07 0.14951347832127498 2.617764888459017e-06 -7.572341603714269 9.263420716947696 0.00012512325542679692 0.0021859576055667878 0.09274183172267797
20240425042634 JPSI 184.3695643579775 4.628568 0.0013142577192303893 2.3923209257410148e-05 7.75054823974893e-07 884.3443205123597 0.21128524669286552 1.6375764968403075e-07 0.11437175122301266 2.021158415935552e-06 -7.70898472740765 9.631400203733492 6.346240079773411e-05 0.0018676087156858142 0.09639364786479115
20240425042634 JPSR 184.3912100610602 4.628568 0.0017033691014990912 3.4040455889290104e-05 8.94138853266525e-07 1300.3532477670608 0.17424053464093614 1.5579523183639288e-07 0.12556438419896776 3.408634560409984e-06 -7.3759394162556555 11.391352697712476 6.525069748974233e-05 0.00218614751338811 0.11462854545829088
20240425042634 SISMI 157.0109843980273 4.628568 0.0051011232018825445 0.0001052761001718151 4.006101180028946e-06 441.8447759470798 0.2989131395510554 1.19747628108164e-06 0.12967129387359297 2.3581303350872637e-05 -6.494591576813126 23.739400647038572 0.00026350366546605135 0.005307138100676121 0.23826219459273898
20240425042634 SIUMI 227.3841685050308 4.628568 0.005378162338052958 8.441413136014289e-05 3.255290338354924e-06 444.503040071994 0.2980180032504408 9.701351266369863e-07 0.09861911867695554 1.93319068982017e-05 -6.626105997924055 22.768066168539843 0.00026753170299663605 0.005562597972384317 0.2288884569415397
20240425042634 SKSM 182.5749773261216 4.628568 0.00463155393182364 0.00010113752833683029 3.0402894181212e-06 735.5170508873335 0.23167730672405587 7.043660640519667e-07 0.13720359114985436 2.7848461972062772e-05 -6.628810460698236 30.10995382581703 0.0002537288435051045 0.00678497617755484 0.30142884756961263
20240426095943 MBSR 37.37852560687675 3.813442 0.005070699988303939 6.581400777715956e-05 1.539056410274908e-06 1105.3814676372074 0.18898345251807425 2.908561940338259e-07 0.08155118773066433 6.913943557030002e-06 -6.673335646281745 24.84326510535038 0.00010117582006301598 0.0031227091617612394 0.2486668208199381
20240426095943 MKSM 85.70497096514684 3.813442 0.0012060617356709196 1.685252129977272e-05 5.280984478625542e-07 1150.7223068392946 0.18522286706159935 9.781590860388284e-08 0.08779609790104058 8.837721291365017e-07 -7.96488193395192 9.521244382808597 3.998444737347777e-05 0.0012509286849858659 0.09534794066267815
20240426095943 MTSM 95.61109534965517 3.813442 0.006273256838331863 6.6713224002834e-05 1.1279754834786492e-06 2370.647332992398 0.1290465483029516 1.4556134271327267e-07 0.0668188087386918 1.5665425105129737e-05 -6.64880716746571 46.02319520933865 0.00012665501261581902 0.005393457289359064 0.4607633271607267
20240426095943 SSSR 17.510690348068618 3.813442 0.004809846865899571 6.76174040332071e-05 1.3411672664124034e-06 1660.4335250755787 0.15419458471337824 2.0680072967563726e-07 0.08832977252210579 1.075554717141818e-05 -6.723700416097032 23.651737470802438 9.745584837789273e-05 0.003919869671562771 0.23680222395023168
20240426095943 ULSM 46.04348732623936 3.813442 0.003132513801372509 4.876732249495843e-05 9.376236297922591e-07 2305.8933907513824 0.13084594137821007 1.2268424649862247e-07 0.09781732614763138 3.2180051609458457e-06 -7.120808311980127 16.010617668094838 4.474873231663878e-05 0.0019650167858279066 0.16033796572984677
20240426095943 UMKSI 65.91196567605763 3.813442 0.016615742223732993 0.0002871920359795924 6.33722168354248e-06 1774.2238404437694 0.14916799868627084 9.453106757652718e-07 0.10860067257353974 0.00018212015708275912 -5.549759250017085 86.19343651712589 0.00038793776353158066 0.015862607163616583 0.8657696335313564
20240426095943 UTSM 9.336630886544244 3.813442 0.004580608184995259 6.330973255584338e-05 1.7350195034579802e-06 2023.6458472277948 0.13967304886991258 2.4233546389673794e-07 0.0868414772298967 7.848824214946495e-06 -6.86430241462835 32.49096716992409 7.681553858606187e-05 0.0035045992368875354 0.32537378416787094
20240427042244 ASJR 136.88366014897522 4.724402 0.005049244078003259 0.00015495008683104894 8.346917532625369e-06 221.65141884152422 0.4220312503140508 3.5226600425621566e-06 0.19281700268053856 5.714857229011103e-05 -6.305022638009136 26.746789800889783 0.000538799710692962 0.008629841905352082 0.26785028461949434
20240427042244 BSJR 97.54228625909867 4.724402 0.0042171922158555026 8.713624592001195e-05 5.916503645667397e-06 136.892491262247 0.537019498640099 3.1772778214986237e-06 0.12982409908397818 2.427949018378662e-05 -6.590622114130817 25.507508969355634 0.0005381716462815225 0.006109859923933765 0.25638290623122084
20240427042244 JACE 185.8268954200767 4.724402 0.0012902143494321642 3.376412120179546e-05 1.5692039996560483e-06 314.3630916176805 0.3543758294561495 5.560879689640195e-07 0.16442712045352742 1.3035141419260779e-06 -7.592623344082086 12.522476291932795 9.186890711036552e-05 0.0015842301336945756 0.12596220866068644
20240427042244 JBJI 143.8608996770106 4.724402 0.0011808066040360215 2.555806637841944e-05 1.418918392875183e-06 194.32543825163197 0.45072852142942554 6.395469892496479e-07 0.13599692498324373 1.7490604721468415e-06 -7.677463593286983 8.317602158843574 0.00011258918338844683 0.0015748138726583295 0.08321367860348908
20240427042244 MLJR 84.43593263477672 4.724402 0.007073654015827887 9.264860748804943e-05 2.3686967625664886e-06 1515.359213045472 0.16140689071272762 3.82323979487161e-07 0.0822952844452104 3.462142686406896e-05 -6.43542234435666 60.487149660513154 0.0002064688892195891 0.007856486171253757 0.6059635713740255
20240427042244 RLSR 152.05560991952552 4.724402 0.000641205059035593 3.318510670952994e-05 3.212046021524312e-06 113.94845109842842 0.5886073152847322 1.8906337853004305e-06 0.3251817370376222 5.269962902189332e-06 -7.801273209066727 4.039713055867954 0.0002510139981570367 0.002848245100195886 0.04047293287107184
20240427042244 SADLY 102.48507518673186 4.724402 0.003991353148191874 6.664077346067371e-05 2.4161372229008375e-06 565.7676674255653 0.26415619851229055 6.38237623885528e-07 0.10490585851990353 9.616328232579316e-06 -6.830719124882676 16.645123474204198 0.0001479629684313495 0.0032766153723782165 0.16759541971007438
20240427042244 TASE 169.64424392171443 4.724402 0.0013552831847411847 3.0494323661328238e-05 1.1287034975114912e-06 286.47401002242555 0.3712250331564873 4.190029932875465e-07 0.14137376493594295 2.883392412504871e-06 -7.573991970657199 10.497073279455527 0.00014421564221010432 0.00228578254227523 0.10505014971586296
20240427082712 ASJR 138.59072817284408 4.88712 0.0029308321693674597 0.0001579464476310067 1.2884289600812053e-05 120.7902956509205 0.5716942790224109 7.365874654052193e-06 0.3386092214521227 8.088284311037834e-05 -6.406397572153745 14.34338223653956 0.0009200632461341134 0.010001585876427441 0.14375083219526721
20240427082712 BLJR 106.85537093346755 4.88712 0.0029641650778095283 4.4111763433418565e-05 2.008517900596099e-06 262.4171560069048 0.3878678261609955 7.790394719096555e-07 0.09350436855003229 6.1806553585481184e-06 -7.207868243043018 19.19043475708739 0.00021701668187318132 0.0033054449772255455 0.1925683191639871
20240427082712 BSJR 101.2778604106585 4.88712 0.004558278391283008 0.0002114252808161988 2.021446145251687e-05 120.98236022109363 0.5712403044541278 1.1547315114511966e-05 0.29143112902692847 0.00014385886787116647 -6.124217927224785 16.735844444066803 0.0010370386260832828 0.012100491322844858 0.16787850913803753
20240427082712 CCSR 142.5891138340085 4.88712 0.0015644073516227742 0.00010616191611529935 1.1421473216536438e-05 94.53355802951495 0.6462296293098903 7.380894402895182e-06 0.4263819080278286 4.6972531482267474e-05 -6.795404001749339 8.28067455218531 0.0007148928685694788 0.007206594099882655 0.08298957674008983
20240427082712 CPJR 78.42993514698742 4.88712 0.005461853934911997 0.00010022651843325432 5.5609861819689205e-06 249.45501054351968 0.39781737975919057 2.212256951787941e-06 0.11529817448692613 3.3185873045863266e-05 -6.519132135004001 27.041066477392604 0.00048474881712647067 0.00729886616340707 0.27067995477409174
20240427082712 MLJR 89.2876979999659 4.88712 0.004084884678127382 7.796371146707949e-05 6.368998797134526e-06 158.42049298118945 0.4991995534106794 3.1794013552027097e-06 0.11992026335678767 2.2786928175311917e-05 -6.73930623700043 19.124020864280762 0.0004256310959933726 0.005493599109455941 0.19203421952502936
20240427082712 RSJR 135.7469016333832 4.88712 0.0010055331370827044 2.20605665359977e-05 1.3492803485077431e-06 196.38416592496733 0.4483597662633137 6.049630216806142e-07 0.13784789622068694 1.100424738219354e-06 -7.868559801342959 5.448993280523623 9.127462049537937e-05 0.0013187286011088707 0.05471184718571643
20240427232916 CSJI 40.07630200382629 3.424363 0.005281219744470993 7.825659423048682e-05 2.157114986341578e-06 1196.1044952365132 0.1816750578166687 3.918939898608087e-07 0.09310362129386494 1.120170291464839e-05 -6.586868887288988 31.38180410663153 0.00011317445838591634 0.00370675994296844 0.31465786589401407
20240427232916 ESJR 50.86338687676737 3.424363 0.010137638412352604 0.00015945835728740373 2.9669197511937017e-06 2513.5479235410808 0.12532458737284166 3.718279935866847e-07 0.09883035544002 4.5149721682942665e-05 -5.992625815880185 44.27395731059571 0.00015778366590000705 0.006991798991803154 0.4429923049094089
20240427232916 KSJR 96.78661584750327 3.424363 0.0006655294136369827 1.3402919698396336e-05 4.63841016214472e-07 755.4360529779186 0.22860252054826946 1.0603522544029902e-07 0.1265353963276614 5.490057064922758e-07 -8.150330934174184 4.0407041917603275 3.788551362783638e-05 0.0009633613265106055 0.04056818764621176
20240428233810 ACBM 127.72589257780955 3.613136 0.0031758167527749306 4.643183435139341e-05 1.3135587254707713e-06 1090.676927929988 0.19025312773954706 2.499086559903873e-07 0.09186292601018564 7.533512132346915e-06 -7.101712039763069 19.79707142912218 0.00010664188673335272 0.0034738465001866977 0.19801502614485655
20240428233810 CCJM 152.30747945789037 3.613136 0.005521406795175289 7.467875977930461e-05 1.8441817500994632e-06 1291.5623717478818 0.17483250349241813 3.224229122649182e-07 0.08498205323573231 1.0390568616617413e-05 -6.595763183268752 28.228974037917304 0.00010815490244547956 0.003514026532812 0.2837430178931917
20240428233810 CGJR 84.19778375833391 3.613136 0.004954902626928326 4.051253641399757e-05 4.980496243981393e-07 3806.6997996637215 0.10183698984966948 5.071987454446501e-08 0.051372911380663876 3.329272270456095e-06 -7.01114206490201 24.090527487877598 3.981438723829458e-05 0.0021828847834661044 0.2410887187722272
20240428233810 GCJR 135.06478724530115 3.613136 0.002433297281889036 2.2663776369928174e-05 4.6769467677120237e-07 2102.346067055622 0.1370338201716295 6.408998823189333e-08 0.05852170540468733 1.7782257178884992e-06 -7.396364275835426 19.03639852198251 3.890195686647096e-05 0.0016323711706105384 0.1904359025455303
20240428233810 KCJR 164.31665831047766 3.613136 0.0011644287740404046 1.7526788701133315e-05 3.402616220095536e-07 1693.3875888152547 0.15268686640292722 5.195348082181603e-08 0.0945734627175924 9.64057371315337e-07 -7.883348006116962 8.386424803848715 3.232399896018449e-05 0.0012880935653199563 0.08422523186708203
20240428233810 LSJR 175.72686673672203 3.613136 0.002008813295065581 1.7784067720316257e-05 3.730105382868158e-07 1604.0288665040648 0.15688223886368466 5.8518728366183826e-08 0.05562517595669832 7.644976912710723e-07 -7.786368166828572 9.786192941694763 3.0648522499440004e-05 0.0010661920897466174 0.09789306188770752
20240428233810 MGJR 86.44609231400328 3.613136 0.005727156820451967 6.429888635480628e-05 1.192413386128191e-06 1961.7076406220788 0.14186090514834807 1.6915684226715186e-07 0.07054142756660998 1.1441011240401794e-05 -6.710392608075622 38.73123919173749 9.79298854850889e-05 0.004377508488333139 0.38744055169179503
20240428233810 PBJI 128.02665430348566 3.613136 0.0012811924648448959 2.1958505854322655e-05 8.43905219630064e-07 674.7317693291291 0.2418879805810423 2.0413052937811718e-07 0.10768823977449785 8.507201754016943e-07 -7.855860291324612 9.311840837953238 4.460751671651273e-05 0.0011737984335192973 0.09331018467422071
20240428233810 PGJR 60.260661903783586 3.613136 0.009399780603482082 0.00014906965742192285 3.256827984902337e-06 1412.1839516294249 0.16719921437552593 5.44539080431898e-07 0.09964405774670435 2.6347833683218018e-05 -6.062740577492824 40.08632554376733 0.00013962728740170839 0.0050794861023642475 0.401178524841865
20240428233810 SCJR 145.42428680530608 3.613136 0.006536298069982968 6.88982733034434e-05 1.4942737523015788e-06 2053.144237596668 0.13866604794136586 2.0720503577417538e-07 0.066230244379196 1.081454911733172e-05 -6.560289682053957 34.93117083544019 9.028513987156071e-05 0.00410471972566079 0.35036228600732816
20240428233810 SICJI 124.97398107620118 3.613136 0.008950429229526206 0.00013264488963665174 3.739594527519677e-06 893.7993997044124 0.21016473234695746 7.859308829623197e-07 0.09311647522870654 4.4028636196307826e-05 -6.073008777607716 69.1087151277337 0.00027401079565004367 0.008423268885376948 0.6918515850152535
20240429220350 ASJR 132.0975840130749 3.522049 0.0008726757752402295 2.4831129459512436e-05 8.212895662795129e-07 541.044606635169 0.2701240996060853 2.218501046071257e-07 0.17878184797525065 1.3717503257520323e-06 -7.7745646003814795 4.38650765631029 6.141795701764823e-05 0.0013851433046719829 0.04395224255417004
20240429220350 BSJR 94.48217585568756 3.522049 0.0009776376769528154 2.5644444558926496e-05 1.3085562305296068e-06 411.63922843887485 0.30968594152127127 4.0524146828508696e-07 0.16481443080799468 1.930610357291439e-06 -7.7497912627053696 6.0325420358476265 8.316424933100816e-05 0.0016951934741147596 0.06060800837761679
20240429220350 ESJR 129.99376763087238 3.522049 0.00022127191991159695 4.188514782944541e-06 1.0246217956895866e-07 838.0066030720577 0.21704817974817212 2.2239229568472827e-08 0.11893607898198719 2.9188950479943583e-08 -9.240244277354506 1.103765607288399 8.132964795564172e-06 0.00020273657539222916 0.011040958924440358
20240429220350 PASJI 121.78877719818755 3.522049 0.00997577682969547 0.00019399803654953553 4.557282517648101e-06 1259.5736310654293 0.17703864960256988 8.068151427818196e-07 0.12218854066996405 7.507755181430521e-05 -5.9362431016642 42.03372445620934 0.00026324361318575166 0.00905630475294513 0.42302173615624494
20240429220350 TPJR 83.58537235259566 3.522049 0.001148682385514605 2.4377432429937372e-05 1.1356384215708105e-06 437.408576988402 0.3004251045645682 3.4117429154795194e-07 0.1333422773797711 1.119842155808768e-06 -7.791409300652558 4.863438491291099 6.836648370367845e-05 0.0013482703341756899 0.04888377745905132
20240430220141 CIJI 93.06656667043593 3.499657 0.0024149681544996617 5.0030145220349005e-05 1.3548308833300157e-06 919.6237514301891 0.2071928568467018 2.807112812612865e-07 0.13016679858856578 2.764299556341354e-06 -7.002093301286479 11.954021727654231 6.231512679756498e-05 0.0016992246208603254 0.11975853684299609
20240430220141 CNJI 123.62003221108036 3.499657 0.0007129216779337806 8.149500105111373e-06 1.402635796266946e-07 1623.6177350364117 0.15593297871284417 2.1871717776116693e-08 0.0718239056353262 1.627156653196674e-07 -8.420253492011916 7.259066883605949 1.5394566098271157e-05 0.00046107134779397013 0.07298615535126668
20240430220141 PGJR 55.15487760146172 3.499657 0.005854248326792187 8.120893960800227e-05 2.456361703490097e-06 737.6957710426891 0.23133493438028072 5.682422734911162e-07 0.08715906597631881 7.69681599098605e-06 -6.625847054944101 21.776959370912113 0.00012026606878264405 0.003072073952175438 0.2179726529232081
20240430220141 TSJM 153.2204147081206 3.499657 0.009995641624733051 0.0001285314464866862 2.407704664082924e-06 2180.5221482179672 0.1345549307963639 3.2396853445376046e-07 0.08079390262225951 2.18419353914614e-05 -6.200229231521746 52.272063846991884 0.00010513975034054566 0.005276553752422549 0.5248259269450612
20240501030611 CGJR 43.790151436737844 4.171044 0.0021664506871932293 4.7705974073794895e-05 2.630592918804477e-06 226.74575087464703 0.41726339730546047 1.0976501382280434e-06 0.13835785745647278 8.563123916179654e-06 -7.19819215534152 13.588655910832829 0.00025541240698209267 0.003884440827747918 0.13597278145720706
20240501130428 LPSM 38.02717751228027 3.195725 0.002838062344383289 2.648841914852167e-05 5.283024701760837e-07 1313.6446861993586 0.1733568119466752 9.158483197327934e-08 0.05864270259382599 1.7512012189517718e-06 -7.330297369786146 24.604757073503578 5.747626710354039e-05 0.0018578549603956826 0.24622982539918264
20240501130428 RASM 40.406508365238565 3.195725 0.0039970193654412884 3.513842488190914e-05 5.293296780217113e-07 2427.3734477112653 0.1275297680655145 6.75052910683023e-08 0.05523646866571283 2.182398646423379e-06 -7.315146197186636 18.558335134996383 4.5317566150795936e-05 0.001803265252451724 0.18571231484776765
20240501130428 SKSM 70.25655667162691 3.195725 0.003310779511576483 4.5556673454004784e-05 7.713921479690539e-07 3280.0623666947254 0.10970813130850991 8.462799105974247e-08 0.08645728907325596 2.797763086316823e-06 -6.94581989353501 17.45291256944769 3.7729476881474865e-05 0.0019973723751635806 0.1747987965057418
20240506182748 CLJR 115.97655808961683 3.219265 0.0010968674720041132 1.8705194712329618e-05 4.979105656752217e-07 1662.6183897294075 0.1540932370283297 7.672465081550165e-08 0.10714895608099684 6.932833148906698e-07 -7.8940859033777 5.7534990622435265 2.3116455481452733e-05 0.0008975090697097799 0.05754386293876021
20240506182748 GBJR 169.58097451923027 3.219265 0.000161382332567303 2.72869567756985e-06 7.944439319438922e-08 827.9953298876414 0.2183563995810412 1.7347191664827403e-08 0.10623777904512073 2.2070453128492192e-08 -9.626213969136703 0.94360322311311 7.645092402415335e-06 0.0001917623257865602 0.009482464841665386
20240506182748 SPJR 54.41320561286965 3.219265 0.0020891367589254174 2.6530521346478668e-05 3.9189282038277663e-07 1471.1262162536907 0.16381546574301747 6.419810489234925e-08 0.07979189548210913 6.75857166460309e-07 -7.490875519697652 10.950602506736931 2.963399998944025e-05 0.001016993342651292 0.1099184211623963
20240506182748 TPJR 70.3708268867187 3.219265 0.004335839604105711 6.120997278918246e-05 1.1678133634848283e-06 2219.0713362776114 0.13338108211761987 1.5576421013302373e-07 0.0887010675666306 2.8089618328067995e-06 -6.8056215882330555 13.680872236873372 3.7513432920453614e-05 0.0017072156984223705 0.1374009053911998
20240507011606 CNJI 85.63967450138881 3.645027 0.0031613414336462376 3.686893324514561e-05 8.080896493422678e-07 1924.0784815333154 0.14324137362884304 1.1575187138703654e-07 0.0732772288345007 3.6531310290606675e-06 -7.2149021750948705 19.42870283880304 5.8668784504759353e-05 0.0023510633523308078 0.19502831056205636
20240507011606 ESJR 126.1612283973436 3.645027 0.0025585863990368047 3.618991989641508e-05 5.552797758414464e-07 3489.68567165388 0.10636205342308852 5.906069718280854e-08 0.0888725012556789 2.152339694160479e-06 -7.23878492101965 11.12783925204051 2.9792034079543863e-05 0.001621270565903821 0.11137939099780314
20240507011606 LPJR 135.51950078599947 3.645027 0.002631303333416818 3.379623619126733e-05 6.33461852439142e-07 2660.3108999679084 0.12181861889387778 7.716744798609368e-08 0.08070069762698255 4.220981617744056e-06 -7.375846264598776 19.021127991225256 5.51479606605864e-05 0.002860667654493081 0.1904787472430055
20240507011606 PBJI 109.65800248449501 3.645027 0.0015280778613931823 2.0362960683700735e-05 5.041287045713122e-07 798.215088665941 0.22239237962003747 1.1211438224438097e-07 0.08372888490240571 9.875544421319239e-07 -7.731651726630773 9.4937759163215 5.027016133397886e-05 0.0012639820334125653 0.09508831489679088
20240507011606 PGJR 65.5032947816869 3.645027 0.0026985521841863275 3.7416736076024306e-05 1.3013761241039832e-06 509.9569945834928 0.2782358531077525 3.6208949610413217e-07 0.08711941452648948 2.3841192425127386e-06 -7.269947368920735 13.889921098608744 7.649948785286027e-05 0.0017042109769669807 0.1392505232199349
20240507011606 RSJR 118.42701849011195 3.645027 0.002731134056074505 2.901744183271983e-05 4.5791552812788206e-07 3690.4497362938528 0.10342849875760833 4.736151563206421e-08 0.06675687111358324 1.5618235896389798e-06 -7.411654186917963 13.539479291435482 2.484718720688115e-05 0.001454371507749707 0.13575529216833798
20240507011606 TSJR 95.68764209739354 3.645027 0.004468348754571817 4.4239190454139175e-05 1.125997800255279e-06 1151.3362313029022 0.185173477487567 2.0850492831662084e-07 0.0622071030553663 5.568670922090552e-06 -6.9944027672271485 27.181010826055793 9.785652160928978e-05 0.0031315000214574705 0.27219516249278625
20240508141026 CCJM 115.40928164555304 3.295486 0.002750282473458209 3.2293989798807705e-05 8.825516347258663e-07 1339.5163666780352 0.1716745256936599 1.5151163329172728e-07 0.07377755709541275 2.950022960831874e-06 -7.318352024481352 18.37463593959613 6.281404939996235e-05 0.0020890910429040063 0.18422696181994377
20240508141026 LSJR 117.91784514381852 3.295486 0.002385176118545023 1.837609033684336e-05 4.1387775426002387e-07 2496.3775066981516 0.1257548483909728 5.20471342393656e-08 0.04840748652065607 9.468376546307249e-07 -7.693969621838556 13.991283644367531 2.6154251671174515e-05 0.001294006004347527 0.1399995294000556
20240508141026 TSJR 89.32563898683192 3.295486 0.0025921069619337577 2.6758404605259002e-05 6.382910501584638e-07 1818.3924630243841 0.14734522186508822 9.4049136400099e-08 0.06486152659915834 1.8979334926050225e-06 -7.402263000465098 16.447144848055878 4.692122343403126e-05 0.0018698498112133038 0.16462380809598226
20240510152047 APSSI 109.02880962725288 4.749758 0.027495851178135397 0.00047334552840337603 1.109948056630465e-05 1431.915487154624 0.1660432308364587 1.8429936138357102e-06 0.10816605203508875 0.00033662892936736833 -5.09209736979205 117.57284982453616 0.0005838777156935311 0.019982709346175 1.1853716472645481
20240510152047 BEPA 90.52379535261205 4.749758 0.01328452566449085 0.00018633211168394995 9.099136578407416e-06 377.81632580094436 0.32325072545975947 2.941302500027631e-06 0.08812954379829649 8.264180532215289e-05 -5.9806641300460095 79.4529026234616 0.0005459425736902997 0.011120075803405077 0.7966888824473439
20240510152047 BLSM 166.7759215501781 4.749758 0.0034681171685193085 8.357093872129522e-05 2.948541987297448e-06 551.5717424719545 0.2675339267419956 7.888350160253336e-07 0.15140540782393241 1.6715160279786993e-05 -6.809417092447594 25.84769601449092 0.00020202255459826664 0.0046860219624375405 0.2593747099756362
20240510152047 BMSI 182.92169179467285 4.749758 0.004298546355313831 0.00012268191406702956 7.630567793983148e-06 195.39322618651428 0.44949526012532787 3.4299040554604043e-06 0.17932415663488901 5.5331488352817965e-05 -6.425869812896691 35.42647740651828 0.0007038471587532032 0.009642479830547378 0.3549630415819606
20240510152047 KRJI 160.5654384957655 4.749758 0.002739966422896619 0.00011343762964045915 1.0735202904725937e-05 135.07882346007761 0.5406126873734869 5.803586891823551e-06 0.2601307964514078 4.4411121118496186e-05 -6.766836670872875 20.491253007219274 0.0006830593583209157 0.008185279088731946 0.2056650778733828
20240510152047 LLSI 152.12618097808118 4.749758 0.005790478947112025 0.00012932235740881385 7.5241725741094465e-06 190.42456976724597 0.455321729523052 3.425919269673427e-06 0.14032627411004492 3.778400724912608e-05 -6.3352816084507895 29.39666856228765 0.00042790425137661354 0.006215270268613818 0.2941007960541343
20240510152047 MKSM 229.68539811247058 4.749758 0.0017351121757154123 5.3129524553626676e-05 2.021777635566295e-06 398.46124838421804 0.3147652807178829 6.363854050081624e-07 0.19239254540712575 6.364164957056054e-06 -7.140848482932835 12.764581063573598 0.00015682518262204463 0.002957338355880281 0.12807433526652887
20240510152047 MKSR 227.3465800593231 4.749758 0.000275252552970532 4.6261975856824094e-06 2.5671435309500553e-07 245.89024827878572 0.4006906566518436 1.0286304271359101e-07 0.10560213296761418 4.965078334393747e-08 -9.23848860198565 1.2457311253062258 1.744483851135484e-05 0.00026317218340687063 0.012543106300315084
20240510152047 MNAI 179.2398886284548 4.749758 0.0018311340794529931 2.6755749848424754e-05 1.1947777792748477e-06 430.5387946237487 0.3028124472402429 3.6179358325047943e-07 0.09180722275695619 5.791977808138862e-07 -7.590893813323597 2.535189466313021 4.5761607677122764e-05 0.0009219446158679322 0.05113011395408364
20240510152047 PASMI 163.6668104843464 4.749758 0.00998698670010244 0.00025876557904351674 1.397052674797771e-05 217.23922498518343 0.4262954977909343 5.95557265443072e-06 0.1627990637289389 8.577165701917124e-05 -5.872388506351738 36.48587751897404 0.0006695122487015408 0.009251779217977018 0.3649417880541483
20240510152047 RASM 161.49123772826476 4.749758 0.006085181218030443 8.629977972043922e-05 1.9022917851758548e-06 1110.2058084025896 0.18857239666549025 3.5871972108768487e-07 0.08910786524247531 1.530714171806166e-05 -6.53393436286114 29.542661910405666 0.000144720842986115 0.004239075739978134 0.29773734174553884
20240510152047 SSSR 126.92700337521687 4.749758 0.002510197195016821 4.995324269914404e-05 1.2535148998528024e-06 813.2263500106484 0.22033026018074706 2.7618726402501104e-07 0.1250361848847236 3.196217206267315e-06 -7.133164807197478 10.051387702713315 8.434361066207558e-05 0.0021121603052955285 0.10071699730464366
20240510152047 STSI 139.4624674080809 4.749758 0.003077713590108783 4.9767160424705685e-05 2.2090289317631262e-06 390.22360510400046 0.3180702863990389 7.026264649896605e-07 0.10160019183250503 7.906461978798629e-06 -7.041076145096145 16.67290192816481 0.00017697649513724362 0.0033247676918722 0.16704291263780596
20240510152047 ULSM 138.41319103604903 4.749758 0.0032003349469327583 3.9223454225765115e-05 1.0412775535700882e-06 859.7788846476152 0.21428238960425275 2.2312744242026882e-07 0.07700701188303978 3.1991984695628526e-06 -7.116771534547709 18.0733172730127 8.817092977147007e-05 0.002096788591292786 0.1812512216668456
20240510152047 UTSM 142.55320444419448 4.749758 0.0013910329397235932 2.801487233916315e-05 1.4312699332035728e-06 299.56751933306424 0.3630216336166258 5.195819492979199e-07 0.1265409532997245 1.1582773019997758e-06 -7.5797874674092895 10.967982772527396 8.597233743849512e-05 0.001339448558191771 0.10978015609850358
20240511055948 PASC 89.44734125684107 3.253983 0.0016338390476607568 1.9153546182139163e-05 5.115361936601423e-07 1023.432391247798 0.19640398229085457 1.0046774552075775e-07 0.07365797758616821 1.0886369732787312e-06 -7.7677634419826465 13.577845922221655 5.002707353629813e-05 0.0014142211507012655 0.13621134259262824
20240511193142 CCJM 119.98363293731921 3.421591 0.0026153153565765083 3.760445258523322e-05 7.58895359531324e-07 1862.1124144134028 0.14560521186738315 1.1049911960973234e-07 0.09034311803887302 2.6038212372355144e-06 -7.19242749680039 17.474944933891415 4.577813234085529e-05 0.0016920379400048222 0.17526485238151515
20240511193142 CGJR 67.08870498943973 3.421591 0.0018122511789266619 2.3728505615221506e-05 4.860873258234663e-07 2249.344361093424 0.13248048036301624 6.439708242346681e-08 0.08226817539232593 1.254514200356594e-06 -7.638751213776111 11.593470658073624 2.9971405289991958e-05 0.0013982172004923929 0.11621663361058945
20240511193142 DSJR 143.2980464402801 3.421591 0.0007028869319551385 1.4472763932189706e-05 3.876221017214343e-07 814.8991947638141 0.22010399435971156 8.531717289099411e-08 0.12937366389793245 2.8021620296035425e-07 -8.17749534800665 2.512144924138137 2.2275441434537073e-05 0.000546772458152536 0.025192847820543426
20240511193142 GCJR 99.06833721000274 3.421591 0.002103579265108432 2.5485209840299184e-05 4.462785280135294e-07 1743.9454281074022 0.15045735506902486 6.714588694901335e-08 0.07612182658146822 9.450341884684221e-07 -7.601078373877952 9.714186762243951 2.6965329721323548e-05 0.0010809047077712042 0.09730098230908997
20240511193142 PBJI 113.37312483945833 3.421591 0.0009778397191618797 1.0763945411810063e-05 3.8027473812392186e-07 1254.353739361752 0.17740663318216376 6.746326097479399e-08 0.06916456995297383 4.492579783952305e-07 -8.29120327887874 8.12693928333967 2.3843581193529523e-05 0.0008947614232448972 0.08135148397596326
20240511193142 PGJR 70.04622026348467 3.421591 0.0027755879011579975 3.010447850004203e-05 6.177045854367529e-07 1540.3512625592705 0.16009213038251208 9.888964302961621e-08 0.06814845132912277 1.4696189072859924e-06 -7.218378070903808 10.220195342582816 3.873832147203839e-05 0.0013689605607714746 0.1022838527411771
20240511193142 RSJR 118.30801259633782 3.421591 0.002082125509025277 2.3162634662044337e-05 3.436696107894068e-07 4356.545826470972 0.09519381346097652 3.271522082169319e-08 0.06989738378079627 1.4126124488417029e-06 -7.586076636983055 14.52397680547945 2.356051709006477e-05 0.0014810954175894543 0.14546663146746724
20240511193142 TSJR 95.9467713453347 3.421591 0.004471144496334174 5.361017289422785e-05 9.384315124778114e-07 2570.9764821559384 0.12391697878634042 1.1628759782414631e-07 0.07533700843722274 6.431162347147728e-06 -6.906423253484009 24.165217217097524 6.241059466959383e-05 0.0029410329993615563 0.24180166065484446
20240514153623 APSSI 159.61284422137618 3.921309 0.0012469995901623105 2.7305551740919056e-05 8.98703266375556e-07 493.249199676337 0.28290894145299755 2.5425118977065987e-07 0.13758291731326347 1.8513431672109306e-06 -7.650264788896885 8.280102737994998 8.544462641190105e-05 0.0017919942239608055 0.08297946328958244
20240518151027 APSSI 89.80537991293805 3.061131 0.0028350700576695734 4.1135337499862765e-05 7.969661982409806e-07 2100.1925787380787 0.13710405780727483 1.0926729971407546e-07 0.09116563009997221 4.3192650745901546e-06 -7.1285528578137605 17.11749916818185 5.919145856026236e-05 0.002443484132135048 0.1713122186456781
20240518151027 MTSM 110.06788914342009 3.061131 0.004033048795970921 4.177825757219411e-05 5.651425527350579e-07 4848.371387408453 0.09023643487549064 5.099644915524559e-08 0.06508736874183532 2.4748656160007306e-06 -7.029182361976281 17.191292606086055 2.9416884974492635e-05 0.001740625148812895 0.1727654990039045
20240520134225 ACBM 153.44975688041617 4.705078 0.0026746828082900393 4.776435801865288e-05 2.2746439430903293e-06 573.1656045220706 0.2624459093943652 5.969709981927261e-07 0.11220482353252612 1.0087846394767316e-05 -7.009237476030787 18.839174258925688 0.00015670991271790908 0.0039017407787885375 0.18913783055259512
20240520134225 BLJR 82.22988656557348 4.705078 0.026046566831572526 0.0003269827027881214 6.798321934003324e-06 1490.793618731464 0.16273130447122838 1.106299796535725e-06 0.07887768576739357 0.00013917745677519152 -5.329921741332794 102.62196633061538 0.000337433296621451 0.011704255501372163 1.0272898810891187
20240520134225 BSJR 130.38928007252235 4.705078 0.004910240146084326 9.64889285154902e-05 2.6093264909442375e-06 772.3356343051399 0.22608764591791627 5.899364837688397e-07 0.12346805857092147 1.590165629655099e-05 -6.522787378823125 23.158539223473174 0.0001858397308507587 0.0046825497864420905 0.23188820131072063
20240520134225 CBJI 118.98824070159216 4.705078 0.0033584458811209217 0.00012286556892877285 6.6648077197471015e-06 379.7587322190935 0.3224229772438563 2.1488871477586975e-06 0.22986439703886674 3.417899981470929e-05 -6.611060490854114 20.08760157347856 0.0003167335836945784 0.006487134863646868 0.20116472763728
20240520134225 CGJR 116.65295790355863 4.705078 0.0032122771812148057 5.684567372821842e-05 2.632996923606291e-06 328.0550359456801 0.3469017685016941 9.133912892585422e-07 0.11118962710770582 7.68122172973748e-06 -6.964266907762046 18.372823034682497 0.0001830218243879686 0.003286743070190017 0.18380582608303175
20240520134225 CLJO 120.31542962835319 4.705078 0.009414010074486204 0.0001614716203168989 5.012750118610847e-06 744.6557975419912 0.23025129465533647 1.1541922045938391e-06 0.107770875989528 2.94944628939597e-05 -6.064239697159348 37.6627945472451 0.00021473505116727424 0.005839734809045706 0.37783040728290207
20240520134225 CNJI 85.10877422441237 4.705078 0.008688170377946138 0.0001630467022284171 9.334649674992734e-06 252.08579271801696 0.3957361126627509 3.6940579754502353e-06 0.11791350759259091 5.555398298853871e-05 -6.050217275362016 45.39175178401218 0.00050174805490316 0.007959569874524874 0.45501762848325056
20240520134225 CPJR 119.63587238823469 4.705078 0.004890598156847262 9.195315299746244e-05 3.302472721783886e-06 600.0083580670558 0.25650817944479115 8.471112655308689e-07 0.11813661260506146 1.5124094598802134e-05 -6.628913680361566 28.342204183398877 0.00020266615362982845 0.00483822442575296 0.28508719201850086
20240520134225 CSJR 86.38728481634276 4.705078 0.010376276268446616 0.00016011488330877778 6.175829296668016e-06 508.6783789019165 0.2785853209271145 1.720495386603335e-06 0.0969549630560381 5.4705975410042144e-05 -6.110743951007232 56.1954985606613 0.0004072561327507457 0.008859154419952067 0.5623774915284279
20240520134225 JABI 153.52994095987287 4.705078 0.004424001430651234 0.00010897555568483513 4.9784785113748954e-06 341.75202275820266 0.33987899193465476 1.69208025781444e-06 0.1547724658443191 2.807165620954578e-05 -6.565860770443781 26.234469055062128 0.000314905441606182 0.005772132614139137 0.2625526721754975
20240520134225 JARU 151.89800023858268 4.705078 0.005500592464801451 0.0002000131572925972 9.680628762892018e-06 212.59927374156473 0.43092231079490706 4.171598916453071e-06 0.22846988559600712 6.536675778469325e-05 -6.046602849781017 26.346065327696685 0.0006478910265248108 0.009226034619609556 0.2637320952913575
20240520134225 JSJR 48.224442674891876 4.705078 0.040447472433118706 0.0007151788500187801 1.5815031392773086e-05 1340.7057490619763 0.1715983598526544 2.713833448018102e-06 0.11109720761597444 0.0005774663125769172 -4.759810460951527 184.7136025696545 0.0007530639127067269 0.02585181043010997 1.8515876546411787
20240520134225 JTJM 76.96289353474074 4.705078 0.013410895404909593 0.0002339406099394597 6.897284337931635e-06 477.4322912231145 0.2875570196243852 1.9833625277175716e-06 0.10960432981873314 8.071416268344175e-05 -5.81671312356948 54.305844440411505 0.00044325532876566095 0.009005935045671942 0.5432172969790141
20240520134225 LPJR 216.802526642344 4.705078 0.0033176815834978692 6.261682495314685e-05 1.233968867641884e-06 1957.8326855469818 0.14200122176286614 1.75225086822488e-07 0.1185867614555847 4.819970580086341e-06 -6.852260548978668 12.54026085480393 5.0529520256666934e-05 0.0021622755702626725 0.12567284414240706
20240520134225 PASJI 167.17808302900093 4.705078 0.007691283915713699 0.00016665186262586503 7.2860919925788566e-06 441.4377209725334 0.2990509234764856 2.1789125389153343e-06 0.13614170873677622 5.562090887146052e-05 -6.114379565357926 30.818467908605403 0.00037365596465020203 0.007749548646828709 0.3091341709467417
20240520134225 PGJR 142.09873632221743 4.705078 0.0008183153761184175 1.1764917084096104e-05 4.802524423838088e-07 851.4581321231889 0.21532686602470588 1.0341125331921617e-07 0.09033333152508391 3.141728091509128e-07 -8.288789485805623 5.158392900504044 2.295926502161734e-05 0.0007196867628836419 0.05183807759142613
20240520134225 PSJM 76.56784433935582 4.705078 0.002628907917829382 8.899727001647764e-05 7.3229519225689435e-06 89.06121315386058 0.6657873895149803 4.875529044070883e-06 0.21270670439013764 2.6320197853376107e-05 -6.836561970974733 17.31026786028852 0.000716273878511233 0.006256935321271204 0.17395295576046688
20240520134225 SADLY 125.88982494760411 4.705078 0.001544832776928447 1.8245883667740105e-05 7.919327059892448e-07 324.1425337388478 0.3489890953817462 2.7637587866640494e-07 0.0742101474604863 1.031937027208652e-06 -7.775002968032309 8.634640617874958 7.481956486134772e-05 0.0013044830089088953 0.08682950038028014
20240520134225 SPJR 144.65743522564736 4.705078 0.003296397245793561 7.363456772652052e-05 3.383823617426487e-06 276.2491863733676 0.3780326968965629 1.2791959679180182e-06 0.14035311873597175 1.1596242492080925e-05 -6.910141752916335 15.236173231264774 0.00025286353437583875 0.004003974616034838 0.15297760861375312
20240520134225 SSJM 102.51728098087486 4.705078 0.004764832957510244 0.00010427329055851563 5.973453154268042e-06 232.26294360369073 0.4122777578140756 2.462721872849046e-06 0.13750081335713324 3.1602487535928044e-05 -6.546421815090933 28.4969844783437 0.00043917937062216923 0.006508196203779548 0.28620635039414977
20240520134225 SUPJI 138.8334323121033 4.705078 0.01639125198642316 0.0005714468837968561 2.7050315812140792e-05 282.75194471073723 0.3736603945668179 1.0107631679521561e-05 0.2190501779290548 0.0009561142936738979 -5.201806845228331 97.43272420869023 0.0021187019189066476 0.03612719842270858 0.9796228940053958
20240520134225 TSJR 39.93204286927325 4.705078 0.12916217354865084 0.0015388110982032144 3.3684039967600164e-05 2067.2502111951003 0.1381921411592266 4.654869606015632e-06 0.07485655449359162 0.0033731807666291524 -4.029819982161335 599.9276374335877 0.0012877648093199087 0.059941004071604756 6.0138087856864635
20240520134225 WLJI 108.90933446903415 4.705078 0.0073880648798059535 0.00011587440560598776 3.0153093829173283e-06 737.5221833521633 0.2313621569745896 6.976284827774718e-07 0.09854547498246015 2.160121511299215e-05 -6.283950743133697 37.17129921878211 0.00022661967983644642 0.0054903798142359106 0.3731682327732212
20240520134225 WSJM 81.31522611714975 4.705078 0.04534509556038577 0.0007593614721272438 3.0488548349792257e-05 442.4735634034453 0.2987006752713466 9.106949980126047e-06 0.10521995346011283 0.0006798707152307482 -4.746099759534386 134.29711596588083 0.0012191886648756404 0.023964257282647745 1.3446951759945338
20240521005359 APSSI 135.34606108266956 4.937759 0.02683194405282546 0.0007719768654113317 3.112836214585133e-05 613.1799101654811 0.2537382320960922 7.898455578935235e-06 0.18077235435068179 0.0015077175989290524 -4.871577321663898 144.08783355568735 0.0016543779582452102 0.04278981920810628 1.4427118619857053
20240521005359 BOSM 118.32255368530213 4.937759 0.02367277471790256 0.00039916144756688555 1.284098538697361e-05 1514.0799066594407 0.16147506586843832 2.0734989611772176e-06 0.10594471380864823 0.000578752904179237 -5.26829466391184 162.60780931431336 0.0006699952745691827 0.026727454400514602 1.6318341363101676
20240521005359 KBSR 223.88807265004593 4.937759 0.0011455181215766852 3.211979992188933e-05 1.4649417801284912e-06 441.2737088767013 0.2991064937620671 4.38173599419794e-07 0.17617761878876817 3.4334789252551534e-06 -7.615800889169725 6.768933165818096 0.00012375458530412812 0.00256106439279071 0.0679856322022804
20240521005359 KPSR 109.02576379370407 4.937759 0.0083657955188932 0.00012674705459927012 2.8738731007150694e-06 1083.2412353695436 0.19090498826143718 5.486367105568704e-07 0.09519420231918169 2.8562930965856104e-05 -6.184930428591087 48.936318748186416 0.00019130957424794788 0.0062542219924439 0.4898366908944881
20240521005359 KTSR 191.49217889644896 4.937759 0.0007478680802931376 2.182839406716076e-05 8.893243817882874e-07 529.772630449302 0.2729826903102421 2.4277016229905954e-07 0.18339042472350459 1.1147708907203132e-06 -7.911531970772082 4.723633718231307 5.208769412430473e-05 0.0012586382017807842 0.047252620692733636
20240521005359 MKSM 68.1790902893589 4.937759 0.011107070718020789 0.0003362621266656472 1.544946125902029e-05 195.06751813140554 0.4498703691281611 6.950254839426681e-06 0.19022092388397457 0.00020245273490238877 -5.561287303719123 74.1195755799615 0.0012432837595519285 0.01634319667758181 0.7419878943743161
20240521005359 MKSR 71.90885566007402 4.937759 0.01296387741278279 0.00015658412871106744 7.432436333267929e-06 246.32981966519122 0.40033298417414964 2.9754494169815244e-06 0.0758914224138522 5.313718118283439e-05 -6.083435029636963 46.886072077514406 0.0005192188839053019 0.007672222471664978 0.46933757960126327
20240521005359 PPSM 119.85775673869028 4.937759 0.006046738067926024 0.00010073867460452438 3.89039497872626e-06 842.4077336755704 0.21648045684188766 8.421944822900466e-07 0.1046778863297104 2.7184789851041508e-05 -6.4614664851606 36.650274118240596 0.00021770475234907623 0.006019123097553194 0.36738996410439456
20240521005359 SSSR 117.08623029360176 4.937759 0.003644628078506363 5.317307991568071e-05 2.0829212199659763e-06 557.7807202888645 0.2660407227247935 5.541418667385569e-07 0.09166815029329685 9.743284900442542e-06 -7.004747693175947 19.299942976844612 0.00016157988573630168 0.0038160243536722823 0.19314455451503307
20240521005359 ULSM 143.92633501758795 4.937759 0.0029502970886312813 9.926331771494806e-05 6.837072799786543e-06 151.42854049703564 0.5105943444680169 3.490970704287119e-06 0.21139898819403524 2.364002293570791e-05 -6.698126163766022 16.784134840103174 0.0004329287723782723 0.005257784699973697 0.16800787602109757
20240521005359 UMKSI 167.91541492896894 4.937759 0.013948922405064788 0.0004400291865838612 3.3334682628754734e-05 173.6560791405819 0.4767984915729718 1.5893926394454006e-05 0.1982077783205691 0.0005369403332115893 -5.368422530403874 62.859056174974995 0.0018267664555138593 0.02383373770161985 0.6303026606128778
20240523201752 APSSI 109.23103956713413 3.761026 0.0017596403759100683 2.8513975799353862e-05 7.75067443963156e-07 982.8035784886052 0.20042251325914964 1.5534096506444086e-07 0.10181545970671164 1.6034267666282683e-06 -7.494874261876999 9.678390928496459 5.489046671540258e-05 0.0015745048996959957 0.09681934451604841
20240523201752 MNAI 154.7654655154323 3.761026 0.00019994856931682776 2.754212311430142e-06 9.558398251261354e-08 409.7369770936659 0.310403985501333 2.9669649122004966e-08 0.08654838785372884 4.521520978113465e-09 -9.533944635691123 0.48915718410724446 4.8822204748863005e-06 9.074237326152432e-05 0.009824554320701395
20240523201752 PASMI 212.48251466915366 3.761026 0.003097296894790577 9.643382550785922e-05 3.0982582675907326e-06 723.9802222221485 0.23351593247330418 7.234926683995739e-07 0.1956259332339755 1.1848571629437538e-05 -6.720489454187394 15.164384645414348 0.00014196148666759304 0.003460733373928731 0.15171040623419985
20240523201752 SSSR 116.9117008917556 3.761026 0.00015923937058351172 3.111682042524945e-06 1.007598447800599e-07 605.626916049066 0.2553155604849462 2.5725556244397175e-08 0.12277915203108516 2.0478282416019468e-08 -9.484218408075801 0.8967946224402117 8.586294228584656e-06 0.00018547456940881768 0.00898609855704914
20240524100042 BBJN 110.48634418808516 3.919825 0.0030111280631377572 4.1538985923072486e-05 1.639969700308835e-06 391.33249564347506 0.3176193203423215 5.208860615940928e-07 0.08667753099647833 4.148458984161399e-06 -7.221242830289086 20.137799562506796 0.00013407203945685402 0.002448705820396289 0.20195417776966051
20240524100042 CCJM 144.65992091718948 3.919825 0.005326216596497743 8.315736294635089e-05 2.464371461069205e-06 1034.0249407457002 0.19539541168517086 4.815268761808033e-07 0.09809836148831758 2.2479605542106586e-05 -6.565486920997227 23.49279395524082 0.00017839839952037988 0.0051250325768745775 0.2366089372185958
20240524100042 CNJI 119.63865615737677 3.919825 0.002440196510921268 2.724334249042979e-05 6.378307103536357e-07 1740.6450145770839 0.15059992759918317 9.60572587997931e-08 0.07014802639386802 2.3425373160406308e-06 -7.423724958292964 17.32220675769375 5.059043014976e-05 0.0019377678155774807 0.17341898292600794
20240524100042 ESJR 176.68102008938195 3.919825 0.0017409303108533937 2.722483307001845e-05 4.768371886299271e-07 3131.77284579382 0.11227543367653303 5.353710214652385e-08 0.09825704686140188 1.1833593586503865e-06 -7.529940106121184 7.981112046323184 2.2588595428507218e-05 0.0012390723043707267 0.07986766411825402
20240524100042 KCJR 156.69398521047935 3.919825 0.0014219641051269592 1.841559766329324e-05 4.490895501301294e-07 1538.3829725321277 0.16019451289137154 7.194168172770127e-08 0.08137238643629745 9.43486196390985e-07 -7.938987643606886 8.770872617950648 3.2629380324466204e-05 0.0012358928298398554 0.08779714489058486
20240524100042 LPJR 89.33325532837192 3.919825 0.011151969988708314 0.00016879295277646153 3.175867848054281e-06 1773.5125467686146 0.14919790871364957 4.7383284128061734e-07 0.09510045327546301 4.4292403435397186e-05 -5.896180232227162 53.79327184418997 0.0001801260744107015 0.007356438057778604 0.5413165379560504
20240524100042 LSJR 168.13891732261442 3.919825 0.0031933764410584146 3.361553574204514e-05 4.6988605295594074e-07 1922.0874923829433 0.1433155425223738 6.734197460307751e-08 0.06614085253205657 1.4564020725602852e-06 -7.133768530151104 12.19844518786189 3.627187666955244e-05 0.0013842524713067298 0.12247509643672706
20240524100042 SSJR 146.3976364874235 3.919825 0.002158068128396506 2.2625688465506875e-05 4.289542816512796e-07 2031.998982580034 0.1393856694499605 5.979007971139052e-08 0.06587437693031711 1.2442454792183655e-06 -7.593691379465681 14.760556173191418 3.6040938081892236e-05 0.0015419865566790392 0.14829645120768667
20240527142110 BPSM 31.568635431708245 3.4633 0.0032956228570556723 2.559749529685236e-05 6.553835284442066e-07 1099.0186230129384 0.1895297293920843 1.2421466279405985e-07 0.04880224871770404 1.5245936639286532e-06 -7.303378816128257 21.98150652973922 5.54700127751067e-05 0.0015627108290467695 0.22029163275580665
20240527142110 JPSI 22.849630741899155 3.4633 0.003112361272908449 3.0379996476330766e-05 4.677538928020444e-07 3374.735956737026 0.10815832899436235 5.059147942607722e-08 0.06133065243864572 1.6204577234076774e-06 -7.203143150144697 16.85685214386278 2.9791290662372e-05 0.0015206715750975984 0.16887491596555962
20240527142110 PDSI 53.89208464342419 3.4633 0.001376317918493265 9.534752262366186e-06 1.7529782276457072e-07 2716.4839139004034 0.120552521762491 2.11325945937432e-08 0.043528180893032314 2.7614237461359905e-07 -8.161833632308209 8.987080425187683 1.4206676189118339e-05 0.0006877584501946262 0.09010730702890872
20240531140156 KCJR 153.35566457825533 3.306954 0.0004765055847902394 5.416764094212683e-06 1.6393033652043622e-07 1182.0108892414007 0.1827549419049091 2.995907912724452e-08 0.07142525430042394 8.675248900196735e-08 -8.831975401841497 2.2529966101428216 1.1342611348920417e-05 0.0003453463549261037 0.02260588716867288
20240531140156 PGJR 49.243230824911294 3.306954 0.004726688383194111 7.153133576435476e-05 1.3605187461521823e-06 1363.0468987492554 0.17018625000608173 2.3154158347061616e-07 0.09508658101421241 5.115466656132976e-06 -6.653470292826045 20.827918801621628 6.932104768573071e-05 0.0022219561746376526 0.20888922472306962
20240531140156 SICJI 122.92285757708801 3.306954 0.004227739481527814 5.7849175473036696e-05 1.8254013829486882e-06 627.669391816484 0.2507924123577529 4.577968163508798e-07 0.08597433473674804 8.63616268358397e-06 -6.866036889210247 26.416061412396797 0.0001540931262584939 0.0037525892339801735 0.2655613780419587
20240531212939 MNAI 132.72718445801652 3.324496 0.0008467377627555522 9.28400944578064e-06 1.9531171016607246e-07 1547.4690610945272 0.15972352305195026 3.11958744410265e-08 0.06889163836464658 4.814867418866961e-08 -8.212942950579299 1.6981512245925945 8.500533606414551e-06 0.0002593709151298223 0.03411104133316718
20240531212939 SSSR 79.74082769750224 3.324496 0.0012207440676181701 1.5263260066619264e-05 3.310116376494342e-07 1633.6970098432616 0.15545121158512865 5.145616012138213e-08 0.0785601945028167 7.200981245301562e-07 -7.947898436832168 6.653606297817771 2.8679131032139563e-05 0.001077872158598276 0.06671201457755174
20240601212248 APSSI 171.72138912047825 3.88619 0.0015209790891746425 3.629229932279989e-05 1.7047037028636577e-06 319.7264493760629 0.35139096118968316 5.990174726928727e-07 0.14992398218473915 2.6821660155019386e-06 -7.401785653096856 9.815892424657072 0.00011071196441857865 0.0019408836001010264 0.09844307559739543
20240601212248 MNAI 224.15324174658403 3.88619 0.00025861822845673363 2.226921239568382e-06 7.653615761666336e-08 431.6523160107641 0.3024216166303078 2.3146188517103382e-08 0.0541035289592631 3.45369252798202e-09 -9.576689805383538 0.7736296675551497 4.283329644047262e-06 7.623098250879009e-05 0.01556472020215887
20240603103652 LPSM 59.31940096319081 3.988945 0.007648165935996351 0.00014766682769315985 4.446080125611703e-06 764.0626268230918 0.2273083501299604 1.0106311378984033e-06 0.12131248849514034 3.5472985440540165e-05 -6.222287359490028 57.649840721540286 0.0002645779403454507 0.00731069772824631 0.5770418466156306
20240603103652 LPSR 40.980238872694656 3.988945 0.013675227874994814 0.00020159465173862545 6.394094947243446e-06 777.822293444732 0.2252888380599669 1.4405182211095812e-06 0.09262416432023056 6.948212840586143e-05 -5.871497044544251 82.13035223964646 0.00035372217501696744 0.00985664017109611 0.8214817687058089
20240603103652 MKBI 61.79784642488616 3.988945 0.015362840809182095 0.00013637662895703452 1.4661445857599602e-06 7063.963363943976 0.0747576514381286 1.0960552590014254e-07 0.055776118619505564 2.578409773966265e-05 -5.877955968699407 55.21109555299352 7.033881748798674e-05 0.005322894602225443 0.5541454690165547
20240603103652 PPSI 98.03017540556189 3.988945 0.0006942813566890087 1.0855979211804005e-05 3.9073081086109516e-07 511.00424334770514 0.27795059951204815 1.0860386312667009e-07 0.09824565850931742 1.7962118015949554e-07 -8.3944352419503 4.312220934542744 2.6827146446220977e-05 0.0005144348139379744 0.04349967041540194
20240603103652 SIUMI 229.54618413766113 3.988945 0.0025936249890305967 3.4700930375677585e-05 1.0782085571137454e-06 1036.0610183557637 0.19520332074265173 2.1046989080174617e-07 0.08406472670646647 4.646641544218634e-06 -7.401162174631653 16.786507298522533 9.773785667546798e-05 0.0029991390812695957 0.16850964995679588
20240603103652 SKSM 77.08002453462967 3.988945 0.021239304860622053 0.00025119198505949746 5.174349465619531e-06 1812.1999334838006 0.14759675633132144 7.637171972501492e-07 0.07430967256999409 0.00015442746976969892 -5.451875726191835 111.90256930519294 0.0003889172363644385 0.016259855808527998 1.1202450522568999
20240603103652 SSSM 94.6072688105392 3.988945 0.0030681697133793464 6.109818146456708e-05 2.9428447622281275e-06 979.7140681917764 0.20073827886970497 5.907415925504004e-07 0.12512058716945423 1.3845053276725461e-05 -6.93033054405543 23.90129414134934 0.00014034436753676275 0.004455186545077057 0.23908647665134355
20240606195752 ACBM 97.77290667575193 4.000632 0.004617879126599694 9.351108538829442e-05 2.951444444401961e-06 807.0094532522406 0.22117730264008584 6.527925211048925e-07 0.1272331868510337 2.9406620998267064e-05 -6.59468861834713 31.497737654179154 0.0002233834352779719 0.006354516894192587 0.3157975369351805
20240606195752 BSJR 197.2653434306377 4.000632 0.0006330574018284968 1.3248140591196998e-05 3.158467445965932e-07 1149.4226615140253 0.1853275526718209 5.8535104195448294e-08 0.13148969125016147 3.547120698175834e-07 -8.302521000258457 3.66052732479017 2.287070275421237e-05 0.0006806771152790653 0.03680221200483372
20240606195752 CBJI 128.84434613303216 4.000632 0.0031310239146926473 0.00011535575736084274 5.007107267041634e-06 484.6265234406238 0.2854146615409818 1.4291018259220783e-06 0.2314902790576001 2.8462092975725246e-05 -6.584569432247599 17.042053093246736 0.00027705746969784213 0.006203754856749863 0.17072840516310514
20240606195752 CLJR 170.92242811912698 4.000632 0.000988553898122091 1.8407691946754535e-05 5.505630536341451e-07 1367.936569038616 0.16988181351666265 9.353065000664018e-08 0.11699811188711905 1.0374770166738258e-06 -7.938049052884248 7.176616640447296 3.4668080411823034e-05 0.0012476606806731566 0.07183614530131531
20240606195752 CPJR 195.24925377077332 4.000632 0.0008395350142965704 7.916004912462522e-06 2.464560200751507e-07 771.2396528896716 0.22624823146944747 5.5760238677001486e-08 0.05924437326681387 1.562899278775285e-07 -8.438430430067395 3.2447067089655364 2.0865275153405558e-05 0.0005224326773206308 0.03265029582454914
20240606195752 GBJR 145.02655476404905 4.000632 0.0005219481768232766 1.6386405212002572e-05 8.334114257714095e-07 349.00198978469405 0.3363302397261471 2.803014646202082e-07 0.19725870313827304 1.0187293648549289e-06 -8.27257303349539 3.738671160737989 7.24471048833472e-05 0.0013181126638773088 0.03753495010261904
20240606195752 JTJM 98.34353543022004 4.000632 0.0023325465992673445 4.374907108150637e-05 1.5296084383368881e-06 625.2612297377225 0.25127490539105013 3.843522156284535e-07 0.11784695778786043 3.9516318278785e-06 -7.166861345038371 17.343283619301307 0.00010245549240150804 0.0023984849877719786 0.1737968392462888
20240606195752 KSJR 127.61653231627835 4.000632 0.0008262679261376979 2.1419760487475605e-05 7.966422240261394e-07 724.4687494043673 0.2334371864137763 1.8596591935507527e-07 0.16288218399970186 5.43769557090873e-07 -7.8766384110993615 4.396078768458497 2.8458530943427032e-05 0.0007861337656775174 0.0441904325343163
20240606195752 PBJI 83.3378770639201 4.000632 0.003447091516414978 6.772466913991893e-05 2.1567938395375958e-06 386.07473373046713 0.31977475735268934 6.896882266979098e-07 0.12344512585383602 1.0902332084565635e-05 -6.764751825070011 22.68343665044901 0.00023068482275951662 0.004223858126350775 0.2274230290504793
20240606195752 PCJR 152.1535832019029 4.000632 0.0022834875196851355 3.47515790285194e-05 1.2687816326572676e-06 461.59415148824456 0.2924487164364617 3.7105355990877617e-07 0.09562154768570452 2.297979170101489e-06 -7.307057857998707 12.908662919677619 8.908648257601702e-05 0.0017338563291704621 0.12916000574526898
20240606195752 SICJI 173.2439833388544 4.000632 0.002708264383462627 4.284349253509056e-05 1.4377129043141186e-06 724.4508735511819 0.2334400664317896 3.3561979589292904e-07 0.0993970915278826 5.426621856927945e-06 -7.215879314983089 16.486570974303888 0.00011748906269633634 0.0029921418730166653 0.16492551442312686
20240606195752 SSJM 107.91688335560978 4.000632 0.002417860485091419 4.527885701125033e-05 1.460651681991165e-06 708.3402364977715 0.23607984551245795 3.4483042343198606e-07 0.11766412944550718 4.896312914741944e-06 -7.140085749365393 16.735887890633318 0.00011235436318362525 0.00296756305646863 0.16758888097520677
20240606195752 SUPJI 223.6742639048712 4.000632 0.003389973685968406 4.7908267174965585e-05 2.0728961971605116e-06 702.2976094156533 0.2370932955490011 4.914697907157776e-07 0.0887961230059481 7.981335392762473e-06 -7.050269826179468 21.716783841667805 0.00014358319408054257 0.0034732885281311054 0.21861260405216007
20240606195752 TSJR 74.32076545687046 4.000632 0.011010009280827382 0.00010095951760015008 1.1037329101724452e-06 4126.789656997523 0.09780784758043644 1.0795374024765806e-07 0.05761551524846052 1.589856427723193e-05 -6.180234307890186 53.15694379281016 8.773471625990307e-05 0.00460154169894009 0.5333854438317133
20240606195752 WLJI 186.75858899748758 4.000632 0.0011859386621104998 1.4872909307332416e-05 7.236624922438785e-07 285.87148690033797 0.3716160374078208 2.68924587788338e-07 0.07879770532865757 7.769004072755443e-07 -7.872401783479348 9.679129499368255 7.669862719339229e-05 0.001223562329575935 0.09688804599309328
20240606195752 WSJM 110.48875698563155 4.000632 0.0022561340491059133 3.165434448527e-05 1.6134096915945413e-06 314.46242703994704 0.3543198532089661 5.716630850917012e-07 0.08815527262534249 3.764684373871919e-06 -7.351351205554475 16.960385931072558 0.0001681388715964984 0.00269742617666418 0.1702900291863466
20240608052857 LPJR 51.867974030429735 3.008995 0.005029357760066144 7.172469714752968e-05 1.265021791999706e-06 2856.865988183269 0.11755332942528339 1.4870752344510377e-07 0.08960578761319561 1.2830301386240074e-05 -6.691780059816064 24.776816675642255 8.04684690935119e-05 0.003987567234329048 0.2478832709419279
20240608170157 CBJM 138.66054998432182 4.109786 0.0014445613650210978 1.6530534956296904e-05 6.872048814284602e-07 441.60321902096433 0.2989948811063546 2.0547074181840894e-07 0.07190031304464958 7.027864002647705e-07 -7.798193266698202 12.327388013917474 5.416137423412158e-05 0.001067031768631692 0.12356234418889403
20240608170157 CIJI 92.03221193831078 4.109786 0.007138011772138951 0.00025760602720955656 1.2206939650843532e-05 492.2590682444223 0.2831933204901503 3.4569237727452553e-06 0.22675591703584017 0.00012897387393204582 -5.9706568155860555 36.50719452993036 0.0005230424399325976 0.011380510795884745 0.36586397629318274
20240608170157 CMJN 99.89915297861397 4.109786 0.003242360777169658 5.51680914185817e-05 2.7229498093058737e-06 398.41008673658456 0.3147854902883162 8.571450907528266e-07 0.1069070856849423 8.471225820679302e-06 -7.002113248010746 19.276044291898998 0.00018227021451055746 0.003553827729598476 0.19339407669391318
20240608170157 CNJI 117.00636079458343 4.109786 0.0020999575467703425 2.5753396966304963e-05 9.11695078049932e-07 760.1820428359896 0.22788779441703116 2.077641805176621e-07 0.07705554127868616 2.23333347000771e-06 -7.567253322796326 15.054196068348555 7.193004095363657e-05 0.0018722265583840845 0.15073177582833924
20240608170157 ESJR 174.61594008913627 4.109786 0.0008907386653995557 1.3214441884211211e-05 3.1445464925001616e-07 2406.9460168098512 0.12806978881002573 4.027214051978029e-08 0.09321340850541214 8.294102577116941e-07 -8.132898680098437 7.776531610368352 2.4640740331500654e-05 0.0011964757245272917 0.07792969503416952
20240608170157 JSJR 163.37742120490256 4.109786 0.0027657027305894107 4.737762064385355e-05 1.1838055588508065e-06 1630.9253132382173 0.1555832472731357 1.8418031298599761e-07 0.10763353798878758 4.480083851912372e-06 -7.10296406987344 15.83650053465553 6.632612697552317e-05 0.0026080222984386334 0.1584512527817128
20240608170157 PCJR 97.16665309483123 4.109786 0.00398800793057854 0.00010889183737916464 4.052190465590944e-06 509.4605686444781 0.27837137867355005 1.1280138465543658e-06 0.17156124175342377 1.9997017024713238e-05 -6.443092424896055 27.168548213104547 0.0002307885941781933 0.005196821423202164 0.2734941464687014
20240608170157 SICJI 124.07323391470706 4.109786 0.007945346039814718 0.00013920470529024909 6.01066325237302e-06 392.43930170373267 0.31717110936608744 1.9064087317811258e-06 0.11008318008895102 7.137238790188002e-05 -6.161776406486156 51.20418849724048 0.0005356645275656545 0.010477789688989797 0.5140079276455968
20240608170157 SSJR 143.94334730483047 4.109786 0.0012348301522731222 1.7888344551003487e-05 6.799966893676953e-07 342.54637434811417 0.3394846801861854 2.308484586176569e-07 0.09102124972064271 9.428840430592505e-07 -7.775391899315218 7.564290254371692 6.857740954036237e-05 0.0012089437812276016 0.07570316503682933
20240609002712 CBJM 135.81299697733724 3.950466 0.003797550672519285 4.5277753880649456e-05 1.262600377083284e-06 1361.7296676461208 0.17026854256425278 2.1498112604704677e-07 0.0749136858090326 6.766421650053859e-06 -6.957076854830906 32.12868229679138 9.568861755138444e-05 0.003306877408415113 0.3218282719323784
20240609002712 CGJR 85.69108920338212 3.950466 0.004176616978120054 0.00011581661597812379 3.944033314287135e-06 561.884351589098 0.2650674497817067 1.0454348524721834e-06 0.17423126507725717 1.6275936167122632e-05 -6.472538668386701 20.383374129247294 0.00019701463832917957 0.004406508684943809 0.20410382896657903
20240609002712 CLJR 174.2764253502571 3.950466 0.0004068822322700775 6.726307702711824e-06 2.3653797481045423e-07 853.8283183661382 0.2150277898263278 5.086223793348758e-08 0.10386945995025658 1.0508314375276587e-07 -8.76571302914657 2.3689053636297848 1.4202261997559753e-05 0.0003900213644085462 0.02373169725755989
20240609002712 CSJI 97.12849512699192 3.950466 0.0030333576806908778 3.080196409851654e-05 5.034027915990875e-07 3356.078501003353 0.10845855474775608 5.4598339232822877e-08 0.06380205324549554 3.710826658470002e-06 -7.235134680592119 23.442884675260764 4.6356391799205656e-05 0.002538454203183708 0.23496191585828125
20240609002712 GCJR 100.08034620451286 3.950466 0.002322819094418528 4.02847383399274e-05 1.2908860218831064e-06 546.4225939126374 0.26879150814867336 3.4697920067000154e-07 0.10896951753548793 3.051063616144974e-06 -7.321572974000699 18.241932621861604 9.650213115294958e-05 0.0021549844009178367 0.18263293946607093
20240609002712 JSJR 99.47120007254645 3.950466 0.00342679844856398 4.057458899743845e-05 7.22991623479164e-07 3641.1415784433634 0.10412645556809798 7.52825551583102e-08 0.07439528914821031 6.030395896759138e-06 -7.133886957291549 25.26302451329923 5.665495605442303e-05 0.003271471696378638 0.2529358010345333
20240609002712 JTJM 115.96489583555984 3.950466 0.001599277690943669 1.5364620513722172e-05 6.866987062111078e-07 683.9057660108347 0.24026014548407917 1.6498633105800972e-07 0.06036397456732208 9.458296391885458e-07 -7.938155897152788 13.094698083766865 5.393864242721823e-05 0.0012800885908589596 0.1313498177321891
20240609002712 SCJR 111.69783317487985 3.950466 0.014563644537718265 0.0002503161268946732 6.030234204881334e-06 1626.7361154672142 0.15578344874230504 9.394106811602259e-07 0.10799375160395976 5.105696574995602e-05 -5.686785829300853 48.1699584469922 0.00018876275671434115 0.00707149314801569 0.4820470732293235
20240609002712 SICJI 214.50685464885004 3.950466 0.003785425473295684 9.719427736325108e-05 4.657169950998761e-06 339.1954579603204 0.3411574458299689 1.5888282052788185e-06 0.16132655622963177 2.250371705460485e-05 -6.739890871164847 24.460430940237185 0.0002986019089216938 0.005606923372037602 0.2451052808647049
20240610213406 SASI 209.69209276041056 3.611441 0.00031081197387472053 5.139213854437246e-06 1.0901799260254554e-07 833.709647113285 0.2176067961920776 2.372305609753155e-08 0.10389121299962951 2.7402338617606475e-08 -9.027219596214234 1.1628405396084172 8.113188422375062e-06 0.00019852277157270695 0.011668646080084437
20240610213406 SIUMI 78.83997457040782 3.611441 0.004984434154962527 5.8652514717903486e-05 1.547250763265241e-06 796.7004591995986 0.22260367741986914 3.44423709793542e-07 0.07393509619096096 6.495753432799138e-06 -6.7993652122614865 23.1652817743422 0.00011468414701583238 0.003334298224024514 0.23174630803178048
20240611175804 CBJI 36.180791978761015 3.12835 0.001476210710509882 4.629598810432163e-05 1.5888803627492522e-06 777.9421297661049 0.22527148533901917 3.579294393425236e-07 0.19704928989301446 2.8449122211608992e-06 -7.288402254003447 6.665994395775172 5.702567969293223e-05 0.0015305793419616999 0.06676104588994963
20240611175804 CLJO 30.37156603133072 3.12835 0.004640028289842136 0.00010223649410722978 3.333167478078027e-06 683.5069416926757 0.24033023081096552 8.010609093380961e-07 0.13844114680041175 1.8929002909726775e-05 -6.604783545804221 31.909882685397285 0.00022720543050625395 0.005514361399114544 0.3194596030816821
20240611175804 CPJR 81.4099061487964 3.12835 0.000287927439749363 5.589953759750063e-06 2.1003225873627295e-07 561.8783172136204 0.26506887314346966 5.567301414700153e-08 0.12198460612732408 7.232004279432108e-08 -8.980690059923322 1.6467485265469521 1.5211406627232659e-05 0.0003339378188480215 0.016562463776783522
20240611175804 JARU 51.34417286740083 3.12835 0.005963935100791238 5.278178307184322e-05 8.33460768377437e-07 816.2360617918032 0.21992367253302805 1.832977530937654e-07 0.055607198649721544 2.447303104599122e-06 -6.7985594207328015 20.23532619775617 8.153409648465917e-05 0.002035513552532024 0.20260732655156766
20240611175804 PASJI 91.13495193958529 3.12835 0.0017903383347311933 2.612526758412375e-05 1.2473943083976862e-06 257.1269372439776 0.3918375749451508 4.887759608029329e-07 0.09168652329356922 1.937465963000943e-06 -7.616846993483383 11.076564483607054 0.00011937166372081863 0.001949035997236231 0.11128483746182592
20240611175804 SSJR 59.730569564662616 3.12835 0.0010119409133636484 2.5045280630499743e-05 7.920678737991335e-07 964.7175508525074 0.2022924985877171 1.602293892418873e-07 0.15550724078214584 1.0954069416661686e-06 -7.753787390698921 4.788121305903802 3.637812090155718e-05 0.0011258979584417028 0.048189900871961795
20240611175804 TPJR 94.27563940369589 3.12835 0.0002690041981150563 7.488141628331527e-06 2.7981041775380124e-07 364.379293860616 0.32915694542460316 9.210154240582336e-08 0.17490203419460723 1.3654933203045046e-07 -8.865651664481069 2.240911636072286 2.6781406539322724e-05 0.0004978903080084382 0.022455353548357874
20240611175804 WSJM 28.249810648616588 3.12835 0.011208177356458954 0.00024612344899711315 6.190820572262086e-06 961.245014921606 0.2026575640387607 1.2546166165756808e-06 0.1379741941360213 5.2685930069155014e-05 -5.717068132474785 36.783591735399796 0.0002846795423998246 0.008421089441518743 0.36809989561061085
20240611220932 BBSR 206.9918852060362 4.428431 0.00210656393831678 2.9145943639951633e-05 7.095774025647713e-07 938.5762298701409 0.2050902869685338 1.4552743311839576e-07 0.08693273511021714 2.0545273420469932e-06 -7.452624086533936 10.560594705338316 6.799164509175529e-05 0.001987360334696496 0.10615338961398299
20240611220932 KTSR 234.29848223678002 4.428431 0.0011140385821041467 2.0910374905224095e-05 5.04851051662712e-07 1466.6008459894795 0.16406800707289704 8.282990591495735e-08 0.11793465907075583 1.71878170965586e-06 -7.827319008887615 7.043871778927996 4.2681744434396194e-05 0.001598601137047393 0.07064796344921903
20240611220932 SUPJI 240.27806627408557 4.428431 0.003589821375837735 5.006105667982692e-05 1.8264981711900954e-06 336.61167988479315 0.34246427819257247 6.255103778166697e-07 0.08762076517502769 4.717265821959749e-06 -6.899269906230539 17.824755748158324 0.0001594237243530964 0.0027711437191785962 0.17921485867600156
20240611220932 UTSI 244.80189233481147 4.428431 0.0011463775693100016 1.7342525729042864e-05 5.253192762338699e-07 966.6695948504647 0.20208814571808412 1.0616079844406879e-07 0.0950527171564359 9.971893263990417e-07 -7.902744696548912 7.115787484526129 4.330423854839013e-05 0.0013582675645532926 0.07122684694264503
20240613150227 LPJR 97.96040412717662 3.264477 0.0010173330208725633 1.7161277384571808e-05 2.9235912893874435e-07 2677.7379670993 0.12142156610983117 3.54987033022484e-08 0.10599035291579507 7.163989422664508e-07 -7.975551971583033 5.565816693604372 1.963404974820769e-05 0.000899629833474799 0.055709511978414554
20240614234745 BBSR 170.06284522474544 4.825996 0.010824011691628287 0.0003027174550785729 1.1668422309585154e-05 582.3513592830133 0.26036782884277426 3.038081782767276e-06 0.17572319027034955 0.00016517469635272004 -5.62255944679986 44.84244158893481 0.0005627946291479402 0.013064872685588987 0.4493319402985084
20240614234745 ISSR 203.22297205513362 4.825996 0.0005760050379853776 1.3018745007300824e-05 6.120086293063318e-07 271.33709643410316 0.381439163836583 2.334440598233805e-07 0.14201123593274312 5.456734581979105e-07 -8.386235368977982 3.227457638552075 5.7060141455657455e-05 0.000966155378267796 0.03232732508077765
20240614234745 KTSR 213.92528219593154 4.825996 0.0008354448268411923 2.7640777258819335e-05 1.7304009617008014e-06 271.1349924409107 0.3815812997096389 6.602886479846009e-07 0.20787982637739189 2.4032852043672375e-06 -7.784509078296552 4.818872805393347 9.410085903430294e-05 0.0016592844608016477 0.048415216250051823
20240614234745 MKSM 176.33924365554043 4.825996 0.0015882919599952863 3.6726595506028204e-05 2.556421929408164e-06 179.09342064756353 0.46950481726622056 1.200252410822139e-06 0.145288152983466 5.279964795638236e-06 -7.462624362159221 11.196714347107498 0.000201909180659511 0.0028088454278852796 0.11229400086722514
20240614234745 MNAI 188.93208741948936 4.825996 0.0022380145895646354 5.334932881384702e-05 2.840630439227127e-06 467.0338867199134 0.2907405929911232 8.258865783695297e-07 0.14977727156652 1.9266451167873083e-06 -7.144539747672208 3.126814842805251 6.692906256489806e-05 0.0014878490880700318 0.06264977498965792
20240614234745 MTSM 191.96029699727026 4.825996 0.007407978047559783 0.0001460600222695929 3.7418948440370607e-06 565.3633978382486 0.2642506255959855 9.887980534511859e-07 0.12388295159607425 3.294739006593296e-05 -6.138399837965887 36.992278868086196 0.00030571788750854203 0.006834771404885908 0.3700906235608263
20240614234745 SSSR 222.4057522905579 4.825996 0.0006317649706868294 1.3803144073979418e-05 5.564449879641853e-07 581.5699181350242 0.26054269503499355 1.449776768029034e-07 0.13727844382417023 6.660604888408674e-07 -8.245266748864998 3.729618386616081 4.224974955862204e-05 0.00101317434726908 0.03732247756153876
20240614234745 UTSI 211.3030846927807 4.825996 0.0014989841573645741 3.9663531470801514e-05 2.4434217431461453e-06 419.55730088108885 0.30674975670767884 7.495190252443327e-07 0.16625480459136233 5.881039004141752e-06 -7.414726706858449 11.424362242393423 0.00011763074173113418 0.002611166430818495 0.11451855672434275
20240615205615 CGJR 35.8871762271005 3.424735 0.0022370344804442466 2.6568981993491046e-05 7.442313654399768e-07 619.6673114584988 0.25240652334334157 1.8784885151377249e-07 0.07462461519818425 1.783310161130095e-06 -7.441027398589958 16.10938286288939 7.212012220586243e-05 0.0017735759264412203 0.16131831582795395
20240615205615 CLJR 168.3459533065156 3.424735 0.00031714999157546493 5.863344848850686e-06 1.7482080655288433e-07 926.7758631513816 0.2063918344161994 3.608158695856933e-08 0.11616106947447184 7.378988404583637e-08 -8.98356088375079 1.528225416896179 1.2324817035598651e-05 0.0003299009076717512 0.015287866669207254
20240615205615 CNJI 53.60982203571652 3.424735 0.0023590395477765236 3.6444248973013415e-05 1.0508470784228774e-06 1087.4615837438414 0.19053418492033938 2.002222915632229e-07 0.09706745692087265 2.7121120185171717e-06 -7.366163215855262 17.588928697888303 6.843127483672614e-05 0.0019589781758164075 0.1761634599626438
20240615205615 DSJR 109.59159973532404 3.424735 0.0006223310834961762 1.6946028658598562e-05 6.438232384272484e-07 742.5336075315721 0.23058009348315003 1.4845282250317932e-07 0.17109066396714043 9.76262681640991e-07 -8.176150753957529 3.7051553197594385 4.2494590445802985e-05 0.0011404429656415797 0.03713518866895842
20240615205615 GCJR 64.19167806421264 3.424735 0.0024941258000082296 1.9661138168654927e-05 6.954948257140777e-07 641.14377631083 0.24814307111967462 1.725822220005341e-07 0.04953020992899107 9.151587516098955e-07 -7.695385291753265 14.316255677520402 4.4167765148389315e-05 0.0011154015293460006 0.143533101996442
20240615205615 MGJR 60.548007452530825 3.424735 0.0032924893304228384 8.032646058694726e-05 2.5107553574853976e-06 1011.17192146982 0.19759109483126683 4.961028999390085e-07 0.15329010553629652 1.3238293180904681e-05 -6.8577475707305116 21.42380252818611 0.00013951427523008957 0.0045662756197598214 0.21466184467880334
20240615205615 PGJR 51.455555992614244 3.424735 0.0014553334925292405 1.8895878473310603e-05 3.890880120638542e-07 1510.5009564856637 0.1616662505528155 6.290240004541195e-08 0.08158013719825855 5.227751945711853e-07 -7.847191822981809 7.578477950358509 2.5366135087498002e-05 0.0009134546121662636 0.07581517842014658
20240621185404 APSSI 103.01368478275855 3.372955 0.011905504356327453 0.00013667882933322752 2.48407411601221e-06 2001.052882535764 0.14045932769212555 3.489113802724861e-07 0.0721328879958474 4.184424489714646e-05 -6.026436975580164 48.65381155068088 0.0001898389223986623 0.007200122552893944 0.4869492649783727
20240621224900 JPSR 26.82073333042388 3.381234 0.007010903036167716 7.291236893444964e-05 1.1004779910050292e-06 3605.3160536593596 0.10464252177962204 1.1515679214173847e-07 0.06534421070113798 1.0719467025795085e-05 -6.602720399917129 35.0302337656566 6.313945191832829e-05 0.0036782531320711364 0.3505336595856279
20240621224900 LPSR 84.82682760426154 3.381234 0.000908209091536712 9.417685254989032e-06 2.8197687059967107e-07 743.8747740277914 0.2303721379096359 6.495961452111498e-08 0.0651535666986846 2.0161221270451944e-07 -8.336393307187354 4.82392759532266 2.279148318882114e-05 0.0005646000513283312 0.048382810178224774
20240621224900 SISMI 141.6780006565299 3.381234 0.0021237187680463003 4.482235551608e-05 2.5277627919500033e-06 317.5316487658416 0.3526032891277756 8.912974745763803e-07 0.1326103860121247 4.457300499377664e-06 -7.285341106670604 11.346455202161957 0.00013418373620380228 0.002476826720338361 0.1140779718787924
20240625164331 KMJR 176.4606750365609 3.352151 0.0010199972594823986 1.5551432368768247e-05 3.887616725844079e-07 1900.065678007194 0.1441436655167943 5.60375324987564e-08 0.09579685676275862 3.001964743508564e-07 -8.005472166153682 3.9061276053891496 1.6406651472490786e-05 0.0006403684489486468 0.03912333337640466
20240625164331 LPJR 139.91505457243883 3.352151 0.0002916621363325279 4.334618020314372e-06 1.1430053132835395e-07 1072.8667080666696 0.19182578488725993 2.192578913509234e-08 0.09337930730379038 3.773869007626386e-08 -9.14086555475876 1.2110599758230145 7.113799799131096e-06 0.00021159718850991758 0.012171143027632097
20240625164331 TAGJI 187.5518680081942 3.352151 0.005456292039371612 7.321472366265722e-05 1.5507832562742725e-06 1710.2820792686937 0.15193085987628072 2.3561183360748884e-07 0.08431031049419434 1.077687810164167e-05 -6.645617533140474 21.035010652839464 9.944135159855864e-05 0.003626065864147975 0.2131088117680622
20240627182546 BBJN 59.78680899771819 3.450659 0.0027191713870889605 3.11475912849054e-05 5.43975311486503e-07 1344.4647192243742 0.1713583072144091 9.321468854275806e-08 0.07197269316843904 1.2337272590694065e-06 -7.2447984165743415 14.178257416713066 4.23988116277828e-05 0.0013727795016241601 0.14183724604262044
20240627182546 CIJI 46.41469258254572 3.450659 0.0013729187208251518 2.5007837050014344e-05 5.28449071375434e-07 1865.2067630752485 0.14548438335609098 7.688108728415393e-08 0.11444878122322769 1.2689572089575166e-06 -7.671149769236765 8.674235778147485 2.8883736862789133e-05 0.001291014982760183 0.08676273488655613
20240627182546 CNJI 120.10594359987834 3.450659 0.003233920407500699 4.90250211618404e-05 9.70585000474883e-07 1977.3714432420559 0.14129791044363452 1.37141632475035e-07 0.09525073404212324 3.783760756264423e-06 -7.019236245587033 16.570081863616647 6.0469377194887907e-05 0.0022592748412290455 0.16589609132424818
20240627182546 ESJR 186.20120127462914 3.450659 0.0002686871952415071 5.990623418746261e-06 3.746603465909569e-07 100.49428317437157 0.6267714272759962 2.3482640017653348e-07 0.14008928490872033 9.174683846915642e-08 -9.064957281806393 1.3994862155061034 4.130064186835467e-05 0.00039128967336157696 0.01402276605498647
20240627182546 JSJR 174.2579957085573 3.450659 0.0009273998401114389 1.3334164481202108e-05 4.0207889355628896e-07 966.506861917171 0.20210515801973436 8.126221831859373e-08 0.09033970325219987 4.176325813070605e-07 -8.216145811674998 5.864070681246342 2.858874496029693e-05 0.0008025965820221502 0.05873031904680946
20240627182546 LPJR 38.7225478467799 3.450659 0.005520271163817203 8.50736404942784e-05 1.6238139769677117e-06 2867.080594646556 0.11734373775839771 1.9054440148172e-07 0.09683101284689512 2.3383491004221442e-05 -6.577812083480542 35.8876148764894 0.00011493101914920151 0.006098048109284397 0.35902759478766577
20240627182546 LSJR 172.16645840188806 3.450659 0.0002694069263183354 3.1399573912463957e-06 1.0716309234749054e-07 455.8588921451562 0.2942826464835884 3.153623842138469e-08 0.07323098338807105 1.896483045726494e-08 -9.297049813107723 1.4067156933160876 8.790927246929482e-06 0.00017072523266926253 0.014090861525983635
20240627182546 PGJR 45.680815363246325 3.450659 0.00889156986159566 0.0001588937198631607 3.5540295442093876e-06 1092.7049965127678 0.1900764901328032 6.755374615916067e-07 0.1122814870250772 1.440189474635016e-05 -6.036582322058472 24.77083267563555 0.00012671820671487414 0.0034918196523396963 0.24774068536985158
20240627182546 SCJR 130.87056043976298 3.450659 0.0024804973787743065 3.112477856220629e-05 6.34718366414656e-07 2388.2775648129036 0.1285693561012904 8.160533167559523e-08 0.07884013626650417 1.927804766349213e-06 -7.367628820339519 8.702126402001062 3.291989266966144e-05 0.0013298665939416381 0.08736574190725942
20240627182546 SICJI 79.47627376068269 3.450659 0.007853091736948009 0.00011204549785237912 2.130402271307546e-06 1997.5383890457204 0.14058283632048038 2.994979938040084e-07 0.08964655570358723 2.146711504875005e-05 -6.243766988269803 48.91354249285183 0.0001286321640062676 0.005730286196675647 0.4926821506392005
20240628162946 BEFA 91.907937243641 4.081717 0.0071874658163620314 9.486957671223494e-05 1.2822298929868355e-06 2859.8212589575446 0.11749257532860896 1.5065249229034998e-07 0.08293369954396129 1.8999565531664073e-05 -6.433892006874713 52.60373899287701 0.00011905688194950158 0.005330371030278934 0.5265621096013307
20240628162946 ISSR 146.50282116625442 4.081717 0.0012795203063943501 1.3469380601924844e-05 2.9006936389300007e-07 2450.678946442935 0.1269219273714949 3.681616273672308e-08 0.06614245500590017 6.001223355119478e-07 -8.086674216953918 8.4810813208721 2.1493534044101173e-05 0.000958821778280709 0.08500176856165897
20240628162946 JMSI 87.06178768394744 4.081717 0.004057513498283606 0.0001007204301987509 3.539024592793963e-06 910.3200183063333 0.208248950686135 7.36998157901769e-07 0.1559687053229281 3.304700005842454e-05 -6.599654774253966 25.246333598020406 0.00021150213165344893 0.006317442873041426 0.2537338686258746
20240628162946 KBSR 18.320059204036518 4.081717 0.03779127497547293 0.0009683428639290797 3.2288825008439663e-05 1110.8522883424491 0.18851751717576812 6.087009123113895e-06 0.16099688774459653 0.001925422724467867 -4.606267179189129 203.53866033442245 0.0015104495416096704 0.05136710979715199 2.0354422551635345
20240628162946 KSI 107.97414862327868 4.081717 0.001142539008536922 1.4936763620315666e-05 4.4702445834303004e-07 1622.3011752367693 0.15599623868578305 6.973413410206219e-08 0.08214201267067646 8.750760210093404e-07 -7.996348977993139 8.395441911783584 2.984848961659349e-05 0.0011967814083485948 0.0841107632377327
20240628162946 LLSI 140.02339615959087 4.081717 0.001985935079412271 5.4484982137445185e-05 2.4260011186310033e-06 277.1762294352623 0.37739998371015354 9.155727826521549e-07 0.17238188839951993 6.341890997844914e-06 -7.154369652385985 11.428139130352987 0.00018601716638641 0.0030527685602162414 0.11478790479839787
20240628162946 MKBI 113.93879319312464 4.081717 0.002264093853895731 3.3286602205115845e-05 1.3953801069652517e-06 644.3539767920954 0.24752416933988014 3.45390301889967e-07 0.09237509723426304 3.630393774923101e-06 -7.37828817042112 16.972887050939192 9.18086246342224e-05 0.0023527696797125304 0.17038970575295678
20240628162946 MNAI 180.11689459075245 4.081717 0.0006808750997480071 1.0745605580288197e-05 2.668141725958901e-07 1015.9656986129555 0.19712438239412744 5.2595578986964955e-08 0.09916155125044486 6.87875123376012e-08 -8.455795979258017 1.4383860350175501 1.1720640700177702e-05 0.0003305097056652702 0.02878605602002552
20240628162946 PASMI 167.6075805927715 4.081717 0.004728586862794603 6.383743498695817e-05 1.6804047287652295e-06 870.5085146609263 0.21295770440833156 3.578551335147483e-07 0.08482501119182898 8.618130126431038e-06 -6.786550247408618 20.353731251491567 0.0001322727514011812 0.0033599343451025565 0.20368968657717848
20240629043225 BBSR 114.26463854282211 4.714636 0.010866464239771797 0.0002086666391487687 8.1393787965828e-06 669.1604052602623 0.2428928611134078 1.976997003587802e-06 0.12065480843340279 9.514952321347873e-05 -5.909897022829321 45.55561775717192 0.0003775886227318745 0.010243679460134134 0.4561151370707698
20240629043225 KPSR 130.40678989413954 4.714636 0.003482444258991886 5.911022922006887e-05 3.5047986738040914e-06 212.957925219609 0.43055929061187315 1.5090236307305234e-06 0.10664938075622463 8.245797539522355e-06 -6.958530108192154 16.998858560362645 0.0002155049036998128 0.003158496138811144 0.17070400556460155
20240629043225 LLSM 156.79496208320447 4.714636 0.005836568001318549 8.666471512983642e-05 2.888805415840569e-06 1032.0211398305169 0.19558501227611505 5.650070427204853e-07 0.0932963454947628 2.6603284574054072e-05 -6.5611613741814 28.294821585145883 0.00018438664801220732 0.0058767743366584056 0.2836911147996931
20240629043225 MKSR 202.23803722887823 4.714636 0.0004151269845069967 8.832937122537989e-06 5.580543126351992e-07 273.844141232429 0.3796891102428458 2.1188714543164168e-07 0.13369157587643263 1.828410860159745e-07 -8.72800611681075 2.171692896977908 2.9031955349719507e-05 0.00048796013325892506 0.02185412812367583
20240629043225 MTSM 206.21258183908645 4.714636 0.00491728432552168 8.735449311030364e-05 1.9241958807308637e-06 1808.729286040465 0.14773829514837983 2.84277418950713e-07 0.11161942879285316 1.5790116962013828e-05 -6.663140883350514 27.80432192714725 0.00012681100684075512 0.00484052345279503 0.27857518418280386
20240629043225 PSSM 132.06562801705817 4.714636 0.008523611435708216 9.704300764894628e-05 3.812830896147454e-06 717.0083600511118 0.23464848721703208 8.946750017953608e-07 0.07153531157813894 1.7297440187441155e-05 -6.431562906811285 27.69127031527861 0.0001643153529947993 0.004197820711782628 0.2769341504704969
20240629043225 UTSI 154.89094091897465 4.714636 0.0068283236484811905 0.00018649059771913516 6.198077309058202e-06 656.408521154873 0.24524082207192693 1.5200215745387902e-06 0.17160214480704059 4.912401837175743e-05 -6.058465790695156 27.9188119144158 0.00026787365489614807 0.006938431608654344 0.27946849407519625
