20230101024725 PDSI 56.150338450259696 3.179799 0.0007343296315570594 8.518294751982799e-06 1.7782412042943067e-07 447.186963454713 0.29712233621113493 5.2835518096682646e-08 0.072885557286305 9.679818706022257e-08 -8.42766747740443 5.47756569011763 2.2445735171045727e-05 0.0004371513707689425 0.054854043888374664
20230101040931 MNAI 66.9349185620892 3.938537 0.0031818191804387705 3.44765381805059e-05 8.094609072464085e-07 2082.770778657114 0.13767628238883087 1.1144356844877576e-07 0.06808132890452266 1.0573953216567886e-06 -7.104927909594307 5.883020505928809 3.0183128477834422e-05 0.0013300531472984472 0.11796374039936289
20230103082858 MKSR 87.74431861026859 3.857831 0.001164173100336896 1.0700805253383345e-05 3.568050291539076e-07 754.2273503779847 0.22878562306162745 8.163186090649889e-08 0.05775356115305483 3.4028720857142295e-07 -8.127677392571684 7.676275788701926 2.694120628903269e-05 0.0007494338829918722 0.07698856425363301
20230103082858 MTSM 104.19916345344924 3.857831 0.009269818185245526 0.00010879142708738015 1.5712671508571787e-06 5115.9785482762 0.08784468927190489 1.3802747463020016e-07 0.07374003271288768 2.5129520820541282e-05 -6.28022051813023 56.17690275223316 9.280142715076252e-05 0.00646145501560409 0.5632332284017516
20230105123143 KTSR 61.10981025177194 3.634394 0.001478301663939976 3.5962378601266297e-05 1.3708963098190046e-06 567.9231361672861 0.26365443896939744 3.614428974505469e-07 0.15284991849125093 3.4586635856402976e-06 -7.490144030221596 9.06110132161689 9.410405237672109e-05 0.0022420557299914308 0.09090471963053276
20230105202817 CIJI 117.55787605316357 3.706471 0.0009898126000836554 1.3159639711734818e-05 3.143412200263099e-07 1214.3695392023249 0.1803036156858805 5.667685852985458e-08 0.08353546406416833 4.763087264381695e-07 -7.97443699585545 8.661210920834352 2.7745127872157154e-05 0.0009010489902544523 0.08676017134793729
20230105202817 CSJR 106.78888850892214 3.706471 0.0011205281460403916 1.388090026325892e-05 3.2286088520468297e-07 1562.1158362725157 0.15897295638003212 5.132614942046262e-08 0.07783496460372698 3.7505109796675345e-07 -8.010899641484913 6.360129145555261 2.2305663871011438e-05 0.000791221460318114 0.06398349456610458
20230105202817 PGJR 55.317302226648806 3.706471 0.002680513157040411 3.956373205633904e-05 6.681391383238788e-07 1810.3766487017988 0.14767106219373904 9.866481624949673e-08 0.09273830993914864 7.882764763883331e-07 -7.12873978827691 7.240277012866758 2.123077026193872e-05 0.0007998069216861089 0.07254800895673288
20230105202817 RSJR 98.78109951569033 3.706471 0.0012745695089042446 1.1416913245673508e-05 1.8053221495702605e-07 4206.435305886079 0.09687746395599832 1.7489503147395833e-08 0.05628141977147285 2.5064647987003606e-07 -8.13070625419036 6.691148691091758 9.920340787345154e-06 0.0005913592233603417 0.06736351095706326
20230105203838 KTSR 155.6785593472969 3.803187 0.0003568099281437297 7.520164682564724e-06 2.032542426640559e-07 775.3161517929022 0.22565265752619623 4.5864860010618586e-08 0.13242509390609808 7.79062703586489e-08 -8.705342469103364 1.57590620842043 1.3574496873561141e-05 0.0003148589912849918 0.01577773308230935
20230105203838 MNAI 116.99865932755688 3.803187 0.0005033567763356208 5.19261870469475e-06 1.3165082972902395e-07 1166.5650892996211 0.18396083855921727 2.4218597033967977e-08 0.0648172172999017 1.551617414029552e-08 -8.616846944818978 1.018121798371007 5.332246666608982e-06 0.00013878972377836293 0.020481886388519534
20230105203838 PKSI 148.0856665552073 3.803187 0.001803774933758779 2.6341575118585267e-05 5.463588993111561e-07 1696.3272884248486 0.1525545074658469 8.334951278399566e-08 0.09175701172882361 1.1082584500104554e-06 -7.593040796701579 8.573769696801268 3.568454244260561e-05 0.0012599279993502752 0.08609470650691839
20230107101648 KBSR 53.0571948252394 3.474124 0.004638022188707419 9.816339696995841e-05 3.3307750103201998e-06 722.3088807064108 0.2337859411738387 7.786883706260102e-07 0.13298315282885081 1.6549069496102815e-05 -6.50423406549097 21.032042683239595 0.00021478024763938908 0.005454600682231352 0.21105020228019056
20230107171009 BBJN 143.37155736787167 4.048386 0.0028907197880920854 8.895561886794907e-05 2.752144845947837e-06 408.90425420453204 0.310719889576148 8.551461426304767e-07 0.19335137212696174 8.796304934264764e-06 -6.693855596619331 17.271815963018295 0.00018054765013390502 0.0031904479536400063 0.17301772568918655
20230107171009 BKJI 143.43045787230895 4.048386 0.003006336025370065 0.00010017572129593225 3.304561866154525e-06 435.9380780395775 0.3009313724302246 9.944463376624655e-07 0.20936535865289374 1.138997566130414e-05 -6.600117799134306 16.797527679874996 0.00018544758313793138 0.0037498159757417627 0.16825947466035546
20230107171009 LCJR 187.6123072547533 4.048386 0.0003251524538326138 5.870493863904281e-06 2.0452238893852263e-07 1264.53129045246 0.1766912642573136 3.613731947047357e-08 0.11344032731968753 8.402921509103573e-08 -8.883096976925522 2.236685237154936 1.0483877994329517e-05 0.00036522954855344915 0.022527125410701343
20230107171009 MBJI 229.05241961134664 4.048386 9.724556357043967e-05 2.4038797103240607e-06 1.8493674819682793e-07 159.29806238628208 0.4978226149140994 9.206569558105524e-08 0.15531836231474647 2.3597144878399377e-08 -9.910989170138665 0.673526155437312 1.648092977935079e-05 0.000213445472193793 0.006736480982435667
20230107171009 RSJR 186.6399533845514 4.048386 0.0005699127051426632 1.2051035371506993e-05 3.572439254675103e-07 695.4777979585547 0.2382529206386411 8.511440862304734e-08 0.13286050249327205 2.335169812931855e-07 -8.330637267765203 2.7598222532634553 2.3253526058359477e-05 0.0005351832798805698 0.027607739490121637
20230107171009 TOJI 189.11669731273017 4.048386 0.001306749555879407 1.912045908705367e-05 5.024118006534024e-07 1553.3341134189316 0.15942169720479038 8.009534195588021e-08 0.09193604624679197 1.0296766983127833e-06 -7.769163974778024 9.080137881889069 3.684774523082104e-05 0.0013758891543223422 0.09093871219514665
20230107171009 BBJN 143.37155736787167 4.093514 0.0028907197880920854 8.895561886794907e-05 2.752144845947837e-06 408.90425420453204 0.310719889576148 8.551461426304767e-07 0.19335137212696174 8.796304934264764e-06 -6.693855596619331 17.271815963018295 0.00018054765013390502 0.0031904479536400063 0.17301772568918655
20230107171009 BKJI 143.43045787230895 4.093514 0.003006336025370065 0.00010017572129593225 3.304561866154525e-06 435.9380780395775 0.3009313724302246 9.944463376624655e-07 0.20936535865289374 1.138997566130414e-05 -6.600117799134306 16.797527679874996 0.00018544758313793138 0.0037498159757417627 0.16825947466035546
20230107171009 LCJR 187.6123072547533 4.093514 0.0003251524538326138 5.870493863904281e-06 2.0452238893852263e-07 1264.53129045246 0.1766912642573136 3.613731947047357e-08 0.11344032731968753 8.402921509103573e-08 -8.883096976925522 2.236685237154936 1.0483877994329517e-05 0.00036522954855344915 0.022527125410701343
20230107171009 MBJI 229.05241961134664 4.093514 9.724556357043967e-05 2.4038797103240607e-06 1.8493674819682793e-07 159.29806238628208 0.4978226149140994 9.206569558105524e-08 0.15531836231474647 2.3597144878399377e-08 -9.910989170138665 0.673526155437312 1.648092977935079e-05 0.000213445472193793 0.006736480982435667
20230107171009 RSJR 186.6399533845514 4.093514 0.0005699127051426632 1.2051035371506993e-05 3.572439254675103e-07 695.4777979585547 0.2382529206386411 8.511440862304734e-08 0.13286050249327205 2.335169812931855e-07 -8.330637267765203 2.7598222532634553 2.3253526058359477e-05 0.0005351832798805698 0.027607739490121637
20230107171009 TOJI 189.11669731273017 4.093514 0.001306749555879407 1.912045908705367e-05 5.024118006534024e-07 1553.3341134189316 0.15942169720479038 8.009534195588021e-08 0.09193604624679197 1.0296766983127833e-06 -7.769163974778024 9.080137881889069 3.684774523082104e-05 0.0013758891543223422 0.09093871219514665
20230110233501 MKSM 115.01999078141158 4.09913 0.0020616340166509945 4.5297601343479105e-05 1.2664947776359223e-06 1218.414081758271 0.18000410673839484 2.279742611371962e-07 0.13805225414070532 6.930953100853186e-06 -7.191227703989399 17.321195555153075 0.00010272562638737693 0.0032760908266143223 0.17427669412620805
20230110233501 MNAI 130.35627285670213 4.09913 0.0007550208845434602 6.804450626265035e-06 1.856132212566764e-07 1537.933041628479 0.16021794407763648 2.973856870337215e-08 0.056625750457524514 4.2504508783349706e-08 -8.569643021328071 1.4366997199096654 7.647131509321787e-06 0.0002712324243816508 0.028957414366619243
20230110233501 SSSR 169.27889535203275 4.09913 0.0003930492917449867 6.706815498348413e-06 1.2402287711203898e-07 1800.1787084869356 0.148088746811102 1.836639244742916e-08 0.10721343475801995 5.262401034730409e-08 -8.798206783417392 1.419474934258362 6.9134529906159834e-06 0.00024932449019219623 0.014203108428222139
20230112140550 MNAI 90.92678634609832 3.896611 0.0015374886746163125 1.8530781350993896e-05 4.4953284217306637e-07 1799.4882805384752 0.14811715344351262 6.65835249620464e-08 0.07572890456847012 2.962512701443825e-07 -7.803254982513048 2.348421506627837 1.780514956431218e-05 0.0006681928624979855 0.0470703040670611
20230112140550 PKSI 135.87310007180113 3.896611 0.0010703745618134784 2.0613931451555247e-05 5.010347476823569e-07 1547.9971332473244 0.15969627728471406 8.001338399515842e-08 0.12100544598161818 1.311580661898937e-06 -7.8732802472476 8.734131650128802 3.888472921242048e-05 0.00137993954498693 0.08758466546494204
20230113052624 CLJR 103.97623408134655 3.290036 0.000518473417677728 7.197354803908539e-06 1.938891161048275e-07 1889.1823056146543 0.14455826719207535 2.8028274651516973e-08 0.08722204921716116 1.602374757710143e-07 -8.640600829018533 3.711387603924 1.3023111807951427e-05 0.0005279377760314432 0.03721447424717934
20230113052624 WSJM 85.44557224254758 3.290036 0.003224049666211178 4.6516623713225436e-05 1.2004589625340532e-06 1163.8726402339225 0.18417349888287604 2.2109272739520397e-07 0.09065386607335083 5.634277005785037e-06 -7.080807446174566 15.888213108702455 8.026285033044208e-05 0.0026861818951547634 0.159178291928601
20230114014708 CLJO 64.64991853712361 3.040222 0.0014430135488915064 9.053509210746947e-06 3.721168674267388e-07 340.39094776450276 0.34055782797208484 1.267273121226264e-07 0.039420888386722405 2.260623667391516e-07 -8.253870541114033 10.96544298583796 3.908056229359322e-05 0.0006969597701384072 0.11003901753408407
20230114014708 CLJR 33.04432793874097 3.040222 0.0021461597722456246 1.6564869126140566e-05 3.0581696345123935e-07 2289.8483866296942 0.13130356093848125 4.01548562965411e-08 0.04849598974628779 8.244533843847437e-07 -7.812517037528096 10.665611837304702 2.499918286893752e-05 0.0011987603056335754 0.10677543728974996
20230114014708 CSJI 69.2835120857721 3.040222 0.0025372667597865547 2.7548755728897645e-05 5.25695656982064e-07 2308.9908890047745 0.13075814737838848 6.873899019183948e-08 0.06822063015614901 7.625373607891629e-07 -7.4440450129429605 9.843709620983192 2.3829827582297425e-05 0.0009737944502354473 0.09900384175957364
20230114014708 WLJI 20.70644690953609 3.040222 0.005441522203007384 4.53463949093311e-05 5.901843866528604e-07 3426.8641194751167 0.10733254475471565 6.334599209395254e-08 0.052360312353481674 4.9287944376404875e-06 -6.96824186216958 38.39562262902963 5.635337817506336e-05 0.002799300970194334 0.38496020283287596
20230114192812 LLSI 164.0800041327197 3.981442 0.0014154698055427154 3.485829347358975e-05 1.5335813637084737e-06 528.9115759850712 0.2732048043530812 4.18981796431505e-07 0.154733867532156 2.8770106617296903e-06 -7.501406062885768 7.905544667368414 8.179240334621823e-05 0.0018529604426369502 0.07933354712427532
20230114192812 MBSM 71.09130652584102 3.981442 0.018688104363649295 0.0003541100207691104 8.843256037609088e-06 1353.44071082188 0.1707891395424 1.5103320894163898e-06 0.11905642414697327 0.00014679951547698158 -5.310605990617677 82.48353559968167 0.00033286945842853885 0.012154838095200729 0.8249905163749471
20230114192812 MNAI 182.30737313412249 3.981442 0.000260805505793235 3.2780093670926285e-06 8.951096326070893e-08 496.3165350626166 0.28203336965235953 2.5245078589246295e-08 0.07897203024709958 7.2315762300279446e-09 -9.355468225117445 0.9675676018175854 5.952915626876622e-06 0.00011472258245949679 0.019445148837603454
20230114192812 STSI 146.55669133749316 3.981442 0.0006614090425613103 1.0522914145341472e-05 3.223519252313651e-07 1108.5098070854856 0.1887165978241674 6.08331586317336e-08 0.0999644929114995 1.8150879965845866e-07 -8.37398091955346 5.007929618024909 1.6905132972920037e-05 0.0004931779082928634 0.050191998136206256
20230117045047 BPSM 117.27600725076809 4.551036 0.00298448542981406 5.169695779158934e-05 1.2477355729445773e-06 1135.3860956099847 0.18646961865966963 2.3266477647507972e-07 0.10883670678272818 5.5319558587265005e-06 -7.104164354672669 20.233715171154056 9.279714054009303e-05 0.0028505310933353636 0.2024953607356849
20230117131019 CIJI 113.34512413491987 3.493695 0.0008256952093725225 8.430060752558932e-06 2.8170350537567774e-07 907.0739985276339 0.20862123372723923 5.876933283676186e-08 0.06414913548954912 1.878445819734637e-07 -8.37813344189821 6.039552181211449 1.8651169563679614e-05 0.0005591209734259903 0.060461927045605636
20230117131019 PGJR 51.76578947624479 3.493695 0.000814986373664513 9.766122069616902e-06 1.9361100776410204e-07 1922.7294222978612 0.14329161658329473 2.774283429083901e-08 0.07529249160329994 1.5538327426572215e-07 -8.395433212329612 4.604037564825896 1.1223071855607484e-05 0.0004384116585789497 0.04604869061347534
20230117182339 TRIYO 46.89319108048231 3.64525 0.002690272482408751 7.518189632396492e-05 2.6559941435675825e-06 686.4091492510181 0.23982162232388324 6.369648243931105e-07 0.17558882582989718 6.41449471667456e-06 -6.8209299140295965 12.813793986537068 0.0001191382425112631 0.0027249133559049212 0.1281492536649088
20230118154054 ABSM 73.86315287266038 3.189732 0.002181518584953693 2.3369799217843388e-05 4.1109986732246673e-07 1743.542951601198 0.15047471972766818 6.186013731542976e-08 0.06730943302067144 1.526050927203175e-06 -7.676508293766866 14.032577927151001 4.5355296742242874e-05 0.0015203223880639672 0.14044792090571379
20230120180507 MNAI 157.51308174081018 4.332911 0.0006338605996371939 8.804785426451737e-06 3.348531000765901e-07 661.9941106707636 0.24420401807544237 8.177247250372151e-08 0.08727802052377999 7.326719921424969e-08 -8.38984356277499 1.6639044194019914 1.5243433883831391e-05 0.000336906603207213 0.03345484331800305
20230120180507 MTSM 201.96491441873493 4.332911 0.001383687697698473 1.4921384087424009e-05 5.29277883612468e-07 1082.2682933248295 0.19099077926414382 1.0108719543842209e-07 0.06775648971717332 7.806035759031042e-07 -7.951714873185216 9.648999334379104 3.751405987647122e-05 0.0011873131771488676 0.09658287533210273
20230120181511 MNAI 163.7711192528038 3.964282 0.0004586519277698772 6.512733241521578e-06 2.024269047055629e-07 698.739869917026 0.23769612731877748 4.8116091313639517e-08 0.08921953083611567 2.0635659872692253e-08 -8.934656834120416 0.7920812525977936 7.153594040204943e-06 0.00016764358644253132 0.015971883610424654
20230120232358 CSJR 35.99287417409613 3.52669 0.003492512480182376 4.276249029705813e-05 9.558644288731643e-07 1076.6167392557365 0.19149141326324148 1.830398303729834e-07 0.0769316222225367 4.751007674156824e-06 -7.082900626206198 17.88002292947529 8.887193513866976e-05 0.0027443724830185263 0.1790404514734869
20230120232358 DSJR 20.032051336245242 3.52669 0.009824212526232137 0.00022751597433121965 8.467192451247178e-06 593.9065164935824 0.2578225046582227 2.1830327652037435e-06 0.14551039314851125 0.0002117513227198954 -5.881992852281741 66.83591479911271 0.0007973187132022865 0.019493901265195124 0.6708576308735306
20230120232358 JABI 66.64096051542187 3.52669 0.0015235777695517291 2.119616193286171e-05 4.169342416331187e-07 2126.1667487571613 0.13626402321574624 5.681313718133484e-08 0.08741228435246882 1.0250099522278803e-06 -7.891734621448202 12.38467857394361 3.136037178054901e-05 0.0013732558205374384 0.12416236130479873
20230120232358 SCJM 14.502066090374607 3.52669 0.010434090359012702 0.00018808330554710733 5.604666818281921e-06 337.0749147814145 0.34222887659576345 1.9180788289141736e-06 0.11325973048705461 4.471097509616897e-05 -5.908946464760908 47.60351856427542 0.0004981889013950581 0.00845559380002947 0.47654791250996753
20230120232358 SSJM 18.06832263868526 3.52669 0.004675342614868191 7.060021349466983e-05 3.5872285865759827e-06 366.95564503641685 0.3279994246024781 1.1766089123144832e-06 0.09487951165391915 1.3807357587455972e-05 -6.75145269815856 30.63596177977805 0.000251118567618276 0.0047739172256232795 0.3068791940064536
20230122004441 BEFA 55.39392897193432 4.375156 0.025626896186482753 0.0002333421120766245 4.515788102764511e-06 2463.8798622907393 0.12658146110941762 5.716150561084567e-07 0.057210663338911484 0.0001389725884531753 -5.589329175398573 124.54547714641262 0.0003014264370181156 0.013019456196415065 1.2477259549986872
20230122004441 BEPA 52.69152918670099 4.375156 0.03441966125569385 0.00032135797437243997 5.6901860871239415e-06 2473.0521083767694 0.1263465055167889 7.189351278483604e-07 0.058662741853332215 0.00018585233269849993 -5.200520633183448 139.86907075826247 0.00030806272449269767 0.014918622439043525 1.4012137970936378
20230122004441 JMSI 165.84826503235237 4.375156 0.0011067041022473768 1.7298534458787905e-05 4.4072886044952414e-07 1591.9869055017202 0.1574744581754272 6.940353850156228e-08 0.09821044064667336 1.113064349780283e-06 -7.897128620399793 8.148541434222631 3.613711363849784e-05 0.001387636983949357 0.081592780707288
20230122004441 KSI 91.82063801237963 4.375156 0.0023781785417558467 3.113584784071997e-05 8.317074388066088e-07 1824.976606686059 0.1470791859318524 1.2232685303314197e-07 0.08226140226416835 3.5483496400841905e-06 -7.412500165027926 17.483277117638067 5.7374518181324784e-05 0.0024177180450229586 0.17523357109515722
20230122004441 SKSM 250.567621368032 4.375156 0.00558997185451441 9.941364543102295e-05 2.1816365630644158e-06 2082.9005981918576 0.137671991893778 3.0035025122537394e-07 0.11174195014969807 1.8232032633172393e-05 -6.449961783687685 27.86393606874595 0.00012493341758599714 0.004653694275365711 0.2793185568486523
20230122004441 STSI 216.07708706035578 4.375156 0.003699034896805551 6.465231816310459e-05 1.548969865252487e-06 1011.1000261194635 0.19759811966961177 3.0607353279878334e-07 0.10981850858134058 4.217879393900718e-06 -6.8546599631737966 14.096567648580379 7.608747227737925e-05 0.0022097085582250013 0.14149685855813893
20230122004441 ULSM 105.48482089601262 4.375156 0.00179642699332199 2.038489615480621e-05 6.335343952203425e-07 1317.8690935489537 0.17307874274986007 1.0965133661352983e-07 0.07129823838340793 1.0659447171991126e-06 -7.789488098720518 11.468563475716568 3.810449835423746e-05 0.0013270923772823941 0.11503118472940876
20230122004441 UTSM 89.93087787150681 4.375156 0.006640929340165583 0.00010010795380982399 2.4225989680191925e-06 1209.1678890058765 0.18069101840349888 4.377418747146533e-07 0.09471518100718349 1.366322955387908e-05 -6.455287382109367 30.48381424659098 0.00013126544774038116 0.004372870783890899 0.3055655515860274
20230122004441 BEFA 55.39392897193432 4.258459 0.025626896186482753 0.0002333421120766245 4.515788102764511e-06 2463.8798622907393 0.12658146110941762 5.716150561084567e-07 0.057210663338911484 0.0001389725884531753 -5.589329175398573 124.54547714641262 0.0003014264370181156 0.013019456196415065 1.2477259549986872
20230122004441 BEPA 52.69152918670099 4.258459 0.03441966125569385 0.00032135797437243997 5.6901860871239415e-06 2473.0521083767694 0.1263465055167889 7.189351278483604e-07 0.058662741853332215 0.00018585233269849993 -5.200520633183448 139.86907075826247 0.00030806272449269767 0.014918622439043525 1.4012137970936378
20230122004441 JMSI 165.84826503235237 4.258459 0.0011067041022473768 1.7298534458787905e-05 4.4072886044952414e-07 1591.9869055017202 0.1574744581754272 6.940353850156228e-08 0.09821044064667336 1.113064349780283e-06 -7.897128620399793 8.148541434222631 3.613711363849784e-05 0.001387636983949357 0.081592780707288
20230122004441 KSI 91.82063801237963 4.258459 0.0023781785417558467 3.113584784071997e-05 8.317074388066088e-07 1824.976606686059 0.1470791859318524 1.2232685303314197e-07 0.08226140226416835 3.5483496400841905e-06 -7.412500165027926 17.483277117638067 5.7374518181324784e-05 0.0024177180450229586 0.17523357109515722
20230122004441 SKSM 250.567621368032 4.258459 0.00558997185451441 9.941364543102295e-05 2.1816365630644158e-06 2082.9005981918576 0.137671991893778 3.0035025122537394e-07 0.11174195014969807 1.8232032633172393e-05 -6.449961783687685 27.86393606874595 0.00012493341758599714 0.004653694275365711 0.2793185568486523
20230122004441 STSI 216.07708706035578 4.258459 0.003699034896805551 6.465231816310459e-05 1.548969865252487e-06 1011.1000261194635 0.19759811966961177 3.0607353279878334e-07 0.10981850858134058 4.217879393900718e-06 -6.8546599631737966 14.096567648580379 7.608747227737925e-05 0.0022097085582250013 0.14149685855813893
20230122004441 ULSM 105.48482089601262 4.258459 0.00179642699332199 2.038489615480621e-05 6.335343952203425e-07 1317.8690935489537 0.17307874274986007 1.0965133661352983e-07 0.07129823838340793 1.0659447171991126e-06 -7.789488098720518 11.468563475716568 3.810449835423746e-05 0.0013270923772823941 0.11503118472940876
20230122004441 UTSM 89.93087787150681 4.258459 0.006640929340165583 0.00010010795380982399 2.4225989680191925e-06 1209.1678890058765 0.18069101840349888 4.377418747146533e-07 0.09471518100718349 1.366322955387908e-05 -6.455287382109367 30.48381424659098 0.00013126544774038116 0.004372870783890899 0.3055655515860274
20230122045836 CBJR 10.823272691924075 3.704196 0.02724457729453786 0.0005940578156514402 2.301504554501913e-05 905.8289077222785 0.20876456277067443 4.804725920353077e-06 0.13700250506968428 0.00141448790257838 -4.970483130653083 230.24109665749666 0.0015391024872865103 0.04677111811904952 2.3041279938820396
20230122045836 CCJM 40.83182625025069 3.704196 0.003952154470649907 7.008774877071978e-05 2.149541400126239e-06 869.4306439855121 0.21308966994658926 4.580450674894296e-07 0.1114263919995677 1.2578357207937683e-05 -6.693319940743622 24.851223299042722 0.0001511858115881428 0.00416903285228167 0.24875414084960312
20230122045836 CSJI 113.87706807848227 3.704196 0.0029112908027004586 3.946386698230726e-05 1.1200129836318538e-06 351.0556967639613 0.3353450158263652 3.7559077172175856e-07 0.08517142600722699 1.9107720748504314e-06 -7.187463843894574 12.219783096235593 9.35491817483562e-05 0.0016149374148316722 0.12233451399626588
20230122045836 CWJM 11.654120531882205 3.704196 0.02835805095616778 0.0005193383964857158 1.8570885769041065e-05 926.9620197986895 0.20637110911123568 3.832494293335067e-06 0.1150678298482831 0.0008699483348868852 -5.039883839654865 212.14714107521812 0.0012111876424935146 0.036144341588022266 2.124787243097857
20230122045836 JPJI 21.456321673572315 3.704196 0.007645385077411039 0.00013787620005835936 4.718430152257118e-06 1201.9524143469162 0.1812325625707758 8.551331878047734e-07 0.11331040956668112 3.881609602416598e-05 -6.33870777138684 47.280642758730174 0.00019307490750139204 0.0070562997278352975 0.47333923146806356
20230122045836 SCJM 19.9843723277773 3.704196 0.009003750905016292 0.00017913204709880273 5.002064759312762e-06 369.82010452807015 0.3267266876030484 1.6343080499861984e-06 0.1250056624455408 2.881000198133724e-05 -5.904393748945283 32.655371233515154 0.00032564014576192204 0.005528761415331154 0.32758137434083723
20230123175859 IMSR 33.47837901765638 3.034453 0.0011217238413623615 1.359953424173558e-05 2.9846006573260077e-07 1466.2386801159907 0.1640882684959271 4.8973795401243044e-08 0.07617596290757221 2.6876700875590924e-07 -8.11965826995371 4.794878483681264 1.676591220569607e-05 0.0005919953105948102 0.048034451196605155
20230123175859 KBSR 74.70243849982751 3.034453 0.0007004244719572236 1.3426828975599711e-05 7.816087237614075e-07 355.4401936745743 0.3332702904024647 2.604869663490641e-07 0.12044589805059451 7.964435454383285e-07 -8.269630215797676 4.2361984637922685 6.986266239242356e-05 0.001293516053898781 0.042395990590958624
20230123175859 MBSM 51.626413554278734 3.034453 0.0017919618619674504 1.4752983156579208e-05 3.6907075156001994e-07 2143.7729159770265 0.13570332174431085 5.0084126945364004e-08 0.05172862713981696 3.7522080115860717e-07 -7.703114034733952 10.593167801970802 1.8884814784995754e-05 0.0007143640328863899 0.10648005983585157
20230123175859 MNAI 232.24773806705088 3.034453 0.0002316896729063618 1.7800596999193896e-06 4.9536349589144293e-08 565.7003338506473 0.2641719188953973 1.3086112526037475e-08 0.04827338574109104 2.4704491954004043e-09 -9.604332580547853 0.7506587265712599 3.1750031489783502e-06 6.9389467285308e-05 0.015082106717596463
20230123175859 STSI 75.64748350720046 3.034453 0.000658933339622668 1.3032236060121378e-05 4.0586889859015453e-07 736.3669413880392 0.2315435709614026 9.397633412173576e-08 0.12426743224062801 2.681724090701842e-07 -8.258942420993424 6.091769003582559 2.4940378203790468e-05 0.0005885912386420591 0.06101777370354448
20230123175859 TMSM 37.77975373804557 3.034453 0.001971276384610142 2.44425580565127e-05 4.3668890457377363e-07 1131.4855851048055 0.18679074558138484 8.15694460724534e-08 0.07790745267865494 7.016955310053514e-07 -7.501245117879198 12.723957306442646 3.787459074172527e-05 0.0010825921941852944 0.12745387750559634
20230123194502 AMGI 71.25311021117878 4.459084 0.002060664855425114 4.2593326421768606e-05 1.9932798670224065e-06 471.9219935224877 0.28923094695903717 5.765182234932743e-07 0.12987156162371216 4.4728494375290155e-06 -7.267222216250264 16.247967040554656 0.0001230056406734869 0.0026304904045371716 0.16280066714352381
20230123194502 BACE 59.91781507780419 4.459084 0.002934960261356394 0.00010389987730454185 9.774773453881601e-06 105.96827937501403 0.6103682394845498 5.966211264406025e-06 0.22242964959122033 3.6131067869710195e-05 -6.705648046026644 19.651898162060846 0.0006441938597192582 0.007203311655439185 0.19697335257299387
20230123194502 CPJR 131.01628180329945 4.459084 0.0004889223708721842 1.9867806356357636e-05 1.012519694172705e-06 262.0331513744627 0.388151928597814 3.930114720364043e-07 0.255322964178274 9.373702957248922e-07 -8.117886581056007 2.4605551501420506 6.374584104537577e-05 0.0010152380298793838 0.02468236895328476
20230123194502 CSJI 81.00810412395957 4.459084 0.0017880932183499565 3.0158968041492535e-05 1.0993266528820755e-06 433.9901108148992 0.3016059824182867 3.315634951411052e-07 0.10597567449691972 1.606097045164243e-06 -7.557006362214923 10.539570343827133 7.257471873754321e-05 0.0015239596691322835 0.10595323688268427
20230123194502 JAKO 76.19353927989569 4.459084 0.004330078154753057 7.598738211442825e-05 2.066769343162859e-06 1027.8579457644275 0.19598070679873525 4.0504691666301496e-07 0.11026193656766568 1.8599879880037444e-05 -6.6938828531361265 30.80744493634063 0.00019019377893689268 0.0056957981317305745 0.3084257064164963
20230123194502 JBJI 75.20417278638173 4.459084 0.0015735381249871898 5.7927966276565126e-05 4.15820024464185e-06 96.13525273538116 0.6408236513041248 2.6646730636250954e-06 0.23130812072740317 6.897012029333649e-06 -7.161837451307218 10.556996780183933 0.0002964542352036793 0.003035502591836284 0.10581666607464868
20230123194502 JPJI 51.84526256646731 4.459084 0.003268814705775369 5.2454722595558485e-05 2.9681229723938143e-06 307.51156177641377 0.3583019270050194 1.0634841805965696e-06 0.10082637652182751 9.311554334371021e-06 -7.102112812355529 17.16456981940812 0.00020993062804719015 0.003741639225799299 0.1720871955731578
20230123194502 JTJM 37.864074063875016 4.459084 0.002593086002230013 8.708815132337274e-05 4.6252543923625675e-06 340.01115201662105 0.3407479780821342 1.576046082313055e-06 0.21101922279240734 2.0787935934226438e-05 -6.759466432827068 15.695657238097969 0.00028163175365974487 0.005000646820362988 0.15744063980296286
20230123194502 PTJI 71.21636197127897 4.459084 0.0019330927681561422 3.3790638238692e-05 1.7519529292549876e-06 387.81391607350287 0.3190569239903071 5.589727125839045e-07 0.10983065334421709 3.1346373024857937e-06 -7.462728704342633 13.325079867001532 0.00010608803444970394 0.0020856852270307895 0.1335869054692475
20230123194502 PUSI 78.38439825705063 4.459084 0.004090657211999584 4.2953804051378226e-05 1.3292549124621097e-06 914.2154464563594 0.2078048076698826 2.762255614284353e-07 0.0659763692033157 4.989154537662688e-06 -7.048579209021935 24.17591357612439 9.305024942823193e-05 0.0027063073001008958 0.24236461376146506
20230123194502 TASE 68.53979752022921 4.459084 0.002047634634947322 4.369018618176383e-05 2.9381984295639276e-06 181.72932627283976 0.4660873973476438 1.3694572589263855e-06 0.13406372953457163 6.067745926005865e-06 -7.326453253236948 14.173372241230249 0.00021754130084425958 0.0030718803043698673 0.14236413384446414
20230123225522 BOSM 81.76613505861295 4.695034 0.004383889745809013 8.794882595314246e-05 3.644624283848945e-06 337.0616620380449 0.3422356044847597 1.2473201949028781e-06 0.12605215985204973 2.3598578228147587e-05 -6.6982345909035255 27.508987726962673 0.0003256053269585973 0.005852190370554743 0.2755758812907375
20230123225522 ILSN 125.93397459016914 4.695034 0.0018060202511793843 5.222723382425734e-05 2.238302829715084e-06 471.1115378817251 0.2894796228102254 6.479430588809827e-07 0.18169972788783106 7.1258127292784955e-06 -7.1106582084757335 15.382717247588948 0.0001540649593662695 0.00330946722854553 0.1542826599683393
20230123225522 MTSM 143.56790977425823 4.695034 0.004540123371839895 6.314693885607221e-05 1.6287619158724388e-06 1063.8834195135496 0.19263395801530486 3.137548545190989e-07 0.0873905587841 8.432750978039635e-06 -6.834974353750016 26.42713077574769 0.00011070150347619889 0.003316393691941981 0.26482609859326334
20230123225522 PPLI 106.35694866957755 4.695034 0.004844155222064234 0.0001355164398071091 4.4568346645114535e-06 514.7791186846946 0.2769296184653356 1.2342295232062388e-06 0.17577366216487106 3.0552509210056365e-05 -6.310067045100693 26.472089425622414 0.00029188563882533077 0.00602952512932449 0.26504506021779856
20230123225522 SUSM 62.38532482930665 4.695034 0.0034826135802264696 5.71433139270516e-05 3.0878562732516516e-06 409.8392361112739 0.3103652586249975 9.583633108445697e-07 0.10309556951955985 1.5287527400106996e-05 -6.972210557933826 23.016194275484878 0.00025513586030834185 0.005131802586174074 0.23175583615504153
20230127180033 CLJR 164.96628368071202 4.14824 0.00017836752510906059 5.231226046563781e-06 2.999211319474082e-07 228.83717475769365 0.4153522617566433 1.2457292050296863e-07 0.18427548744765904 8.081941752188888e-08 -9.216520723612819 1.4728304416568059 2.47065611694172e-05 0.0003906011725490315 0.014739221902034737
20230127180033 PGJR 55.16672951966616 4.14824 0.002229664161733202 5.234547772748623e-05 2.338624424107417e-06 296.2221009949402 0.36506579160524144 8.53751776654126e-07 0.14750936136452686 5.036105231831689e-06 -7.080118813297535 8.962403964716692 0.00015338468557062084 0.0025521220453006113 0.09010652587303261
20230130070415 MTSM 66.24390298679275 3.756313 0.01830563476412148 0.00019877320664119045 2.2489510762187403e-06 5529.537329746431 0.08449586790516414 1.900270730613554e-07 0.0682264727512626 5.178001189460895e-05 -5.704220644173199 75.39429455846992 0.00011496105014360837 0.008326708434028073 0.7543482860169435
20230201093348 BOSM 83.42768542793051 4.78624 0.005524616460149121 9.429660314482641e-05 3.1512869754469125e-06 871.9224057709847 0.21278497047804357 6.705465060383145e-07 0.10724419254626869 2.3627872182555815e-05 -6.558125559030611 32.48011062096472 0.00018133713159015403 0.005052988626732349 0.3257331574379197
20230201093348 KTSR 140.31843796282263 4.78624 0.0019415860551462204 2.6308746519798116e-05 7.860836572560073e-07 936.6723405264181 0.20529861541941738 1.6138188643849016e-07 0.08513798764951404 1.7819670331431526e-06 -7.57894359571887 7.78329187629777 5.136692297636676e-05 0.0015481924800781165 0.07796592787549739
20230201093348 LHSM 121.52084350691402 4.78624 0.004011060076700695 7.858765263094787e-05 2.9119652601156048e-06 700.4046155794128 0.2374134771202886 6.913397976575313e-07 0.12310480892688727 2.1236730501531767e-05 -6.791581195132957 28.182524898615043 0.00023137366617566394 0.006092446902369083 0.28220147973077414
20230201093348 PPSM 69.34176181113315 4.78624 0.023539199245979855 0.0001224955286602079 2.8789340122411827e-06 1051.7408120108269 0.19374277013951502 5.577726505804751e-07 0.032697038579358684 3.1375028072267835e-05 -5.861361192631308 99.16358126573277 0.00021499870473256467 0.006351869003262435 0.9961755150895877
20230201093348 SUSM 103.80411472879332 4.78624 0.012075726625212228 0.00023503526197992796 6.261273080451794e-06 1090.4102174476786 0.19027639393797796 1.1913724632093024e-06 0.12229244256474997 0.00014364746796927054 -5.758570830832992 73.42152860338778 0.00043400611748882717 0.014453554797598692 0.7360149521073689
20230202112836 CILA 94.70510904554035 3.920359 0.0107798982124548 0.0002278757399689531 6.024311207221894e-06 1267.0365298143504 0.17651649702491998 1.0633903112867755e-06 0.13281994625713223 4.369733675776077e-05 -5.78119551692301 48.97614278017517 0.0002073627139836862 0.007109096695078572 0.490352339765719
20230202112836 PKJM 182.52282372290847 3.920359 0.008925253595236965 0.00016274141183180576 5.054666311024252e-06 652.8687647496342 0.24590475281075902 1.2429664697532897e-06 0.11456643072158175 7.730942259526571e-05 -6.07619110497457 51.63348335209356 0.0004774268224180628 0.01170657374153947 0.5189930815341839
20230202112836 SCJI 108.03878519629404 3.920359 0.0030622038272862867 4.1696173300641234e-05 1.3583552394091783e-06 162.84764447714434 0.49236721584775023 6.688095873601013e-07 0.08555432565061244 2.369465730383898e-06 -7.131728251695559 14.551563256470454 0.00018342673310965977 0.0021958083028375394 0.14567415165463102
20230202121912 BOSM 91.1489683440693 4.938228 0.009297696621103788 0.00015672859361546686 4.910077670398745e-06 1420.44667135657 0.16671220729145472 8.185698864046587e-07 0.10591384476714785 7.495381635808383e-05 -6.112199559255678 58.83275397061295 0.00025014966337167966 0.009696094572972692 0.5903543056127922
20230202121912 MNAI 179.4205414916831 4.938228 0.001660226563862075 2.7189221478652746e-05 1.436738046766366e-06 321.064939925511 0.35065773771834585 5.038033131729689e-07 0.10289855651443175 6.999581516806512e-07 -7.729050891624585 2.3474854102531593 6.03164499447435e-05 0.0010661702118861113 0.04730692758850735
20230202124555 BALB 99.19184467283229 4.468171 0.005660113277881803 0.00010986485559011368 5.6847613813486665e-06 445.6445324319857 0.29763608069818176 1.691990097248999e-06 0.12195891010109648 3.969287803257124e-05 -6.507124383831436 25.784632496969863 0.0003121948097727154 0.0065878806389928855 0.25808382554452075
20230202124555 JABI 125.32552358362793 4.468171 0.0056847719830596145 0.0002164292382224546 1.078291846409335e-05 277.18742677166153 0.37739236085852906 4.069391056109214e-06 0.23921188285048875 7.06023237876779e-05 -5.990453894068744 29.36009565993228 0.0005423577168061463 0.008281860065501983 0.2938354198979036
20230202124555 JARU 116.71967189238049 4.468171 0.010058855282764585 0.00019807197945343575 6.3200004297869785e-06 443.6693364341492 0.2982978761898924 1.885242705724663e-06 0.12372411333904375 5.565199073802377e-05 -5.821129610419522 47.35165199176147 0.0004376649678232883 0.00888545137622375 0.47417032268924286
20230202124555 MLJR 53.52990444640857 4.468171 0.009769036680177248 0.00020786879445999158 6.040382546742524e-06 898.304555211281 0.20963706335917737 1.2662880586651317e-06 0.13369569568946027 0.00010339214577723108 -5.949169953411022 72.1739014954781 0.0004419644383449595 0.013304540070664266 0.7232395176981653
20230202124555 PSJM 55.267608371233365 4.468171 0.001480256609170546 5.002444618736916e-05 3.3616980981121637e-06 142.2522805511068 0.5268054382300543 1.7709608397731185e-06 0.21233674170885636 8.443577446707897e-06 -7.224943518138675 12.484521487946466 0.0003022194765402345 0.0035279735431913025 0.1251015475850512
20230202124555 SBJI 126.1307888948894 4.468171 0.005014261524681767 9.426817327243806e-05 3.2810205193560533e-06 464.98760929852267 0.2913796237949766 9.560225245935655e-07 0.11812395470889069 1.2887732749185757e-05 -6.5194946426195255 22.720318091608647 0.0002022611286356405 0.004198687573868062 0.2275192233810881
20230202124555 SCJM 128.11071263869988 4.468171 0.0010532123886202401 2.8517831274205546e-05 1.6122030779433785e-06 234.36659326650602 0.41042330639909635 6.616857178363215e-07 0.17012980514732937 2.129367599227027e-06 -7.776893980738196 9.448945872398038 0.00011347141029961272 0.001650842363841241 0.09472745548115641
20230202124555 SSJM 99.70794133912548 4.468171 0.005215430764735289 4.94790758324947e-05 1.682464596198392e-06 870.5477564691563 0.21295290459148453 3.582857226327867e-07 0.05960892135423341 6.141000282599867e-06 -6.903264522288474 23.168269335704 0.00010285730094046884 0.0028389709373271704 0.23177350827780796
20230202124555 TASE 115.2552296244955 4.468171 0.004017559149408595 0.00012194943724562418 5.762166340728775e-06 323.7989802483902 0.3491741865080924 2.0119997445482818e-06 0.19072050561677925 3.1191201889417815e-05 -6.386783027849179 24.931726280292295 0.0003957556725000847 0.0068505950405642856 0.2498735825746809
20230202124555 WSJM 71.82317054488993 4.468171 0.02355483165401145 0.00040651329662724995 9.395756573128872e-06 913.2555723895671 0.20791398524692925 1.9535091935292548e-06 0.10843628220567167 0.00019670793589727465 -5.151553893054201 86.76934687522288 0.0005792468955992916 0.015391882850828445 0.8693190681297488
20230207003552 BALB 120.37211240080805 5.16353 0.015522206070371039 0.0006644854791612879 4.837805606540086e-05 161.71985207110956 0.49408105385904044 2.3902680924445002e-05 0.2689750013994365 0.001320820031718909 -5.105630430555339 84.75601794122274 0.003381236832603181 0.03962249112626595 0.847660859245847
20230207003552 CBJR 186.2401616926714 5.16353 0.01115684797634145 0.0007179876100024214 6.955622992917765e-05 108.96696308536976 0.6019112280519439 4.186667577533469e-05 0.40434800325956655 0.0014566439040755831 -5.115135972650873 68.57769537954393 0.003861493429903273 0.03784119211600051 0.6869977349293758
20230207003552 ILSN 233.04308038010237 5.16353 0.0027752577201260063 0.00011451069221753039 8.446000302603115e-06 234.64120080759258 0.41018307081921024 3.4644063402617247e-06 0.25925228263971223 6.36839160960057e-05 -6.6483593491054975 22.19319566692918 0.0005935216715014089 0.009528613523018654 0.22207219685281282
20230207003552 JAKO 169.39103209510685 5.16353 0.021598537752390998 0.0010323043090964324 7.713742745394262e-05 109.60089787136387 0.6001679675905425 4.6295413060195656e-05 0.3003054809455723 0.003443363682196007 -4.803805043614082 125.035308036244 0.006377897462116781 0.0643109278610411 1.2509510510358999
20230207003552 JARU 143.0101359413052 5.16353 0.027940516686275545 0.0010541554707680012 5.184989397799921e-05 226.231298284049 0.41773755879370184 2.1659648134081653e-05 0.23705553622299128 0.0025086283679312316 -4.630597225759771 155.8929520818109 0.003619023217287141 0.05402593419254953 1.5608875828744464
20230207003552 JPJI 194.02932231865822 5.16353 0.006418151499175627 0.00033237788607171136 2.0242065034104045e-05 230.89007947018035 0.4135016356095071 8.370126999716036e-06 0.3253883692937801 0.0002807643098273408 -5.802756313807961 39.973635318318294 0.0012079297110717197 0.01851897221951822 0.4002069983298734
20230207003552 KTSR 250.5546127436766 5.16353 0.0010101887668812243 3.7348057493070304e-05 2.087695809082783e-06 347.5935055738784 0.3370109729796886 7.035763959046068e-07 0.2322979365694621 4.4081281908601494e-06 -7.579287837415572 5.52706184446616 0.00012044168288135419 0.0022372931373978305 0.055686256708971246
20230207003552 MGJR 199.54626894940975 5.16353 0.0028459530348910475 7.554032416892624e-05 3.669849086318925e-06 380.75669614018216 0.3220001644394211 1.181692009262553e-06 0.1667750131849772 1.477302355103157e-05 -6.797578837185926 16.855969215105027 0.00024242303170180618 0.004846825199767307 0.1687817263306699
20230207003552 PPLI 199.23535676294156 5.16353 0.002714447270560445 0.00011884676910715731 7.587014230681107e-06 151.99550006112315 0.5096411688631248 3.866654800705481e-06 0.27509698993183196 4.8546009965859314e-05 -6.609857216952225 14.5176929383923 0.0007113798786021655 0.008805199378852095 0.14538888051847748
20230207003552 PTJI 156.59726501827473 5.16353 0.022819192522868778 0.0008876331467945549 5.904964867353541e-05 212.20142133848705 0.43132608564246694 2.5469653820918917e-05 0.2444067002158751 0.0019489433459961671 -4.737320293458422 111.39771255288674 0.003017505275081983 0.04497689795081374 1.1170653463177556
20230207003552 PUSI 172.56361016386276 5.16353 0.015263132374575099 0.0008946714191757391 7.48525108195789e-05 95.82916292214291 0.6418462690757111 4.8043804800496015e-05 0.36829833993200906 0.002718451871676832 -4.942942857611564 112.11718880315127 0.006765012732537619 0.060998412710216054 1.1230115623220138
20230207003552 SCJM 159.58210383204542 5.16353 0.0035156885478296084 0.00014519956320272398 1.109810641525911e-05 211.83589195179323 0.43169805850290566 4.791030992526e-06 0.2594984594660589 7.69512687088136e-05 -6.39048461091659 27.220426674355 0.0006883761896348275 0.010236934590589044 0.2733002167666825
20230207003552 SSJM 131.32801381629235 5.16353 0.006848717523950075 0.0001757692853342348 9.913603027556334e-06 170.3720835030618 0.4813718072298763 4.772129005534366e-06 0.16125515283751263 5.826410519717413e-05 -6.046882262808182 45.67420879629455 0.0007342603590562697 0.008891355309057096 0.4573239563015692
20230209044244 BPSM 78.69771717970683 3.636993 0.0035765142505852117 2.3971421752998476e-05 5.531642183518005e-07 1068.1840320305882 0.1922457854167733 1.0634348962149738e-07 0.042112759630693566 1.5937532642960856e-06 -7.241745309558083 24.806194485547547 5.338009435580143e-05 0.001701087684489138 0.24841023667222228
20230209044244 LPSM 40.508656266859695 3.636993 0.01096848747171518 0.0001458592674249429 4.263707407331829e-06 695.422518298603 0.23826238990255277 1.0158811167160988e-06 0.08355398211136117 2.7173221613139405e-05 -6.038666434373973 63.68892593057913 0.00023680545393755595 0.005923076442883715 0.6372025859647257
20230210052625 CLJR 175.24304276537111 3.81217 0.0007517500302657846 1.2946440782187603e-05 4.519200584073944e-07 1308.8569859071233 0.17367358560936771 7.848657695240707e-08 0.10820736046282817 5.495529750794086e-07 -8.200982620141227 5.143769018247286 2.4111541549560607e-05 0.0008935944088515356 0.0515419737453918
20230210052625 LLSM 67.01087054988855 3.81217 0.003639805456001132 4.491543525063463e-05 9.385638665009815e-07 2252.92703409608 0.1323751012100701 1.2424248682018213e-07 0.07753491395180649 4.774401404137288e-06 -7.07371034720094 23.12820530161981 6.121896169618239e-05 0.002655433132258027 0.23250313744207973
20230215154832 TMSM 23.546079503647906 3.167263 0.002440678337002339 2.9528840476383612e-05 9.253143893036138e-07 980.6227570635581 0.20064525078350937 1.856599376954134e-07 0.07601787331268699 1.9391777321880952e-06 -7.467041221748252 17.883287955338407 6.40899141885375e-05 0.0017929933124137955 0.17933314412059004
20230215181235 CPJR 118.46735391510597 3.681174 0.0004806235169346104 1.0873017609636797e-05 3.1120660354579553e-07 528.8277672978962 0.2732264522602952 8.502987620679391e-08 0.14214282506461184 2.273944479400899e-07 -8.476951298017845 3.0886651165876167 2.5498508358834614e-05 0.0005694120750233558 0.0309502013831434
20230215181235 WLJI 115.45685945318395 3.681174 0.0011600954027146937 1.2810139110052007e-05 9.641709565144231e-07 179.17327320850603 0.4694001829658975 4.525820233982746e-07 0.06938091268257543 5.157974359582029e-07 -8.1798797979994 7.03997006400591 7.685998378231744e-05 0.0010212035763066973 0.07054016490548183
20230215200856 IMSR 112.01761168825074 3.736043 0.001460573469913355 1.809239752543544e-05 4.0709373324864236e-07 1728.3002242851082 0.15113681826589614 6.152685157918527e-08 0.07783099491065788 6.541822043527364e-07 -7.91522498318917 9.155451301955006 2.5453261768485863e-05 0.0010173089881670486 0.09155744009415274
20230215200856 RASM 95.60931070988093 3.736043 0.003509261458340655 4.96848529652097e-05 1.3682917407964316e-06 1003.3576333894488 0.19835903591666035 2.714130305571091e-07 0.08895864324911168 4.51117624370105e-06 -6.831428221903682 26.724322209176258 9.394651902167026e-05 0.0027325591290490946 0.26740376373490343
20230215200856 STSI 76.7349716890605 3.736043 0.002354870771370325 5.753130179987028e-05 2.557219177962948e-06 448.9234539254192 0.29654712677654976 7.583359997628027e-07 0.15350304337996024 5.526765504671108e-06 -7.110218227811157 13.40910872707982 0.00013054799446574324 0.0027376556141571113 0.13462499714862636
20230215200856 TMSM 91.5756772755333 3.736043 0.002932677323293435 3.6808766795115946e-05 1.3709679466825015e-06 884.5494365345068 0.21126074806100473 2.896317139838049e-07 0.07886183074609314 4.617421923753702e-06 -7.296943341076181 19.876957449568565 8.638131449781992e-05 0.002571413712581897 0.1990097157592039
20230216175433 MNAI 119.8199457325474 3.250036 0.00022192799556086779 1.4683630651640558e-06 8.379564555838489e-08 128.71978158406878 0.5538054448378291 4.6406484763934404e-08 0.041572029762750595 1.878133052999991e-09 -9.693488806383213 0.4781565329586952 5.810918558525938e-06 6.56330443261949e-05 0.00959706168332335
20230219215925 CLJR 98.52378220780871 3.432481 0.0004704774497169341 1.0655153354137674e-05 3.483288891260494e-07 1151.761964119408 0.18513925092212705 6.448934960733343e-08 0.1422986437304126 1.6540133275261027e-07 -8.455211505252018 2.1220319132204657 1.3576376798595226e-05 0.0004198487170706429 0.02124078351105729
20230220201351 BLSM 206.2715156178156 4.676356 0.008719901701798448 0.00017625772689023467 6.0992722776619625e-06 885.7332303346972 0.21111952451144161 1.287675463125811e-06 0.12700372065492266 6.002268095794481e-05 -6.023086683642364 48.49158364707575 0.000271519738010415 0.00818968473829101 0.4867451475590477
20230220201351 ESSN 138.99452373742406 4.676356 0.00668708847183412 0.00015357034718050706 7.219164397917708e-06 485.22112457655015 0.2852397310853296 2.059192511522832e-06 0.14429462883394098 7.370360849497214e-05 -6.201058061452225 46.140195149054556 0.0004562730904321792 0.009859592736782481 0.46200547045779244
20230220201351 JMSI 192.82663585404475 4.676356 0.001212357437071224 2.7216349131402765e-05 1.7961740989495397e-06 284.8556528081911 0.37227806443923867 6.686762169528282e-07 0.14105193711733174 2.7265129046789895e-06 -7.685337866701217 9.50108933782293 0.00012989081088703698 0.002183571348724908 0.09511318072685934
20230220201351 KBSR 113.02736012079443 4.676356 0.007139006016834367 0.00021894208968408778 9.434910213423669e-06 439.3538341868111 0.2997592945089712 2.828202029331366e-06 0.1926954141490216 0.00010612249012857732 -5.945829967377073 47.6690470417732 0.000620631737833353 0.012970166493820393 0.4793176212915645
20230220201351 LHSM 161.80962202243197 4.676356 0.0022261025503775155 4.52428193177596e-05 3.0633364622226234e-06 247.31157178101617 0.39953759361104385 1.2239180785373954e-06 0.127698078215004 5.864983182366965e-06 -7.289099400125088 14.203349719420528 0.0001586935809801112 0.0026207322876241617 0.14265889012236996
20230220201351 MBSM 138.47944924661982 4.676356 0.006737619862152161 0.0001340911040536062 5.174527774103412e-06 296.2523601124439 0.3650471472798964 1.8889466024570428e-06 0.1250470154224442 2.7462819680511145e-05 -6.262690830067836 35.326918734198316 0.0003888756784388866 0.006476906550085557 0.35376629700129
20230225020831 BOSM 94.9219949845355 4.637264 0.010873626073461172 0.0001582171640887608 5.103871513802145e-06 1857.6919910765034 0.14577834450917312 7.440339398696041e-07 0.09142375818609423 0.00013159113027055 -6.005685449393199 102.94385273736796 0.0003368284820267683 0.015250086233852695 1.0314443805502314
20230225020831 LLSM 103.38908159276177 4.637264 0.009321554453246898 0.0001981596608513408 7.148302373939546e-06 477.7778783346001 0.28745300269412 2.0548009815544287e-06 0.13356933929653209 7.28369627185339e-05 -5.874172512425221 53.70621460894192 0.0004286503958200596 0.009193606587702238 0.5379442921395603
20230225020831 MTSM 141.91266445145868 4.637264 0.0365577196208223 0.0005434272989992464 8.749670620991338e-06 3950.197218404144 0.09997018111911735 8.74706156713124e-07 0.09339899906250092 0.0007368359963330598 -4.948427391655675 198.69018050591592 0.0004948213781419853 0.02912400641280373 1.9890348129863302
20230225020831 PPSM 45.26035282065514 4.637264 0.10438413213753718 0.0010955256078365794 3.5096169145603425e-05 610.0220243352611 0.2543941445257748 8.928259925927676e-06 0.06594288099007407 0.0017232958245767113 -4.192008837612239 401.391111663466 0.0018198533556704657 0.04157047816204807 4.020779973616286
20230225030802 MNAI 131.95584904281603 3.821604 0.0009463600359957362 1.2252569932104363e-05 3.348281525264616e-07 995.3253249047973 0.1991578096317206 6.668364146020574e-08 0.08134870920620255 9.329527792988411e-08 -8.053712945447794 1.787371039110023 1.3994311931793856e-05 0.0003545040494780284 0.03594766669325459
20230228131148 BSJR 88.40240922865591 3.986301 0.006495460156836079 9.939398895207345e-05 3.0086652404767912e-06 625.2573049824551 0.2512756940191501 7.560044463720989e-07 0.09614574424698427 2.779168938839465e-05 -6.395749246453754 39.99955809002928 0.0002781862044317419 0.00674024934943316 0.401723877160013
20230228131148 CCJM 54.52128246599563 3.986301 0.021960589313637084 0.0001796237386355731 3.0615747835394297e-06 1921.3909488874208 0.14334151757535604 4.3885077564298403e-07 0.05139248402204104 7.666068915305485e-05 -5.684308988633658 90.89969648784935 0.00026496965129746007 0.01106710457798215 0.9105652488958915
20230228131148 CGJR 107.84190367884088 3.986301 0.0015872343283903328 2.5467716797161765e-05 7.050503498979536e-07 602.1073193074304 0.25606069213773613 1.8053568058682305e-07 0.10081585379369758 1.2313512129132369e-06 -7.570005481297147 9.123492043946603 5.797076040283651e-05 0.0013727464271517387 0.0912647360552915
20230228131148 CPJR 91.55522665639093 3.986301 0.0032949561772513997 5.74456452877444e-05 1.2682618191743616e-06 1548.075339889162 0.15969224341537377 2.025315751420169e-07 0.1095436828341971 6.804140383352643e-06 -6.915246953376625 17.139589160147985 8.615672924693879e-05 0.003266770325717506 0.17156209001035713
20230228131148 CSJI 36.00036165148254 3.986301 0.017747302035997104 0.00022350485530419386 6.013309653110827e-06 1470.437822049886 0.163853806847982 9.853036784179272e-07 0.07912878363608188 0.0001303936566946069 -5.609747672437901 104.56645837611353 0.00036066595407866246 0.013393520444934845 1.0464668627912057
20230228131148 GCJR 58.20356957591757 3.986301 0.0026031063375880075 5.945870176047039e-05 1.821243575696535e-06 571.5497309258941 0.26281663837760266 4.786531142313682e-07 0.14351701115349846 4.696227150738475e-06 -7.006201260679466 17.155065226032153 0.00010797280686245997 0.002268523951981821 0.17162341841921647
20230228131148 JABI 81.6338368809662 3.986301 0.00668717309242695 0.00010026483798688827 1.6546445419219406e-06 2067.919187881172 0.13816978661096468 2.2862188327435195e-07 0.09420760434321596 1.9474893633365007e-05 -6.3332455688691125 38.417028934031116 0.00013255568151341948 0.005562685490207985 0.3846054611420081
20230228131148 JAUI 76.27983822793387 3.986301 0.011349053321221474 0.00020321964623418328 5.124456783361091e-06 1636.645974705175 0.15531109977923538 7.95885018794974e-07 0.11250865241431672 6.949359143746547e-05 -5.840587420263186 52.05615172931966 0.0002490110951335741 0.009686296579437032 0.5214099306448422
20230228131148 JBJI 63.66590613482209 3.986301 0.004995921156113272 7.112207903015022e-05 1.6245931963876728e-06 778.580438425854 0.22517912351196218 3.658244720260732e-07 0.08944760896226069 8.769595257661107e-06 -6.674679065617848 23.325070869324172 0.00013559903292180095 0.0035236211087935794 0.2336859562744697
20230228131148 JTJM 17.294626323064726 3.986301 0.019307803673897582 0.00039705930269460794 1.2921373627316954e-05 666.1590867550218 0.2434394119212743 3.1455715970491023e-06 0.12921185749068262 0.00031232206332048424 -5.2709618323010154 104.81196802195734 0.0008475652880760045 0.022611378751276844 1.0490990208676938
20230228131148 LCJR 59.80344760595268 3.986301 0.0019425714711138284 2.444679506310928e-05 6.735162393177332e-07 666.9702368641636 0.24329133486381105 1.6386066491606532e-07 0.07907237691495882 1.3624270153400392e-06 -7.562036323932083 9.537401292075055 5.363146283965758e-05 0.0012859695146529187 0.09598949688507036
20230228131148 SADLY 80.80884465470803 3.986301 0.0024300410126393535 3.943203896352632e-05 9.06778104615389e-07 1005.319918990105 0.19816535269388533 1.7969200291620142e-07 0.10195663635267699 2.904899034157943e-06 -7.161040716124084 12.600060592650904 5.873754744619575e-05 0.0018208683235784696 0.12625416002005702
20230228131148 SSJM 38.38674827637806 3.986301 0.014104706717975254 0.00017771977618220904 4.8090012892655854e-06 1704.6106079650247 0.1521833973101025 7.318501538690997e-07 0.07916834492419678 0.0001295136574028034 -5.854427416197904 106.43715591652628 0.0003639372200124524 0.014981898156286814 1.0653498646184467
20230301230523 BBSN 167.42773512743057 5.242868 0.02432928229321425 0.0005945576673004533 2.9291394544535133e-05 466.1885148715345 0.2910040835977477 8.523915426732513e-06 0.15354813818306168 0.0010212924566844871 -5.041114542496972 142.5023109023661 0.0018494055997395203 0.03909841410573262 1.4317193033550049
20230301230523 BMSI 181.2104934899915 5.242868 0.009085320354876632 0.0003009474034649161 2.7723141139335162e-05 112.16083471606662 0.5932793768958995 1.644756790074184e-05 0.2081278622904744 0.00022132934564422484 -5.830882219724687 40.2711330041059 0.0015664768560797132 0.01741481052046078 0.4029493826372425
20230301230523 BPSR 192.32622254618096 5.242868 0.007462215667738918 0.0004292301059868634 3.8448826327046897e-05 108.5172191723816 0.6031572331152483 2.319068770395032e-05 0.36141173284435213 0.000503412975748009 -5.63903483388882 38.373127113960784 0.002316217316828348 0.02332891890890047 0.38385166722082753
20230301230523 GTSI 144.18426091478497 5.242868 0.006016757932637982 0.00022783974776774066 1.3406615979462668e-05 261.5843164360195 0.3884847877729227 5.208266363534629e-06 0.23792869375719083 0.00016730251544154763 -6.007549486561604 44.542375517095564 0.0009887426588526013 0.015924263471175214 0.4465866938702679
20230301230523 IMSR 171.3299537553597 5.242868 0.005282073265436658 0.00016891534112836227 1.2563269363343996e-05 128.51917727160694 0.5542374910296483 6.9630348910694225e-06 0.2009298879816306 6.121324950585676e-05 -6.117801086336464 23.66952481640568 0.0006557113336136689 0.007846388784913408 0.23829876690305415
20230301230523 KBSR 226.33276966636785 5.242868 0.0066149005179420494 0.00023377060287510718 9.864336177703482e-06 277.08250029559196 0.3774638101604 3.7234299183390327e-06 0.22204778639548625 0.00011971707535641667 -5.9295195842345105 40.21632851974676 0.0007638802031826442 0.01293635567970965 0.4025662802336595
20230301230523 KRJI 94.06046542964752 5.242868 0.02189875657389285 0.001264408206038466 8.358126560103777e-05 106.2875525805965 0.609450818847174 5.093867076083561e-05 0.36278366014303465 0.00401265433161033 -4.604508750868171 121.16152009819962 0.007848741638134808 0.08348993269429462 1.2209162148325006
20230301230523 MBBI 151.86564130199977 5.242868 0.010757309484509817 0.00030812614968313116 1.2546571287524584e-05 572.2446096670387 0.2626570202997808 3.295445029359991e-06 0.17997192506496773 0.0002578034037522563 -5.6443157845284055 76.42674960670645 0.0008532918578781235 0.02019364708631404 0.7690971393774881
20230301230523 MBSM 207.16221239701943 5.242868 0.0019369991564464175 9.470267969230148e-05 7.731232727435045e-06 168.93081045653207 0.48342091444721774 3.7374395949009066e-06 0.30719398282281263 3.3062805428424655e-05 -6.776495048316233 15.465481846249434 0.00047259610691603065 0.006338202265032385 0.1555233556866697
20230301230523 PLSI 211.07830517181142 5.242868 0.004396708286490352 0.0001922918170926861 1.3868332716286923e-05 134.89040585776306 0.5409901248945627 7.502631048263412e-06 0.27479765340813017 0.00012592469821935546 -6.265030741356489 25.740558419510194 0.0011109214242303008 0.013659643974231089 0.25763727372769707
20230301230523 PRSN 95.83019866517601 5.242868 0.022096190146295137 0.0005986701442039456 3.866684067514673e-05 286.65134412259187 0.37111018799158335 1.4349658511994304e-05 0.17023547629725727 0.0015660013156526275 -5.060280443484087 176.80062162188744 0.002770263417836 0.05041360038383553 1.7728700456857187
20230301230523 RMSM 249.18180106316697 5.242868 0.0026802406665785367 0.0001644965694370154 1.5528639059944365e-05 93.29209322381242 0.6505152011725709 1.010161576201595e-05 0.38562299313497717 0.00011900981564743277 -6.457976600364779 21.406572760821103 0.0013130772086765428 0.012945526534016505 0.21431284660680477
20230301230523 SKSM 75.46784608909472 5.242868 0.07761177685688861 0.0021564778429076464 0.0001372013566532759 301.16077975053247 0.3620600957199447 4.967513632279135e-05 0.1745811067152888 0.010309624030199126 -3.9014449429398335 349.9818982681888 0.0056004494932309756 0.09825266885250376 3.5015992017992157
20230301230523 SLSM 91.95548884201833 5.242868 0.013270564204971021 0.0003883581562460624 1.8099088501214946e-05 299.84586601512086 0.3628530981459427 6.567310336283449e-06 0.18387509555430706 0.0004604125601953278 -5.422117652952113 75.27686383503331 0.0014637230137958487 0.024132910806582433 0.7535810846247558
20230301230523 SMSM 193.51811501641595 5.242868 0.003923281682680287 0.00018936417536949407 1.3907395316754955e-05 139.97897919970046 0.5310659504552143 7.385744112248867e-06 0.30326912534481476 0.00012491787831973478 -6.243639260160286 28.638714654956583 0.001083552393875928 0.012513352268215488 0.2869714768761962
20230301230523 SSSN 112.48131827014726 5.242868 0.036375714908838765 0.0005766310345333374 2.1973509703541338e-05 311.65571997710117 0.35591174290336175 7.82063013629133e-06 0.09960160653676323 0.000857811650278177 -5.055231497771229 146.05348103893758 0.0019521003362112904 0.033125151072206885 1.4605815930231554
20230301230523 TASI 164.74518210582139 5.242868 0.002370842111720773 0.00016933788414431598 1.836795495509171e-05 122.89584416608004 0.5667757624240429 1.0410511673842582e-05 0.448777799392217 8.666323099728515e-05 -6.549987079345495 16.9753877393198 0.0007144653171177651 0.00958784547907573 0.1708030283545181
20230302183659 JPSR 146.01721245133825 4.190794 0.00041543440997334825 6.624973463175303e-06 1.904188105796947e-07 545.8905455270587 0.2689224641252566 5.120789575689198e-08 0.10019857509383537 1.0099397814374208e-07 -8.816715784152484 2.0846358507868668 1.9141654851087326e-05 0.00041455294678088676 0.02089410095968849
20230303003648 BEKI 88.17627643709073 4.996275 0.01843496600019673 0.00023441783807349594 7.881965237372204e-06 1046.749722963535 0.19420412085438063 1.5307101295286585e-06 0.07989657892010624 0.00018337903942660747 -5.59368009542735 120.8157522741088 0.0005183344512710021 0.016374413080935134 1.2119207108180985
20230303003648 BLSM 167.783760766763 4.996275 0.01476582707827788 0.0003720137025130303 1.4004335357982537e-05 957.0721756217964 0.20309887750784947 2.8442647914497405e-06 0.1583000408516203 0.0002378642464130142 -5.503573870499491 62.25817370234847 0.00046472007789966654 0.014637648220751679 0.6250516018110269
20230303003648 BMSI 200.34746127148856 4.996275 0.0029583244432607237 9.602077424773986e-05 5.541462200013971e-06 205.81762656900827 0.4379641733444185 2.4269619115484617e-06 0.20393852314333039 1.9046601584938884e-05 -6.625059245846543 14.419952546869485 0.00030944133178018545 0.004417070247532378 0.14497930551979601
20230303003648 JMSI 129.3134854504347 4.996275 0.007036280885253694 0.00011999486795049998 3.742946048342539e-06 885.4649078234901 0.21115150987280942 7.903287094799926e-07 0.10715177570918595 2.6596946393607285e-05 -6.302944600598535 26.867741442905086 0.00019226723763581644 0.005461455032437228 0.26992817891077414
20230303003648 LLSI 135.1851610919967 4.996275 0.011905843793017987 0.00028682056083515427 9.761966090416237e-06 569.9591204635225 0.26318310995949873 2.5691845949949144e-06 0.15136656964148087 0.00014467776316220743 -5.679621672147098 51.57833537911057 0.0005215478440281262 0.011811535345729589 0.517760975425333
20230303003648 MKSM 191.68435229265384 4.996275 0.005402048851968648 0.00014976342553180082 5.348566030118179e-06 699.4850524198214 0.23756948115652315 1.2706560567065805e-06 0.17419156705911187 5.429673338491394e-05 -6.248291901180913 33.29061098005067 0.00030480686565734623 0.008504636430636786 0.33443683938346414
20230303003648 PKSI 163.1344933962317 4.996275 0.0030241663912558454 6.201340032760932e-05 1.7129993504145232e-06 1068.2451128343275 0.19224028916183708 3.2930749045772705e-07 0.12884267443527608 1.0954143450529034e-05 -6.853463367066045 19.549601471046472 0.00012517654827271744 0.0037725358808604866 0.19571672066952617
20230303003648 RASM 199.0861699524943 4.996275 0.0042067806532208344 6.255480913046667e-05 1.6316881622329506e-06 1027.005151970066 0.19606205811888175 3.1991213929560813e-07 0.09343093686642447 6.46524927940678e-06 -6.847573828136118 22.086292354180152 9.444139757845303e-05 0.0028361654091142783 0.22133179061626274
20230303003648 STSI 177.9965950347651 4.996275 0.002410257994215268 5.816242646060762e-05 1.930062740065652e-06 722.3063419999132 0.23378635201985504 4.5122232716939453e-07 0.15162082409612948 8.554836522670806e-06 -7.046919933424217 15.625576519197363 0.0001382679902123946 0.0035178082116884457 0.1566476105647872
20230303044917 CCJM 98.34909544434586 3.943265 0.00669480677295862 0.0001079026338342008 3.5926006533133635e-06 848.2426594560918 0.21573460473497474 7.750482819131706e-07 0.10126838107583121 2.8014195543249744e-05 -6.474416705826799 32.09857641508721 0.00020579359280393966 0.00581525687912466 0.32134977877285936
20230303044917 CLJR 116.02090161288065 3.943265 0.00191054013103283 3.589844685685402e-05 9.187452306159314e-07 1472.3052918701017 0.16374985791413924 1.5044440097265184e-07 0.11805907145201781 3.92116568545742e-06 -7.476399649315161 9.776889386560576 5.633174188427605e-05 0.002117850824317564 0.09791455053605165
20230303044917 CSJR 85.27580820087137 3.943265 0.0028819919955503925 6.810463398607697e-05 1.8464681360302573e-06 1003.3581971008247 0.19835898019515377 3.662635364258083e-07 0.1484785649206638 9.533795364189498e-06 -6.887910827450404 18.487859874947578 0.00012508368748486478 0.0038949438082657183 0.18512803894930407
20230303044917 DSJR 102.34109251348758 3.943265 0.004607965798832962 0.00012061741047473561 3.7685429065054203e-06 1177.029180833314 0.18314128344221622 6.901757846044625e-07 0.1644677010139372 2.9741171502707366e-05 -6.445893204244273 24.906597237538847 0.00018731220631613472 0.006443011922507626 0.24917720885825861
20230303044917 GCJR 83.48699410578364 3.943265 0.001703349432792912 2.365712992498972e-05 5.971571763261672e-07 1603.477046701982 0.15690923122985465 9.369947346072965e-08 0.0872646142318617 1.6216336307417024e-06 -7.625553142768637 11.130754007331642 3.826450405029774e-05 0.0015090853242313938 0.11154256034958104
20230303044917 JTJM 75.56892333067509 3.943265 0.003559548061430956 6.215505015503676e-05 1.3677644542548937e-06 1573.9203402272024 0.15837568066319652 2.166206264295443e-07 0.10971384320742716 7.814187576992689e-06 -6.952279485520774 19.233602081577438 9.42599675313743e-05 0.003193238692601298 0.19254188001840816
20230303044917 LCJR 113.09529374675111 3.943265 0.0019818889050107584 2.8933361482684656e-05 8.825921536409445e-07 2083.750882603327 0.1376439001737516 1.214834262898906e-07 0.09172747841500892 2.6365331388515457e-06 -7.452757137340724 12.239308521760256 4.199918601822159e-05 0.001821315986109543 0.12295159671790933
20230305173937 JMSI 9.784544127680652 3.095338 0.03654364415482507 0.0007099233909749468 1.2966272605189338e-05 2620.7636231317465 0.12273429783834133 1.5914063637784343e-06 0.12206172434524262 0.00033539067444233984 -4.746560985692589 83.60169827836461 0.00023220254342416999 0.012177908183055535 0.8442950615585316
20230305173937 TMSM 54.67728525530811 3.095338 0.009496595195042224 0.00012072170136948643 2.2668681415421466e-06 2524.3179923569423 0.12505695128172226 2.834876187389245e-07 0.07987250216777365 3.329240057248578e-05 -6.156864016586576 41.16149577763373 0.00013820623365731717 0.006187785129146045 0.4123918177207053
20230307073158 ILSN 209.58934305584253 5.014866 0.0036334101398335945 6.779207879449312e-05 4.231368926883098e-06 318.3529569481891 0.3521481606591584 1.4900687846721998e-06 0.1172315199858577 1.8490298106121122e-05 -6.825719362242208 18.64443184022127 0.0002827273292371463 0.00520514995038645 0.1884849337149291
20230307073158 KPSR 150.49716128476882 5.014866 0.003961118881362807 0.00011221964283639134 7.0396874464844945e-06 215.15631263440645 0.428353995343732 3.0154782436727476e-06 0.1780044558531324 3.945692887802342e-05 -6.503339046423976 20.901685960966986 0.0005159397341178265 0.00784667208785258 0.2100482545903424
20230307073158 PPSM 139.4018946530396 5.014866 0.011205970856543707 0.0003245894346896284 1.4725005089235728e-05 220.59683811945584 0.42303882452445274 6.229248844066867e-06 0.18199722210741467 0.0001587455342008349 -5.628747792740203 46.676819492863835 0.0009065975300651458 0.01268738682878408 0.4695255611174893
20230307083259 ESJR 134.87654918654943 3.589393 0.002078383159339057 4.104828436512665e-05 1.228483465417366e-06 1308.1537037605756 0.17372026403862548 2.1341247197939044e-07 0.12409356573593101 2.4382217494946306e-06 -7.37020120300325 11.763736433795186 4.7952300583679127e-05 0.0017365656562754535 0.11779950903028254
20230309141438 CCJM 122.51949072163538 3.315041 0.0018743236707386601 2.9443217653129585e-05 7.27633264006811e-07 1608.5326765938505 0.1566624537443817 1.1399281256534051e-07 0.09870077161290296 1.914100499363951e-06 -7.466654191984842 18.061303044145703 4.573700049709783e-05 0.0018391495596430454 0.18084585375976253
20230309141438 JSJR 59.94483777800276 3.315041 0.0023756925100084985 2.775956774868567e-05 4.381689736424126e-07 3353.939147677029 0.10849314007718973 4.7538327834864724e-08 0.0734179644366409 1.6177454711041722e-06 -7.458593269416981 10.702731287155004 2.8684940717028765e-05 0.0014142387321020755 0.10730607023885763
20230309141636 CCJM 116.24664053593858 3.353416 0.0015447607570440406 2.3077641381357133e-05 7.537809954405527e-07 582.4308003126615 0.2603500717171675 1.9624693622198582e-07 0.09386637807214106 1.2436922961681327e-06 -7.5670271455370965 10.75394625577004 6.657501791824242e-05 0.0013842536671657898 0.10776572791390451
20230310040416 PKSI 106.28907053913663 3.258985 0.0015864482042748853 2.620466714573646e-05 6.263674514445733e-07 1847.8248157067544 0.14616704622413923 9.155428022859524e-08 0.1037845289533916 1.2292053365719587e-06 -7.545384515144908 9.729508230012861 3.0151802005342146e-05 0.001175363393850232 0.09751001867210687
20230312155540 MKSR 75.53344629397651 3.203114 0.00024105453929466048 4.725057145442481e-06 2.4274753250326004e-07 309.5514942753358 0.35711937755346634 8.668984771020407e-08 0.12316054996806165 4.07985904685919e-08 -9.227506245829135 1.5926496629856837 1.4993493319692754e-05 0.00025570345047918594 0.015952542524850094
20230312155540 MNAI 123.87145593326431 3.203114 0.0002341359873595697 2.247848049848064e-06 1.1044308144607397e-07 338.06117637717136 0.3417293017299658 3.77416371034726e-08 0.060322404935929524 3.6677793561529674e-09 -9.385512590050379 0.4853670165280497 5.041167907679273e-06 8.481357242472196e-05 0.009758642822869344
20230312155540 SUSM 41.418925935536606 3.203114 0.009168552084063116 8.121477534023718e-05 1.543853713228285e-06 1777.8806536741404 0.14901451248638076 2.3005660842700158e-07 0.055656277944982915 1.236584452613586e-05 -6.244223358320532 42.79725432611755 0.00010945123272936005 0.004095077384557153 0.42860488500989397
20230318064630 CGJR 36.11674195477072 3.543977 0.011015276384444918 6.747550071818415e-05 6.824218810469049e-07 8658.974417281468 0.0675222087243643 4.607863269012242e-08 0.038488464556892234 9.656437546937972e-06 -6.51274409645753 44.90054525175327 3.944466152663639e-05 0.0033902368787285734 0.4499403463879583
20230318064630 ESJR 104.14763186835162 3.543977 0.0026346144168487573 2.8796407313013707e-05 3.949293104997715e-07 4567.7100043315395 0.09296738314945505 3.6715544526182356e-08 0.06867538648979965 2.6282749156038414e-06 -7.340154041639368 15.170055254611707 3.198078100664761e-05 0.0019219847559432224 0.15174450079016674
20230318064630 LCJR 102.35987969916161 3.543977 0.0030081394074915457 2.5872096908354855e-05 4.144504881985066e-07 3621.339439077119 0.1044107585936859 4.327308987232954e-08 0.05403977580150048 1.720493666540888e-06 -7.412496674736922 14.377782744002609 2.954124104200322e-05 0.0015605486706609627 0.14410721244213853
20230319183356 MNAI 243.25304177877842 3.882787 0.0001729496260034524 2.5421460635337965e-06 9.750707429365655e-08 456.5596122123712 0.29405672972167574 2.867261139152112e-08 0.09235506987902434 3.9168000885572495e-09 -9.609005935572137 0.3698433756230787 3.89071450648088e-06 7.381335169701119e-05 0.007407627753936663
20230321163112 MNAI 181.0317340919636 3.893754 0.00017475994079016932 2.602805509268124e-06 9.878331089155758e-08 347.00293503449143 0.3372976335830109 3.331937700121724e-08 0.09357927943518451 3.7003409426674272e-09 -9.34211639378545 0.403870724279747 5.129638684854024e-06 8.028069576231032e-05 0.008195634063338661
20230321163112 SUSM 124.21370224958451 3.893754 0.003408776200718823 4.2355086983463086e-05 1.2474583834803827e-06 1260.344167456859 0.17698452328450998 2.2078082731754096e-07 0.0780704993665145 4.1429149241531614e-06 -7.072962074037283 16.686279645932284 7.806839649815943e-05 0.0025745859883672026 0.16801406123123402
20230322012415 CSJI 57.345581463093254 4.379194 0.0033563490732409058 3.686956533728956e-05 8.014940828405206e-07 2308.72862605072 0.13076557398621427 1.0480783378919505e-07 0.06902092307867883 3.3173267674496515e-06 -7.146202998669949 22.60012010312248 4.749121009845434e-05 0.0022129015566436415 0.2271924698562072
20230322012415 DSJR 92.3579342911644 4.379194 0.004757815918749836 0.00014344801619667756 4.682128673333035e-06 739.0642673172374 0.23112065823687536 1.082136660930479e-06 0.18943786037603827 4.815874511510995e-05 -6.291900171647576 26.570649026181947 0.00029700533227145425 0.007950776981043673 0.26682984280503147
20230322012415 SCJM 98.97484541870261 4.379194 0.003289376405279322 9.289369374880285e-05 3.1997148285225533e-06 414.4890218914552 0.30861949208221673 9.874943651865675e-07 0.1774404080832322 1.4168241082807845e-05 -6.613744292202731 17.85415421327669 0.00021159052277607498 0.004184347258242946 0.1787113834506726
20230322012415 SSJM 88.00069518528926 4.379194 0.00405234236771483 7.875688982406228e-05 2.953511961694924e-06 667.7376838550286 0.24315148437558273 7.1815081760716e-07 0.12211311090695398 2.1631631733132216e-05 -6.757477791498557 30.494179763689722 0.00023167860102112583 0.006090082680757949 0.3058760470626895
20230322012415 TASE 149.6188593453131 4.379194 0.0025397684994806877 7.920216449132684e-05 2.944797424212464e-06 397.8464259129355 0.31500840224132687 9.276359315255431e-07 0.19593985685328388 1.2737334378408243e-05 -6.79121296034763 15.079226351763548 0.00023023323674371972 0.004354752714348255 0.15097917676352746
20230322012415 TPJR 179.36131441261236 4.379194 0.001378680954132451 4.482825997353329e-05 1.7877901572279118e-06 559.524859369303 0.2656257508245055 4.7488310283032486e-07 0.2042998153908431 5.88492893795289e-06 -7.327164340356269 10.042146995721197 0.00014839937498978544 0.003624775677094398 0.1007327920484695
20230322012415 WLJI 146.0762472507343 4.379194 0.0028751694330423857 5.877464588818305e-05 1.850251760362535e-06 770.49923376517 0.22635691314283016 4.188172770127509e-07 0.12844181884910527 6.415895836217457e-06 -6.965753853738783 26.458194255303965 0.0001286714646147113 0.0033250358571501096 0.26520027294135184
20230322012415 WSJM 80.57820619826201 4.379194 0.005263667227014486 0.00011275534255825796 6.4749207859643885e-06 431.1798022030524 0.30258727752289316 1.959228652801356e-06 0.13459489004776665 3.23652890558856e-05 -6.533718647712606 28.593216885513954 0.0002932667799240804 0.006631490191328807 0.28634960069188964
20230323180128 CPJR 68.72245622231429 3.589881 0.0030867881533938506 3.0130829515916908e-05 9.8161737877754e-07 1000.1551847717034 0.19867635014192905 1.9502415805140913e-07 0.0613315769983735 2.458253354559078e-06 -7.265213946489024 13.311659633763814 6.15392375679171e-05 0.0019434688349484264 0.13314001213806723
20230323180128 SADLY 96.30921668772261 3.589881 0.0014755227102059285 2.338313103272329e-05 6.965991305805208e-07 1018.3718620805989 0.1968913663376556 1.371543546096217e-07 0.09957186312649657 1.2996988956212588e-06 -7.7124266063966616 8.876765487338133 4.097466041770419e-05 0.0013076747923020371 0.08903632654147965
20230323180128 WLJI 66.90998647807747 3.589881 0.004254424378402828 3.62342555698297e-05 1.0529827702275828e-06 1092.1425643611758 0.1901254266786482 2.0019879847478416e-07 0.05351288963288927 2.6467047217315977e-06 -7.205253787807061 19.87310404718157 6.791853157664435e-05 0.0019603138798670217 0.1991245379064949
20230323180128 CPJR 68.72245622231429 3.589881 0.0030867881533938506 3.0130829515916908e-05 9.8161737877754e-07 1000.1551847717034 0.19867635014192905 1.9502415805140913e-07 0.0613315769983735 2.458253354559078e-06 -7.265213946489024 13.311659633763814 6.15392375679171e-05 0.0019434688349484264 0.13314001213806723
20230323180128 SADLY 96.30921668772261 3.589881 0.0014755227102059285 2.338313103272329e-05 6.965991305805208e-07 1018.3718620805989 0.1968913663376556 1.371543546096217e-07 0.09957186312649657 1.2996988956212588e-06 -7.7124266063966616 8.876765487338133 4.097466041770419e-05 0.0013076747923020371 0.08903632654147965
20230323180128 WLJI 66.90998647807747 3.589881 0.004254424378402828 3.62342555698297e-05 1.0529827702275828e-06 1092.1425643611758 0.1901254266786482 2.0019879847478416e-07 0.05351288963288927 2.6467047217315977e-06 -7.205253787807061 19.87310404718157 6.791853157664435e-05 0.0019603138798670217 0.1991245379064949
20230325225548 MNAI 134.7020064165783 3.140212 0.0002286105872856093 2.7074022630536e-06 6.0496266731486e-08 825.69218289576 0.21866072405407708 1.3228157486075304e-08 0.07441085875253323 2.6194684469598968e-09 -9.42692387108731 0.7015919527487149 2.4100177549913365e-06 5.7728489671172934e-05 0.014120342808525064
20230327090603 MTSM 143.9908113648861 3.021135 0.001640059615265162 1.680314718773372e-05 2.6341952735392085e-07 1735.8399787826331 0.15080822385976603 3.9725831050223856e-08 0.06437405478536519 6.721759618826604e-07 -7.846795217603575 12.203452665009292 3.075251379359267e-05 0.00106895312995159 0.12236345971154892
20230328205956 CLJR 117.72353597934313 3.091161 0.00040702472970335554 6.158784503958153e-06 2.057697164026395e-07 806.9702667157147 0.22118267276807507 4.551269584866462e-08 0.09507231743279544 1.5726792562261267e-07 -8.8800085592754 2.7844293553639763 1.9010839354399826e-05 0.0005198383423998365 0.027928350887570688
20230328205956 LCJR 112.65210418639239 3.091161 0.00036861698143997096 3.829795381861581e-06 6.808856660481887e-08 1732.2449753382962 0.1509646321892459 1.0278965413789453e-08 0.06527999328412822 2.94283595181209e-08 -9.064475154435403 1.7624326143078237 5.899702442571547e-06 0.0002063853200052232 0.017644352606479466
20230328205956 RSJR 42.378172084192094 3.091161 0.0016798087229651665 1.0392547407748318e-05 1.9813912835057784e-07 3147.9308932706967 0.11198691308745924 2.2188989345821094e-08 0.03887246225348098 2.1568279384398583e-07 -8.079366473631383 5.210245140141009 1.026068887262012e-05 0.0004870591737263895 0.05218133531207564
20230328205956 TPJR 160.10882413591432 3.091161 0.0005020859740337804 1.293851773993789e-05 6.906223027033693e-07 467.8997911444511 0.29047144332111013 2.006060570559963e-07 0.1619147093616892 1.014930220351503e-06 -8.389744325900189 4.515287755390743 7.092964746112994e-05 0.0015019251438150487 0.04525384933624563
20230329053445 GCJR 41.01777351486376 4.047118 0.008374597957676306 0.00011517188685812075 3.583477005279774e-06 856.6793492475471 0.21466968514055196 7.692638804318171e-07 0.08640967733188754 3.150061951008072e-05 -6.383712648362962 46.37597363900526 0.0002280996201854572 0.006402991922040309 0.464176645520764
20230329053445 PBJI 54.25908780503906 4.047118 0.0016079710732335997 2.5858687148604214e-05 7.617026734777676e-07 719.6517533027396 0.2342171404866364 1.784038220829888e-07 0.10104343657646127 1.3733219991256069e-06 -7.591816972609507 10.06826597588407 5.1445320855795315e-05 0.0013437319509205508 0.10073833748234584
20230329053445 WSJM 38.011542630372944 4.047118 0.0052322189599894086 0.0001114343481737674 2.917364790435189e-06 1026.2570008653174 0.19613351065049986 5.721929981962135e-07 0.13381753793460643 3.099797181608889e-05 -6.398686415611013 34.8150124064209 0.00021963922993147364 0.006920102485187612 0.34878141547264024
20230331212430 TMSM 51.38864619887275 3.368484 0.004099288064523908 6.353132168471043e-05 1.6965979776311998e-06 654.8362526310552 0.24553505841968107 4.165742835523894e-07 0.09737765696674286 7.014257424603407e-06 -6.743044421987306 26.17438784994892 0.00013791121959852508 0.0032364603494492196 0.2622949971573747
20230401145556 TMSM 53.634226633282466 3.311747 0.004049555423634459 5.45457069136096e-05 1.7714595274166959e-06 706.0914637308408 0.2364554823311173 4.1887131698536793e-07 0.08463170605076578 5.5552942404049295e-06 -7.014446469963738 18.242625041484104 0.00011166968837531295 0.002818274261810628 0.18284081820581222
20230404011337 ABSM 185.53807348267514 4.480938 0.006006057455016935 8.418162075513746e-05 1.725875168475815e-06 2317.6126473625395 0.13051470385370115 2.2525208650207757e-07 0.08806587792819448 1.796924163357194e-05 -6.575405376076323 31.71025946217241 0.00010517595246946254 0.004773369559846968 0.3177955568313537
20230404011337 BOSM 116.60242901084887 4.480938 0.004819593722665702 7.079175280224228e-05 3.351070257905539e-06 874.7106789637377 0.2124455575676172 7.11919989389001e-07 0.09228945979092233 2.305151636904924e-05 -6.743166128537453 34.377342233208154 0.0001921311539758369 0.005948541677233191 0.3442403821135348
20230404011337 KBSR 214.76095839967334 4.480938 0.0018389337154736036 4.677878685724385e-05 1.7087213177493628e-06 874.6529740474014 0.212452565461775 3.630222276150769e-07 0.15983163710358275 1.1817634819796503e-05 -7.266968357374015 15.239064507038453 0.0001669876363276238 0.004730685258164938 0.15254346594475204
20230404011337 LHSM 105.57198056659783 4.480938 0.00842493060512119 0.00021226068695087631 7.162864818787196e-06 715.3884610627599 0.23491400164455206 1.6826572378202794e-06 0.15830079700963987 8.508980563129658e-05 -5.977954225195034 40.231082389024024 0.00036694648348812144 0.009468896058478456 0.4027684863162713
20230404011337 MBSR 56.143835816025984 4.480938 0.005853804062122273 8.946774313673482e-05 1.5374720247622753e-06 2117.026751674147 0.1365578578109643 2.0995388614582216e-07 0.09603027419053159 2.0493255973001244e-05 -6.452778850457858 46.801523837467315 0.00013343738653928645 0.005940163622949294 0.46886316567634767
20230404011337 MKSR 62.998614815836774 4.480938 0.012184287738980643 0.00020354923236291133 6.500588100910658e-06 597.2312786164831 0.2571038594212866 1.6713262892522224e-06 0.10496613125596835 8.17697271225841e-05 -5.825146878911587 57.33982236909235 0.0003947826004376953 0.009693411515070955 0.5739993559171113
20230404011337 PPSM 122.98575262663661 4.480938 0.0032766630549234026 6.365282889901199e-05 2.0329283031207855e-06 313.57253492858075 0.3548222617761069 7.213282185419801e-07 0.12205787186380004 5.2580544029840686e-06 -6.855329607188302 22.538833192383883 0.00019574121568685827 0.002847517630317952 0.22549518240491878
20230404074241 MBSR 58.13866320051841 3.667829 0.0018628296385763384 1.7976162854189907e-05 4.6461257256234564e-07 891.2302786351116 0.21046743194025982 9.778581499435452e-08 0.060632255352793984 5.59039895401859e-07 -7.733426755884063 9.82502861086106 3.5549073206742224e-05 0.0009724803562393767 0.09848523888925573
20230404074241 MKSR 60.65650067953205 3.667829 0.0024030710271073985 2.8737848742650596e-05 1.1766909345762586e-06 444.086289614809 0.29815780717724966 3.508395887786058e-07 0.07513936414818326 1.764314530139058e-06 -7.211919898771997 14.72271420882349 7.886573189073645e-05 0.0016078358697938417 0.14740152883493812
20230404182700 SSSR 96.339259769157 3.663226 0.0008700745406451703 1.5548823732931814e-05 4.276168233129189e-07 1036.401119558565 0.19517128954821686 8.345852683849439e-08 0.1122847943007729 5.399755112783633e-07 -8.117989652162807 5.318126852426237 2.926809108019832e-05 0.0009058351470422885 0.053262013511551104
20230406132834 ASJR 215.56001763171113 4.944194 0.001133933152094236 4.3901268711046393e-05 2.0565944714680936e-06 423.1399605040128 0.30544839522741374 6.281834809435003e-07 0.24325931914270885 3.802935657111759e-06 -7.504154508413051 5.614148914560347 0.00010034298694138159 0.0021061665068291173 0.05618961462310974
20230406132834 BOSM 115.78493593713208 4.944194 0.0062611601804023415 7.767285924960015e-05 1.678832788967121e-06 1565.1498059102155 0.15881880082056707 2.666302103220063e-07 0.07794609208869574 1.4670430852417935e-05 -6.6278715555928684 29.097390818516292 0.0001221246299554378 0.004282459259022839 0.2918379824378099
20230406132834 LHSM 195.67007682591012 4.944194 0.001615215840058606 4.878701077004674e-05 2.532210543059343e-06 320.03248374931695 0.35122291038414216 8.893703566387116e-07 0.18978134169390487 7.023437397286859e-06 -7.280752099860514 12.71110936867043 0.00016322756811719885 0.0027168060129552484 0.12746313436517379
20230406132834 MBSR 201.40950818829148 4.944194 0.0034114038776733 4.636506262277541e-05 1.114320178314734e-06 1009.6702195772228 0.19773798074850282 2.203434219672671e-07 0.0853960101717932 3.3768298008277406e-06 -7.0344650097603125 18.338272212881407 7.565068817585561e-05 0.002343199531347186 0.18349315870750565
20230406132834 MNAI 204.835617848576 4.944194 0.004681629178397272 8.425289341084596e-05 2.5760901579289838e-06 632.6358212637041 0.24980606530197164 6.435229462153742e-07 0.11307528251257695 3.014184929994528e-06 -6.691818443629926 7.7099165229799045 7.880010397783206e-05 0.0019896890845301947 0.15433655942703048
20230406132834 PPLI 130.38611650816975 4.944194 0.0032749651788172825 0.00010118592330322458 5.060217289859887e-06 438.25397193841985 0.30013520363717217 1.5187493467404366e-06 0.19413027982844766 2.0394984451708048e-05 -6.551766420745551 20.963752378876443 0.00024782282165080574 0.00536155381920492 0.20979865606134174
20230406132834 SPJR 196.31020405710873 4.944194 0.0034638695713054344 6.413654722043114e-05 2.453185057106876e-06 498.0278527339348 0.2815483927393082 6.906903099205289e-07 0.11633862154826177 5.681371450300398e-06 -6.838021914073064 12.175322931440366 0.00012011004203061319 0.002489695817686218 0.12193448158663887
20230407075918 PPSM 110.50792887803755 4.396017 0.005966675015903722 0.00010009404144697212 2.7225581930750016e-06 905.3397647569141 0.20882095150563176 5.685271924073753e-07 0.10540366433223347 1.7597356214505254e-05 -6.3933633154664795 46.40169165788494 0.00018756288984385816 0.005486256428609598 0.46597126429353536
20230408233812 CGJR 28.66333228138551 3.196975 0.004218122749735167 5.471640127669945e-05 1.0210538386620866e-06 2378.250196956416 0.12884011318307248 1.3155269213923385e-07 0.08150386059416723 2.635209385667825e-06 -6.822178630862181 10.977390000864544 3.8327974780618624e-05 0.0015089925168466811 0.10994509641267625
20230408233812 CSJI 80.62943775016716 3.196975 0.001855562328233108 1.737647735867874e-05 2.8033798888897446e-07 3308.9926482352394 0.10922749335870598 3.062061581956345e-08 0.05883910530483303 6.601646053643375e-07 -7.7812496852468 10.619114614748131 1.9747542316142615e-05 0.000995196866825078 0.10628574177082778
20230408233812 GCJR 35.76760269072929 3.196975 0.0022489792138055778 2.0964950179502033e-05 4.695749139414229e-07 1493.0410010396506 0.16260878366242318 7.635700559440182e-08 0.05857175830038012 6.604861286663402e-07 -7.704946153500689 8.40787039806958 2.672326748870871e-05 0.0009715839306526857 0.08428435273806882
20230408233812 LCJR 72.60930865208188 3.196975 0.0006519310340776406 5.934634043058746e-06 1.6380220628248356e-07 1596.997779574502 0.1572272115489028 2.5754164139353056e-08 0.05719685591527416 1.1082137019909412e-07 -8.76533600350391 3.862167427942842 1.1795678250401697e-05 0.0004237646580923158 0.03870502971307606
20230408233812 LSJR 72.98975052518905 3.196975 0.002914953737949662 2.2437701629351944e-05 5.219720415626424e-07 2421.398286659185 0.12768702046644784 6.664905475392268e-08 0.048364485298345465 8.93788461151303e-07 -7.464601995957584 9.512955271087321 2.4183329181955557e-05 0.0010088135642980006 0.09517811227930606
20230409003428 LESM 50.9849310264294 3.772384 0.006437139595452914 6.492326262590398e-05 9.747917566885992e-07 4904.871175850744 0.08971520745011873 8.745364467198333e-08 0.06337052098627667 1.7883723813415415e-05 -6.5953811126736674 51.503160254878225 8.420366681827724e-05 0.005575896252987357 0.5158196981197757
20230409003428 MNAI 131.33264690974164 3.772384 0.0005025178712647682 3.4509312184038033e-06 1.270617958871701e-07 495.41559689800687 0.2822896990977405 3.586823612780777e-08 0.043148396440089595 1.080225806812264e-08 -8.90759634480739 0.7600503500683851 7.2448506689391555e-06 0.00014200451059722047 0.015325701105668745
20230409003428 PPSM 52.79909529136483 3.772384 0.0137205794117104 4.7809534398822505e-05 7.389866619706198e-07 3198.4897507550863 0.11109829312814137 8.210015678939864e-08 0.021893839543058433 3.4719467406625148e-06 -6.592818564790307 58.39158427423318 4.5856955642997586e-05 0.0022496383789228887 0.5861123395037255
20230410185336 BTSR 104.23333217781568 3.329025 0.0002809541156948156 3.7905436690210952e-06 1.688479125188522e-07 618.1678749372267 0.25271245830739725 4.2669971052711494e-08 0.08477073997836235 5.5606590423565944e-08 -9.224815363382108 1.849428440483236 1.2532009805041888e-05 0.0003151628997356218 0.018503505999727814
20230411024251 CCJR 93.47671439798081 4.144453 0.0022044414134205063 2.916898596515299e-05 1.1647273994092855e-06 517.334478046995 0.2762448286935323 3.217499209244814e-07 0.08313858691177498 2.4312451092383633e-06 -7.440748575484485 15.286589744530565 8.37769726231258e-05 0.00194325146908286 0.15300764812078504
20230411024251 CIJI 116.88772544476691 4.144453 0.001726441814590796 2.891819983130281e-05 1.4945053858537721e-06 442.2975229040053 0.2987601128468985 4.464985977279706e-07 0.10524444366124869 2.6928165476527014e-06 -7.444823348768369 12.287837386079257 9.658249931642956e-05 0.0021421560774940677 0.12335572825335077
20230411024251 ESJR 105.87224673175582 4.144453 0.004834508913111538 7.165102154119469e-05 1.121884156172729e-06 3940.0980853568094 0.10009821930680327 1.1229860630140575e-07 0.09312148428790287 1.4434331179641524e-05 -6.709726952207311 32.272511443431576 7.89332669188284e-05 0.00454189066628214 0.32456461548979976
20230411024251 JSJR 95.24496964504154 4.144453 0.009595862113770618 0.00010187486792677465 1.4561859041471366e-06 5474.258141363687 0.08492141694037587 1.236613703087772e-07 0.06670569728276865 1.7878578916671258e-05 -6.363655941188183 39.766236471557335 6.482722693588668e-05 0.004612432173046561 0.3990696672857853
20230411024251 LPJR 129.83796027908647 4.144453 0.005946473333225524 0.00010343261571697976 1.7756201478503763e-06 2436.9336090439065 0.12727937075299853 2.259998151147421e-07 0.10928936445823832 1.913492780091455e-05 -6.406026475907473 30.032027152110363 0.00010395441716451207 0.0049602432655360676 0.3007917481653049
20230411024251 LSJR 100.28856019496192 4.144453 0.008374364795537124 7.916791891693359e-05 1.0995740316837476e-06 4704.964419731206 0.09160131253009159 1.007224245262358e-07 0.05939873854121463 1.1464897194156155e-05 -6.443511304571129 43.434922302636835 5.367457301951157e-05 0.003578639746212358 0.43465323673007966
20230411024251 MGJR 65.9770626718736 4.144453 0.010091296687319543 0.00011311382919816746 3.366802971742538e-06 1389.7711595760709 0.1685420301542146 5.674478079867301e-07 0.07042852585533561 4.0398627483469524e-05 -6.134422767776325 66.88482662875687 0.00020631837711098072 0.008133402506521448 0.6696593698076888
20230411024251 PGJR 54.61513804266766 4.144453 0.003002269139071508 4.894639146496016e-05 1.4836774623926155e-06 901.1145887486826 0.2093099422829279 3.105484440198793e-07 0.10243560235482707 2.9938102939625183e-06 -7.052408825101467 14.466815801137914 5.7296726648729484e-05 0.0017120692668528502 0.14475623746069174
20230411052413 CGJR 37.58867189053679 3.837097 0.005915502135864741 4.101628187424724e-05 1.099521419040589e-06 1544.8933454823696 0.15985661671787355 1.7576577405666387e-07 0.04356568448601086 6.603788050042532e-06 -6.914088552878414 45.04234885226181 8.531183252615839e-05 0.0034443251217676973 0.4507550053660038
20230411052413 LSJR 96.9709428127969 3.837097 0.0056472419511406 4.67736990943752e-05 7.73848733922636e-07 4946.47612765632 0.08933711214419546 6.91334111250902e-08 0.05204094697108903 6.2698938320652634e-06 -6.7734964407554195 36.22092515270158 4.4597322517705075e-05 0.002987088609933501 0.36344991064923077
20230415174019 MNAI 106.08877294476703 3.013554 0.00026170061882582133 1.8974878484911332e-06 8.866885493677714e-08 334.614689764256 0.3434846763612372 3.045639294128039e-08 0.045556895599571864 2.6707005198702147e-09 -9.736977488870867 0.8773693153588378 4.081371120018237e-06 7.541642229077198e-05 0.017650185412526012
20230416004507 LSJR 119.51942130909922 3.303001 0.002025133422269821 2.181743823861616e-05 3.465524597258758e-07 3693.053025915076 0.1033920381648992 3.5830765142117444e-08 0.06769085230321517 9.08956790794895e-07 -7.599405883075983 10.495218733449212 2.1255567071862895e-05 0.0010596558027527745 0.10509773737071712
20230416004507 PGJR 68.60239351374848 3.303001 0.0012193942366428912 1.061610659925619e-05 2.6648514429171403e-07 694.7182457711265 0.23838312888613045 6.352556249793074e-08 0.054701722379415514 2.4358359953034913e-07 -8.14930126856733 6.06998685053924 2.5728038316858084e-05 0.0006045604468855802 0.06101484027528402
20230416214953 MNAI 162.6363871459391 3.194604 0.00038543842038395073 3.7440832793451595e-06 1.377848584990778e-07 274.54443054432096 0.37920455844048173 5.224864642692705e-08 0.06103379374117479 9.531935977684525e-09 -8.90944895408996 0.7597686384150494 9.085608646782661e-06 0.00012685905557252125 0.015248966097921965
20230417110555 ABSM 183.91151264028724 5.163342 0.020462543472715457 0.0007167193385708001 3.0193915902043153e-05 494.6126504536913 0.28251873852287673 8.530347031711059e-06 0.2200743237752506 0.0009393507740551969 -4.953424172031218 91.06193703849758 0.0013244540144633156 0.028938511905199606 0.9118163004614963
20230417110555 BBSR 166.77093781545193 5.163342 0.002224228790741714 6.0190370373517315e-05 2.727119582601851e-06 291.3540905805662 0.3681029588790744 1.0038607875728077e-06 0.17003073260213816 5.994451071712192e-06 -7.067642921204796 14.465413765027645 0.00017726998306325745 0.003073874222600628 0.14504001868278824
20230417110555 BEFA 136.20461656057822 5.163342 0.008271580502387502 0.00020652114904438912 1.1157399756728893e-05 285.3497879953109 0.37195559109948423 4.1500572216473365e-06 0.15687578074383848 0.000105655213595495 -5.962859007026891 51.17727184348253 0.0007685684245592649 0.012048705690514394 0.5150942609465902
20230417110555 BEKI 150.26175753276243 5.163342 0.011951836230545843 0.0005602084431596836 2.9139906920848587e-05 230.15117189762728 0.41416488369150534 1.2068726160654547e-05 0.29450650018303676 0.0009805373033687358 -5.21697447762642 92.43067013469164 0.00254162186167484 0.03917182984303405 0.9259750916742797
20230417110555 BLSM 262.17271927550115 5.163342 0.013871278695059082 0.0007884715350026878 4.349673558164318e-05 228.4456557315345 0.41570803279716617 1.808194238174339e-05 0.3571489602918054 0.0012512702282665969 -5.009120478713358 78.48718481048368 0.0025577250691244105 0.0360102483374434 0.785107387575372
20230417110555 KBSR 209.77700634113137 5.163342 0.014776778228305474 0.0007141521852090902 3.271160895342087e-05 363.41576908308775 0.32959300373871603 1.0781517452084262e-05 0.3036623036407655 0.0007587559470276474 -5.073566230590812 67.76766815797028 0.0014883078021023473 0.028226961113612885 0.6781983791175172
20230417110555 KSI 150.24078437832546 5.163342 0.011993365333854093 0.00044129073626954094 2.482227166681737e-05 234.3097975495862 0.41047304583330585 1.0188873455580295e-05 0.23118710996792632 0.0008075719379605588 -5.4745124781905465 86.82236097681749 0.002299320618663846 0.03590656853701344 0.870104028302287
20230417110555 KTSR 208.2889026967166 5.163342 0.0008110842820651375 3.438793766512284e-05 1.6150096424606816e-06 612.4979925712073 0.25387944107461474 4.1001774535803123e-07 0.2663912856646324 1.4728831100726755e-06 -7.703411718817908 2.7787974153107884 5.1705175175597844e-05 0.0010878428846583968 0.02782370885938851
20230417110555 PPSM 136.65225639091258 5.163342 0.0088424959563802 0.00021844220975537898 1.0199122006584257e-05 407.136134474142 0.3113938592105105 3.1759439621891174e-06 0.15521781288602318 0.00012985668809827175 -5.865438029937955 49.88539852301132 0.0006941257573955958 0.012506294024864117 0.5002088045011831
20230417110555 SUSM 162.4618266359091 5.163342 0.01163427068820038 0.0003543636512895813 1.8677307352280932e-05 319.63307827033896 0.3514422815458568 6.5639955090188176e-06 0.19137705721763754 0.00024934842317551377 -5.583857258315702 64.49238296810248 0.0009123908868553115 0.016785612694842907 0.6469848325158728
20230420072355 SSSR 145.36579184403047 3.815302 0.00023749774238112834 4.398889998743576e-06 1.596523938451777e-07 358.2450319520369 0.331963075997978 5.299869975128584e-08 0.11637601575029151 2.985940269562925e-08 -9.268203705482348 0.914693617980118 1.2447496565629325e-05 0.00021144871107959084 0.00916553435981944
20230424113545 ABSM 185.08831038710045 4.858406 0.004011073865191922 8.400372120119878e-05 2.3242921149002612e-06 991.2255812328431 0.1995692464744945 4.6385722595725435e-07 0.13158843854263647 8.648308410386582e-06 -6.715676629441366 18.70398630867841 9.667403613680884e-05 0.0028907419065817203 0.18819084122918028
20230424113545 BLSM 256.4167390679382 4.858406 0.0025692972617608906 6.399541742581078e-05 2.651115592541588e-06 313.97935901904657 0.3545923150791899 9.400652155018601e-07 0.15650001752662102 5.551409916324391e-06 -6.936433437275606 13.35829024273744 0.0001653479375373555 0.0025462756935087675 0.13393757987356378
20230424113545 KBSR 215.1633644058584 4.858406 0.002578093297235088 6.616033771161253e-05 2.3346393138653503e-06 620.8274217275014 0.2521705831192355 5.887273571505173e-07 0.16124228796276072 1.1419142357542443e-05 -6.969457524039325 13.932192547663501 0.00020447381839152815 0.004636545436426535 0.13982115010276314
20230424113545 KSI 148.08264264015685 4.858406 0.0018716331796352677 4.327814899109694e-05 2.0044601459301457e-06 353.51696493987265 0.3341756014385918 6.69841674825894e-07 0.14528735268295484 4.442484993360403e-06 -7.281889724124488 9.94689026398843 0.00012431161663141647 0.002454172639194199 0.09961892724366381
20230424113545 KTSR 191.7290674734951 4.858406 0.0008137815322214431 1.1964658428930657e-05 5.561727490252539e-07 716.0862993286187 0.23479950990117943 1.3058908889152127e-07 0.09237880569845967 3.082205747447482e-07 -8.385492484830346 3.113052814040636 2.401734044267006e-05 0.0006132113673450876 0.031327008194538555
20230424113545 SSSR 106.14723281663488 4.858406 0.005760767867717134 9.06997035903324e-05 2.4382717091639447e-06 1134.0688160560142 0.18657788428044636 4.5492757679667663e-07 0.09892484093273356 2.256605930976136e-05 -6.503814063685285 31.150962694830437 0.00016807830776352468 0.00588788824062368 0.31185353355820356
20230424113545 SUSM 143.28118843402632 4.858406 0.0039020689634425816 0.00011434733432440163 4.521070035278149e-06 585.1780655532331 0.2597382133770254 1.1742946535155516e-06 0.18412424220928417 2.427572574496682e-05 -6.525775722473125 21.644896426023642 0.00021223141680831026 0.004880543395769798 0.21675926550121616
20230424184712 BTSR 139.2479535008532 3.855346 0.0009877302615921503 9.831543293988158e-06 2.2141385572838833e-07 1138.890408732378 0.18618251844411474 4.122338927793322e-08 0.06254076722536787 1.8742750709992311e-07 -8.34354925536471 4.472659794346205 1.7200807408537474e-05 0.0005279982004543647 0.04506874849556469
20230424184712 KSI 145.9858200718667 3.855346 0.0005977724592678029 1.0402159738767867e-05 4.3049940335509977e-07 772.4564759867263 0.22606996085684422 9.73229832653822e-08 0.10933708340062638 3.679549748418251e-07 -8.368616869438908 4.355975818499815 2.8864830420822167e-05 0.0007729303102185106 0.043591412512944
20230424184712 MNAI 64.51041733904114 3.855346 0.004207961006256923 4.676415094198966e-05 1.21441598891449e-06 1745.1683743518533 0.15040462849359226 1.8265378564936233e-07 0.06982665135549923 1.7081413311729202e-06 -7.110269280777304 5.377192100662934 3.760058671845372e-05 0.0015848048886468152 0.10812371447949606
20230424184712 PKSI 108.11597039027353 3.855346 0.0043987816428726085 7.875639446962411e-05 1.7065444019523898e-06 2273.7388267591095 0.13176788628536157 2.2486774869738286e-07 0.1124950181102483 8.857245911305623e-06 -6.638948377377612 20.759407792412166 7.112112086187412e-05 0.003126284684074958 0.20782843498257972
20230424223047 BSJR 135.31755019843644 3.71793 0.0018378963506856553 2.6693087472514407e-05 3.8612040128023745e-07 1904.7443041290464 0.14396652652872968 5.5588412994195055e-08 0.0912552086781131 7.689659521512302e-07 -7.508296369345426 5.311386698757642 2.4144441526604426e-05 0.0008726200448693558 0.053138580847753206
20230424223047 CCJM 103.97611641905429 3.71793 0.007180133593103979 9.638884367636321e-05 1.6257070110998024e-06 2801.0825497849287 0.11871809370324456 1.9300083727776798e-07 0.08434786881194244 2.448219137806816e-05 -6.419822403438815 53.490663023877204 0.0001241111956733447 0.0062727808655975836 0.536776137409345
20230424223047 CCJR 105.64168329800971 3.71793 0.0012963543301576842 2.0553044704605822e-05 5.609073662835289e-07 873.4850732390969 0.21259454879211515 1.1924584844922047e-07 0.09961673710772927 1.0679527475303692e-06 -7.729346218037645 8.014444416872744 4.727895817310351e-05 0.0013481649426626762 0.08070927119018002
20230424223047 CGJR 112.97741582537058 3.71793 0.0013241247754794071 1.9753025422198728e-05 7.078977084203458e-07 463.7705173782682 0.291761713002975 2.065374480396006e-07 0.09373128681182515 5.941661727228346e-07 -7.727669757756877 4.9199646224650815 4.319723356857721e-05 0.0008645021190745652 0.04940961277141581
20230424223047 CSJR 87.60718666855468 3.71793 0.004843746886973461 5.466798981777704e-05 1.5093324358246958e-06 1166.6405672495528 0.18395488762114007 2.776490786150735e-07 0.07091392643159429 7.398504856444852e-06 -7.019281320022139 21.712517285706312 0.00010180154983083857 0.003248517881935882 0.21740446876587582
20230424223047 JAUI 150.99552064251338 3.71793 0.0020230363280341283 3.0121996243886467e-05 5.892527834873723e-07 1072.909023348794 0.19182200206781022 1.1303164865257766e-07 0.09355347780947675 1.4983412357938324e-06 -7.47026006402622 12.048201607516159 5.0641558746633385e-05 0.0015608724073019951 0.12078379293578564
20230424223047 JSJR 49.95579053239602 3.71793 0.00804786998202604 0.0001278134185251334 2.559562340673191e-06 2392.620065831913 0.12845262922805117 3.2878251233257623e-07 0.0997873220033483 2.4897136850643037e-05 -6.216033351343224 41.56434552630959 0.00011636512988569359 0.005947384639317543 0.4170989800429685
20230424223047 JTJM 78.04568905739893 3.71793 0.0072679550679513715 9.705681948108068e-05 1.511926883117515e-06 2290.4698232137853 0.13128574748141147 1.984944509873236e-07 0.08390612991186254 1.6122134034328696e-05 -6.374827733359423 29.48838965919407 9.517537202076223e-05 0.0038516381051186136 0.29528295769759105
20230424223047 LCJR 117.98517063004978 3.71793 0.004039363678942099 5.646116024725645e-05 8.791779993556279e-07 4142.199941597485 0.09762574009405506 8.583040286150383e-08 0.08782470722833842 9.69524924492752e-06 -6.835349437306304 27.60543820551358 5.997504772382664e-05 0.0039053746571413093 0.27645678258716055
20230424223047 SSJM 103.25977196410469 3.71793 0.0022645722972419067 2.757143528924817e-05 8.709708942595058e-07 989.7906034547266 0.19971385974524675 1.7394495901833508e-07 0.07649852350408372 2.69141792550771e-06 -7.51848567931918 15.664961342551901 7.10627041598207e-05 0.002050753006915566 0.15710038255875886
20230424223047 WSJM 83.1597896344131 3.71793 0.009369116151424937 0.00011570533156690798 2.567236363922579e-06 1198.0221508069494 0.18152959735344285 4.6602938345398243e-07 0.07759515705790139 2.4256708931800216e-05 -6.286612209155159 37.9489636150176 0.0001752903582339941 0.005279414256555601 0.37994766196121055
20230426140133 SKSM 72.09313056127587 3.035647 0.002226525989565032 1.8550137572621823e-05 3.811735333777485e-07 2243.490724522783 0.13265319946280427 5.0563888753100354e-08 0.052347896403952196 9.817900583895274e-07 -7.597553560767418 14.629293738817948 3.002383030369836e-05 0.0011779994543304642 0.14653951258714132
20230428083303 MBSR 54.86732004757453 3.227799 0.0026684966811649415 2.938368728348801e-05 5.144767296359145e-07 1446.3745455231904 0.16521119909186857 8.499731740801252e-08 0.06918620267115103 1.0985627344954928e-06 -7.37989357256722 13.496406171313234 3.9757348271192205e-05 0.0011938012841445644 0.13515551287287522
20230428083303 MNAI 64.4178123182547 3.227799 0.00203874485269451 3.157043194709106e-05 7.25779277859254e-07 2611.6991585176033 0.12294710126497492 8.923245837098208e-08 0.09729656650713747 7.117724571700616e-07 -7.229512757740042 3.73168694916592 2.0412311445270046e-05 0.0010170145038652712 0.07504522092134078
20230429201930 SSSR 86.20812606256794 3.282804 0.0010306902639592407 2.759383950135149e-05 8.004227684305165e-07 945.9586058859823 0.2042884447135548 1.6351712247598806e-07 0.16821465476695302 1.7401755353841468e-06 -7.676052580033067 6.40337740491802 5.2072660507467736e-05 0.0016477776669998408 0.06407847446248287
20230430175539 CCJM 145.87484835838976 3.798099 0.002134586802918229 3.8754161846566004e-05 1.4738666147983557e-06 699.2729698449198 0.2376055046621962 3.5019882081392604e-07 0.11407340285881601 4.754425673814948e-06 -7.280437128668637 16.567035988548376 0.00010437800020937079 0.0026763768490965967 0.16612603186435912
20230430175539 CGJR 77.76197482396893 3.798099 0.002909882591412785 2.279587639711188e-05 7.276186307980313e-07 1009.5608722642123 0.1977486891327213 1.4388563042885623e-07 0.04922216314338474 1.754913825448695e-06 -7.539850812810227 13.250842617250974 5.41736149970947e-05 0.0017042335266298115 0.13266841630892756
20230430175539 CIJI 92.0457033736293 3.798099 0.00247321191923353 4.9551013935686617e-05 1.7127648916827504e-06 373.5202943506565 0.3251043397003787 5.568272991725112e-07 0.12588415909504574 3.742584257883956e-06 -7.074806690443135 12.125678887275669 0.0001080736363820547 0.0019047142703273229 0.12160978414537056
20230430175539 CLJR 243.84141532246045 3.798099 0.00019030329361532873 3.1481425812942776e-06 1.2731111244679257e-07 675.486869356497 0.24175274427831764 3.077781081113759e-08 0.1039412552242939 3.836919629975893e-08 -9.478037518808593 1.258858575661265 1.0669735798622574e-05 0.00025820678226951926 0.012596656647503937
20230430175539 GCJR 128.96146319477367 3.798099 0.0007316803223316048 1.4059240101557382e-05 6.439050938505579e-07 368.52973494366506 0.3272981879990674 2.1074897046065704e-07 0.12073142893158229 3.243730939461904e-07 -8.170798781189266 3.4907027101265715 3.2908159806750383e-05 0.0006354706547255637 0.03507187413120612
20230430175539 LCJR 158.55906071905073 3.798099 0.00023411324776310516 6.12645399413756e-06 4.924837818215763e-07 123.6175757377557 0.5651188023401966 2.783118449549799e-07 0.16442318445826618 1.1904230177465506e-07 -9.035999147849324 1.5663660524436187 3.993571772617322e-05 0.00044628845947424216 0.015665868632080405
20230430175539 MGJR 79.25768834545799 3.798099 0.0024334349657943698 3.407483909951356e-05 1.220971528015143e-06 557.452054224074 0.26611913814402527 3.2492389073378343e-07 0.08798202186787507 2.5526997277176064e-06 -7.484415112728531 10.24099137339145 7.818958741816392e-05 0.001753569219609334 0.10293814236648097
20230430175539 PGJR 53.16678982892865 3.798099 0.004795446245982293 0.000151037232430715 8.133288478921259e-06 369.3525129875099 0.32693343631619126 2.6590439509646154e-06 0.1978950176828321 5.6614205404239675e-05 -6.3000403121326025 23.889449753834676 0.0003799395757626897 0.007206214233821279 0.2392640205351057
20230519053821 LESM 72.6721598037279 3.357847 0.004498954849279479 5.044771093078422e-05 7.741017153360802e-07 4804.605275140418 0.09064649404875595 7.016960653234377e-08 0.0704546559634646 7.900734762855762e-06 -6.9120003833098576 34.60174626332412 5.6708290678619466e-05 0.0035474172247206824 0.3461591552310549
20230519053821 PPSM 37.91122674562305 3.357847 0.007790909535595008 2.6387610722540966e-05 4.188298136163242e-07 1995.375150623091 0.14065902044382828 5.891219131594333e-08 0.021280987441318244 1.1971395201425926e-06 -7.048834151986695 33.35597416043232 3.612593700335145e-05 0.0013948644200460596 0.334822790095311
20230519135218 ISSR 100.80565982581287 3.864896 0.0003775712780697601 1.1468490916043432e-05 9.620688626698663e-07 180.97285476255385 0.46706051056806325 4.4934437420022367e-07 0.19084781551072613 3.369738505100813e-07 -8.507415397165897 1.984770189651263 4.1109369031293766e-05 0.0006119662650949539 0.019939052354831927
20230519135218 KPSR 112.33251383906973 3.864896 0.00013031942522437643 3.104841194325916e-06 1.9541305532756288e-07 275.2630337582929 0.3787092582012957 7.400473322595009e-08 0.1496959684999091 2.3403883260819207e-08 -9.548426312186194 0.7930194127104224 1.250461788001519e-05 0.0002086497148114424 0.007946965713660898
20230519135218 MBSR 78.98304294183507 3.864896 0.0008770143402061601 1.5633837354751405e-05 5.968214395980556e-07 458.6397958648265 0.29338911738749546 1.7510091540160795e-07 0.11200534889671059 5.633283555170549e-07 -8.039925287363857 4.294453149462038 4.59441290128943e-05 0.0009793570663606396 0.04296922591826991
20230519135218 MNAI 70.45394774024861 3.864896 0.000923317414916415 1.0200137009743656e-05 3.831873590108021e-07 473.4120131273034 0.2887754247021774 1.1065509233885009e-07 0.06941204612353366 5.8654900150556784e-08 -8.215895970256167 1.4564899110321128 1.5713777722869277e-05 0.00030826242683895135 0.029432486099857887
20230519135218 MTSM 25.61632104511636 3.864896 0.007624666186428567 0.00011355727569814697 2.538661510841579e-06 1550.30143776646 0.15957755014976033 4.051133845595884e-07 0.09357805164768089 1.939195771137302e-05 -6.249275168723799 40.289335679141416 0.00012026635879559659 0.00467890957734205 0.4053738618476504
20230519135218 PKSI 43.04591753977534 3.864896 0.0029534273596152796 5.986365702947652e-05 4.001512714159368e-06 171.078544997453 0.4803768769484951 1.9222341806975735e-06 0.1273552400254872 1.22574970982835e-05 -6.977762633537055 20.16957512786066 0.00034713115113755856 0.004371033407870742 0.20213161340153657
20230519135218 SSSR 113.21089602449611 3.864896 0.00040175794384074453 1.342718797202143e-05 1.0928757414118155e-06 141.79516885767933 0.5276538985950081 5.766601456358544e-07 0.20999089495536077 5.226584715068541e-07 -8.410454969011843 2.5803870098851025 6.132121649760462e-05 0.0008046987909915049 0.02595259524047156
20230519150949 LHSM 7.1097907799361915 3.944387 0.005417312553114396 7.748461273409157e-05 2.127100978078489e-06 1570.9621733579793 0.15852472350975388 3.3719809442721954e-07 0.08986931721033076 2.0567430299424993e-05 -6.671076228387338 39.4069396129552 0.00014531521352128485 0.005895798367892471 0.3941000423525274
20230520034228 IMSR 87.37931656353005 3.805702 0.00177552577657329 2.4279738839520972e-05 6.41501784530292e-07 1593.9021920326138 0.15737981643063131 1.0095943308929975e-07 0.08592052019264987 1.3306781419841812e-06 -7.5852556603659105 9.242350880779313 3.397895601935175e-05 0.0013559824438518064 0.09283116043102774
20230520034228 KBSR 82.37762831089009 3.805702 0.0019152973296144822 5.385895665749682e-05 1.8220816461708358e-06 651.048233142748 0.24624832555069706 4.48684554386226e-07 0.17668578131340146 4.7784152886653565e-06 -7.137151954916624 8.91944268284247 0.00011245280371216815 0.002637598392704834 0.0893532983142494
20230520072224 CBJM 96.41313756154986 3.10979 0.0020038995567433168 2.1388865468816882e-05 3.5529231855534285e-07 3269.6964890241056 0.10988189685049964 3.904019389927304e-08 0.06706434202187178 1.0335274340550401e-06 -7.641900779056451 13.349478999361661 2.6058754500148445e-05 0.001206950361195522 0.1336932051589881
20230520072224 CGJR 38.93398838184649 3.10979 0.0023991453694467307 2.2792137761922937e-05 4.263147307287251e-07 2625.6796898492594 0.12261934613906769 5.227443353140898e-08 0.05969093283328321 1.32906240469906e-06 -7.502648221602289 14.046896045408323 2.6248666503410975e-05 0.0013398427448125527 0.14054545418686726
20230520072224 ESJR 103.11619719696304 3.10979 0.0014073132791900611 1.6985924479342716e-05 3.6183653693931157e-07 1924.9893945834585 0.14320747840932865 5.181769805144271e-08 0.07583649830895586 5.319534415266472e-07 -7.884206834672689 5.636986147413947 2.3562938482251725e-05 0.0008053382261714915 0.05657891522575064
20230520072224 LSJR 96.97403458627197 3.10979 0.001900156252050505 1.7842876449967733e-05 2.278841523377759e-07 3294.1050002478005 0.10947404094653827 2.4947399024092846e-08 0.05900046326573258 4.936099486047115e-07 -7.71613475756918 9.23343272058867 1.587752038536792e-05 0.0008722859120861796 0.09239921440575345
20230520114925 MNAI 72.27928745072047 3.316887 0.0003969357857263411 4.312809666345448e-06 1.3856087621213574e-07 787.4375915490953 0.22390912689192755 3.1025044814039766e-08 0.06826842855364539 1.7164044979804817e-08 -9.102039444674578 1.0863580383209306 7.374976222282506e-06 0.0001919255370812863 0.02189058044919613
20230520193313 GCJR 26.830810498689623 3.157021 0.0018316561810056717 2.0016063988540296e-05 3.7548744443606995e-07 2667.8182389276803 0.12164709709752583 4.567695761221644e-08 0.06866170652797496 5.899565991404674e-07 -7.723566937100473 8.809367148636852 1.8903399569325115e-05 0.0008511359070927914 0.0881510031136527
20230520193313 JSJR 72.3838476236595 3.157021 0.0016305574443101977 1.9124166089682946e-05 3.4429446003794247e-07 3983.6624612520213 0.09954938967220102 3.427430336429718e-08 0.0736930059140551 1.0370889374543398e-06 -7.728655388221302 9.10109584365807 2.0100916135550598e-05 0.0012373337377422373 0.09108240985061451
20230520193313 KCJR 59.08805214755867 3.157021 0.0006727894869739558 8.829152468086511e-06 2.2481987079131986e-07 933.1427161002592 0.20568652128862278 4.624241713962423e-08 0.08245551117607912 2.3947259847738837e-07 -8.519274645821724 3.2778318554914945 2.1205724086587684e-05 0.0005900189144133871 0.032784098209913216
20230520193313 LSJR 70.36009427220833 3.157021 0.0007160544281376502 6.10392665277894e-06 2.1486554914571978e-07 624.4603990427057 0.2514359757992249 5.4024929015090365e-08 0.05356031714040308 9.420019342631083e-08 -8.737675747859097 4.7804044955559 1.7558031248809743e-05 0.000409392698264604 0.04787423418103665
20230520193313 SSJR 47.51373388202946 3.157021 0.001439200784855859 1.3303266458725694e-05 3.1625406073688293e-07 463.280832081081 0.29191586754338683 9.231957850412614e-08 0.058078684524433336 2.2147651444411558e-07 -7.911711087347239 5.000222244723906 3.224747513100482e-05 0.0006125536936786408 0.05007077006818566
20230520225456 GCJR 99.61628626421859 3.141165 0.0011464570183553314 1.6347889546434964e-05 3.056660490590966e-07 1549.3397217785607 0.159627069461461 4.879257564516676e-08 0.08959500247894946 4.376698407695877e-07 -7.997174556561296 5.977950340907031 2.1271499741585116e-05 0.0007750093834295352 0.059878545888448556
20230522104813 CLJR 121.41240801150347 3.801873 0.001667714482378923 3.522096423613139e-05 1.0828978835973796e-06 511.3560209135823 0.27785497767224043 3.008885672682663e-07 0.1326964821205388 2.5446427071394074e-06 -7.421477090330813 9.101606659670338 8.498249120614123e-05 0.0018093263094333817 0.09131563370020328
20230522104813 CPJR 89.82805105303015 3.801873 0.0026461779596743604 3.466343639186004e-05 9.475104475423384e-07 924.7098444939562 0.20662226965717798 1.9577675919508642e-07 0.08230617802458431 3.547013856378013e-06 -7.374744481005143 16.953280298560536 8.332546125727069e-05 0.0024051663516673877 0.16959241024818159
20230524163829 ASJR 168.08999639385814 3.802665 0.00036600082416617027 1.210370748259606e-05 7.880296416996917e-07 163.6050036426382 0.4912262624161732 3.871008555652957e-07 0.20778597204065127 3.9553718173919157e-07 -8.52441847040282 2.287307545816755 5.6340073892503816e-05 0.0007616321198904291 0.022889478542349826
20230524163829 CLJR 110.39056867766092 3.802665 0.0014125453687784224 2.7238585865607227e-05 6.48532619599687e-07 1097.019652342898 0.1897023297353644 1.2302814884743949e-07 0.12116076855438644 8.457793623748579e-07 -7.628836961779957 3.0268468237397737 2.7787602604581794e-05 0.0007339324217444537 0.030335563036836877
20230524163829 CPJR 95.81944133497808 3.802665 0.000767365035412504 1.4174083370946945e-05 6.60222436971116e-07 460.0668008382237 0.2929337564677676 1.9340143856625293e-07 0.11605740197844458 3.090678136706697e-07 -8.29080410044052 3.4528545810588485 3.0490423730369644e-05 0.0006050425502566033 0.034793090113587395
20230524163829 JSJR 120.64319989382014 3.802665 0.0003283796298051235 7.90545880509659e-06 2.7636753133712596e-07 393.4633547662958 0.3167580954807901 8.75416528790756e-08 0.15126231380482963 1.1151871537526018e-07 -8.759715426497966 1.53939950142391 2.0605749295837318e-05 0.0003877702444434083 0.015474004564656746
20230524163829 RSJR 107.44016647463634 3.802665 0.0005724132264324365 9.585701421598081e-06 2.0229663780233574e-07 895.5228696546143 0.2099623996907135 4.247468752234152e-08 0.10521898438051641 1.1591269753459518e-07 -8.451591939211344 2.702730358800494 1.52147963600772e-05 0.0004107214120549224 0.02709822984590369
20230524163829 SPJR 97.41818154738786 3.802665 0.0017180157261658465 3.439735453215901e-05 1.7129346295006199e-06 249.58077299635835 0.39771713807595943 6.812634585561905e-07 0.12579917011856578 1.5723651768496177e-06 -7.349140063009594 6.600358596349033 7.476554233100295e-05 0.001165099522715143 0.06606455785717145
20230524163829 TPJR 117.8105687623945 3.802665 0.0008341378777401288 2.1121782513958775e-05 8.075845420982473e-07 309.32021002218625 0.3572528648782085 2.88511891295955e-07 0.15910088379237253 7.733513034584212e-07 -7.946648858335685 4.448797129629947 6.378709852730802e-05 0.0011032086628658914 0.04465721069139603
20230524163829 WLJI 86.10444404640371 3.802665 0.0021272387451358723 4.5267105315483695e-05 1.95556284599866e-06 503.65219474847845 0.2799719376194578 5.475027191308662e-07 0.13370460258264588 3.5824325501072068e-06 -7.2013645966683315 10.815201622497213 9.903143231411899e-05 0.002080084634740268 0.10838896733890177
20230525163757 KTSR 155.14624506855844 3.966925 0.0003822908865943154 7.825508873313112e-06 3.3107003820001893e-07 453.58424368959237 0.2950196126099328 9.767215441652524e-08 0.1286170403172137 1.201016479043707e-07 -8.701187047771175 1.6177098751308863 1.9306544502561547e-05 0.00035835049187440087 0.016232337756877324
20230525163757 SSSR 185.06562108176675 3.966925 0.00010868759404727789 1.6711984558234994e-06 6.663416640225174e-08 444.3547041564539 0.2980677417636714 1.9861495503823883e-08 0.09661129841961398 9.462127247232623e-09 -9.937524183835299 0.7374215005517633 6.875457794966052e-06 0.00013608732551679867 0.007385786548662824
20230526140503 CCJM 142.37061205686246 3.430026 0.00126574588902765 1.272296610449194e-05 3.003199654683582e-07 2127.838535988975 0.1362104831531653 4.0906727596986994e-08 0.06315703205870049 5.454754475150151e-07 -7.916436320495207 10.314059050419127 2.3561777238003074e-05 0.0009976950009998845 0.10334665775145409
20230526140503 CGJR 75.25086656247883 3.430026 0.000993008609067887 2.1433993079088543e-05 6.239570361516558e-07 864.4172476261225 0.2137067090465461 1.3334380478240715e-07 0.13562193636481465 8.767624374194889e-07 -7.799367027440734 6.528756780784798 4.0193873623010006e-05 0.0011187894693661467 0.06543092819727125
20230526140503 CLJR 234.31483519328103 3.430026 0.00017551035963552815 2.727282231133228e-06 8.255371070429354e-08 592.2086816008236 0.258191822739809 2.1314693040676432e-08 0.0976353742239125 2.086513491437631e-08 -9.571776232417074 1.0705727508052747 9.014793391603177e-06 0.00019378324780829274 0.010724383277105738
20230526140503 MGJR 83.03225297567623 3.430026 0.0012590390497781204 2.1463309552512855e-05 7.166682446706133e-07 976.033196266211 0.20111644047866684 1.4413376637224804e-07 0.10711180979459053 1.515395657106697e-06 -7.86144337117156 8.719559215392545 5.0459723774515946e-05 0.0015976972223338852 0.08731044783256647
20230528035921 ABSM 132.59767346216475 3.168511 0.0052394729314082155 8.138539222374497e-05 1.4502920802501987e-06 2894.113899988286 0.11679441045313642 1.6938600849767477e-07 0.09759750786647232 1.0396159873222598e-05 -6.638059133799504 27.83396247563727 7.259624575605238e-05 0.003795425433145599 0.27917474965222466
20230528035921 LESM 101.61148934870097 3.168511 0.0025130871833125945 4.08805534820699e-05 7.261668498764044e-07 1770.4723629018638 0.14932595209074606 1.0843555623453194e-07 0.10220898610024899 1.8939292145945723e-06 -7.175209278723099 14.720984219978295 4.462139771836428e-05 0.0017210130839662191 0.14789636028252037
20230528035921 MBSR 23.639408681873732 3.168511 0.0021367793546870806 2.5998088546408078e-05 5.096926850600516e-07 1417.7000872102437 0.16687361926819924 8.505426307049723e-08 0.07644720434575096 1.2046633970684286e-06 -7.611367741353285 11.254348230932077 3.8493639702093366e-05 0.0013150106507335323 0.1125984565481474
20230530065515 LPJR 123.76281011897909 3.70336 0.0008418042024618226 9.759534498388704e-06 2.395214775849971e-07 2468.4279594129443 0.12646479369636165 3.0291034248634366e-08 0.0728446871444185 3.6143988142043966e-07 -8.379399196162288 5.750144031874977 1.635688095999191e-05 0.0008035436131685423 0.05767339155556096
20230530065515 MBJI 142.08158529884878 3.70336 0.00020730467276446166 6.625125554504361e-06 2.3192841355001904e-07 244.10856366260413 0.4021502663640409 9.32700732865296e-08 0.20080054630306401 6.258058769859907e-08 -8.911824900135263 1.0980616945990997 2.2029388505358345e-05 0.0002937671518263727 0.010990208371020237
20230531120402 KPSR 127.33524171420537 3.737673 0.0008336630588971908 1.0249505064056529e-05 2.0851991851145023e-07 1729.1776982660813 0.1510984660900666 3.150703983630581e-08 0.07724888243163074 1.8920348142941752e-07 -8.36543280579678 3.4011955010650174 1.4244801450630632e-05 0.0005115056280943995 0.03416063852346216
20230601143806 LPSM 36.99194164625518 3.115567 0.0025374852766250474 2.487935680534397e-05 6.936540103316172e-07 627.9149499576162 0.25074336897959953 1.7392914345675964e-07 0.06160493247839821 1.1158511750615933e-06 -7.503795093933031 16.506503435998678 6.383991600847748e-05 0.0014097939885647373 0.16562205474400807
20230601224239 JSJR 92.74575637626637 3.158852 0.0007128722588468154 1.007838024838832e-05 2.0739675705821433e-07 1828.0212378751794 0.1469566522106335 3.047833309661725e-08 0.08882984280981793 2.829191161552719e-07 -8.345784346181286 5.2667331661160075 1.7666226346332424e-05 0.000704867890088041 0.05278924731605496
20230601224239 SPJR 55.03995246143962 3.158852 0.0010640798131983267 9.463894609038522e-06 1.894476985274048e-07 1522.3091501425806 0.16103802641353254 3.050828347943916e-08 0.05588246559952731 1.7670411532325637e-07 -8.299498745700133 4.103215270810889 1.4775509430192e-05 0.00048811109800463815 0.04106290564183268
20230601234758 IMSR 76.09355314282254 4.241986 0.00530029620753927 8.352699659076518e-05 2.626938314408927e-06 989.5512213861248 0.1997380146474341 5.246994435213161e-07 0.09901627704984199 1.7706067341734846e-05 -6.482251759583064 35.8019801032973 0.00016533738571894755 0.005228388163197874 0.3587714401389711
20230601234758 KBSR 48.75870662248649 4.241986 0.01542119551873218 0.00033842272193837714 1.54977777574942e-05 665.9618037743529 0.2434754672147156 3.7733286802957274e-06 0.13788637019198813 0.0003621962725333235 -5.482789585557227 87.99939672030779 0.0008304651523704789 0.022334892202965966 0.8814287551212094
20230601234758 MBSM 73.84146232014528 4.241986 0.009797933323680647 0.00017826546512080297 3.821738533079825e-06 908.0551105980567 0.20850850041120964 7.968649704962105e-07 0.11431747024828723 5.6299426427015326e-05 -5.8621881765990596 78.95264226881896 0.0003053410729935499 0.008739203046194416 0.7921594160207795
20230601234758 MNAI 177.45581426248128 4.241986 0.0008146956049522925 7.181695660198308e-06 1.7099840039332203e-07 1398.3175542545066 0.1680261836651486 2.8732208630934946e-08 0.05538746542696251 3.887119234835578e-08 -8.445433917389266 1.378064947346088 7.241506021785044e-06 0.00023770354933146175 0.027718050214227342
20230601234758 TMSM 118.06490902528128 4.241986 0.0023316601322179564 3.933075803756468e-05 1.1937463080634135e-06 1091.7619312183833 0.19015856656477745 2.2700108678333393e-07 0.10598561840433851 2.5699669030986047e-06 -7.287004083033441 14.136335349188151 5.7261128356799615e-05 0.00201053157164482 0.14182237487700078
20230602112026 CCJM 110.36855933837609 3.731434 0.004571414569964338 0.00010713177655059146 3.47823723112761e-06 723.6039560184629 0.23357663745808788 8.124349567283172e-07 0.14724737694485102 2.1426963370920517e-05 -6.432770385849093 22.77408686300351 0.00019555397048408486 0.00512158991470335 0.22811060347794154
20230602112026 GCJR 94.75952533700367 3.731434 0.0009858635891166333 1.7195503956504593e-05 7.990600290485663e-07 308.37683830206157 0.3577988930663365 2.859027938871317e-07 0.10959177212931438 6.64211848241491e-07 -7.941239263856786 6.338832922323397 5.774608388641611e-05 0.0010167352086688682 0.06355248068088039
20230602112026 RSJR 52.69240288097269 3.731434 0.005432156522753592 5.808466375533301e-05 1.927646664869286e-06 500.48373954139987 0.28085676056598213 5.413925978110071e-07 0.06718449741852732 7.997062521415469e-06 -6.781019530636636 28.122576987798663 0.00016212640487999668 0.0035045188559595713 0.2815506084323186
20230602112026 SSJR 76.59702065495318 3.731434 0.004191725452943298 7.926589756532185e-05 2.6996922483926138e-06 536.2728294396887 0.2713232255947103 7.324892089469197e-07 0.11881558764616199 8.736606329980596e-06 -6.678653043382429 18.0733966578219 0.0001339852817237321 0.003086860181917854 0.18073963131244514
20230602112026 TSJR 47.256376116096654 3.731434 0.0076122326367069025 0.0001178735809153294 2.8753434645963535e-06 676.336881574681 0.24160078051746994 6.946852253022852e-07 0.09729360452549689 1.957816368131673e-05 -6.314825507843861 45.30485366223506 0.0002097322991414219 0.004854180357010423 0.4532378859961929
20230604134840 ACBM 149.596455737526 4.631834 0.0020936059576376316 3.9383963023964744e-05 1.7541039480918952e-06 476.577969528947 0.28781464399867795 5.048568033567443e-07 0.11819642416852065 4.037622436923669e-06 -7.246301172467289 11.02515389154242 0.00010746728321148427 0.002161921213151899 0.11084524630572531
20230604134840 ACJM 189.1845054605031 4.631834 0.001790307605926515 3.932922550157197e-05 1.4984808029526062e-06 359.5785205178101 0.3313469655930634 4.965170670578032e-07 0.1380281304711011 4.390069223683326e-06 -7.395481054602081 12.933885811881368 0.00015296885339075549 0.0025789921797825842 0.1296810678833083
20230604134840 BBJN 129.7586838979507 4.631834 0.011101282236432974 0.0002485542811966979 7.143288176926427e-06 615.1962532974292 0.25332206957362274 1.8095525445397932e-06 0.1406785787795158 8.142438854179298e-05 -5.712413690751997 60.919655251808294 0.000470876829628809 0.010864183581289676 0.609473124490445
20230604134840 BBJR 222.91423361238344 4.631834 0.0005996991724207302 1.3494447650289516e-05 3.390898297796717e-07 1414.8706137925503 0.1670403937566522 5.664169868527253e-08 0.14138441255896628 6.313771396366047e-07 -8.292471263418928 5.40711647226243 2.780156222777751e-05 0.00100105288926485 0.054353328057231975
20230604134840 BKJI 129.818035209849 4.631834 0.012317422408657628 0.0002801999457841574 8.460729646348681e-06 722.0660129652756 0.23382525495457301 1.9783322666591946e-06 0.14293154233194813 8.45582319731608e-05 -5.6588464327377395 50.564868516741406 0.0003581064620616204 0.009126602682337701 0.5079151953317081
20230604134840 CBJN 192.99681537672427 4.631834 0.002152018875654596 3.823800150475381e-05 1.4954017715667509e-06 494.49942677977316 0.2825510802981868 4.2252738603600785e-07 0.11164235218777968 3.389014674653144e-06 -7.28604437456857 12.287507915296349 0.00011643852479079268 0.002369508091449352 0.12298456297476323
20230604134840 CCJM 171.40488468613765 4.631834 0.005039884728326992 8.65595503197466e-05 2.696821599850549e-06 1222.3079797750831 0.17971715910984934 4.846651165512195e-07 0.10791312184349174 1.580080439792879e-05 -6.562872544268955 31.2769417112283 0.00013399325934124084 0.004351676083362948 0.3133809790164444
20230604134840 CGJR 103.66753879765531 4.631834 0.005863941869900777 0.00010595676341207193 3.4558547704653847e-06 394.3417055035358 0.31640512773230717 1.093450170073403e-06 0.11353215871464614 1.0910576628934208e-05 -6.458221030212603 17.937043729484405 0.00017850031089861268 0.003158146612058343 0.17939410080246324
20230604134840 CIJI 119.68560292168976 4.631834 0.004508798498959893 8.471046952249857e-05 2.3163259789511195e-06 1150.6337542817841 0.18522999428299622 4.290530478386715e-07 0.11804731961094048 1.6664981611997058e-05 -6.66515311218218 24.99503044854594 0.0001429249320071301 0.0045394706040240715 0.25080544302274455
20230604134840 DSJR 199.9322146772725 4.631834 0.0012777503875968607 3.5647494349555695e-05 1.7078609589831925e-06 453.34983675630156 0.29509587347975463 5.039827214731166e-07 0.17529230662660764 5.282727738215548e-06 -7.5449199570682595 7.548700237994398 0.00013018412212850483 0.0026713849184755965 0.07553961238667413
20230604134840 GCJR 153.26798993678187 4.631834 0.0015848763802134775 2.221816185734154e-05 5.823498834249293e-07 1068.6033356073501 0.19220806456574457 1.1193234399319265e-07 0.08808310217594544 1.006605800648737e-06 -7.67623575117557 7.7065090019421465 3.628386753124008e-05 0.0011199596144874705 0.0774156873820154
20230604134840 KCJR 183.6487922702707 4.631834 0.002226230724947412 4.4025932600836196e-05 9.764426614868342e-07 1877.6781706660922 0.14500042985177589 1.4158460564120304e-07 0.12425625509188276 3.7970146888853275e-06 -7.14184102480748 15.143031501013231 5.688950410268087e-05 0.0024704702330198944 0.15194833239173472
20230604134840 LBJN 184.35754718061315 4.631834 0.0018624263353632813 4.2478688390702544e-05 2.1601985813759225e-06 314.45523367324625 0.35432390583360807 7.654099987293361e-07 0.14330847115768527 6.2375887871778925e-06 -7.358352228017324 14.134802437713054 0.00018902430861821547 0.0033864144415416235 0.1416522167826938
20230604134840 PGJR 81.63146855982832 4.631834 0.007502522844800303 0.0001608102481809186 5.232513657789224e-06 424.34364452616273 0.30501487341720435 1.595994490984373e-06 0.1346747766738916 3.35398336267605e-05 -6.072946896539741 39.32033649216411 0.0003451702254306734 0.0068533958897871936 0.39388306574302917
20230604134840 TSJM 180.96860486086194 4.631834 0.002289807801243944 6.291769539309541e-05 1.8847695573904493e-06 790.7370279309769 0.22344149596086818 4.211357294448254e-07 0.17264485649875821 1.1651351030719955e-05 -6.949858175219304 16.60927916778541 0.0001470730813277403 0.004155626052653638 0.16625692965998307
20230604134840 TSJN 120.12937888050769 4.631834 0.006449702579024258 0.00013420926530130118 3.095005824228409e-06 1399.2567538330995 0.1679697835047035 5.198674582414423e-07 0.13074427440591768 3.1419915587543585e-05 -6.263534060600563 34.11383505658435 0.00018717649205197607 0.006253600901660656 0.34320510418455
20230605080712 LLSM 15.696910039304072 3.32512 0.004548578794198448 7.866961404727195e-05 1.7690768930829947e-06 1213.5053395833927 0.18036780600264252 3.190845178553511e-07 0.10867037496058433 5.527318980211995e-06 -6.5797976090554275 20.954257488506716 9.092716231439213e-05 0.002633655005255628 0.20993005577347085
20230606165951 MNAI 103.4379064164524 3.14153 0.0003650363018684382 3.039829450323735e-06 1.7395884580651192e-07 181.50599853205293 0.4663740497101777 8.112989140169133e-08 0.0523230474362235 5.924135209198492e-09 -9.15287815804274 1.310181325012781 8.715761683088235e-06 0.00010853843596221835 0.02626344379760615
20230606175351 BBSR 108.70810884923954 3.648653 0.0011270382091791284 1.647782890947407e-05 3.625472491089572e-07 1193.2019995425644 0.18189588831648457 6.594585393337158e-08 0.09186312554002436 5.943650495309049e-07 -7.9699558388304 7.0704507689174845 3.1454484733831674e-05 0.0010241675838484718 0.0709568224657595
20230607195847 BKJI 77.08522397339625 3.395736 0.0009344672729427895 9.248064384231728e-06 2.7871217743406526e-07 821.7459677077962 0.21918512505134063 6.108956346421703e-08 0.062182276406391714 3.4000099306994653e-07 -8.231320920306286 8.701229368038316 2.935444122205299e-05 0.0008339061375213582 0.08712153620429972
20230607210611 ACBM 127.44695903064977 4.886478 0.004202903622093098 8.284498012367406e-05 2.8239519086247122e-06 700.188594722504 0.23745009747377674 6.705476559641958e-07 0.1238501780412997 1.557996188061987e-05 -6.665439632183815 24.24388761489947 0.00017569556671500816 0.004655054500666648 0.24246995844250688
20230607210611 BBJN 161.0209330521091 4.886478 0.0026757219338027424 3.4379740910624855e-05 8.825181381226764e-07 877.0568106041183 0.2121612207905978 1.8723612555395243e-07 0.08073121508828797 3.926404448203891e-06 -7.3557253596125625 21.214447559581288 9.265753624732594e-05 0.002569830933121525 0.2122366518172962
20230607210611 BKJI 161.06904395204103 4.886478 0.003106090899615277 3.921279537620979e-05 1.0946204425150247e-06 762.0687382566869 0.22760552243669405 2.4914165768851745e-07 0.07932197341415795 4.924291357669832e-06 -7.179772390755825 18.891912334811536 0.0001103893196699553 0.0028159439945672363 0.18936180496187516
20230607210611 CCJM 121.52244728898442 4.886478 0.020335147892813488 0.00022517980102596942 3.529840966423892e-06 1626.8442215731861 0.15577827264075092 5.498725284460727e-07 0.06957640164397355 9.274379979600398e-05 -5.603847577938484 107.20961451541362 0.00032615255217412773 0.012636271537952498 1.0737446385156284
20230607210611 CIJI 133.89007880368663 4.886478 0.0034739420479509737 4.9060011862083894e-05 1.1113103924637851e-06 1102.4997475175066 0.18923027434955575 2.1029357045343452e-07 0.08873295565875024 2.3366044537606946e-06 -7.0078137840974595 13.422884151909791 5.083150617634199e-05 0.0015161285115621612 0.13433989801241508
20230607210611 CLJO 195.65068141344938 4.886478 0.0010679991113234834 1.4301463021976298e-05 5.659356532451656e-07 240.85310233495778 0.40485895148411744 2.2912411518031682e-07 0.08413746919648564 3.9432431040368284e-07 -8.084524364130091 8.49415057927624 5.816643309550967e-05 0.0007604740657329711 0.08523150044470301
20230607210611 CLJR 195.18037767934132 4.886478 0.0014907659477881542 2.6861095143631278e-05 7.458019854980449e-07 1309.8302660137947 0.17360904882840705 1.2947797331665302e-07 0.11321243189893451 1.6923420036183458e-06 -7.634847638065286 7.8007400758214125 3.9443221893570584e-05 0.001417317211485499 0.07832447752427509
20230607210611 CSJR 134.8481779936746 4.886478 0.003374366917470002 4.768858596115672e-05 1.5522494102325694e-06 573.936954298231 0.2622694913620099 4.071076632886758e-07 0.08879775968642105 3.81063945638445e-06 -6.987689480743037 15.144953726982102 9.122320799248422e-05 0.002076663831906074 0.15179829934624905
20230607210611 JSJR 117.90626217206808 4.886478 0.013448220451062818 0.00021665717666630115 4.745290802815664e-06 2377.032296268591 0.1288731153363483 6.115404089357759e-07 0.10122507985933049 0.00010368826376373595 -5.79963700462233 90.81184288017415 0.0002422894605533605 0.012548508308394265 0.9101025390461033
20230607210611 JTJM 127.28343792583289 4.886478 0.004357144185888158 8.816256885897333e-05 3.554449315752041e-06 607.0628661490239 0.2550134192378321 9.064322735175007e-07 0.12713413503551402 2.1745963689755412e-05 -6.624503206660746 29.487945776701103 0.00022359696220754474 0.005194843657216332 0.29537760206367775
20230607210611 KSJR 156.37056857758003 4.886478 0.001422079941474955 3.5426472166822225e-05 1.0869083975252782e-06 744.9103291697079 0.23021195351471366 2.5021930548584126e-07 0.1565250186799742 2.5979869055893594e-06 -7.499676117618865 6.645332685418735 6.781788386466647e-05 0.0017704560082397185 0.06668737732010505
20230607210611 LSJR 125.40769863148945 4.886478 0.021992152600888163 0.0003063106298670183 6.427637394005512e-06 1237.471030975912 0.17861270507730492 1.1480577021993631e-06 0.08751332731911145 8.606992689771096e-05 -5.4248079428738265 96.44800545500453 0.0003044427894355804 0.010215495175827732 0.9650559907401266
20230607210611 MLJR 201.62066186039692 4.886478 0.0012733048046594986 2.9964018996103006e-05 8.840030927926207e-07 592.7681077988782 0.2580699594321572 2.2813464229489314e-07 0.14785892836610368 1.8109322458180916e-06 -7.594920598480697 9.246410787477252 6.606469172647843e-05 0.001639270125362274 0.09255495514417009
20230607210611 SCJM 139.9979130857419 4.886478 0.0011036272826303916 4.016227706552248e-05 2.7622346324445083e-06 189.37889170069593 0.45657705558279815 1.2611729553103462e-06 0.22865240206777163 5.771935911441576e-06 -7.509273542911388 12.404437786328131 0.00020923398673082408 0.0027940127714654837 0.12406746525112376
20230607210611 SSJM 139.27343358093665 4.886478 0.004259320183933075 6.937347409908864e-05 2.4119158385109068e-06 544.0660753020389 0.2693729888045467 6.497049781647073e-07 0.10233708064766757 1.2026946183699556e-05 -6.803668564649277 25.245669915997304 0.00018628574040756394 0.004195695490989965 0.2536571378826163
20230607210611 TPJR 241.37850656413113 4.886478 0.0004047283872255185 9.388502770911711e-06 6.102603912052868e-07 172.3361775930466 0.4786208793138763 2.920833650491045e-07 0.14575133479267832 4.122362581217515e-07 -8.642373368623273 2.3046325458166805 6.563133244508757e-05 0.0008158916966435404 0.02310265870158399
20230607210611 TSJN 135.72788214608337 4.886478 0.005301060781836666 6.48806427708051e-05 1.8914979480669505e-06 1227.1885445674009 0.1793594328802881 3.392579992595169e-07 0.07690104266954821 1.0052342808996103e-05 -6.779801908790101 36.237390970956426 0.00011904582901323666 0.0041124661885048215 0.36274091531615715
20230607232323 LLSM 107.63917915128611 4.085218 0.006408408749972639 8.40504540670641e-05 2.0126559144443016e-06 2665.022281591361 0.12171089223632384 2.449621471117302e-07 0.08240806706629078 2.2213044818221263e-05 -6.584136487378733 44.872962475028075 0.00011897338707822131 0.0061094720879458254 0.44941098725681355
20230607232323 PPLI 113.85516240989446 4.085218 0.0012051309168755883 2.7408314224056757e-05 1.0364396507057171e-06 658.6296307464468 0.2448269576449605 2.5374836646488626e-07 0.14289859700357596 1.718461536952035e-06 -7.771382750924669 7.989884496737508 6.360298643762788e-05 0.001507039412635631 0.07998339598287037
20230608123454 BBSR 57.053793839882545 3.286859 0.0035615508315616122 2.3307136763008096e-05 6.646422480707701e-07 835.4251538016687 0.2173832586607954 1.4448209772926076e-07 0.041117778795690424 9.920178698600837e-07 -7.333587399895135 18.217126762643915 4.698282616100528e-05 0.001340393094470068 0.18230635871958245
20230609171733 SASI 212.99101257595396 4.660749 0.00021732511191102112 5.362409323369687e-06 2.134534787070465e-07 278.0810840759249 0.3767854680231138 8.042616887579628e-08 0.15503505865200748 4.923962641455928e-08 -9.110415787771304 1.0945491286546774 1.6953589628234464e-05 0.00029009591541360476 0.010984646415057015
20230610150744 BOSM 109.61200955611406 4.720638 0.0101179265097929 0.0001773536089820892 5.209245251329508e-06 925.216080668033 0.20656573476688725 1.076051572921798e-06 0.11013576636013196 6.220244821701649e-05 -5.945098632982056 51.68584964230452 0.00027593397135654643 0.008189620763123987 0.5197700710358216
20230610150744 MNAI 200.02770338552526 4.720638 0.0028448009934243334 5.422939549488174e-05 2.5371697705113227e-06 416.0347086371739 0.3080456541932551 7.815641217565113e-07 0.11977405160440609 2.7533783929176638e-06 -6.982686750202868 6.086568851472295 9.940426114079382e-05 0.0020416483160012582 0.12217103490428717
20230610150744 SSSR 251.26549402314996 4.720638 0.0023094681573146854 4.3456569593505214e-05 1.241573776685839e-06 869.92923792117 0.21302859575782365 2.64490718177122e-07 0.11822881328999171 4.6854234685895e-06 -7.248232007206981 12.301274714791502 8.789272743446736e-05 0.0025564524042904165 0.12307127617677122
20230610150744 SUSM 97.91719670609713 4.720638 0.007494102143446628 6.327434583801742e-05 1.7864392017448634e-06 1624.8165342553089 0.15587544396297873 2.784620036848499e-07 0.05305030976105514 1.224668833948859e-05 -6.55132338072361 42.0186864687989 0.00010903810396026129 0.004368929232067271 0.42075398195677693
20230611063620 KTSR 197.4835191081506 4.937585 0.0006294460179947784 2.1987864536314426e-05 1.0517896901342877e-06 318.15954183441136 0.3522551831106312 3.7049836989212755e-07 0.2194847905002903 6.965838225359526e-07 -7.955036200415447 2.616059259764666 5.0418408208457356e-05 0.0008303291200344727 0.02619417617871697
20230611063620 LESM 127.97312461251003 4.937585 0.0054502638996034945 0.00010792280316688681 5.246434740451874e-06 492.1126148792302 0.28323545670883865 1.4859763398050039e-06 0.1244158051167301 4.1606624786015046e-05 -6.38204322993114 46.80384500007041 0.0003720044717649003 0.00799362197860462 0.46902611450225373
20230611063620 LHSM 189.49071234536902 4.937585 0.0019289289122776958 4.809950349818113e-05 1.7248362930963939e-06 604.1332842567545 0.25563098096626397 4.4092159361044554e-07 0.15667663631291787 4.135006824697185e-06 -7.193521814635826 11.06636371379059 9.32349371573143e-05 0.002317092669577572 0.11089447313748478
20230611063620 MBSR 145.98353691640773 4.937585 0.0013911713716967932 3.900940146533117e-05 1.5636362518487684e-06 280.70065369043897 0.37502321822317797 5.863998992987527e-07 0.17618483467632706 3.2567560950959027e-06 -7.4263703154114244 9.581605445132013 0.0001317913464982328 0.0021571520740959367 0.0960662619650282
20230611063620 SUSM 176.96620058266345 4.937585 0.004331686473645228 0.00012108068051745645 4.275372387430316e-06 452.4569613633603 0.29538690003618645 1.2628889960233505e-06 0.1756295977188714 1.588947606967282e-05 -6.4208225817119295 16.03367884509369 0.0001771016124886418 0.003642100401345303 0.16173036936435084
20230612090840 MNAI 200.76038357567828 4.928942 0.002949909994015081 8.776626733224353e-05 4.345176022978656e-06 360.41774152013227 0.3309609754482403 1.4380836950593214e-06 0.18693849049183195 4.5813579855586015e-06 -6.657045467788624 4.489162083431488 0.00011168906238900171 0.002179110617149676 0.09015708000067763
20230612090840 SSSR 252.24093135740893 4.928942 0.002294346128688971 6.363191312130245e-05 2.107208081677588e-06 622.0327036098607 0.2519261554493733 5.308608307488838e-07 0.17425927875143862 8.184600178347401e-06 -7.032292003992065 8.977013933019952 0.00012158830583076695 0.0029382146164087415 0.09036081173926502
20230612090840 SUSM 94.94465524954495 4.928942 0.003741644948726576 5.155299075787599e-05 1.5897134036649126e-06 993.0494511212485 0.19938589426528858 3.169664286152443e-07 0.08657074589113345 7.048536907254798e-06 -6.892893940429907 28.002199797677253 0.000101561508867576 0.0032639895153182955 0.281112205964617
20230613090743 IMSR 86.21344337234504 3.770508 0.00380054046497835 4.636135838957454e-05 8.93870593349372e-07 2149.9128654684196 0.1355094052141996 1.2112787244323708e-07 0.07664620559589837 3.7173205518907954e-06 -7.050492723188933 18.035467490703304 5.784337829395521e-05 0.0024979844334137315 0.18053199091521038
20230613090743 JPSR 139.99320861716015 3.770508 0.001124595652673564 1.4409706815260152e-05 2.804802541867131e-07 1852.6437182011316 0.14597682525415426 4.094361705265459e-08 0.08050792116007656 5.787572895691643e-07 -7.95428704922185 6.827557940546596 2.5332277671161777e-05 0.0010057890194574018 0.0683632881552756
20230613090743 LPSR 74.33597203581142 3.770508 0.0027020212937314803 2.797548450197752e-05 8.897346668878963e-07 964.5351604046953 0.20231162410892528 1.8000366548410392e-07 0.06505320797872419 2.2587901358088434e-06 -7.395243033901327 16.90098732546923 5.5434777814793495e-05 0.0018395491169863713 0.16981011726520914
20230613090743 RASM 52.281351607396246 3.770508 0.009230695181851252 9.126519999617307e-05 1.4765847455742752e-06 5646.299075373474 0.08361764447113441 1.234685382869302e-07 0.06212274941113983 3.1971452815124734e-05 -6.3730178772803505 72.95189606641455 0.00010313870794128818 0.007445450837791158 0.7308035175652553
20230613090743 TMSM 52.28183353264526 3.770508 0.006951986770776589 6.918979509174586e-05 1.4259018012433727e-06 2246.3030604490127 0.13257013360088085 1.8903199229257057e-07 0.06253353440697947 1.3097322148025595e-05 -6.546875637529477 37.45694420709337 9.995885380911336e-05 0.004566162009703815 0.37479362684552653
20230613154608 ESJR 42.8683673314093 3.219077 0.0020532460863945503 3.1568959360189184e-05 5.955045530046233e-07 3514.3464221774584 0.1059882163827148 6.311646542074587e-08 0.09660489452737457 2.656156430625337e-06 -7.384557382300557 15.157204948371675 3.591077275192701e-05 0.0020794011416133073 0.15160654477206298
20230613154608 JSJR 33.12045151151177 3.219077 0.0030897949329320128 4.0898484208629213e-05 6.990071917791881e-07 3271.3909777324925 0.109853435295193 7.67883413129896e-08 0.083168223342811 3.1219465749645735e-06 -7.088383087588884 15.315146046102779 3.6285259228806765e-05 0.0020893373926165384 0.153321874933967
20230613154608 TSJR 12.342695384751007 3.219077 0.002500573256914364 4.596182558596621e-05 1.4162009162407063e-06 848.1245789319973 0.21574962208574355 3.055448124764161e-07 0.11548818512489738 3.0021670713068664e-06 -7.14167227844814 16.168459201363746 7.746354120407345e-05 0.002094096307843853 0.16221830738922183
20230614232018 CBJN 12.99197446449389 3.009053 0.0037620933482174447 6.73783701457229e-05 2.730445584857501e-06 558.0167929932454 0.26598444162573326 7.26256044277771e-07 0.1125306434838747 8.871629826940041e-06 -6.9216705492218855 26.275169921774836 0.0001517135841909036 0.0036039116674030647 0.26330469559851044
20230618080025 RASM 93.5368703960416 4.046257 0.002542906476365826 3.067866014262722e-05 8.025569746586225e-07 1572.2308827847296 0.15846074995364026 1.2717378008492998e-07 0.07580290838206222 3.0342728065647437e-06 -7.33564177560639 21.262675029102898 6.340257747894547e-05 0.002356313440890134 0.2133476826340379
20230618080025 SKSM 118.50058786254124 4.046257 0.003341043685122019 5.050035882148531e-05 7.627740758502478e-07 2703.272892060294 0.12084673566483872 9.217875711626653e-08 0.09497125523004503 4.23284201705445e-06 -7.000922949951593 17.021407827175928 5.053514177332404e-05 0.002488203936304495 0.17032018817636807
20230618080025 SSSR 194.58471591595065 4.046257 0.00015041493678017549 2.785212769042587e-06 9.977512028076335e-08 395.1731654357695 0.3160720880213929 3.15361305997265e-08 0.11634488118286292 1.8594945182392645e-08 -9.582444795006461 0.9834593570230687 1.0658254851365755e-05 0.0001828908265926107 0.009868466705133049
20230619175801 BBSR 191.65715478984933 3.658914 0.00043819307433356716 1.1702326572527884e-05 5.078362594602359e-07 445.43223133078806 0.2977070016327762 1.5118641012431142e-07 0.1677979198830344 2.9973689908001246e-07 -8.549073480069039 2.891192555731903 3.306339238302358e-05 0.000692717307932304 0.028955004978562543
20230620083919 PABI 206.2550438724014 5.622251 0.0038465523180668316 0.00012266904395769968 9.219070290834447e-06 147.88183164642743 0.5166809600004714 4.763318088180167e-06 0.2003748476319032 4.1170258732607795e-05 -6.574903287979373 25.677714107804576 0.0005938291920726639 0.0075258052450279085 0.2579035166325411
20230620083919 PBSI 110.09204275246084 5.622251 0.0006445992249035864 4.1830206060580685e-05 3.6052650364384592e-06 151.34434902043 0.5107363442034971 1.8413398845952665e-06 0.40773697200062015 3.6176273085303378e-06 -7.6880680482896535 4.603557261271054 0.00014036976841814844 0.0017393521956255865 0.04614077556466907
20230620083919 RPSR 250.80882042265605 5.622251 0.0014126657130540169 7.395447475730025e-05 8.495700140654636e-06 140.5870574712011 0.529916201614604 4.5020091485923615e-06 0.32893108744792243 1.90426960156452e-05 -7.082817315288347 9.830380631392778 0.00039512018459325285 0.0052141304186295555 0.0983452740689658
20230620083919 SASI 206.56831162444354 5.622251 0.007322961852917464 0.0001356657130446663 9.287097581463644e-06 209.72047814018865 0.4338698271169764 4.0293914220881206e-06 0.11640273867474653 5.406527107402025e-05 -6.300060396722244 33.00309337623176 0.0005546472912373545 0.008363722989388684 0.33026664448019344
20230620083919 SMSM 225.49056499848524 5.622251 0.0018303432184683774 5.9740282136202944e-05 4.5942544151943506e-06 169.6653833639311 0.48237328440837063 2.216145591664957e-06 0.20507588914337732 8.915155476304342e-06 -7.077938301337488 13.044330284850547 0.00027928637340722724 0.003655243630327068 0.1311062825757174
20230620083919 TASI 200.37520630511494 5.622251 0.0012981269224856282 6.263208426605036e-05 5.332235058603215e-06 157.86761516260742 0.5000729280294455 2.6665063986969712e-06 0.3031513982199519 1.1713459032277141e-05 -7.174615047454528 11.414724144811137 0.0003033122177840153 0.0040145798494817435 0.11485101299020696
20230620224640 MKSM 49.20366193292663 3.354455 0.003113763187481292 5.38045210259498e-05 1.3469545231029715e-06 1345.3563871776491 0.17130151184106743 2.30735346188703e-07 0.10857080504042474 5.880136434949853e-06 -7.034824174297827 19.13286982019822 9.442034081909633e-05 0.003088218155981129 0.19145900166878815
20230620224640 MTSM 67.79454912903456 3.354455 0.006754360541180469 5.101386861952518e-05 6.850531934023295e-07 4250.880978131308 0.0963696753130283 6.601835382033567e-08 0.047455208797096714 9.71196041109825e-06 -6.6636869030146295 44.230776790185715 6.813480388338707e-05 0.004210017850732165 0.4427223549022067
20230620230938 KTSR 108.05615566973333 3.959686 0.0015191634750318205 3.243382451907299e-05 9.83909400574962e-07 941.9106960028794 0.204726944173321 2.0143276492311595e-07 0.13414470070089848 2.3719503695869093e-06 -7.498739434518768 8.336507635734861 5.585100346713783e-05 0.0016975870869103621 0.0839915026229732
20230623080043 ABSM 71.66394743329218 3.791746 0.011803611837456618 0.00013002866662639918 1.8845003028111441e-06 4023.8046575271915 0.09905158373522875 1.8666273954296198e-07 0.0692156111967831 3.34393095829045e-05 -6.077888484197218 59.301233915568716 0.00012165390840358717 0.006264012083554078 0.5949307256830553
20230623080043 BEPA 40.74876611240322 3.791746 0.1305992526172249 0.001233944275425594 1.8470418237001494e-05 7106.551107108608 0.07453331309021831 1.3766614653657105e-06 0.0593655812407757 0.0011835379213054054 -4.016928825143798 321.7106618577449 0.0003707255030289034 0.02864169672158545 3.2198312956506614
20230623080043 KBSR 70.63550932884459 3.791746 0.014540900760280095 0.0001828897560318685 3.6763450569667016e-06 1242.5959383784002 0.17824399336297414 6.552864239339756e-07 0.07902744450825618 3.734967395756022e-05 -5.74949418834545 52.589172759292296 0.00021768575664169034 0.007550112762319702 0.5264857213991665
20230623080043 MBSM 96.77494486935394 3.791746 0.01115170933843165 0.00011865925858759699 1.5787031749162272e-06 3662.4271677810457 0.10382342937592665 1.6390637758646608e-07 0.06685594893950725 1.7701292869361848e-05 -6.122455263708246 53.25049436375772 8.447859240622055e-05 0.0045651098533887 0.5334172569760761
20230624064226 KCJR 100.38876379068311 3.372591 0.0006060494999667873 7.456155728088818e-06 1.5387856314758112e-07 549.1707649734292 0.26811811878936237 4.1257630873139554e-08 0.0773012899463459 7.910173717207062e-08 -8.535827824861187 3.2982016992373104 1.8016263656773248e-05 0.0003516534945484722 0.03311556726013669
20230624064226 PGJR 51.987489633298466 3.372591 0.0015383260308593366 2.0438508297172998e-05 2.795364126288487e-07 1975.257557209155 0.14137349750022532 3.951904033200649e-08 0.08347966065537377 3.7802832322405536e-07 -7.653095015112126 7.7893509904648255 1.814958100389156e-05 0.0007263648794853907 0.0783167259914188
20230625044533 MNAI 174.8818583415633 3.750177 0.0003297432844038648 4.0082178865784675e-06 1.0624011447712195e-07 541.6085039448487 0.2699834427291318 2.868307186247046e-08 0.07637570474999812 8.60849024142679e-09 -8.91140361560215 0.9614479414794093 6.237210747554502e-06 0.0001191428716014887 0.019314647292217987
20230625044533 PPSM 97.089670140116 3.750177 0.002298124546882623 2.141581613037318e-05 6.537268303904427e-07 726.9109031353984 0.2330447248877668 1.5234758934009252e-07 0.05855189242643471 1.1987521490457913e-06 -7.557702887103249 16.865997526455565 5.3597511998818697e-05 0.0013709314235506036 0.16888586378464596
20230625143626 PGJR 136.5462878889911 3.837267 0.0009666558345898615 8.582976189495246e-06 2.5751787828069213e-07 1033.5133769681622 0.19544376367127486 5.033026334381972e-08 0.05578865606143043 2.088696762975927e-07 -8.410210018569188 4.894848192478546 1.9333414040360526e-05 0.0005660461964527906 0.04906987700933182
20230627034803 BKJI 122.2341170321331 4.401381 0.004404280611443656 0.00010124019621213767 3.831406324968268e-06 361.35271269340717 0.33053253063220606 1.266404428472002e-06 0.144430150904389 1.4398361126582272e-05 -6.5183446128940785 21.958137969365307 0.00021196855297962182 0.003949527041311916 0.2197814920957821
20230627034803 CIJI 144.3115062794777 4.401381 0.002259798587849678 5.344272373728754e-05 2.102341816215233e-06 698.6388796294669 0.23771330653218373 4.997546245933995e-07 0.14859312611629952 6.572260374661211e-06 -7.083016479095267 13.5913842213458 0.00011620752886197598 0.0029085177930325934 0.13597168630709713
20230627034803 PGJR 156.741434838169 4.401381 0.0017926590217614616 1.8183328516368028e-05 4.544661020298921e-07 1620.796880337056 0.15606861355432086 7.092789445124179e-08 0.06373170869795541 7.371439391853766e-07 -7.720385589563455 10.067614717597241 2.7502040934956358e-05 0.0010179618142997279 0.10075875088902797
20230627034803 SCJI 82.23248997783158 4.401381 0.00654299027397238 0.00013049338903122745 2.978358599233845e-06 1388.3053031025925 0.16863098509986382 5.022435445694538e-07 0.12531183913059554 1.3902175409709454e-05 -6.256968822748016 29.87800379881751 0.00011657605344056156 0.0036858771535480737 0.29967237613645736
20230627034803 SEME 220.90118630353254 4.401381 0.0022952266641817235 3.973827438237529e-05 9.544570207247293e-07 1008.818096491874 0.1978214752518944 1.888120959042939e-07 0.1087835661847482 4.333734164440195e-06 -7.207508943883383 16.41511358126028 9.321053891435269e-05 0.002653293773945001 0.1643159597304174
20230627133300 ASJR 107.74887796055984 4.410526 0.003261287774897771 6.494964502164096e-05 2.660196070998609e-06 413.4406357673026 0.30901053678371876 8.220286158492197e-07 0.1251317526921697 7.827169497845392e-06 -6.798861646813347 14.853844125227727 0.00013855172669816784 0.002840944575674105 0.1488589261608271
20230627133300 BSJR 73.7296151727676 4.410526 0.005314026864233702 8.203520193995298e-05 3.671142184094201e-06 328.35741999212 0.34674200095080054 1.2729391866877156e-06 0.09699656939445132 1.2899926797217699e-05 -6.67233555174543 26.763321822669813 0.00023883686150957895 0.004286080447865373 0.26805661151109184
20230627133300 CPJR 52.618198519039396 4.410526 0.01231351604145005 0.0002548078940091623 7.150289290017579e-06 471.38267823350577 0.28939635617731463 2.0692676661447656e-06 0.13002015106021708 9.530911898045807e-05 -5.669526213356461 72.2070525165549 0.0005363926993137696 0.011609707201311978 0.7227747442342022
20230627133300 ESJR 125.71699061655762 4.410526 0.003199955573049939 7.728413610015677e-05 3.438283047358756e-06 606.4820727120821 0.2551354959526219 8.772280505133684e-07 0.15174915317956955 7.800704997892614e-06 -6.86572173148043 8.683356465667439 8.12825360348188e-05 0.002071212786877333 0.08730722713079891
20230627133300 KTSR 179.28921169013913 4.410526 0.0012617698728921863 3.669058576576967e-05 1.460442281518116e-06 599.5683255404482 0.25660228985345235 3.7475283363634885e-07 0.1827066522573366 2.4785487421855943e-06 -7.50073383525128 5.537379396236132 6.459654188133962e-05 0.0014937400330308555 0.055478577820200305
20230627133300 RSJR 129.3703659327201 4.410526 0.001869373972640027 3.443685674432964e-05 1.4725434200651127e-06 357.01705429471707 0.3325334875648622 4.896699990649418e-07 0.11574631694258954 1.7219178797216193e-06 -7.407590027316337 8.27463903575778 7.489775634740376e-05 0.0014062313504426298 0.08302390333927272
20230627133300 SADLY 80.02513180057132 4.410526 0.0029887820410329355 5.627955983453484e-05 3.0737384063078343e-06 374.5460525215068 0.3246588576753516 9.97916399784757e-07 0.11831404852950499 1.280504905816695e-05 -7.0129776780981015 25.155286350820802 0.00024037308535972406 0.004674046152674915 0.2521413571760952
20230627133300 TSJR 153.56508719386295 4.410526 0.004676097950812598 7.096891569244962e-05 3.2954015428238612e-06 290.2757431672301 0.3687860591976129 1.2152981484517454e-06 0.09535960389105562 7.90742759977469e-06 -6.7769751992740135 15.959298654381193 0.00019665027434628726 0.0033440770769792892 0.15967277857395396
20230627191308 LLSM 98.05026445470428 3.880385 0.0031727865991650625 3.9219209216642795e-05 8.23976622452788e-07 2547.159328844138 0.12449497219741845 1.025809467035826e-07 0.07766723396211378 2.8955991947175713e-06 -7.1679839041239966 17.65828534824755 3.991761906668444e-05 0.001717641137189968 0.17664052165938526
20230627191308 PPLI 85.80282143105171 3.880385 0.001711578897198714 4.718785937196409e-05 1.4227747017122429e-06 667.37178255511 0.24321813182383595 3.4604460495666714e-07 0.17322605762926677 2.122292839422782e-06 -7.217619907147182 11.422072417256683 6.599528079750857e-05 0.0016105300447425874 0.1142701829806962
20230702143629 ASJR 183.80778770186524 3.785586 0.0004470637728799085 9.795779056439809e-06 3.50523013125239e-07 545.0569638322099 0.269128023558251 9.433556573407845e-08 0.13767318842077927 2.2402271401546983e-07 -8.597620445528216 1.9561441957859658 2.6774698209512435e-05 0.000535030473264608 0.019585145040471236
20230702143629 BBSR 172.72762253186312 3.785586 0.002411639051202918 4.003852117461345e-05 1.1852559563769384e-06 606.5964084248454 0.25511144992044904 3.023723655581692e-07 0.10431471817478155 1.542928682067518e-06 -7.15601644627467 11.164307840694967 6.619370805348594e-05 0.0015697550002354839 0.11197946625619956
20230703224056 LPSR 46.47117525264464 3.214181 0.0011666050212880902 2.283290515806272e-05 7.72312528128032e-07 720.7372668349636 0.23404069499793353 1.807525608386957e-07 0.1229751043339087 9.147767720110106e-07 -7.955754607916546 5.338679200500318 4.0839147560461076e-05 0.00104155175344559 0.053445510334157426
20230703224056 RASM 68.44397759007201 3.214181 0.0010217438737562398 8.71337908459149e-06 1.9041420314163907e-07 2718.605194806716 0.12050548005389956 2.2945954958663966e-08 0.053582680402008934 2.2415122589255636e-07 -8.413281555200152 8.389175025092456 1.1881022130920465e-05 0.0006286683131019805 0.08390794370917631
20230705133329 BSJR 122.52066724874311 4.507154 0.004777835992532318 0.00017479587411180477 7.924028397389296e-06 335.22708605665764 0.3431707922723406 2.71929510312061e-06 0.22986868316356832 3.653859331825206e-05 -6.166480420239852 24.217338707079474 0.0003370945263736278 0.00652741028538872 0.24282855842904472
20230705133329 CBJM 176.47627271395694 4.507154 0.0015768307868564307 1.8092036220928216e-05 3.59885574218419e-07 1188.4152305443608 0.1822618456772911 6.559340898968077e-08 0.07209119526827652 6.822311402573038e-07 -7.759403743359686 12.16437468512136 3.7321762467449764e-05 0.001045843113933061 0.12230536474311568
20230705133329 CCJM 150.9637561852954 4.507154 0.00963758349323295 0.0001513951347105059 4.102757332878093e-06 1437.8603989803596 0.16569961792402402 6.798253224928879e-07 0.09870147290131835 4.5998275308726035e-05 -6.070517042611166 51.108912135170286 0.00020795007655923284 0.007590537966308651 0.5124803537416871
20230705133329 CSJR 124.39837677147067 4.507154 0.0048055125660298684 8.882027268351334e-05 4.133848141229122e-06 495.91212218778446 0.28214834433923813 1.1663584087976338e-06 0.11613209301537526 2.9534357086276735e-05 -6.575907021618193 27.768466694239073 0.00028777604061435276 0.0065477348992968205 0.2787592594032195
20230705133329 KSJR 122.1355397142215 4.507154 0.005288353880699722 0.00011509467027502997 4.063078564172859e-06 839.9035886573347 0.21680293135199516 8.808873430261314e-07 0.1367459813621745 6.476566597213358e-05 -6.414992125330776 40.092092852199244 0.0003574972473404668 0.010744212140655105 0.4030637262591738
20230705133329 MGJR 195.64945620649203 4.507154 0.0012106342736152567 3.610086554496494e-05 1.2807131009201208e-06 816.7382587628761 0.21985604867441264 2.81572521853852e-07 0.18736329617632835 4.680654648463266e-06 -7.550241097483986 7.62196354840722 8.761952261237772e-05 0.0024517768887679634 0.07665559657042925
20230705133329 MLJR 98.24026413638096 4.507154 0.007435523895501492 0.00015327221216502698 1.0301614198987495e-05 406.227688921149 0.3117418492633837 3.211444260790293e-06 0.12951847442207126 0.00011077088378065208 -6.21847201135024 53.28274935801816 0.0006359973959014278 0.013604002400973793 0.5332076451865073
20230705133329 SADLY 121.51730314139367 4.507154 0.0010830692209231536 3.2622804189126885e-05 1.7331478251204444e-06 247.041998433476 0.39975552279175025 6.928354149064081e-07 0.18925394610088564 2.0380670891907865e-06 -7.577501270674036 7.038999312809246 8.482602786277305e-05 0.0013801253399305944 0.07041102949136421
20230705133329 TASE 165.9774778702649 4.507154 0.003578064453029113 7.795819695542434e-05 1.8893202894456415e-06 1256.8496368271958 0.17723039538960725 3.3484498191605826e-07 0.136896862567654 1.3539045567219823e-05 -6.733367767116237 22.603556314536817 0.00012307097643975473 0.004151065916358291 0.22623576778665427
20230705133329 WLJI 92.04513669184541 4.507154 0.007217832567938582 0.000239881673611537 1.0039893876825083e-05 530.3420734141066 0.27283609641363576 2.7392454537601197e-06 0.2088190593105046 7.585935302629748e-05 -5.886373242033273 41.828842621985245 0.00038351931503564614 0.008567721354016435 0.41874554084311344
20230705133329 WSJM 115.75983469910915 4.507154 0.004802920594048089 9.013987507406361e-05 3.061363144725517e-06 934.2020011183619 0.20556987496987275 6.29324038898601e-07 0.11792107064152084 2.5912180729082635e-05 -6.583785421963472 32.90534427959664 0.00019998139596559165 0.006232825569923995 0.3296788417344313
20230706025251 BOSM 52.69950598472434 3.322611 0.0015811319162532755 1.691534225176926e-05 6.429277778079347e-07 644.0971460988083 0.24757351396780305 1.591718891794213e-07 0.06721907818677271 7.572284640075069e-07 -7.982091714543665 10.972440064441455 4.680942210894714e-05 0.0012025064439285089 0.10977732691771305
20230706025251 KPSR 14.742414218828387 3.322611 0.003458074278790609 3.307189011377977e-05 5.901915269966331e-07 2329.8261305782457 0.13017216032707407 7.68265060758864e-08 0.06009032695394605 2.4441226131779504e-06 -7.174320950872647 19.31495675558137 4.73613577829276e-05 0.0018827349146635411 0.19401130542165562
20230706025251 LESM 39.831626888321026 3.322611 0.0030765547425079514 2.6685585915094504e-05 4.983465348056165e-07 2314.3270249232637 0.1306073160784602 6.508770338796253e-08 0.05449943048909261 1.695129811696383e-06 -7.496081470551638 19.054387806139953 3.789857347945367e-05 0.0017080666260772212 0.19081498714803402
20230706025251 PPSM 19.73786266863052 3.322611 0.01624852871669899 0.0001311075764387881 1.6456948913083983e-06 1682.7248307196196 0.15316986045315864 2.520708568501834e-07 0.0506983255101434 1.8630266000346186e-05 -5.959946964109715 82.58388646933403 0.0001520732779287606 0.0053404711663762325 0.8265384702959004
20230706073752 BEFA 54.859956900450506 3.592215 0.02572732627253043 0.00024325258361971493 4.785114557808188e-06 3138.8474625737927 0.11214883406456835 5.366450185235809e-07 0.05940769138395738 7.674754128779139e-05 -5.51377602456078 106.54264265393938 0.00018024788378145316 0.009301011906681641 1.0669501253896359
20230706073752 BEPA 53.213160566533936 3.592215 0.028194951926533672 0.0002256430896098315 2.57990766615682e-06 7670.752492693039 0.0717399192373339 1.8508236760986885e-07 0.05028408450552734 0.00012363316412125286 -5.39129143134345 162.61433023356227 0.000156448072246924 0.0124276326961196 1.6273344473734994
20230706073752 KBSR 110.58887683511172 3.592215 0.0016689181702293368 5.173532420890244e-05 2.177523292903088e-06 671.2647748842049 0.24251183591920691 5.280751715187648e-07 0.19477445612979288 1.1247836119839549e-05 -7.271049064586222 17.204164980421925 0.00019478140091883843 0.005152173500545686 0.17241639892213712
20230706073752 MTSM 150.1556151308375 3.592215 0.0022533526862928543 1.9860245090827766e-05 3.026308648223889e-07 2886.379196116118 0.11695079423554054 3.539292000116689e-08 0.05537774930251505 1.1927851141107572e-06 -7.438356211115287 18.83511037152972 3.0749267311473805e-05 0.001486654458831827 0.18850756517662476
20230706073752 SSSR 54.90752563427795 3.592215 0.00388419167365538 4.800660409063496e-05 1.472373071301383e-06 1513.6966799742897 0.1614955051145771 2.377816328669181e-07 0.07765692705530142 7.3624899080513535e-06 -7.108936396087783 23.7552994183403 8.015634051828068e-05 0.003360784887726659 0.2377176638986599
20230706073752 ULSM 93.92537256848104 3.592215 0.0029150825804668164 2.1232370540691743e-05 4.046492503137376e-07 2185.6172640611985 0.13439800190728834 5.4384050715448505e-08 0.04576437028295215 1.3918877419383823e-06 -7.3576744789378195 16.63601837443727 3.864847249572866e-05 0.0014649597783009405 0.16664940091337951
20230708204024 ESJR 96.10816710771684 3.126179 0.0006218060366597926 1.1429108576052099e-05 2.2469387134110355e-07 1384.833838382333 0.1688422126472751 3.7937810405514076e-08 0.11548811501568076 1.3405811083555173e-07 -8.325766017721714 2.769089253294308 1.3567268190873098e-05 0.00043695115455702813 0.0277283525969432
20230708204024 KSJR 136.11559022213427 3.126179 0.0009991030094048206 1.2041994415869285e-05 1.938259362762515e-07 1470.5364892446971 0.16384830978388548 3.17580520511429e-08 0.07573001149100878 2.8349041605002056e-07 -8.169278986279679 5.323561209922639 2.1051532056203273e-05 0.0006951254481779408 0.053324388268539746
20230708204024 RSJR 85.93101074975324 3.126179 0.0005103906938741735 1.1727130427266665e-05 3.501134304663984e-07 822.7240590847287 0.21905479773602599 7.669402669548311e-08 0.1443673140602869 1.3260298463883594e-07 -8.371038445080261 2.5486185987108425 1.614363798567013e-05 0.00038163100744994025 0.025489491734779778
20230714114842 BOSM 84.12164774523045 4.109337 0.005052533829617018 7.860846745814732e-05 1.6762003868864948e-06 1483.965612234509 0.16310525356977007 2.7339708913686843e-07 0.09775522231196508 1.4680110168818595e-05 -6.670798490634511 28.549025542991355 0.00012174719802928259 0.004185279013871196 0.28698373499915886
20230716015512 PDSI 103.44606733480329 3.17837 0.0008575477420506506 4.889786524729001e-06 1.1150338596765831e-07 1465.577238529029 0.16412529232472778 1.830052581713887e-08 0.03582708383553452 5.115212457009289e-08 -8.755726431473077 5.3359462439899765 7.982236856280516e-06 0.0002917867459929465 0.05344665492165016
20230717024215 CSJI 18.976856081867254 3.435274 0.0034714226690764046 7.048352355449957e-05 1.4706777913163312e-06 1653.7274949911807 0.1545069056277487 2.2722987471173825e-07 0.12757335588688315 4.82385560941493e-06 -6.777418922461025 25.321442505585683 5.732961021567793e-05 0.002509020192284268 0.2536753532576216
20230717024215 ESJR 22.083435726642076 3.435274 0.0034968839142415537 4.367293025594187e-05 9.320477568767157e-07 3462.779337721679 0.10677447866871022 9.951891333485209e-08 0.07847132488100597 3.838668639060626e-06 -7.124528383919263 19.99905327033616 3.98977580471768e-05 0.0022810629936032816 0.2001312788423899
20230717024215 RSJR 18.832211716056058 3.435274 0.0044941054462548395 8.349915816042227e-05 1.961544880307545e-06 2032.865334046708 0.1393559651095624 2.73352979900979e-07 0.11673973608087872 7.387982403958095e-06 -6.638869625644525 30.602500775580168 6.25624720116545e-05 0.0031775432506752667 0.30654596084700314
20230717024215 TOJI 206.8292312637617 3.435274 0.004731462522044575 5.2151861210685064e-05 6.806280458541107e-07 4036.857275267683 0.09889131930762435 6.730820541228325e-08 0.06925550114247706 3.0653739871471e-06 -6.876229918005498 18.881812733507314 3.827366020003496e-05 0.0021431540730876943 0.18958674412021748
20230717024215 TSJR 41.83527358362223 3.435274 0.00947692761298675 7.38046519367329e-05 9.873645778042478e-07 6732.040594214056 0.07657843829526471 7.561083739631269e-08 0.04893234638775877 1.310428743129666e-05 -6.500188183262103 62.106130932129844 6.40473359928872e-05 0.004416095770010211 0.6236976285002545
20230720203847 KTSR 222.42244819502386 3.912419 0.00022275789338530678 4.181579865268301e-06 2.164867523026785e-07 251.7702854741411 0.3959839944133169 8.572528891438095e-08 0.11794707146384248 4.90678686329602e-08 -9.24076710278898 1.312881709130447 1.8894145591072366e-05 0.00029686679086186874 0.013171702764773236
20230721224141 ACBM 114.60647310522288 4.645769 0.006285922305943656 0.00018249333691973488 5.787459253144825e-06 613.3872274809005 0.2536953482762185 1.4682514908609997e-06 0.1824138761798005 6.060975504590526e-05 -6.091424469628339 25.743312028708587 0.00031765927138884844 0.007479164716244853 0.2579691694677197
20230721224141 BBJN 134.48186631873943 4.645769 0.00456432268932825 7.877528038246188e-05 2.974067345229504e-06 398.8227229210928 0.3146226040091908 9.357088126548076e-07 0.10844099288275388 1.6876864131908925e-05 -6.659096064005646 29.901443413554787 0.0002571013232889121 0.005154979918215119 0.2994033196160383
20230721224141 BKJI 134.53228418285673 4.645769 0.005826508916784377 8.861408586655124e-05 3.4482521841050747e-06 392.1427639022592 0.3172910088747737 1.094099414349341e-06 0.09555957611631849 2.1779899854740095e-05 -6.562643450854616 29.243055120335097 0.0003068446379014706 0.005966404896060014 0.2938524095317358
20230721224141 CBJM 125.62513632029741 4.645769 0.011000717061654234 0.00014754307631888777 4.120483532464649e-06 1025.8514574904132 0.19617227493052233 8.08324628377345e-07 0.08427091471467299 3.621755747008011e-05 -6.109053111944491 51.72816247758586 0.00021055663430701493 0.006834577573764102 0.5189980209051256
20230721224141 CGJR 58.631620213864046 4.645769 0.015216561011786176 0.0002901890544514913 1.0233055709997332e-05 357.8598299154283 0.33214169126858967 3.3988244303642126e-06 0.11982415749666948 0.00011846220128315456 -5.534849219795064 74.69281946026902 0.0007141088865855877 0.011859505342154249 0.7488348167619918
20230721224141 CIJI 109.86517288255384 4.645769 0.004418587430614146 9.149282856407516e-05 4.9801195919535994e-06 223.3789615401928 0.4203961543085617 2.0936231244540166e-06 0.1301018493292994 2.509671040298944e-05 -6.538973629348296 30.84529400970742 0.00044614404631621203 0.006264719047389374 0.30925427833259594
20230721224141 CSJI 136.2834287643141 4.645769 0.005264576708991311 5.460418774736831e-05 6.688877340134326e-07 5039.886918373591 0.08850533948873447 5.9200135978709176e-08 0.06516919576435912 6.5579717671620166e-06 -6.717821743101686 28.915043066647407 4.46237105429222e-05 0.002656856633462543 0.2918534417040921
20230721224141 CSJR 142.25629693549186 4.645769 0.0031170303654509193 4.9053539793921854e-05 2.6803347723686803e-06 311.81183045268 0.3558226370676146 9.537237869282483e-07 0.09888016617179536 5.225865905642734e-06 -7.073326867931986 16.55998580683658 0.00014201932462467147 0.0025541692735473118 0.16572129162508528
20230721224141 JSJR 132.44743621386934 4.645769 0.006960645681340999 8.172147057636951e-05 1.1907751002294265e-06 2955.4665861177796 0.1155757822428668 1.3762476368434407e-07 0.07376774608467519 1.309433430727839e-05 -6.5261935255825865 30.91909809365839 7.78164414952779e-05 0.004085426571521067 0.3105265801017776
20230721224141 JTJM 136.06529724184955 4.645769 0.0046809332651432415 8.234923988554915e-05 2.6110979105767593e-06 696.2217682100152 0.23812559018800872 6.217692309947672e-07 0.11053683203715918 1.2002209386785459e-05 -6.628945282979493 26.424358308899222 0.00015392321840690588 0.003987038171569593 0.2647848772287149
20230721224141 KJJR 139.03850537803055 4.645769 0.002944986407795171 0.0001534294554502157 8.999563735987112e-06 230.00101554355064 0.4143000555775333 3.7285197559930137e-06 0.3273447027197315 6.492599104669227e-05 -6.40253156920325 21.868677057500243 0.0006308444522941823 0.010380192316319712 0.2192193899450342
20230721224141 MBJI 241.23111636284807 4.645769 0.0002971853665427574 7.315661946689983e-06 3.4458991075705887e-07 253.81414928401472 0.39438642140847646 1.3590158175694272e-07 0.1546699966773836 1.2722867904994785e-07 -8.875423497008471 1.4426165082564322 2.9494727808188133e-05 0.0004549646847681518 0.014429874816077163
20230721224141 MGJR 73.42439308923446 4.645769 0.007997025826392777 0.00015793398147096238 6.596952120584853e-06 433.8536402146962 0.301653414442991 1.989993132091351e-06 0.1240871910914328 6.667667459619626e-05 -6.090396724136718 54.8059823691594 0.00046801404297090575 0.009577995241804565 0.5482662405856511
20230721224141 RSJR 136.36321754960636 4.645769 0.00607852908640256 6.28228893953637e-05 1.0494471893560976e-06 4059.5973499190072 0.09861395756070332 1.0349014059336159e-07 0.06493805491307243 1.1312447171830268e-05 -6.745992132884824 40.328110029526464 6.817295227049264e-05 0.004082627773963834 0.4039453297244099
20230721224141 SCJM 138.03469453577586 4.645769 0.0025006826338268423 9.791951034577012e-05 6.230917222016745e-06 180.51486236664857 0.4676526353688517 2.913904859641295e-06 0.24603139173611924 2.892873191774406e-05 -6.686829318341786 16.681769270620855 0.00048581950579149367 0.006268052494420605 0.16728134988923155
20230721224141 SSJM 143.16586205870752 4.645769 0.0035317899995666725 8.006253907036648e-05 4.104873800912092e-06 379.3213976345362 0.3226087907782969 1.3242683732097615e-06 0.142434224346334 2.212830640203928e-05 -6.842253353052781 28.685791274124036 0.00032067389166056407 0.006192814450424241 0.2875009901053388
20230721224141 TSJN 111.45573427904459 4.645769 0.010148395545773117 0.00015874765655015015 5.140171771982651e-06 409.9241356684532 0.31033311702219496 1.5951655280288752e-06 0.09828558008862161 5.3839900412004414e-05 -6.0341658145916295 56.04879708130453 0.000467071141744233 0.008936145970620807 0.5617266243415673
20230723004400 BBSR 146.28089318734806 4.116146 0.0008044206021763328 8.36537896845471e-06 2.741233031786045e-07 495.26137519229997 0.28233364741720396 7.739423202846743e-08 0.0653404774584106 1.8663573925650978e-07 -8.564219167070743 5.130309817077238 2.773587222892183e-05 0.0006075444422965514 0.05139671512789101
20230723004400 BOSM 109.89982370156861 4.116146 0.0038534213733667924 5.968201745455313e-05 1.6876031109636283e-06 1013.7051052732625 0.19734405668834018 3.330384439974255e-07 0.09731434453679967 8.656492412428974e-06 -6.91801380157558 24.560235022841223 0.00011214774262865046 0.003631183563120766 0.2457027769556194
20230723004400 MNAI 68.19469368313355 4.116146 0.003738458929333585 5.1232230055581376e-05 1.7515059118479723e-06 563.3232351865356 0.26472870548314303 4.636738926895858e-07 0.08610542504920744 1.5787356602360297e-06 -6.875138773767129 4.51836123405013 6.06639558510257e-05 0.001387851578315578 0.09053161077149684
20230723004400 MTSM 75.52100556595795 4.116146 0.03062259217305436 0.0002903806621433603 4.155332483879143e-06 5645.088934039378 0.08362660657488521 3.474963548172017e-07 0.059580701057491824 0.0002639070085398728 -5.255074847664361 168.63929903580961 0.00025583448847301933 0.018271391350103968 1.6928198066669995
20230723004400 PKSI 106.02677328039596 4.116146 0.002259475369393694 3.225128597542719e-05 1.305301285698245e-06 302.97457343352204 0.3609747107041317 4.711807539866551e-07 0.08968489275137692 2.5598418341644586e-06 -7.445054758813798 14.347205294492216 0.00012655685147599567 0.002024046668276553 0.14357611020113123
20230726123129 KCJR 155.61991044301058 3.730808 0.0003398391397922925 5.778931282237704e-06 2.434674909048067e-07 827.5757644030502 0.21841174387925325 5.3176159266425055e-08 0.10684495066091836 1.2177795664185215e-07 -8.980101977405113 2.2175318729712927 1.4972812095762807e-05 0.0004347647466528419 0.022210385531651698
20230726123129 PGJR 50.29936324566853 3.730808 0.003630391995993638 4.1685304885412576e-05 1.4475118954200281e-06 587.6236214946063 0.2591971641573301 3.7519097837687303e-07 0.07214551361681239 3.8677292707270235e-06 -7.081064323362739 17.049368604504423 9.846548114440108e-05 0.002382406247879666 0.1706030077847626
20230726203109 BBSR 104.10404228468144 3.85799 0.003948196216285476 2.8569935316930836e-05 6.661245957855631e-07 1881.006720512252 0.1448720797354065 9.650285555436152e-08 0.04546638210886514 2.145681635668068e-06 -7.249982864430404 17.118838557852108 4.779676983951701e-05 0.0018646609536765843 0.17157672326092943
20230726203109 MNAI 241.79697847892905 3.85799 0.00026074322125733935 8.524110245726178e-06 8.274904631357287e-07 76.2748619459144 0.7194310095459078 5.953222992833481e-07 0.20540731219956168 9.125036493311173e-08 -8.68103623559788 0.9419598354550456 4.6925072113171e-05 0.0004231837921810643 0.018906869175711664
20230729072134 RASM 72.42823555134223 3.081419 0.002144973593564339 2.4379325163184283e-05 5.420140780878346e-07 1377.3786232945022 0.1692985346404139 9.176218917474526e-08 0.07141338155577551 9.923164470825777e-07 -7.474042469753326 13.483096882372484 3.930792803222257e-05 0.0012485441063552997 0.13531033603232923
20230803203455 GCJR 123.51974866890244 3.251797 0.0007249950244969719 5.233246202539737e-06 1.7747318429569165e-07 455.8200583627905 0.2942951819837738 5.22295030695404e-08 0.045354043183214114 6.054890264266662e-08 -8.753128678010267 3.9541552134021583 1.659946105453238e-05 0.00032797684156562123 0.039613445168126836
20230803203455 JSJR 164.16594773242758 3.251797 0.000418435254687689 5.34133736420337e-06 1.4073688276690638e-07 728.3961968026986 0.23280699953193135 3.276453140044065e-08 0.08020503069823995 6.319722346045678e-08 -8.916196130456083 2.5080304513127123 1.3335202490133205e-05 0.0003222341193609715 0.02511595662685813
20230803203455 LSJR 165.96124074373114 3.251797 0.0004397337677318462 3.1776526443648152e-06 7.47694482693158e-08 397.3561632354456 0.3152026728603109 2.356752994277909e-08 0.045404246549854886 1.5534753545986503e-08 -9.329802026805778 1.6160615091315786 9.726751831519433e-06 0.00016888888430479653 0.016176164383878366
20230805041601 CLJR 194.71125638282763 4.637439 0.0011296546796646769 2.6778854747091702e-05 8.664168593736077e-07 918.1882843494726 0.20735475303808418 1.7965565390344695e-07 0.14894508004868146 1.3362537123008289e-06 -7.744347376623958 6.901028599834807 4.263068947110777e-05 0.0012922818113432475 0.06934667836921979
20230805041601 DSJR 139.0859502564806 4.637439 0.003927321387570264 0.00010943900042563912 5.388564469817939e-06 540.1186894647711 0.27035553525865363 1.4568282315133922e-06 0.17508766195786513 4.1847026111303706e-05 -6.465414731586885 21.905765647281267 0.0002983517594517491 0.007208749330773487 0.21961782625585075
20230805041601 SSJR 104.15266955900896 4.637439 0.00589329733866853 9.0204843236996e-05 4.213854965956677e-06 442.27805385102823 0.2987666884755148 1.2589594938949795e-06 0.09617260305945839 1.801548876362062e-05 -6.427279311849895 29.29035130450251 0.00024204639287641423 0.004911474949881412 0.29329022438161895
20230808153054 BEKI 100.99054624303172 4.722775 0.008061368855465946 0.0001433516634172783 3.3318338491519678e-06 789.5451935601128 0.22361007708480446 7.450316238426323e-07 0.11173103247006007 3.354412747705458e-05 -6.071323635132799 49.625579448479186 0.00024967858702675666 0.006654547287477744 0.498460521652304
20230808153054 BLSM 205.67382465516445 4.722775 0.005534518519414984 0.00013413440638394592 5.026124205806336e-06 442.3323755769135 0.2987483425196698 1.5015462757826347e-06 0.1522790697008907 4.4471884012840294e-05 -6.305891267782585 27.808005590554117 0.00039476818706398235 0.008288512028645258 0.278350824439598
20230808153054 IMSR 150.71622848129348 4.722775 0.007931961175199105 0.00018476278535795742 6.196879066470084e-06 875.996185406752 0.21228962058787443 1.3155331058498757e-06 0.14635709790215323 7.641286814589642e-05 -6.0961734012413356 42.95423769809142 0.0003651553858038303 0.010891787753958649 0.4299968539153808
20230808153054 JMSI 182.85764366723856 4.722775 0.003950271881208289 0.00014148236984962758 6.2622048403914424e-06 425.3229969718871 0.304663506080168 1.907865282465856e-06 0.2250376617601869 3.376861199112222e-05 -6.428216578826364 20.035277456777614 0.00029032543971522487 0.006036800722802122 0.20146234810778973
20230808153054 KBSR 100.8920600025571 4.722775 0.04781758203556631 0.001582803272901751 5.726750277682823e-05 926.4856584681235 0.2064241561185371 1.1821395933722747e-05 0.2079788614375148 0.0055110435251910245 -4.287213295578902 285.6058555576909 0.0027965883129878184 0.08723217680321338 2.8575499040194923
20230808153054 KSI 100.9552780490953 4.722775 0.005137421365407647 9.253254647975968e-05 2.9044038045900397e-06 674.6635173837773 0.24190021550059002 7.025759062310641e-07 0.11316944730139046 2.619960900817757e-05 -6.582729949940493 30.96208129712404 0.00023215385033994147 0.006036968872600066 0.31084677846144626
20230808153054 LLSI 155.35182916536388 4.722775 0.0029157517122811384 9.803682387692974e-05 7.859901429040174e-06 194.78658747152772 0.4501946646698381 3.5384856881847225e-06 0.2112606257767274 2.9774419591285223e-05 -6.833900349445906 17.74169847030165 0.0004331086725804262 0.005896828276058064 0.1778791042295944
20230808153054 PKSI 149.1983813584018 4.722775 0.0026055700393865407 5.6220365732239504e-05 3.972355289268734e-06 191.98722750203476 0.45346492432977953 1.801323790659246e-06 0.13557224353724837 1.1256371215095181e-05 -6.961236854722904 17.739256537938083 0.00029543977142804497 0.004128688733650523 0.17778057841602177
20230808153054 RASM 254.00796842047845 4.722775 0.003430233061941434 5.40367282714536e-05 2.954960886912592e-06 303.2088466296461 0.36083523086789426 1.0662539938347026e-06 0.09897950692921456 9.020376859980307e-06 -7.030618769995043 18.951343823751532 0.00019875506507539421 0.003574107174366151 0.1902918072623233
20230808153054 STSI 232.3257658227925 4.722775 0.0024663921188235955 9.016736360266605e-05 3.59841527389983e-06 352.2819430560002 0.33476086148480677 1.204608597070794e-06 0.22970323731232756 1.6120825215885227e-05 -6.771354151583482 14.499976007707321 0.00025879868336548613 0.004539155949384667 0.14509600364560554
20230808192150 CLJR 63.1795162160976 3.178661 0.0008243637206443237 9.124695108284513e-06 2.376684569523053e-07 1367.8717139063747 0.16988584078646285 4.037650563776363e-08 0.06954715352108874 2.3187196614692566e-07 -8.43872594345672 4.476585851924153 1.8339086334921534e-05 0.0005722210806962137 0.04494394994432978
20230808192150 WLJI 32.185726173319004 3.178661 0.005271273176409953 3.627228567475584e-05 1.2558154926084142e-06 636.054298018442 0.2491338689802466 3.128661723988685e-07 0.04323537877516405 4.554221712997627e-06 -7.144209157010149 26.699048646664686 0.00012398600872236411 0.0027230513834038943 0.26829137353207466
20230809231017 CIJI 162.87686987239005 4.230985 0.0008725922628962039 1.713727425272782e-05 6.317902800515783e-07 790.8243691692232 0.22342915681417092 1.4116036955531304e-07 0.12339860707962151 9.970619261406247e-07 -8.019682504011948 7.005209737592271 4.8950616024033444e-05 0.0013626237511686055 0.07050846051188756
20230809231017 LPJR 149.92832007319515 4.230985 0.004097272964645363 6.974867381658872e-05 1.641658515055627e-06 1554.5625164410765 0.15935869787394924 2.616125633129458e-07 0.10695988436728031 9.23887495759196e-06 -6.786925708051524 18.41617753388999 9.379634952692397e-05 0.003636105598542747 0.18465751467877833
20230811170930 TPJR 128.22717946145795 3.388953 0.00041493784995769417 9.42760836525973e-06 3.748794692056976e-07 503.04289318176467 0.2801414417696944 1.0501927499314189e-07 0.14275730779557172 2.6058085423914037e-07 -8.560717185908752 2.7275838976017552 3.222208705722534e-05 0.0006584750139878371 0.027327749937114818
20230812143823 JSJR 27.173592203950015 3.326286 0.004836922055820475 6.7912642169729e-05 9.274482275029864e-07 3113.0885197329526 0.11261186043509257 1.0444167035634029e-07 0.08821885292509735 7.656752493272018e-06 -6.666168880927689 24.971674640121076 5.8927897918052114e-05 0.0031684048355412023 0.25027020219679147
20230812143823 LPJR 208.43182424756213 3.326286 0.0006041996277295725 1.0505308883913739e-05 2.715569386517093e-07 1821.2819751544546 0.1472282919184887 3.998086423630499e-08 0.10924667841128378 2.8814673765795843e-07 -8.401602779972585 3.7219584356843782 1.7477246720047924e-05 0.0006847059774066347 0.037296031125460684
20230812143823 LSJR 42.97508059793379 3.326286 0.006125102652248164 6.772376020275741e-05 1.037804224948812e-06 2409.1783438748807 0.12801044079331617 1.3284977629286327e-07 0.06947164140942769 2.657865398111003e-06 -6.606742185459161 19.812924930233983 3.5307991283083544e-05 0.0016504557716134408 0.19885205843720316
20230812143823 RSJR 15.800188393563975 3.326286 0.0027807529007556437 3.712041968732066e-05 1.4382835511056534e-06 1010.8007864822447 0.1976273661912312 2.8424419004118133e-07 0.08387457782111231 2.45611724878458e-06 -7.294885881660782 14.305255560894198 4.987005873528683e-05 0.001739455696208559 0.14329192708583238
20230812143823 SSJR 50.52529626624169 3.326286 0.004023693320017877 3.942954988236835e-05 9.324297032857703e-07 644.8153418385755 0.24743560178640864 2.3071630475603702e-07 0.06157108625975021 2.8035868090207007e-06 -7.0157148203085296 15.241721097916592 9.966457995399069e-05 0.002112891453357579 0.15276648509894783
20230812143823 WSJM 60.19287689180385 3.326286 0.004478948141840512 7.406993263238854e-05 1.609821828981862e-06 1303.5660148311415 0.17402568568534527 2.8015034761980515e-07 0.10390723394898761 4.024528626369467e-06 -6.662423175663266 17.870170053186015 6.638604894881624e-05 0.001996906919198298 0.1792277183736931
20230815001646 ISSR 28.914094894251917 3.447286 0.0025507029366985 2.0372701144638772e-05 3.658511894279852e-07 3062.759659007818 0.11353333865738888 4.1536306987535974e-08 0.050184384334946826 1.2799102551701552e-06 -7.5723470269537945 16.809641545105322 2.8337087848100366e-05 0.001466287302730775 0.16837871656951967
20230817035406 KPSR 134.278845450969 4.497631 0.001368050998141566 2.0987714321242152e-05 1.2159119032319491e-06 366.9224801344587 0.3280142476557812 3.988364281543368e-07 0.09639238481142162 1.301815341128096e-06 -7.784128181683851 6.466142545205297 6.600958969343685e-05 0.001331953877865374 0.06483034831708827
20230817035406 KTSR 151.43002966764948 4.497631 0.004582732203269129 0.00012864795733885588 3.695438932119887e-06 1255.5659121900587 0.1773209748240003 6.552788338460611e-07 0.17638363305923588 2.997019527407552e-05 -6.391277810280742 22.3507700935543 0.00015308731344009806 0.005461256561765961 0.22372990092540007
20230817035406 LESM 156.98189756391417 4.497631 0.0022643151573123656 3.8098900109185964e-05 1.167971473516883e-06 812.007680653626 0.22049553513620476 2.5753249507692674e-07 0.1057195808687142 4.804551552676609e-06 -7.317890045311713 14.630783751310087 0.00010046319104171255 0.002982875606967689 0.14653706152803442
20230817035406 LLSM 159.04933217651316 4.497631 0.005970650849715714 0.00010805214957354208 2.5477864721504593e-06 1238.0451605996946 0.17857128545065123 4.5496150538568735e-07 0.11370815271202407 1.367753806332117e-05 -6.452613827192639 22.1917562137914 0.00011809641972871415 0.00390286651043621 0.22283140637063448
20230817035406 MNAI 234.06522999532336 4.497631 0.0001352440250358817 1.7264690579102402e-06 8.339253935677439e-08 185.66272963318642 0.4611237625181085 3.845428151413525e-08 0.08020853427782695 2.1447061901501013e-09 -9.91555090149861 0.2619271783682313 5.181193561213454e-06 6.528621218972323e-05 0.0052561091593922625
20230817042846 AMGI 225.6901772494002 5.337884 0.011969511078542798 0.0002619873022314201 1.822120022537513e-05 166.40868009176577 0.4870705601074186 8.875010199602887e-06 0.1375256480608462 0.000223117706263273 -5.770478743804966 72.47603535319796 0.0013506756547000066 0.01749298238293254 0.7255436916964677
20230817042846 AMGS 225.654033035953 5.337884 0.0009994811255150688 2.6156891708587583e-05 1.7860359051484366e-06 160.34373807073646 0.49619669396026567 8.862251114289849e-07 0.1644339182295116 2.072642479644821e-06 -7.773745182081355 7.59670687351112 0.00013250261363741944 0.0016999702972654669 0.07610927208192528
20230817042846 ASJR 197.65602345043715 5.337884 0.0032099257439182336 8.48115205096743e-05 3.951069623483066e-06 482.58977336780123 0.28601631774898983 1.1300703848785143e-06 0.1660120956242033 1.4723582664006635e-05 -6.794406889881626 15.066498889442833 0.00019418552208578578 0.004233090944528268 0.1508982963046196
20230817042846 CBJI 209.9237339972248 5.337884 0.0027995198393179223 9.5723264749621e-05 5.902122699558647e-06 285.97085216053546 0.37155146975671044 2.192942363705459e-06 0.21483934572745067 2.5702733106502132e-05 -6.693718362667241 16.04027120078653 0.0003191157517327748 0.005318502991799335 0.16114568696293877
20230817042846 CBJM 238.71395269805816 5.337884 0.004829182323551285 7.030943800507541e-05 2.6176588774097015e-06 482.93833828773575 0.28591308174299945 7.484229165921281e-07 0.09147868070234237 1.3080464923937755e-05 -6.648621013227151 34.196948515530714 0.00020324308637443753 0.004446730766154135 0.3421590397395599
20230817042846 CCJM 213.06314231532698 5.337884 0.017176351691780896 0.00029672997176942754 8.98217852376778e-06 834.5056739326504 0.21750298493027945 1.953650640096143e-06 0.10854513416336395 0.00021218464597269935 -5.536743796197008 110.21428732994585 0.0006206942097169388 0.017461337886184362 1.1031254461735724
20230817042846 CCJR 214.12662941752225 5.337884 0.008973310528511795 0.0001858675201977571 7.181208530356264e-06 368.1577786081105 0.3274634838423939 2.3515835635491796e-06 0.13014595541720722 7.761257890444184e-05 -5.975647149458503 45.365140668499336 0.0005454474216510618 0.009613949537072786 0.45527032351168073
20230817042846 CSJR 183.73499113191272 5.337884 0.01508813567126033 0.0002685850329755679 7.970423166223572e-06 380.82617078573236 0.3219707916318425 2.5662434564697803e-06 0.11184745217627462 0.00011031126400873307 -5.648242767624141 75.14646322068741 0.0006577495516041129 0.011791792032964606 0.7526931658727274
20230817042846 DSJR 200.19971400863002 5.337884 0.014266453583616967 0.00023962879711432897 9.87154290248227e-06 614.5999121373475 0.2534449379201825 2.5018925780960375e-06 0.10553653915328183 0.0001952022277282605 -5.76247559997551 84.31025778082815 0.00072833589842588 0.019008515641652672 0.8442855305216579
20230817042846 GCJR 206.1802472763399 5.337884 0.005414995508365076 9.510555878528676e-05 5.287196164498155e-06 220.638129918998 0.4229992374147883 2.236479945645113e-06 0.11035389570826042 2.5216887282230392e-05 -6.506880154870542 29.946252048489725 0.0004362494616156493 0.006018549593502321 0.2998774804089203
20230817042846 JABI 223.2052786138858 5.337884 0.0067726400829178565 0.0001873278009608115 1.556412685997175e-05 97.12819039698566 0.6375396793015152 9.92274844691449e-06 0.17378972929506972 0.00013384734754216704 -6.110299837690403 39.970055363547125 0.0014258350299219487 0.014216200760807526 0.3997425645526832
20230817042846 JACE 232.5477023833472 5.337884 0.0036990929308323246 9.59277610158764e-05 5.134170473630133e-06 245.5698261734631 0.4009519841363405 2.058555838296217e-06 0.16294045860317707 1.4447939001398564e-05 -6.5992966069067736 22.160744892456492 0.00024582590778888744 0.00412655039187513 0.22198435502833955
20230817042846 JAUI 223.7219428774783 5.337884 0.005433208521992047 0.00017722904004055965 1.330874286406593e-05 88.75956066497862 0.6669177808415159 8.87583725669321e-06 0.20495493516970834 8.762663157539992e-05 -6.10858953065198 30.9850301076203 0.0012149944700369792 0.010744499402755313 0.3100631058850905
20230817042846 KCJR 215.19708868546272 5.337884 0.007972282258518777 0.00014973649949269214 4.404458301621856e-06 512.6664074615285 0.27749964877046124 1.2222356317242073e-06 0.11801164874157233 3.5600153375040564e-05 -6.100266118037244 37.36145956821475 0.00031415432702868335 0.006741985102464796 0.37532735171702175
20230817042846 LLSM 246.3051496790482 5.337884 0.004109632687656127 0.00010952291581306801 5.831469971456913e-06 246.26940926935728 0.4003820824181822 2.3348160907310163e-06 0.1674487302729272 2.1892597464369062e-05 -6.484248313459214 24.399241151019435 0.0003187422045397953 0.004799497863555535 0.24399608786089527
20230817042846 PSJM 157.88813901290462 5.337884 0.0021057727187890826 0.00011769456696721694 1.2446298671175568e-05 80.92905962451513 0.6984376161063097 8.692963173242993e-06 0.3511759684722891 6.158894636437296e-05 -6.7064654677271776 15.428648487956197 0.0010343182621462932 0.009207481151907428 0.15469967999740492
20230817042846 PSSM 221.77749591251523 5.337884 0.005545876525737939 0.00011452471687400695 4.909746177605229e-06 383.7055586575211 0.32076045656509705 1.5748524255473932e-06 0.12975045784596054 2.1866706064609896e-05 -6.481136738287524 34.0472724108081 0.00029350435389787654 0.0058278063621620855 0.34125231941534684
20230817042846 PTJI 225.65065800056496 5.337884 0.007392162738688235 0.0002272712370087288 1.6653768983090046e-05 120.74805005368506 0.571794278377105 9.522529817944985e-06 0.1931758468525242 0.00014264169275896184 -5.96425697622423 48.004695362481584 0.0012743627325356895 0.013561007927994875 0.48051965704860083
20230817042846 RLSR 216.36776172756154 5.337884 0.0024253667405559213 0.00013028741098054613 9.658901974499005e-06 149.7158779902455 0.5135064908981294 4.959908858853997e-06 0.3375241907521989 3.7563211664930415e-05 -6.613062352121522 12.250861086627681 0.0005114769070576944 0.006180507449719072 0.12254672955109747
20230817042846 SBJI 201.47249195492785 5.337884 0.005212791608120164 9.463466072717225e-05 5.684125419845279e-06 278.88014196664477 0.3762452908515937 2.138625421826624e-06 0.11406692508187966 1.5949192304452516e-05 -6.583674347388408 22.87665509704406 0.00024483735265968035 0.004360867613149291 0.22896311809222758
20230817042846 SCJM 229.32516106515024 5.337884 0.0026332960493853906 0.00010273231027887854 6.219665411762504e-06 349.54042203591735 0.3360710982525719 2.09024978569456e-06 0.24512479053295966 2.2124823820150956e-05 -6.752662381418593 16.56823612872448 0.00027430411567080524 0.005014419781737349 0.16624197049090028
20230817042846 SSJM 201.6252191120407 5.337884 0.004074761434663991 5.669193074714814e-05 2.8109329441874947e-06 325.66499837374573 0.34817238804342204 9.786892358076873e-07 0.08741761009022038 9.252384661965277e-06 -6.944559685985879 20.940668676734553 0.0001652242163879259 0.0032099176579295564 0.209933065082192
20230817042846 TASE 212.1513834656731 5.337884 0.007620135489694568 0.0003648368590800173 2.8029452457750982e-05 141.67057056736013 0.5278858815827818 1.4796352220942549e-05 0.3008263561178485 0.00034184831033371463 -5.642777388034381 39.16158071803013 0.001520502228780534 0.018431441028072634 0.39310217191986263
20230817042846 TPJR 147.33007237106452 5.337884 0.009037678315759082 0.00021609487139407404 9.818125564323662e-06 345.10844680567703 0.33822217170666175 3.3207077504542428e-06 0.15023372966623105 7.076810115798213e-05 -5.823013485683226 49.86507293491296 0.0005327149653696305 0.009517257460430561 0.4991797711834473
20230817042846 TSJR 154.75086474703278 5.337884 0.055019758123575825 0.0014244390611408938 0.0001053056576412947 157.9985689940812 0.49986564754184604 5.2638680746685726e-05 0.1626691007952303 0.007013147401448535 -4.168162016490547 243.4917631175205 0.0077812703924151376 0.09826687345156097 2.43629181008517
20230818031028 GCJR 76.7837514254312 3.534894 0.003067405997200233 4.161266046454975e-05 8.473177193661555e-07 1564.2097456810839 0.15886651718787045 1.3461041502727055e-07 0.08523816444975293 1.8484830693448437e-06 -7.20040184021476 11.358955680472853 3.926256883465808e-05 0.0013772544955831618 0.11372876823885449
20230818031028 JSJR 101.74080885789566 3.534894 0.0025339843808213185 3.426191349062364e-05 5.543185653618683e-07 3626.9053911194387 0.10433061197499892 5.7832395153307155e-08 0.08495472705730318 2.163533808635192e-06 -7.369234480657848 12.602731331543051 3.0556696653815077e-05 0.001682695696979554 0.126144979149533
20230819081054 MNAI 37.626728368291005 3.36363 0.0014547770722063082 1.5873491780605434e-05 4.4989437511954e-07 1777.2072836791656 0.14904274003179838 6.705349039270998e-08 0.06855764517808677 1.952729483609028e-07 -8.077724716822912 2.6335623609979297 1.3076769937030425e-05 0.0005226812012708566 0.05302999563413671
20230819081054 MTSM 97.74693150932657 3.36363 0.004237722432580492 4.5002431789970715e-05 8.241426282271967e-07 2814.3987555258423 0.11843690594429168 9.760890294402584e-08 0.06672419506199567 3.88628993551621e-06 -6.932506707438075 26.195665838079254 5.4878654696419614e-05 0.00237558227396421 0.26254862862396233
20230819081054 SSSR 41.727617985062025 3.36363 0.0015004229056549048 1.7748223836843585e-05 3.4282597775892974e-07 2387.924868964105 0.12857885058005292 4.408017016922597e-08 0.07432263185259483 8.15543408637917e-07 -7.784557487451817 7.950896712108197 2.3287742919948222e-05 0.0010947142616794634 0.07971416755666447
20230825164430 KSI 106.4540862647883 4.246899 0.000588953514748422 1.9916417491390848e-05 9.192760017169062e-07 531.101410779159 0.27264098419699423 2.506323138567751e-07 0.21247609296807712 6.209485536628897e-07 -8.066201382386721 3.3247720747013285 3.7821306298426255e-05 0.0008735929693257214 0.03336394220294418
20230825164430 LLSI 107.88181344504588 4.246899 0.002263959308151817 6.14827818527363e-05 3.1156319366522222e-06 474.55705730135344 0.2884268256098349 8.986318292572227e-07 0.17063368152893293 6.629916313897242e-06 -7.033437755371849 15.05598408925767 0.0001296827854715997 0.002879019882028112 0.1506632340750403
20230825164430 MNAI 61.897567568849496 4.246899 0.0017849125614740995 3.0409050297177284e-05 1.4251261121161672e-06 373.65418994578505 0.32504608538320245 4.63231663920743e-07 0.10704485035094076 6.779313064523863e-07 -7.593277849576228 3.5044917309346295 5.533297111686515e-05 0.0010569170138600911 0.07071746218727433
20230829085631 LLSM 44.868226707687874 3.457358 0.0007764247833653319 1.6100280220213585e-05 1.1450834046071712e-06 276.028091971384 0.37818406587930997 4.33052297725263e-07 0.1302908488864152 1.5101496740884054e-06 -7.998839516156631 9.148586077621422 9.88136020604047e-05 0.0016406723771045005 0.09198421559835883
20230829085631 UTSI 2.0239443554012624 3.457358 0.19888949942927217 0.0046382487691913575 0.00020135859488069885 649.4370595748674 0.2465535922589372 4.964568490004834e-05 0.14652848240482688 0.04638536899013652 -3.267489029874183 1099.9430351329388 0.009076774555545062 0.23976643123505875 11.058934313849875
20230830063649 KPSR 93.49601231586313 3.420223 0.00040087797914323687 5.7699109593205555e-06 1.885361276763224e-07 626.8163492938947 0.25096300766412816 4.731559365499794e-08 0.0904350491908256 9.410366665119802e-08 -8.919694121635743 3.050141073898669 1.7395797697545868e-05 0.0004077245963643582 0.030676850492791313
20230903180907 MGJR 121.54342660849908 3.230204 0.0004895279045756689 6.7287370294157145e-06 1.573863334002147e-07 1425.8254153690407 0.16639745993541796 2.618868610634456e-08 0.08636464079764203 1.2746422677637704e-07 -8.713644268659966 2.889723218670045 1.2070518073078589e-05 0.0004195450899930558 0.02897267247010439
20230904045024 MKBI 117.1877757296202 4.279595 0.0050613460817272825 5.853725269513395e-05 1.2175826055843141e-06 2719.152973958494 0.12049334139985933 1.4671059657720103e-07 0.0726684957159075 9.863443051726551e-06 -6.81162225290971 31.932085926745494 7.622207345408071e-05 0.003970566619756024 0.319400536826628
20230904045024 MNAI 170.25047003618474 4.279595 0.000662423059471208 1.2176334492923357e-05 2.8792442533603153e-07 936.8307004230447 0.2052812630624133 5.910548969950006e-08 0.1154944183892278 5.518099868590873e-08 -8.393109774132792 0.9515193119446901 9.936729803452879e-06 0.0002858301434272587 0.019074607940901652
20230904045024 SSSR 117.33069882355828 4.279595 0.0021761461900160722 4.9600450170646284e-05 1.280398854008119e-06 1024.0067516765807 0.196348893543678 2.514048982790874e-07 0.1432113435997589 4.784288840085082e-06 -7.159180180594269 11.09892759081724 8.12641447953185e-05 0.0025148346601964644 0.11208553637154785
20230904054328 ACBM 37.3198434533928 3.867535 0.003544766592692816 9.31706458019017e-05 3.0252965745098263e-06 601.1375577165131 0.25626714884173224 7.752841275502924e-07 0.16514724381845156 1.2122738373902919e-05 -6.652660597386027 19.629420699648513 0.00016426547875210014 0.003888717857418425 0.19677905688068115
20230904054328 CBJM 48.80827116553593 3.867535 0.01100576163030508 0.00021866532029548718 5.268435017742352e-06 1418.3837702682583 0.166833396579475 8.789509086682032e-07 0.12483595173342295 4.937871333157072e-05 -5.761374654437933 44.573016182412196 0.00020879826878917443 0.007182478808006359 0.4464706423016447
20230904054328 CCJM 55.971824529716976 3.867535 0.011964931969332545 0.00018306521694006286 5.147789105948091e-06 1165.279516952582 0.18406228622579346 9.475138318490388e-07 0.09613365828419428 6.281341148482077e-05 -5.9131347936117695 47.99243136040237 0.0002502322321808527 0.007981019130835092 0.4809942958178732
20230904054328 GCJR 45.485180869031254 3.867535 0.00738051036451646 0.00012646688510819335 4.983932496851393e-06 404.52769983199124 0.3123961952268518 1.5569615492838387e-06 0.10766394668001107 2.5648045187701528e-05 -6.259269050971034 25.815409830043734 0.0002934074215919729 0.005434651999743995 0.2583671528742277
20230904054328 JSJR 100.64124034200802 3.867535 0.0020010454937690546 3.2253590946787386e-05 7.394222622606291e-07 2278.107439357119 0.13164148331740164 9.733864340189798e-08 0.10127470333466788 3.649778277898603e-06 -7.428771381619638 16.67927025485406 5.1201649455480606e-05 0.002445911858837403 0.16733399866932186
20230904054328 LPJR 97.16196366610235 3.867535 0.0026725587683063155 5.354364327821157e-05 1.4578818606351988e-06 2044.4611392719423 0.13896020251638816 2.0258755859883601e-07 0.12588109819254856 8.70560546576384e-06 -7.057547436537243 19.529947741471563 7.707158073228735e-05 0.003551006753292445 0.1954993155805167
20230904054328 SSJR 73.04371645057788 3.867535 0.004284723107499186 7.181101836948377e-05 2.3856146644884398e-06 775.8945654313651 0.22556853210847505 5.381195980451095e-07 0.10530480597988782 9.483616872139013e-06 -6.7375761094471205 20.378220306754642 0.00012595725873269884 0.003422697184473919 0.20391723450624816
20230904190651 LHSM 12.081988493558844 3.267302 0.025366877557600177 0.0002763051895095746 4.612956326380533e-06 1814.2082410395735 0.14751503975850275 6.804804358902611e-07 0.06843872301910031 5.73664739555356e-05 -5.460655456601337 79.3765294546251 0.0002126203488444501 0.00863126793467509 0.7992532840696973
20230904190651 MNAI 73.99069742558518 3.267302 0.00038100635953865913 5.221829182007065e-06 2.0976793248371375e-07 455.16099719545434 0.2945081707574693 6.177837007935487e-08 0.08611331430980831 1.5226151276195096e-08 -8.761931347766438 0.6463162831455869 7.78843733846044e-06 0.00015337231190788554 0.01295121610300574
20230904190651 MTSM 44.68155548678051 3.267302 0.0016404874853166457 1.592080495058359e-05 5.382705660824184e-07 919.4351016167944 0.2072141116851098 1.1153725719700952e-07 0.06097783045548223 8.533225381415557e-07 -7.831469497649588 13.08842128033173 4.64655433479514e-05 0.0012692246745740236 0.1311837581488182
20230904234932 TSJR 75.86180681717643 3.375637 0.0038081744787414502 4.665540802231806e-05 1.0817973810276055e-06 705.6316323638888 0.23653251398246142 2.5588025415410225e-07 0.07697771617942718 4.946984607182639e-06 -7.031173093442131 22.201338162034943 0.00012335662743382075 0.002914548122674083 0.22205958111422247
20230905083850 BLSM 198.914573396882 4.873104 0.005077955572882874 0.00011214943993699552 3.8467417957560074e-06 720.1700790604478 0.23413283913057056 9.006485780425835e-07 0.13876760107621428 1.9432772715211698e-05 -6.418566109023495 27.010019591926884 0.00016878474371214477 0.004467342046054167 0.27133632963922705
20230905083850 ESSN 130.0225741264455 4.873104 0.003826366761659499 6.370528146897576e-05 3.6690138138781144e-06 334.9702654652443 0.34330232102056446 1.25958095816087e-06 0.10460891844617898 1.01221060988632e-05 -6.917228872277601 17.78351196443792 0.00018419070487326702 0.003596275373717686 0.17822439564624704
20230905083850 KBSR 110.44008935274583 4.873104 0.012168924514535408 0.0002947732159176272 7.867544382977188e-06 1089.5048828892616 0.19035543352127146 1.497629821769467e-06 0.15220036388519106 0.00011772042701421849 -5.559618120681434 48.77862234069081 0.0003737849099287616 0.010977160343833003 0.48796741105126284
20230905083850 KSI 87.37528616433804 4.873104 0.009091635422546184 0.00016472350249838836 4.674502213433332e-06 1007.5700181925598 0.19794395819374852 9.252894707124324e-07 0.11383961658629475 4.931550708965395e-05 -6.02942103390301 49.92033573713282 0.000256621442940003 0.008125584747545052 0.4996157855085078
20230905083850 MNAI 87.2528701534886 4.873104 0.007666377195395378 9.328799880304104e-05 2.8107730713590578e-06 1535.8323511824995 0.16032747858978602 4.5064415941906644e-07 0.07645668462119348 8.289853922150548e-06 -6.367719772478139 11.753014269540442 8.599150616056493e-05 0.0031381928325680485 0.23669670895048076
20230905083850 ULSM 92.7459296327466 4.873104 0.013551179030306304 0.00033991452339325807 1.2338077675271122e-05 634.3887209915952 0.24946070300949028 3.0778655306588314e-06 0.157605912688853 0.00024392180248054604 -5.515644289637316 78.5248593158189 0.0007133932123746429 0.017845519562915788 0.7865770031925863
20230906013053 LLSM 121.16875489695362 4.607467 0.002498961883182725 4.534628243716216e-05 2.269003568115297e-06 282.9150016476954 0.37355270020549464 8.475924096453712e-07 0.11401498256608647 3.289014747571764e-06 -7.184704165913077 14.30282028424017 0.00011010820428422815 0.0017656551275018319 0.14341600819712236
20230906013053 RLSR 169.34941051904877 4.607467 0.0003842229587366694 1.2466793071763836e-05 8.112277094559311e-07 233.0388789317984 0.4115908174811986 3.3389387609836695e-07 0.20386905382673856 5.144397864887887e-07 -8.451214502611865 2.0418348352167084 6.112683075723062e-05 0.0009243233276028385 0.02041869386264807
20230907040833 BOSM 110.33694827592188 3.981966 0.0035344568146460976 5.039603062938642e-05 1.0047577716638887e-06 1781.7399585718608 0.14885303993537394 1.4956124871086216e-07 0.08958875883802214 5.664904519268042e-06 -6.936594209425596 19.634314426815244 7.669331072123935e-05 0.0025519199262549882 0.1966503682564458
20230907040833 LHSM 101.78179821685046 3.981966 0.002356640232094668 3.93015929273336e-05 1.9857512141578484e-06 548.630539366192 0.2682500916056452 5.326779451038641e-07 0.10478442482087606 3.7885069231506135e-06 -7.4038550571645905 16.613592210935085 0.00010288444815228506 0.0023898834658543297 0.16620550570540268
20230910111842 BBSR 67.51865271513134 3.522004 0.0016255860960684792 2.2940024633769092e-05 6.275584357666238e-07 1100.353734995351 0.18941471173516397 1.1886880020770547e-07 0.08866735885219079 8.416453721434936e-07 -7.820145121071015 7.4748224125996865 3.357698118794123e-05 0.0010526666001907756 0.07514113590454474
20230910111842 LESM 120.10317594164462 3.522004 0.0017566116689354764 1.5278345158362976e-05 3.163896867662165e-07 2514.7496672103557 0.12529463885971284 3.964193154231076e-08 0.054648773838112744 5.533782486990182e-07 -7.876394164062697 11.466391140703173 2.066846723828639e-05 0.0007938010951766561 0.1148471205097045
20230912005955 KPSR 104.66691041858648 3.524069 0.0010688729037967386 8.620927057917187e-06 1.5280838559293833e-07 2303.332980119291 0.130918646082928 2.0005466951945488e-08 0.050676635203461766 2.190962256538866e-07 -8.384090399440305 7.133510867902103 1.4174186857273785e-05 0.0006196590824150866 0.0714993571629207
20230912005955 LESM 75.2659772104638 3.524069 0.002451366351005477 2.5369689790054195e-05 4.998445402665168e-07 1500.0358004956508 0.16222921108844038 8.108938543430119e-08 0.06502596483434243 1.8481056981876e-06 -7.441021126888167 17.142439631238084 5.48114764421611e-05 0.0017604564075378278 0.17188541971580262
20230912005955 MKSM 54.604475802967094 3.524069 0.01051543808757031 0.00014686029877276563 2.462559428821184e-06 2340.47288007179 0.1298757479852798 3.1982674777635464e-07 0.08775197607294888 2.016390396369439e-05 -6.055707982487876 32.54749537898461 0.0001043722945087844 0.004403459259930184 0.32600955077591215
20230916012920 BBSR 151.1972918697683 4.762148 0.0039077840085563476 0.00012620635795802042 5.784800378719072e-06 297.4563708186779 0.3643075996018807 2.1074467401471953e-06 0.20292266211699636 4.425643886782791e-05 -6.479640749224236 21.0078148974352 0.00048672442105956277 0.007914184173386836 0.21094511615949163
20230916012920 KTSR 195.88590632801765 4.762148 0.0008499843625208178 2.4397616069290438e-05 1.5378916441419328e-06 268.9555176384304 0.3831242478138946 5.892035793811517e-07 0.18035007416153467 1.4149860672323381e-06 -7.985566247934708 3.4986469279540606 7.888227707222159e-05 0.001273401770681961 0.03513375265447633
20230916012920 LESM 133.44074047478648 4.762148 0.0038569942334890192 8.347048240239047e-05 4.928446551280005e-06 292.0414819689057 0.36766949327980814 1.8120394461657372e-06 0.13597648242773425 1.9630096660417206e-05 -6.7751486186776475 18.28426290063519 0.00028876130255099815 0.004616495880352756 0.1830515051932894
20230916012920 MNAI 166.15839353876987 4.762148 0.001003344528973965 2.5659203558401566e-05 1.3250614403066214e-06 318.2728659146397 0.3521924656236502 4.666766557644142e-07 0.16068411810342595 5.559670262680459e-07 -7.692588328116698 1.70328488398976 4.349208634013613e-05 0.0007740800246644287 0.03436897281668845
20230916012920 MTSM 166.63117275452376 4.762148 0.005810670295068423 0.00012506436426950126 3.6885339197573947e-06 1067.976595837492 0.1922644547386332 7.091739628671089e-07 0.13523441119982402 2.454528261877994e-05 -6.366806488937953 27.246863351583393 0.0001493857641534433 0.00501721964944591 0.2743356037454503
20230916012920 SSSR 202.46356773518093 4.762148 0.0007551297109812001 2.1074560324115057e-05 9.485321079336447e-07 634.1636560975335 0.2495049659261547 2.3666347126984772e-07 0.1753544667335255 1.3314906327794588e-06 -8.05875754545072 3.8978833928304537 5.121440389631504e-05 0.0012724802245310644 0.03900815020471423
20230917072734 BBSR 92.70219024769271 3.97393 0.00479101644142083 5.401067571638852e-05 9.431614467176101e-07 2569.826459822556 0.12394470271158085 1.1689986512243869e-07 0.07083237727136935 5.1937904724336795e-06 -6.819159436166685 25.587236859183406 5.785919527440906e-05 0.0026219480090307313 0.25645278387451276
20230917072734 CPJR 236.2566850450231 3.97393 0.0059543614256746345 5.476553326185378e-05 1.1558829591731673e-06 2896.563210299519 0.11674501980768104 1.349435789640324e-07 0.05778990715058038 9.036566562203095e-06 -6.807518126422547 39.84870794507614 7.994673781760257e-05 0.004217713260920271 0.3996775810156276
20230917072734 KTSR 125.1514018465215 3.97393 0.0016186792135285141 2.4812272661769145e-05 4.532143738486389e-07 1575.8820337467769 0.1582770751563218 7.173344551156635e-08 0.09631315811260668 1.1866143502070423e-06 -7.553732760578253 8.107088617249751 3.374628269612872e-05 0.001247675899768335 0.0819002657999296
20230917072734 PPSM 104.50670047975929 3.97393 0.009812576950797626 5.8014611044143666e-05 9.781834656150557e-07 2104.500324502423 0.13696366534455304 1.339755928300756e-07 0.0371478922959857 6.902471660818633e-06 -6.54469754778292 48.455607077765954 8.530863807437742e-05 0.0031737330873640567 0.4850659923049039
20230918175730 BBSR 255.59553922098183 4.903406 0.0007593206958641733 1.4449030759415526e-05 6.081084762780854e-07 469.0119000941026 0.290126859726708 1.764286025957542e-07 0.11956204837433437 5.805804690053369e-07 -8.05172516176491 3.764565691701602 4.494137661550052e-05 0.0009894387386826572 0.03776390832357522
20230918175730 KBSR 199.67427754591947 4.903406 0.0014185015416578713 3.3305600546912174e-05 1.1643503788049818e-06 725.9799810400401 0.23319409331827198 2.715196308902143e-07 0.1475255781242032 4.70984554707702e-06 -7.582303343262459 10.293508454390924 0.00011226224729038255 0.002982851357953749 0.10312955188119685
20230918175730 KPSR 220.14712410112827 4.903406 0.0006278356754693871 9.162226205506774e-06 3.421817687967888e-07 547.5850528148721 0.26850605013202294 9.187787516681486e-08 0.09169272681495289 2.129435726674175e-07 -8.496113776495422 3.325082228304142 2.5866850948644356e-05 0.0005923459214789943 0.03332281465970872
20230918175730 MNAI 143.69135045807172 4.903406 0.004014805990557763 8.528627546511671e-05 2.8853844750379615e-06 1174.5746733102033 0.1833325386565606 5.289848608089369e-07 0.13347331705860227 5.800393517588705e-06 -6.646708993732119 7.37027898886443 7.927464768714356e-05 0.002833064279612599 0.14762753920944097
20230918175730 MTSM 188.9786848456749 4.903406 0.005230137839879649 8.594428129623978e-05 2.1195075544561275e-06 1494.7054501892894 0.16251822085580356 3.4445859684064504e-07 0.10324849210648514 1.2654629818014788e-05 -6.579581496075092 24.00518407581702 9.266801567955805e-05 0.0035123470554781783 0.2414875209045362
20230920200510 BSJR 51.81984367063397 4.03031 0.014714146620336155 0.00028557681116351066 7.052746289365358e-06 1090.4871541326556 0.19026968157408558 1.3419237907003604e-06 0.12194604758755466 0.00017135319065437403 -5.5754093242881275 103.70508740518798 0.0004977986947261824 0.016592799511284055 1.0372146841301428
20230920200510 CLJO 78.88753132091401 4.03031 0.004894838998482139 4.689962629385465e-05 1.8247171118847827e-06 322.488319247601 0.3498830260354704 6.384375447649518e-07 0.06020198885665885 4.617284946329706e-06 -7.0361197719346675 21.48179313282992 0.00014924781427010553 0.002402121063568361 0.21592487122687296
20230920200510 JBJI 90.24346915091162 4.03031 0.0015515898569547226 3.465517292807721e-05 2.041294693538022e-06 220.7225791394254 0.4229183091892527 8.633009003480942e-07 0.14033661820065416 4.037939714356628e-06 -7.4678620102320705 12.538245766904069 0.00018273954518761918 0.0027405346583329335 0.1256235241158782
20230920200510 KCJR 141.21681239063471 4.03031 0.0011323607579185797 1.7384653077418088e-05 4.2106273992504407e-07 2086.257405130247 0.1375611895684396 5.792189138703557e-08 0.09646307152786529 6.19159513727063e-07 -7.968168467312981 5.5303865509997445 1.9999951397134336e-05 0.000909311462759201 0.055370191380635356
20230920200510 KSJR 93.18760527853608 4.03031 0.0028525390435050414 6.292198944646935e-05 1.9376057749116343e-06 1116.5974879361163 0.18803190461423758 3.643317042481803e-07 0.13859600642057487 1.0324871459142274e-05 -6.9850314633252255 19.3591961500184 0.00011427254467706772 0.0037317189471595597 0.1941120905142378
20230920200510 KTSR 212.61979853083756 4.03031 0.00044026356244937276 1.0931347993716665e-05 4.295211700699639e-07 855.5440731334878 0.21481206738526418 9.22663305284666e-08 0.1560058359580592 3.9402817587872864e-07 -8.542761563109126 2.9747845136598245 2.725900961727032e-05 0.0007991744926118431 0.02988957951819332
20230920200510 PTJI 129.40496198867822 4.03031 0.002959436865751431 5.4348663840554e-05 1.939834125188014e-06 666.2429533162365 0.24342408938106208 4.7220235547420147e-07 0.1153877381402105 8.068013738970846e-06 -7.0748772479678435 17.54483321096984 0.00013553901884544737 0.003274280122008529 0.1757465499909205
20230920200510 SBJI 103.42366594985216 4.03031 0.013160278171553371 0.00019789270205066198 4.0146721814381105e-06 1397.6087685482735 0.16806878480801052 6.74741074936828e-07 0.09448102097191634 6.677193325784752e-05 -5.7239527971511235 82.13509367877242 0.00027389467897254 0.009767115553148097 0.8221220359070902
20230920200510 SSJR 118.31168804603858 4.03031 0.006434089264936235 7.065975044742252e-05 1.5046982746888818e-06 1601.1034480733313 0.15702549529933152 2.3627599185907126e-07 0.06900250952993599 1.2031070399832164e-05 -6.549410761773409 37.13485861711752 0.00011252661274743336 0.004316999884457945 0.37144168094347463
20230924123631 IMSR 47.46030620073389 3.448431 0.010737895953582443 0.00013308782665442137 2.089445546895694e-06 3626.260902812593 0.10433988280160642 2.180125034834351e-07 0.07787517038852855 9.5216574824499e-06 -6.025191534434755 29.596869221060402 5.7256402518583225e-05 0.002894335919756692 0.2963452780768568
20230924123631 MKBI 102.55957949912266 3.448431 0.0014555244609657408 1.2644928228042118e-05 2.1968233459395077e-07 714.5267358093827 0.23505561309220804 5.163756584350868e-08 0.05458542908997851 3.1161308893932396e-07 -8.03167888941415 7.782001560416475 3.3659598243634546e-05 0.0007324085389457906 0.0785241735410773
20230924123631 MNAI 183.05844763208225 3.448431 0.0006815723244328186 5.0840250837432345e-06 1.5465477996215542e-07 506.4103490445629 0.27920846573527835 4.318092383186048e-08 0.04686791197704596 1.5867422295109456e-08 -8.949700024068154 1.138348824152161 8.883173370769776e-06 0.00017638933380684227 0.022889124793112114
20230926151742 APSR 33.20844262448703 3.367364 0.014846813537208852 0.00014925619403223023 1.7336113350381533e-06 4136.046513494962 0.09769833474461034 1.6937094052760834e-07 0.06316536023023013 1.893417588018249e-05 -5.915998083047798 39.40280007978818 8.981901663245511e-05 0.00454930022103321 0.3946879220568324
20230926151742 JPSI 62.048696334191376 3.367364 0.002486558932056979 1.774714669540432e-05 2.5571920463484186e-07 3360.00934250635 0.10839509388966402 2.771870719578389e-08 0.04484454799093817 6.0547650685368e-07 -7.685151193627342 10.750805616107012 1.951884589143248e-05 0.0008856565289443541 0.10841233982352913
20230926151742 PDSI 43.57454900306832 3.367364 0.0024287172368178305 1.5914971607998355e-05 3.345642124475016e-07 3113.1729323512086 0.11261033370872199 3.7675387610708914e-08 0.04117264630714026 4.934550708490875e-07 -7.917720083784672 13.63589027836081 1.605582742387683e-05 0.0008002679954673403 0.13641661036298694
20230926151742 SASR 82.3825760492026 3.367364 0.004882189549293576 7.886908189747462e-05 1.3003425660124561e-06 2654.3153620980606 0.12195612255707323 1.585847373467942e-07 0.10150139636439537 4.574948207805275e-06 -6.6032475085241 17.755882699074718 4.305913784689642e-05 0.002150800142221258 0.1778133981915721
20230926172506 BBSN 248.1300206531374 4.466751 0.002530073524619493 5.2831928942957146e-05 2.328641932463197e-06 329.072744463645 0.34636492934519864 8.065598984078821e-07 0.13120282729106375 5.9629278812335345e-06 -7.069404118746621 18.27459367568251 0.00017716727117988228 0.0031155058793998296 0.18297928617286696
20230926172506 BPSM 115.67309391829804 4.466751 0.005391815233748152 5.433025990032957e-05 1.0620338448358275e-06 3055.1067291888903 0.1136754481339158 1.2072717324509829e-07 0.06331208988845408 5.683623016241357e-06 -6.856194464649367 28.677554058269845 5.810084601097011e-05 0.002665259388043522 0.28740413857152974
20230926172506 JASI 156.09271177659974 4.466751 0.0009321031228226133 1.2652457394158605e-05 4.141390954352616e-07 847.238711851604 0.2158623857917463 8.939705319029128e-08 0.08528856137500798 3.565731717804121e-07 -8.143773503972797 6.487470493495281 2.2744603754095544e-05 0.000670508840600931 0.0649612759700249
20230926172506 PSSR 137.07820030068214 4.466751 0.0006693922202731634 1.0801002450521725e-05 4.91341592325382e-07 601.1964300492705 0.2562546010175302 1.2590854370465878e-07 0.10138256442872132 3.2100083180617083e-07 -8.424335730062538 3.8936731533602584 2.895058083816542e-05 0.0007324176278633414 0.039071081071451935
20230926172506 TASI 184.8963788769254 4.466751 0.0008357720636283741 1.1961423487702733e-05 5.827315551568425e-07 222.0695283619965 0.42163376575102857 2.456993000227327e-07 0.08992384835718156 4.364546023714264e-07 -8.207889514249425 7.40986187861974 5.835636739513788e-05 0.0008306218229992327 0.07415722049752581
20230927062116 ISSR 27.62910367537364 3.510125 0.004880371239517718 4.481147942559801e-05 7.594623967344899e-07 4516.360284852555 0.0934943956127897 7.100547777333185e-08 0.05769209252772369 5.9708561129144796e-06 -6.962534407305512 33.83557581030399 4.7559118471136306e-05 0.0030289815726090665 0.33851195223907316
20230927062116 MNAI 38.050454758741985 3.510125 0.004289522821220246 4.00198426804469e-05 8.320459714711784e-07 1673.2282431753217 0.15360391148867253 1.2780551575636544e-07 0.058620060553470035 1.2820292576860896e-06 -7.184672615751556 6.4470498850501565 3.657973963571053e-05 0.0015232005822419332 0.12913976787460005
20230927062116 MTSM 96.89171691892466 3.510125 0.010009038130065305 8.473160318055323e-05 1.0860315748111398e-06 4061.954008324543 0.0985853465609751 1.0706679917891778e-07 0.053190362274536516 1.3715868868449709e-05 -6.310813834492752 47.62529818995952 7.795126672242386e-05 0.004112032904036831 0.4784875450673979
20230927122854 SSJR 96.18857173638727 3.491287 0.002306605104421225 3.062425255701616e-05 4.4357306759691714e-07 3001.8660654328237 0.11467908328997943 5.086855276413854e-08 0.08342037106428862 1.0266997932413932e-06 -7.3765820609775306 8.543926558213359 2.264941035351774e-05 0.0011277941518988955 0.08550294030883089
20230928124730 BBSR 58.87891027784015 3.642308 0.0030325890372204225 2.3009840420588244e-05 5.036261483633348e-07 1806.7906427451965 0.14781753373349477 7.444477517476728e-08 0.04767381583087832 1.3105057438216935e-06 -7.436299874135279 13.214824129872937 3.7181862266707114e-05 0.001483728588476873 0.1323388659295061
20230928124730 LESM 45.00094961685452 3.642308 0.0029531455212565383 5.8871162905194006e-05 1.6750753084769474e-06 1253.6818778659742 0.1774541638688373 2.972490882831114e-07 0.12525573938703238 7.721081406314955e-06 -7.06277951322313 20.990779534673432 0.00010052395553058018 0.003569302005268832 0.21039476565003287
20230928124730 PPSM 36.3636745184309 3.642308 0.008067860852070957 5.269910313653851e-05 2.265653035620583e-06 474.656286107179 0.28839667563999144 6.534068036266312e-07 0.04104163874418396 6.665619713835903e-06 -6.647916006454516 49.58132018536588 0.00015290899581018837 0.003426419551872853 0.4962625279550177
20230928134330 BBSR 127.36358019139506 3.552669 0.0019319132935827453 1.925809406222778e-05 5.1026333594121e-07 1481.4139399915255 0.16324566404968407 8.329827711592985e-08 0.0626333355943075 9.628927291829044e-07 -7.77050323995676 8.836388748097527 3.224363849025682e-05 0.001161668174769133 0.08872274303717909
20230928134330 LLSM 97.76451119971888 3.552669 0.0021689585719318815 3.81949206690172e-05 1.0121145472881466e-06 1125.4451327802517 0.18729134337386588 1.8956029320982908e-07 0.110645619267271 1.5650671727551078e-06 -7.419033036659588 10.86842827754825 4.252994832192896e-05 0.0014181765544561558 0.1087854461618423
20230929103551 RASM 24.305263421921797 3.076063 0.003610333661149806 3.0411861020771077e-05 3.9771905548331303e-07 4285.6052408601345 0.09597846195474469 3.817246323538215e-08 0.05292678634828473 2.0027886781945884e-06 -7.288397725174584 21.417255129360576 3.155197007381171e-05 0.0017787329314123226 0.2149147257507838
20230929103551 SKSM 57.58410690174715 3.076063 0.002563699791868117 3.332209879598203e-05 4.216586007938456e-07 2680.401053498825 0.12136123251205666 5.117300749165038e-08 0.08166670771024165 1.8696950712062842e-06 -7.163564928109269 18.237929985250318 4.0352321571065304e-05 0.0017647182464311203 0.18301943832355513
20230930063346 JSJR 229.51774125881684 4.970998 0.01385667649334484 0.0002391629659471433 6.768836915077063e-06 1274.826858400965 0.1759763339620672 1.1911551055023697e-06 0.10844629550111168 0.00012046551068495132 -5.658639935118661 83.12303737164777 0.000339724958276148 0.01209165459962165 0.8314949126974914
20230930063346 SSJR 250.23878522912412 4.970998 0.0026931967515967346 5.4281065614132086e-05 2.186325127472236e-06 394.54183024459974 0.3163248719507823 6.915890159904328e-07 0.12663686517613698 6.7871006144026935e-06 -7.030165869724334 21.307859125267157 0.0001708855950586297 0.0032746215772071745 0.21332392203000583
20230930092029 BBSR 102.2939345455412 4.196841 0.00138366580414409 2.2460632076623814e-05 6.374104004191735e-07 850.777776548098 0.21541294582205195 1.3730645205190784e-07 0.10199306294275744 7.379684340612543e-07 -7.703091448419425 6.154227731322153 3.4117300293116544e-05 0.0009866210638084863 0.06192536058991055
20230930212107 CSJR 29.052609870610873 3.246057 0.0006611612120019506 1.4120642190060864e-05 5.769330240790663e-07 404.73794169605753 0.3123150472998868 1.801848647041203e-07 0.13419210008990795 7.410108444014274e-07 -8.150269186481792 4.417613644628438 5.567887361475911e-05 0.001102621580364646 0.044238651628610744
20230930212107 JSJR 54.484262394082705 3.246057 0.0002622031087006558 4.62131681482881e-06 2.572161982248524e-07 261.1087883633933 0.3888383786853 1.0001552948934836e-07 0.11074083009406258 5.981480813516866e-08 -9.143289581089583 1.7258008399954476 2.098670916614096e-05 0.0003195257529379503 0.017368770206515415
20230930212107 KCJR 51.93885124103502 3.246057 0.0003307788758222307 4.633265358230448e-06 2.6654720386406586e-07 231.84319683901728 0.4126507987343874 1.0999091657492438e-07 0.08800944362221937 5.574298644779507e-08 -9.146352379168459 1.3534386046040214 1.9501183994417367e-05 0.0003020538195917273 0.013580222937523452
20230930212107 KSJR 7.098614463108119 3.246057 0.00595276551680377 0.00013183403581245868 8.775860360220958e-06 216.13727243919135 0.4273808269742664 3.7506344581619163e-06 0.1391517395510967 3.2890060057738654e-05 -6.31896662856768 21.785109752651742 0.0003861066716682543 0.006239836300240787 0.21869124278003266
20230930212107 SSJR 55.06329380833918 3.246057 0.0002462545847645591 8.37336928422821e-06 6.759292624110528e-07 148.50621040480277 0.5155936505222491 3.48504835901326e-07 0.21364650290086035 2.5823114766695785e-07 -8.774997511763983 1.5174646129239413 4.691957525932208e-05 0.0006059264750414749 0.015209104066768816
20231005103347 ISSR 127.17348292420647 4.486153 0.003366149654111596 6.327173082459157e-05 2.903186519788208e-06 431.555825323218 0.3024554236571914 8.780845087983896e-07 0.11810170382392506 9.758171819466121e-06 -6.881884466558165 16.6578102637686 0.00017857554498187846 0.003652581247840064 0.16664100265002416
20231005103347 MBSR 123.13341868879385 4.486153 0.0018008451124399503 5.61886184235828e-05 2.7314496788817717e-06 406.7002858606669 0.31156067030462686 8.510122928557626e-07 0.19604323507391477 3.385895372555792e-06 -7.1338792605179195 3.3802357282562396 6.478042886212883e-05 0.001235300987923377 0.034064005295922684
20231005103347 MNAI 134.2978919787381 4.486153 0.0022493269701085354 3.897645439046246e-05 1.1171244242071762e-06 707.2832829618877 0.2362561767515095 2.639275454189189e-07 0.10887536085529272 6.731005169380704e-07 -7.299399039675978 2.740156560629469 3.60743851934961e-05 0.0008350267196187929 0.05501608481838126
20231006214128 MGJR 158.5600485106386 3.623766 0.0011461822746954918 2.33601045892162e-05 6.348933015751712e-07 1424.6661391189123 0.16646514645943133 1.0568760643282277e-07 0.12805630410585075 1.0821956330988633e-06 -7.776886435321016 7.5935059843065735 3.4064828097743356e-05 0.0012868747822073847 0.07598166055010401
20231006214128 SSJR 238.64553248426773 3.623766 0.000322353337527245 3.229620227318518e-06 1.4776218930708655e-07 517.3673097344463 0.27623606342406454 4.0817245497110994e-08 0.06295049561366065 3.5283447996630135e-08 -9.251358884376405 1.4971654237008085 1.1313123298852165e-05 0.0002542543809742077 0.015009891492377608
20231007205116 CLJR 133.25199862427874 3.193884 0.00026509349208663993 5.834366204397901e-06 1.8745032623243594e-07 801.1617359596282 0.22198302683968668 4.1610790799162854e-08 0.13828481311867524 8.254006851797614e-08 -8.990645405372577 1.3361943236984624 1.4288979832505576e-05 0.00033327289106332774 0.013490973511255045
20231007205116 CPJR 102.36026093818158 3.193884 0.0005172343237665481 9.080292297712999e-06 3.215899854271632e-07 444.99118784793774 0.2978544980533141 9.57870236883803e-08 0.11030427898601142 1.024757307729176e-07 -8.552155602582523 1.8129166677261643 1.8745797917975387e-05 0.00035864716270401706 0.018278438135744583
20231011092744 KTSR 149.64899423466878 3.998594 0.000824791914702735 1.5028699742008949e-05 4.858393549852565e-07 757.4890451789635 0.22829252423827803 1.1091349272388105e-07 0.11448718606684852 7.176824242785359e-07 -8.047199114875538 4.950044973160576 4.185518872809259e-05 0.0011100460810055616 0.04953082592678572
20231011194106 IMSR 84.79342512165165 3.315935 0.001243754920265234 1.9707246435065313e-05 5.327447741830853e-07 979.7448346168994 0.2007351270042936 1.0694058990651536e-07 0.09955681720588795 6.360964111727271e-07 -7.837235480082475 8.22945844108204 3.276500746679243e-05 0.0009941493502369544 0.08236057181947899
20231011194106 MNAI 178.70805812917442 3.315935 0.0002190726981230727 2.051346659155353e-06 1.0720055072907312e-07 250.95856854070115 0.39662387577679203 4.251829791557159e-08 0.05883431070674059 4.284919948898412e-09 -9.525160582544576 0.5654912059979555 6.112915028560633e-06 9.1485055732012e-05 0.01137174066968475
20231011234441 KCJR 51.814839327592246 3.198578 0.0005252599799626941 1.073978493514775e-05 4.4292605715467626e-07 417.83064233713526 0.3073829151862262 1.3614790266014542e-07 0.12846982728739714 2.2046537766236415e-07 -8.429890897493385 2.8375444952784963 2.911064566141566e-05 0.0005240910473331875 0.02843741652872244
20231011234441 KSJR 9.254157664522415 3.198578 0.011615397409319324 0.00025598188046269636 1.2284837775192267e-05 642.8294138383234 0.24781751520343814 3.044397972125481e-06 0.13846978571193527 0.00023465406098516472 -5.730288897687453 73.59959288551292 0.0007002400412714006 0.017934316367099776 0.737511356817864
20231014034929 LESM 30.285956332454415 3.987778 0.006204259120367426 0.00014195961675635284 5.209477686972176e-06 657.8047496606482 0.2449804149243317 1.2762200052934914e-06 0.1437655263765866 9.671154886810147e-06 -6.186706024045193 16.055554789987163 9.927661534068206e-05 0.0024076286813173474 0.16248320839806685
20231014034929 MNAI 123.2318977473084 3.987778 0.0002083601558706298 5.078131333001828e-06 2.3675004132641925e-07 366.03773206702056 0.32841042923984887 7.77511826945613e-08 0.15313311725134354 8.609693457311666e-09 -9.035852674047865 0.3729247962190453 6.0834514667180554e-06 0.00010055140972465443 0.007578948344438373
20231014152743 ISSR 33.01861180066413 3.130701 0.004225124014516269 3.267186461280996e-05 3.780728051925542e-07 4734.3160475309305 0.09131691792950959 3.452444332314794e-08 0.04858635604258611 2.1768669885359795e-06 -7.097243866223392 18.62004406165365 2.7104771200581487e-05 0.0017094076077144595 0.1862533392454054
20231015195938 BLSM 142.76549303911207 4.211437 0.001751453518666421 1.768708243146368e-05 9.024399207544221e-07 340.968303287488 0.34026937557628945 3.070726683302233e-07 0.0634508511221374 1.4256564136201968e-06 -7.693908132139203 11.877417249805925 9.195319964160757e-05 0.0016206557480164803 0.11898595973553014
20231015195938 JMSI 104.35510727931984 4.211437 0.0011167368520998227 3.029524070782338e-05 9.769164499842863e-07 648.6114777673747 0.24671045459992239 2.410155014817656e-07 0.1704525206049614 2.0464971709213384e-06 -7.52405083605829 9.129564599863436 7.469751996129904e-05 0.001702166059046187 0.09152356477745942
20231016122442 CCJM 75.96673226386669 3.576792 0.0053633543426840425 5.934293457522251e-05 1.352102280211108e-06 1984.949557018752 0.14102792988218707 1.906841855671574e-07 0.06952042150945444 7.132525685933208e-06 -6.708714626300708 36.551702431211694 8.509491811123674e-05 0.0032665303290291474 0.36584443951825263
20231016122442 CNJI 52.26050560552763 3.576792 0.0032131718520255837 4.1104639882845554e-05 9.054368374131173e-07 1918.3173879458743 0.1434563037316947 1.2989062195780123e-07 0.08037791978228336 3.615542128889177e-06 -7.112904505765993 21.653261721285443 5.489774347329001e-05 0.002275782300340488 0.21678587095562651
20231016122442 CSJR 67.10248642153321 3.576792 0.0051492386716395395 5.1407018179672195e-05 1.6085099763806902e-06 1115.6035430193585 0.18811564930445934 3.025858986195541e-07 0.06272768498601866 7.602750641216088e-06 -6.769578462742592 24.472959963656876 9.827774507076423e-05 0.003247953977107326 0.24507108919879494
20231016122442 GCJR 60.43316648246652 3.576792 0.0073120649796785874 8.375807408013716e-05 1.9491706286408906e-06 834.8946870044208 0.2174523070639995 4.238516500593479e-07 0.07197248682561763 7.549602598261761e-06 -6.394360283905813 24.156022043637 9.777682255561128e-05 0.002617668637889117 0.24167885658072824
20231016122442 JTJM 57.48338231937661 3.576792 0.003917631044495147 6.652463486298845e-05 1.7652240477126556e-06 936.3978346762776 0.2053287049493683 3.624511676623215e-07 0.10669371454056378 7.01677602851509e-06 -6.8404658056668 22.70332363934015 0.00010130810634635834 0.00306828808118768 0.2273488087926625
20231016122442 RSJR 35.65769554106887 3.576792 0.005891597018678426 6.399972616528206e-05 1.0322452148333033e-06 4002.9606027871814 0.09930913759223134 1.0251138206880292e-07 0.06825350373257864 7.805638803641334e-06 -6.749310176945829 33.39567414713693 5.2506003136831386e-05 0.0033793864697088862 0.33472716323561813
20231016122442 SSJM 79.91355738560605 3.576792 0.0014864256974812297 2.334641098074865e-05 6.195922378970712e-07 682.6415459875469 0.24048251781824487 1.4900110139012863e-07 0.09868628260274574 6.525698224075098e-07 -7.631951743878082 8.57076889984839 4.064387784257409e-05 0.0008952055219371509 0.08585723477038744
20231016122442 SSJR 43.11430284710048 3.576792 0.015924837793180928 0.00016296537293094667 3.2437619883065467e-06 1909.623861947658 0.14378247396766533 4.663961236409884e-07 0.06429840291479902 3.525819045191772e-05 -5.697279590933648 55.947535280622766 0.0001516505814371477 0.006708601937640869 0.5602518103224531
20231016122442 TSJR 16.454232432580383 3.576792 0.010342109027258807 8.760219180703515e-05 2.5699557972460576e-06 2324.968138670943 0.13030808591256982 3.3488602081904615e-07 0.05322133067713183 2.3053734635252487e-05 -6.365273344682523 72.82458788044875 0.00013035914651035645 0.006157095896373125 0.7286400383186351
20231016152114 ISSR 85.3499624676047 3.81527 0.0011784736791927873 1.462068796923641e-05 4.3138853905680626e-07 1483.3554674966322 0.1631387949503999 7.03762064171409e-08 0.07795209468919786 3.9129533812120596e-07 -8.019631172244326 5.541069069232838 1.933289662495158e-05 0.0007201513827779579 0.05568567484357436
20231016152114 LHSM 105.25890686170742 3.81527 0.0020151153272493054 4.371388966241289e-05 1.4437703471691124e-06 972.0426629809008 0.20152883999376603 2.909613632823881e-07 0.13630111663210118 5.05008900390981e-06 -7.3111779546214475 14.084053345728362 8.968560415727577e-05 0.0026549292854699297 0.14122078003153363
20231016152114 MKSM 59.34987439718964 3.81527 0.0036675226248691815 6.045185704986728e-05 1.9038086375578163e-06 1081.8992073184045 0.19102335439337317 3.6367191206937165e-07 0.10356588325641077 7.543192470493554e-06 -7.0178850319659665 22.664575804496916 0.0001028719528768671 0.003352110633730394 0.22723091854761893
20231016152114 MNAI 64.08253056748299 3.81527 0.0032050920478635557 5.156545000095554e-05 1.2945698403832114e-06 1717.9251136844168 0.15159251357144146 1.9624709609747078e-07 0.101087667051583 1.4156418473949494e-06 -6.86637825967192 5.0094957052746105 3.290750273230854e-05 0.0013108832393150262 0.10067273493787678
20231017040959 BBSR 82.75268177868725 3.473422 0.003227457996946647 2.7482318440486943e-05 6.083091495284447e-07 1195.238250486605 0.18174088007471212 1.105546401927992e-07 0.053502322755512116 2.8535989371117795e-06 -7.245841497043286 22.31642677795685 7.544043740699617e-05 0.002496949210874094 0.22346829767381474
20231017040959 KTSR 82.13823015940513 3.473422 0.0021094202516659306 2.923692430034629e-05 6.552073811623645e-07 1408.4085869871637 0.1674231605909929 1.0969689059675047e-07 0.08708601950985269 8.280493148779653e-07 -7.415451111321222 7.374236246372529 2.5361177025318436e-05 0.0009943675481176124 0.07376645345344499
20231017040959 PSSM 44.16059129762539 3.473422 0.010818487552067145 7.646335564275292e-05 1.2261961919097986e-06 5121.55099973406 0.08779688700546483 1.0765620850763585e-07 0.04440855807246305 1.718910602886479e-05 -6.4349503630762 66.24730840569592 8.034140237646233e-05 0.0054594091667390324 0.6626978320098716
20231017132846 CGJR 75.9310115474648 3.753317 0.0008029265931929526 2.0499795238024623e-05 6.8421325694981e-07 531.7503104594457 0.27247458029444993 1.864307200192981e-07 0.16041816690556826 6.843317383283939e-07 -7.995571997027516 5.460680417793119 4.5875433864882664e-05 0.0009562253643663531 0.05470376859783939
20231017132846 SSJM 121.5522867964594 3.753317 0.0014505874775675508 1.2671567656581281e-05 4.647120434413983e-07 731.2848529369583 0.23234673784919788 1.0797432733284361e-07 0.054886595224351735 5.297349444533735e-07 -7.897847171043765 11.289674141846351 3.093545928942645e-05 0.0008672817785505872 0.11322378284346427
20231017175715 ISSR 121.23255969784753 3.137101 0.00018783206079302998 4.206844277602355e-06 1.957612310902774e-07 332.468540600611 0.34459152323900744 6.745766081254204e-08 0.14072348481417762 4.959579978515907e-08 -9.236964882339823 1.3424681652895951 1.7127467581440262e-05 0.0002978712313241968 0.013438168628862053
20231019140825 BALE 147.76533212249177 5.22372 0.005866693549607219 0.00020651837056260536 8.671896515950868e-06 459.92476104972303 0.2929789867318632 2.54068345428686e-06 0.2211796441401829 9.711181892412372e-05 -6.026269266981705 33.802111358969945 0.0005301248255611853 0.011054383867013573 0.33884617628686914
20231019140825 BBJN 160.56265673717002 5.22372 0.02083773728916643 0.00040947071039772144 1.7655810422666603e-05 501.86545476388403 0.2804698724802143 4.951922897780141e-06 0.12346735711218239 0.00043794247147889903 -5.333503292850852 122.52831894516069 0.000973143029855494 0.02361873663084831 1.2259790584806343
20231019140825 BKJI 160.61119418643904 5.22372 0.022743661227862047 0.0005154085102450751 1.9312176074339923e-05 551.1262198387474 0.26764204021635957 5.168750205553903e-06 0.1423872412767024 0.0006386172292369331 -5.132284813067087 131.54055383786473 0.0011659542145961571 0.02837420342395135 1.3200703694531895
20231019140825 BLJR 174.1525911121169 5.22372 0.005754724452415299 0.0001067295817566732 4.9884067594309035e-06 335.8396611261057 0.34285767586043486 1.7103135477849629e-06 0.11653064286223037 2.519749369362725e-05 -6.408848454174514 27.935634059026725 0.0003300484472145932 0.0059820831378186974 0.28223823044481905
20231019140825 CBJN 205.99991661397468 5.22372 0.0037362292001202474 7.27446779097865e-05 4.969312442803775e-06 264.4618278471095 0.3863655275830423 1.9199710236888574e-06 0.12233411467464886 2.0804925526482872e-05 -6.893879625892773 21.85492053895741 0.00035062489639342884 0.005955015345393115 0.21906174111365873
20231019140825 CILA 195.2018773411109 5.22372 0.024820125807442292 0.0008109851042297089 2.8668483883404327e-05 351.1773090983081 0.33528694598466446 9.61216840727721e-06 0.2052999138992966 0.0007491877823250809 -4.807259360487328 94.86656645588741 0.001538477766223888 0.027332847190760252 0.9579065898843437
20231019140825 CLJO 197.55378055661637 5.22372 0.006458228388256295 0.00013775349277377364 6.7164272468220985e-06 275.2286839464933 0.3787328897968505 2.5437319002992377e-06 0.1340198379144865 5.4551137342097296e-05 -6.244444918136235 36.43683352290225 0.0005222658247596386 0.008910581204176414 0.3654696408836193
20231019140825 CLJR 197.1416661165166 5.22372 0.009680110074183844 0.0002742354190402018 8.299045832946162e-06 989.2458559598849 0.19976884034027093 1.6578907619784125e-06 0.17800127709466254 0.00016902867053364027 -5.75892509118542 59.09279207339257 0.000490211072617692 0.015154898737181963 0.5910435326244744
20231019140825 CPJR 218.89770102595918 5.22372 0.004995752255411392 0.00012469450733832576 6.5437397880075475e-06 277.97467521714145 0.37685757796519026 2.466057927342972e-06 0.15682897316325134 6.407651224326239e-05 -6.410843600887757 33.802871237116356 0.0006496658717907452 0.010452476497149879 0.3396860126607102
20231019140825 CSJR 136.66513093717612 5.22372 0.025111086764086084 0.00045960088469455877 2.0970399916137953e-05 370.29308240451024 0.3265179558163154 6.847212113267996e-06 0.11499930500856165 0.0006943490279927208 -5.195764445811588 147.20846220926242 0.0017534154429909078 0.03299848170571033 1.4726447173745638
20231019140825 CTJI 242.4389136318972 5.22372 0.0007691934333070025 1.7138978745623598e-05 1.7040348327391085e-06 119.55240790705658 0.5746464188008233 9.792175141453886e-07 0.14000038842191329 1.219797416300568e-06 -8.114550568153131 6.164078663673145 0.0001316667671898762 0.0014330569975597141 0.0616801700738281
20231019140825 GBJR 176.66165047393073 5.22372 0.003505094323148549 0.00012188293664644933 1.082011962391816e-05 124.09010487100414 0.5640418035033614 6.102999786796912e-06 0.21848572566941873 5.013593455891499e-05 -6.562139931044538 19.913609216025403 0.0007474692582947862 0.008198458736166153 0.20115159856415804
20231019140825 GTJN 120.97458730339217 5.22372 0.008733948579719451 0.0002248405638196678 7.907837789969724e-06 387.71457151209626 0.3190977975379554 2.5233736220667518e-06 0.16174985622540608 0.00012510381560644626 -5.9296561588932075 51.62095450688486 0.0007234900055238873 0.013542388429588223 0.5163942087306364
20231019140825 JABI 209.50277646949235 5.22372 0.00648444512422922 0.00018080622965166784 1.0850690366591703e-05 175.79868463684753 0.4738840131985478 5.141968696895298e-06 0.17519448832238116 9.853229256393748e-05 -6.091637744669356 44.096580479226915 0.000924973745471776 0.012233151769756256 0.44209322610252066
20231019140825 JARU 218.05957973072282 5.22372 0.0029064276111400392 0.00010649613534774052 9.848910123548323e-06 131.29753592991574 0.5483420868061728 5.4005719299129284e-06 0.23022591387571675 4.138833328195312e-05 -6.601451562083065 25.407861688457583 0.0006682452989741102 0.008288471802822474 0.25509021196212006
20231019140825 JCJI 187.37801263028348 5.22372 0.002648769011103206 6.808865210854132e-05 2.6155489152629676e-06 554.784918199508 0.26675805684654075 6.977187462226267e-07 0.16151412853318825 9.447701848238255e-06 -6.945191650883427 14.64530296517136 0.00013314986579411915 0.0030905015450318294 0.14729398709026612
20231019140825 JPJI 176.5976979961084 5.22372 0.005165852117611757 0.0001565365414181132 6.5747959097659495e-06 562.5568743530969 0.2649089616256762 1.7417223573568407e-06 0.1903941643474117 4.437915629260485e-05 -6.1590181283193495 27.491552059868784 0.00030677371715943984 0.006890920583990133 0.27527459807394755
20231019140825 KSJR 158.23582196386224 5.22372 0.019674703112546064 0.0005021459611664556 1.2372637057037605e-05 1223.836353800831 0.1796049051933451 2.222186305620907e-06 0.1603620703810637 0.0004582964739495024 -5.159920823810293 75.9510165549486 0.0006181797105630987 0.021154135225063306 0.7610356290420125
20231019140825 LBJN 187.38798139244648 5.22372 0.0052758975790651655 0.0001449580497971091 5.1999441351264464e-06 567.2664932318011 0.2638069922708755 1.371781622264287e-06 0.17263380780109586 3.88568553326805e-05 -6.259945652730127 28.17333462235967 0.00027210719648070584 0.0063969723078828224 0.28345874762046414
20231019140825 MLJR 203.59021680416492 5.22372 0.007102135475431304 0.00015577866078538005 5.051676119602338e-06 692.6384958336241 0.23874075100562844 1.2060409506310612e-06 0.1378157592184444 7.386889790650177e-05 -6.147719229078779 55.11507927242282 0.00041502284506846526 0.011021368830392082 0.5516723499858271
20231019140825 PSJM 150.95891646224547 5.22372 0.005647578572163681 0.00023099715619137625 1.7393089879652983e-05 121.06015746742612 0.5710567260344979 9.932440962298391e-06 0.25699473132356415 0.00012862894294110507 -6.064296560086338 35.150288675856444 0.0011731687281651066 0.013181444970077796 0.35380141213546135
20231019140825 SADLY 216.99454056862993 5.22372 0.002044782215205913 4.764514215769582e-05 2.982086083062123e-06 201.79445573201303 0.4423084673761785 1.3190019249830389e-06 0.14640349223380283 7.057752785322812e-06 -7.246817663388602 11.528667090266318 0.0002200870598136542 0.003114982369214129 0.11582373248873142
20231019140825 SCJM 141.46548318215326 5.22372 0.008701676157719957 0.00033388566732789484 2.0395798499873566e-05 254.00719191541472 0.3942365282841236 8.04076879217269e-06 0.24108751937077028 0.00041587061783944523 -5.640262782083117 64.33564202890922 0.001412395731788469 0.023343293041888237 0.6450935509152002
20231019140825 SPJR 247.53420867763134 5.22372 0.004285351593397796 0.00010901424244925041 6.533522589516391e-06 318.0907400868235 0.35229327674046307 2.301716081718565e-06 0.15983675353166313 4.744328642413876e-05 -6.498948644110122 29.235104413275423 0.0004541171612192864 0.008487192823516072 0.2930767811590904
20231019140825 SPSJM 164.88398391527832 5.22372 0.0016530878256917464 5.0548181197414296e-05 3.1843944096226386e-06 362.1097552287228 0.3301868369547353 1.0514451177296406e-06 0.19212747469804967 8.290921107593782e-06 -7.245089821393893 9.89074290818691 0.0001521807110377941 0.0030388559510855237 0.09973456657108365
20231019140825 TASE 207.4900528646215 5.22372 0.004155153048355776 0.00014876774321917916 9.492237177762947e-06 228.3508926178734 0.41579428098512083 3.946817932268177e-06 0.22495809119399188 8.161209726759883e-05 -6.403797696849871 28.93149640145567 0.0006366992679875184 0.010153819307114889 0.28997644249950416
20231019140825 TPJR 243.3474661154712 5.22372 0.0023654745041873848 8.146465194665663e-05 3.970067264109153e-06 313.3725053265441 0.3549354874614698 1.409117759641406e-06 0.2163868193293299 1.5081696875797865e-05 -6.7847954290790105 12.387883626413783 0.00022808010527298076 0.004300953849891813 0.12444197195614405
20231019140825 TSJM 164.24978064474345 5.22372 0.0036106651685426207 2.6384066819704172e-05 6.071488810192802e-07 2823.088177336763 0.11825449198558009 7.17980824845484e-08 0.045912864596115995 1.9127946512113156e-06 -7.295247158597894 22.958149392005865 3.847988939888445e-05 0.001836962598138327 0.2299746674097608
20231019140825 UIDS 202.5507118612732 5.22372 0.0005557361055973509 1.8655894664852595e-05 1.2256458852850377e-06 191.18247833050418 0.4544183127075991 5.569559351682384e-07 0.21092464943319786 9.47054517767193e-07 -8.07654406966315 3.4440307327086015 8.010546508047772e-05 0.0011810921384274701 0.03444347037865679
20231019140825 WLJI 209.50624013740358 5.22372 0.014876077119809122 0.0004124724848916192 1.570648247179147e-05 319.14858161381363 0.3517089411001253 5.524110318561456e-06 0.17421535501693672 0.0002917381652008038 -5.417026356773735 96.21544166247833 0.0011819356986338945 0.019465648779495942 0.9626464263183632
20231019220744 UTSI 168.06316699693255 3.425856 0.000654192204219625 6.313898638501865e-06 1.512985242808014e-07 2209.7078539892223 0.13366337987699636 2.0223072125773717e-08 0.06064180358703518 1.614782592658052e-07 -8.747524640670347 4.763648555068601 1.2361526519545759e-05 0.0005599793837084716 0.04783224566049201
20231021164131 ASJR 111.88869081408862 4.012261 0.0008265703330844272 2.573135938571869e-05 1.2693076013218647e-06 277.01511414230663 0.37750971792173316 4.791759545309288e-07 0.1955972683205308 1.1450308914968623e-06 -7.78741220370268 5.401960223134999 7.664112074929777e-05 0.0012435049268812461 0.054125719032762816
20231021164131 KTSR 148.86609413323168 4.012261 0.0006556327454952913 1.2178674511911007e-05 3.967476377867204e-07 934.9758299624118 0.2054847878361339 8.152560417509153e-08 0.11671300629799206 4.4399967374450796e-07 -8.389123988161208 3.3070197456814197 2.781638714712803e-05 0.0008386565936307657 0.03308450949980987
20231021164131 TPJR 74.45872109208946 4.012261 0.005229804592717786 4.79580835475643e-05 1.7868235409683e-06 478.789485049275 0.28714917067892537 5.130848979386282e-07 0.05761774088579366 8.995007567183765e-06 -6.888141664412824 29.601235785724178 0.00022317077809604603 0.004455996519134146 0.29721632130999753
20231021164131 WLJI 81.66705342317815 4.012261 0.006143663050604833 5.003293027109434e-05 1.0774363097998333e-06 1953.7153043760982 0.14215077411459393 1.5315840549721772e-07 0.05116917541946443 7.3428753994012055e-06 -6.77053809549946 32.93861774369013 8.258222971040489e-05 0.0033010325464488425 0.32974752031174187
20231023105623 BBSR 71.17137778980303 3.866937 0.004778757013094805 3.5203944638985633e-05 6.754155680359284e-07 2199.03669218619 0.1339872983812021 9.049710724573905e-08 0.04628670323775047 2.7971814364420416e-06 -7.097259938684595 17.104986816086868 4.4566983302631945e-05 0.0018579929524045829 0.17149449968534958
20231023105623 KTSR 116.0883890918412 3.866937 0.0010772469670681318 1.7877406780456706e-05 4.0261470830781427e-07 1633.7742620471824 0.1554475363250457 6.258546449467664e-08 0.1042723377714871 4.1852146334512705e-07 -7.88482440080573 4.350058687112432 1.9684237694597573e-05 0.0006797395906171926 0.043568018116556397
20231023105623 MNAI 144.5117072469517 3.866937 0.0007830006429060505 8.09145092226865e-06 2.340824882605582e-07 810.209909432943 0.22074002787414687 5.1671374983485277e-08 0.06492981328836944 4.6125912367309535e-08 -8.482133863068237 1.4939017419346743 1.1337660249471012e-05 0.00026209990106672786 0.030199374463610217
20231023105623 PPSM 51.08864527563747 3.866937 0.009976487139512881 2.922012637143302e-05 8.54921285872473e-07 1110.3524437087926 0.18855994463538622 1.6120391033172673e-07 0.018402817156328542 2.5034798744845887e-06 -6.820815866424591 52.582090777009356 7.000934631790732e-05 0.0021194894394716193 0.5273583770433385
20231023105623 SSSR 194.64242655509727 3.866937 0.0002579054446623745 4.2581119061729494e-06 1.4713402068339274e-07 661.7718745496494 0.24424501890992462 3.59367516641085e-08 0.10373765548151498 7.108677880803691e-08 -9.164154042487494 2.081684043825232 1.5300574838675815e-05 0.00037236100560274514 0.02087234634540349
20231023111157 IMSR 62.56524388811057 3.690226 0.0030899908327197455 5.241757462052352e-05 1.8564995241530272e-06 839.1448300343066 0.21690092631002572 4.0267646648291354e-07 0.10658586142269444 7.0147630978871455e-06 -7.06323902472422 19.239416668107083 0.00011505498902496072 0.0033313098619271305 0.1926644890420881
20231023111157 KBSR 93.55409408164398 3.690226 0.0011274543705668207 3.44255377215069e-05 1.3680480950004285e-06 715.8868187749001 0.2348322208497874 3.2126177237827155e-07 0.19184992177979163 2.895242496392735e-06 -7.556334303891082 7.167772996096791 8.158358623747893e-05 0.0020258046275164992 0.07178593839134795
20231023111157 NBSR 98.034183104079 3.690226 0.0008781823798758899 1.2172700770604666e-05 3.1279183449489575e-07 1389.2379451583342 0.16857437177686588 5.272868699691046e-08 0.08709276840804521 5.087392689948938e-07 -8.222580034076051 7.563933765336891 2.66757712082992e-05 0.0009625582167723784 0.07593288188550879
20231023154143 CCJM 147.83936687485792 3.722003 0.006592968673424567 8.332692996111329e-05 1.9027234854713027e-06 1585.454617004964 0.15779853279548212 3.002469743228774e-07 0.07941165322602678 1.0452264340534756e-05 -6.528915169950937 26.27675491379395 9.258024655301773e-05 0.003162627338644775 0.2629217884438177
20231023154143 CIJI 95.05068006482404 3.722003 0.008852387858741949 0.00012250365397088354 2.9195228367989757e-06 1764.6216411018772 0.14957329735940397 4.3668265741610384e-07 0.08694977795686586 2.1373048142689983e-05 -6.213084872798408 32.3831363576018 0.00011803942350235543 0.005053571182686971 0.3239571150544921
20231023154143 CNJI 123.08870452036327 3.722003 0.0026001279517968412 2.9202342605685937e-05 4.3712723599157004e-07 3593.2010486511754 0.10481878214734439 4.5819144520071177e-08 0.07056719261391435 1.8420035232441738e-06 -7.375346012480536 16.748222499564868 3.0075494162432693e-05 0.001565833524772715 0.16813688550667283
20231023154143 LSJR 171.75009069583564 3.722003 0.0018615702679042538 1.766255363186399e-05 3.80600476524349e-07 1870.0093138399643 0.14529744703830857 5.530027758055161e-08 0.05961477757803723 5.535568215716699e-07 -7.770649250082077 7.764651773115522 2.0086822858697068e-05 0.0007914446486220032 0.07766357801643671
20231023154143 TSJN 95.74476480098235 3.722003 0.010841740370836928 0.0001230038163010491 3.4407160227475115e-06 1400.9923783357756 0.16786570627203704 5.775782252400253e-07 0.07128521297084964 2.057871128030037e-05 -6.218803777529602 43.563464967879966 0.00013935345366692599 0.004897103434507366 0.43582565722961225
20231023190540 HSSR 68.4372768905965 3.421868 0.000265819643370605 6.3914196762697005e-06 2.1324459174534124e-07 549.0850555422592 0.26813904392155297 5.7179200952037686e-08 0.15107414069458916 8.489414990814785e-08 -8.932119388127106 1.4713695904015298 1.6570092919435437e-05 0.00035069807929757657 0.014798192052286576
20231023190540 LPSM 88.3651346365074 3.421868 0.0019725000694703686 2.7051524154400665e-05 7.779109546452872e-07 1203.7599475701709 0.18109644450844162 1.4087690803042908e-07 0.08616969993282794 1.760919386584101e-06 -7.668377472610919 15.215766838324061 5.265874658858204e-05 0.001775782573475606 0.1529029163382328
20231023190540 MKBI 188.659112026412 3.421868 0.0013676113607679573 1.2527794068224844e-05 3.52151695547662e-07 931.2501850540052 0.20589541818978385 7.250642062102731e-08 0.05755615511751909 3.7590515447211963e-07 -7.931160972405553 7.813283710928649 2.7227519205308754e-05 0.0007614879891325996 0.07830626801703573
20231023190540 PAPA 66.51849099238771 3.421868 0.003597174346507522 4.64138902158642e-05 7.799505558425528e-07 3611.183138025703 0.10455748094225556 8.154966537840935e-08 0.08107115334470888 5.79611577272494e-06 -6.948385330265099 23.771611390889177 5.2679074696212806e-05 0.0029831117156005303 0.23808662020041602
20231023190540 PDSI 26.94986301560334 3.421868 0.0010666336970644214 9.038472348612528e-06 1.9997354590248793e-07 1276.647766588626 0.17585078990104014 3.516550600626441e-08 0.053242642545842274 1.8785623908268736e-07 -8.211463030474828 6.588854079737629 1.7903211431440967e-05 0.0005264631012634466 0.06610107213136825
20231023190540 SASI 137.766284022012 3.421868 0.0007061578502880047 1.2808614557213112e-05 5.764602181010642e-07 534.7631320797473 0.2717059438881244 1.566276676731037e-07 0.1139672932310883 3.997579947208941e-07 -8.338837882549736 3.398769988181133 2.6701602243787203e-05 0.0006987114739153526 0.03408565795250399
20231023190540 STSI 171.68398209353882 3.421868 0.0011175755952299088 1.710406458006683e-05 4.922351246317299e-07 594.6391676803657 0.25766362495946954 1.268310865449878e-07 0.09616173413344649 5.620381347977545e-07 -7.936460974350149 6.497184690771155 4.128628392277912e-05 0.0008879253575561135 0.06514175365777793
20231023224757 ACBM 119.45945015553804 4.426654 0.005195914948666076 0.00012892006303306263 4.292975835208762e-06 841.3655264379399 0.21661449351587753 9.299207862196473e-07 0.15589721037638624 5.406852554897145e-05 -6.371193391344029 36.261197851720695 0.0002959758120275981 0.008307340697368036 0.36366537176840225
20231023224757 BBJN 103.00480961027871 4.426654 0.0041502209055532925 9.455627599239892e-05 4.556817833432145e-06 292.22651215844667 0.36755307549205246 1.6748724091350162e-06 0.1431525255010139 2.7175379949629505e-05 -6.596689835397261 34.58246791812876 0.00040280405204563325 0.006784413080910909 0.3467662307063708
20231023224757 CBJM 142.16990246951497 4.426654 0.003620187713941907 4.008102719861117e-05 1.2299447982679957e-06 1089.291417182427 0.19037408434600356 2.3414961476639974e-07 0.06956449253200805 5.670347175092725e-06 -7.066735267113995 23.134933431166168 9.109600780819767e-05 0.003063452551064812 0.2319918174803473
20231023224757 CBJN 163.21802807750856 4.426654 0.0021709224026574864 5.557409919527137e-05 1.5516138767036813e-06 556.122517804135 0.2664370571803713 4.1340743518915633e-07 0.1608451610688738 3.465415545532779e-06 -7.027580955572655 14.790751722701724 8.990516707872966e-05 0.001979470756436344 0.1481454433002173
20231023224757 CCJM 146.5061963568557 4.426654 0.009705670115390466 0.00013557268210133717 3.656620800794273e-06 1121.5536169812399 0.1876159895053367 6.860405297868142e-07 0.0877660454256827 7.321372748880743e-05 -6.16105867073305 59.117796664854836 0.0003367387092835655 0.011200921849525333 0.5918168086146158
20231023224757 CIJM 178.05127769314163 4.426654 0.003575220835824015 7.44044576242562e-05 2.0351632409652187e-06 631.6998829333224 0.24999105546924905 5.087726066611127e-07 0.1307603128313175 6.286248942532762e-06 -6.7479494456034015 17.09654097643017 0.00012778201418278386 0.002908334814582392 0.17138254040862166
20231023224757 CNJI 122.77647696727053 4.426654 0.006063077994232837 9.163517187284176e-05 1.7784990610835347e-06 2334.652889135135 0.1300375290343163 2.3127162329315444e-07 0.0949617943361401 1.7720957773733685e-05 -6.444955062940283 35.01565524793963 9.905072041676586e-05 0.004645688465131394 0.3508300643487936
20231023224757 GCJR 129.95710846929816 4.426654 0.0036341538368467046 4.830088285486437e-05 1.6486611846587462e-06 998.7249584021243 0.19881855671000614 3.2778443723766086e-07 0.08350868210378616 5.3045110909610105e-06 -7.041323662058855 19.629918423497156 8.054785616392938e-05 0.002665082770774817 0.1968144585329076
20231023224757 MBJI 199.4797871056622 4.426654 0.00025832242569767845 6.637675100577601e-06 2.8699299892024584e-07 515.6391350074194 0.2766985815199396 7.941055570738559e-08 0.1614484013656263 1.917383905649418e-07 -9.000471742870678 1.5455795506039656 2.542367336741809e-05 0.0005269804803207567 0.015486393971605958
20231023224757 PBJI 120.79463616932267 4.426654 0.001643466189322041 3.607519605814701e-05 1.5405020888527698e-06 379.1919537765444 0.3226638501787378 4.970643351976227e-07 0.13792017341085455 3.4096556696406823e-06 -7.508129974314798 11.970226312871338 0.00012208003756702972 0.002226210551778384 0.12000694250406979
20231023224757 SSJM 169.85417787923237 4.426654 0.0016540526417355246 3.0267764315365606e-05 1.111175082045184e-06 759.1085923360789 0.22804886481545653 2.53402216071626e-07 0.11497697668674824 2.819890916513106e-06 -7.577197120145891 14.316492640101856 7.385326523195383e-05 0.0020019092409691405 0.1436424122710852
20231023224757 SSJR 150.14955788764584 4.426654 0.0033908316545982397 3.23206861752709e-05 8.000993055679327e-07 1575.0784948906837 0.1583174431645721 1.266696763352648e-07 0.05988998605077783 2.543101447757187e-06 -7.285582772039801 15.208923980006828 5.0146385074190834e-05 0.0019020498966926375 0.15248470306094256
20231029104932 CLJO 139.02281778930885 4.190328 0.0019842358980542386 3.319895341955331e-05 1.5621953162768402e-06 332.7973265441074 0.3444212621871796 5.380532826149696e-07 0.10512619822271502 3.1485011554505377e-06 -7.522301409775402 13.598114386937302 0.00012854033660086942 0.0021160081962203967 0.13630316413026275
20231029104932 CPJR 78.80551456206359 4.190328 0.006981535475975522 0.00011858738668783713 4.799002183917774e-06 534.9122256227286 0.2716680755958715 1.3037356880853263e-06 0.10672530823883401 4.0773319268138745e-05 -6.3384850420187995 46.467142496536425 0.0003538475646444911 0.008469238613866246 0.46684058882277224
20231029194936 ASJR 150.97841734506676 4.383799 0.0004351721868544808 1.0004217413324734e-05 4.808748875055215e-07 299.5046879772778 0.3630597097239648 1.7458629707129886e-07 0.14444478245630993 2.2788382982885995e-07 -8.630297746481567 1.8512059040519167 3.6605360752822525e-05 0.0005418185165719134 0.01860076904844249
20231029194936 BSJR 95.90824525810973 4.383799 0.005169529377015154 9.048431744695106e-05 2.764893702481718e-06 1213.4505552327994 0.1803718775412603 4.987090683186343e-07 0.10997707768925012 2.2159198784945277e-05 -6.578846312796412 28.76431218647646 0.00016575714441139416 0.005820047271656656 0.2882057073360407
20231029194936 CBJI 130.4175444071435 4.383799 0.0005265682982310582 1.9899489380374786e-05 9.74110905592595e-07 420.30018993419617 0.30647854362363597 2.985440916739197e-07 0.23744722140542335 1.4114539482963268e-06 -8.137003199750582 5.720266155728204 7.371997174900473e-05 0.0014474603157020227 0.057583601172735734
20231029194936 CCJM 133.13025370180327 4.383799 0.006480768840030586 9.871298387005941e-05 3.285936693102991e-06 897.1805479491082 0.20976834118650683 6.892854893560902e-07 0.09570345512852539 2.7952501434268096e-05 -6.454597496386878 38.019059311022254 0.0002286081597874734 0.006658353652386701 0.3803492545122551
20231029194936 JTJM 96.74106132844874 4.383799 0.005365323117517047 0.00015954309845648334 5.729558270678363e-06 639.8671163180578 0.24839049473630662 1.423167813474296e-06 0.18683662290736158 5.347554388487423e-05 -6.198467562386658 30.47976961690528 0.00035177065567512406 0.008719374199250944 0.30538713790160477
20231029194936 KSJR 97.86362461817438 4.383799 0.002764768174644448 8.23218460439904e-05 2.789558783940579e-06 710.4811422876942 0.2357238853017252 6.57565634828029e-07 0.18708382795603412 2.1523833723644522e-05 -6.744557731392097 22.02495533031783 0.00023896264211316573 0.006438506465983198 0.22034063726758696
20231029194936 MGJR 185.96981265149338 4.383799 0.00037147048475811374 1.0398935071512776e-05 4.795814416415277e-07 371.90088584078535 0.3258113894480576 1.5625309585472868e-07 0.1758913257783839 2.3304661024512347e-07 -8.682082977351834 1.7735046653852433 2.8496016043282608e-05 0.0005195430496379742 0.01776976985447964
20231029194936 RLSR 180.25633072671724 4.383799 0.00016488552373102408 6.771878658325463e-06 4.053593535057776e-07 257.3710082736698 0.39165173644432855 1.5875969468448823e-07 0.25805157132777296 1.536639277046141e-07 -9.029771654967352 1.2031498639344065 2.8933840968439776e-05 0.00048345289885274315 0.012046419701901892
20231029194936 SADLY 94.44967899025548 4.383799 0.002055922869323351 3.9543469872062764e-05 1.1048594910647683e-06 731.7482139799984 0.23227316235324982 2.566292079456159e-07 0.12085032595450268 2.309759762303958e-06 -7.37226989477215 9.884898717727484 6.0249200372208977e-05 0.0015947575456589293 0.09894101421724608
20231029194936 SBJI 146.17782023264348 4.383799 0.004734501272918542 8.542319703716371e-05 3.7638618730815635e-06 451.5674908437461 0.2956776746055493 1.1128899261692438e-06 0.11336564203421397 2.4229607793919182e-05 -6.6589934622707165 33.60354806736604 0.0002960689442096748 0.006544868899887175 0.33743005753160876
20231029194936 TPJR 104.95105038003256 4.383799 0.0023164339336926324 4.064290527393397e-05 2.2200177675785977e-06 416.21773260513027 0.3079779180867991 6.837164501745599e-07 0.11024139369742036 5.873516236074401e-06 -7.383515838424122 13.476242451870249 0.0001488907417257984 0.0031080389881710585 0.13502715367049373
20231029194936 WSJM 93.77431366057321 4.383799 0.006330363045600969 0.00011837726499084037 2.530080042851537e-06 989.1720137498711 0.19977629662551172 5.05450021126996e-07 0.11749504518724514 1.1904130941134092e-05 -6.277327753211638 23.190393134891856 0.0001147333634437126 0.003289119303090962 0.23245431612063794
20231031120512 CGJR 75.04362406151084 3.711993 0.0011656739584413205 1.9092535628286936e-05 3.441866691232809e-07 1571.2448646002356 0.15851046234401484 5.455718805537771e-08 0.1029120865811073 4.5589519473873304e-07 -7.82725732841501 5.870076477644732 2.0352544006017497e-05 0.0007371200541328409 0.05885942939096232
20231031120512 GCJR 111.3026869469223 3.711993 0.0017207137880465115 3.0364695943715704e-05 8.834504106840255e-07 979.829031752381 0.2007265021905574 1.7733191079541588e-07 0.11087666800597117 2.1119969209886693e-06 -7.532934174227804 9.61967859340427 5.298884200348256e-05 0.0016091932701475123 0.09676761996392039
20231031120512 LPJR 137.5999403351175 3.711993 0.002933796209335265 3.8413363649659016e-05 6.042245481616408e-07 3546.2194627087765 0.10551083593472824 6.375223716881818e-08 0.08226825071042358 5.335502611897303e-06 -7.192978939312616 18.611562656762313 5.0149012611867846e-05 0.0028368237302775915 0.1869094073067557
20231031120512 PGJR 72.60553460372577 3.711993 0.00296752589607741 2.280316472569674e-05 4.119143749037761e-07 2133.108678976035 0.13604211558132223 5.6037703000267606e-08 0.04828146900119119 1.021855245577953e-06 -7.521682381323855 12.362514083957006 2.7970920571450834e-05 0.0012501626352824583 0.12415625839437548
20231031120512 TSJR 109.9820235018624 3.711993 0.0021872316940271955 3.8213338160193215e-05 1.1905812408248574e-06 884.7053433136603 0.21124213257832195 2.515009203195876e-07 0.1097741430512691 3.4576595676861724e-06 -7.305337153647464 15.20514416523418 7.943263224720397e-05 0.002319112549444396 0.15227914728220837
20231101112711 CCJM 118.18064379655195 3.289673 0.0033384901317794254 4.082502019049756e-05 5.243764325059821e-07 3358.3877087351307 0.108421260602128 5.685355384234527e-08 0.07683448412337315 1.8340469129062847e-06 -7.057841667454235 16.71276625604823 3.2124934147446414e-05 0.001562064185092979 0.16780738514618276
20231101112711 CNJI 86.96173201489796 3.289673 0.002289578408274849 2.678206265200459e-05 3.869348444130218e-07 3718.5056706594114 0.103037578637032 3.986882945861448e-08 0.07349678960234056 1.5093655265845285e-06 -7.474749932499439 15.896837101328853 2.547936548764601e-05 0.0014304231351792121 0.15953323166772804
20231101112711 JSJR 119.9951193460547 3.289673 0.0017158305576749576 2.37620754312189e-05 3.2180840373655436e-07 4546.234238292151 0.0931867068103333 2.998826536809966e-08 0.08701414166433728 1.3411819963391862e-06 -7.594171861946986 11.976658024680992 2.2018501400086586e-05 0.0014107790903882431 0.1199661203443288
20231101112711 LSJR 126.3051893208492 3.289673 0.002801272128542828 2.4336685590329915e-05 3.863645573555297e-07 3623.1137498144917 0.10438518945213486 4.033073751714719e-08 0.0545865943435321 8.997362737743755e-07 -7.569082900736088 13.38444440225608 1.9081178427271624e-05 0.001106507916549294 0.13386915417944067
20231101112711 PGJR 61.56502884765668 3.289673 0.0012493139784752003 1.046842052750207e-05 3.597740843945257e-07 907.5757536898707 0.20856355741083019 7.503576290554652e-08 0.05264891546963817 3.3750545150400374e-07 -8.151735676277312 6.877268659818584 2.4666415854679387e-05 0.0007157006293466797 0.06914220989426619
20231101112711 TSJR 99.46271486097255 3.289673 0.0020112851187273424 1.710058168747712e-05 4.0546014199072045e-07 1581.0414386410557 0.1580186117157515 6.407024874344512e-08 0.053421627099278675 9.143842477011903e-07 -7.767423779584576 14.460141176374105 3.3882696326610953e-05 0.0013207314759719375 0.14485087939554264
20231102124315 MKSR 150.7047607188622 4.123479 0.0001869175222785626 3.362924499631021e-06 1.5907169124033903e-07 537.4153169755468 0.27103467006151 4.311394335145168e-08 0.11304385778100623 3.662063559479598e-08 -9.406120229780148 1.1806242689411197 1.0874538778918621e-05 0.00024179394510785192 0.011818492279822807
20231102124315 SSSR 184.65773835858343 4.123479 0.00020752820231253693 3.909313996161435e-06 1.5253594221663186e-07 866.0425669594197 0.2135060810532045 3.2567351242431125e-08 0.11835954818729316 3.5463571792786745e-08 -9.321408697423916 1.0163801624809974 8.220705964554423e-06 0.00021179600440340387 0.010217434231977279
20231103055245 BOSM 232.40656974075216 4.604713 0.004346388188648338 6.249915923754595e-05 1.9177686958246507e-06 1018.2077287488657 0.19690723497270943 3.77622531212051e-07 0.09034945384262788 1.5186018802112626e-05 -6.769701552528765 31.950326778322978 0.000155103283426507 0.004886327222547839 0.3200378333628011
20231103055245 IMSR 188.38695938087793 4.604713 0.015183464637057519 0.00015974077179202668 4.862632632573945e-06 756.2255493244064 0.228483159343895 1.1110296666192163e-06 0.066103547133212 4.2672453105878346e-05 -5.787939649677673 62.85445986039134 0.0002641974579626286 0.007681563843433071 0.6296826483130388
20231103055245 LESM 200.22884414542025 4.604713 0.005597196016742239 8.40106745695766e-05 1.6104860393607297e-06 1061.391513957811 0.19285995577693837 3.1059826633048695e-07 0.09430697701543764 9.783615802970956e-06 -6.561101754933742 25.08260625746705 0.00011418536405215719 0.0035938933390527146 0.2523662055566859
20231103055245 MKBI 255.2161751999251 4.604713 0.005085934935876961 0.0001069554988338284 3.489108869789394e-06 527.1009497387043 0.2736736402660202 9.54877125679723e-07 0.1321332709261052 2.0623211194570505e-05 -6.404699946826353 37.05620389174357 0.0002294945332607318 0.005124517457553616 0.37159761977085454
20231103055245 MKSR 158.6106976577602 4.604713 0.0033323665927089572 6.433324502849495e-05 3.5686225548749582e-06 295.536001373207 0.3654893039671084 1.3042933737025725e-06 0.12130048981124428 9.26479796078112e-06 -7.073228488343089 14.212289293880325 0.0001875032865209398 0.003188982744904354 0.14224966018754723
20231103055245 MTSM 175.18728907864428 4.604713 0.02338500434373992 0.0003734081112092628 6.500177145812751e-06 2642.8956658272364 0.12221931885062517 7.944472231696352e-07 0.10032892547055644 0.00031926200318164425 -5.310811705060924 137.0761559840554 0.0003973542456031931 0.019392926968655064 1.3730158509275363
20231104225658 ISSR 72.63573468313652 3.57514 0.0022022611592118083 3.048055243254423e-05 6.912269485051311e-07 1687.144709635706 0.15296909634548858 1.0573636168247947e-07 0.08696287377080307 1.1004897483891716e-06 -7.458525045047377 10.641242839789998 3.280687978595029e-05 0.0012731320194862882 0.10643311195199646
20231105022005 BOSM 173.27816029587194 4.667954 0.007468480993097476 0.0001022654650900724 2.8101979428208636e-06 1419.0059207976894 0.16679681926008752 4.6873207835376136e-07 0.08603528191069781 2.4325737768876358e-05 -6.510803729812982 37.27939536858746 0.00015345995686757942 0.005947638269626783 0.3767429654696556
20231105022005 KBSR 215.32345428098984 4.667954 0.003302678344871983 8.94173296719405e-05 3.2004214277693285e-06 896.8029792741133 0.20981249448544415 6.714884031649495e-07 0.1701121312265567 1.360084657071762e-05 -6.770888196698733 12.308524208024556 0.00013203562781820527 0.0036596782708467794 0.12377171518392778
20231105022005 KSI 172.64407726407293 4.667954 0.002647023160892308 4.9942544752794974e-05 1.3065387079498958e-06 1151.562556150865 0.18515527985761437 2.419125401152688e-07 0.11854760775426663 3.5556112112537313e-06 -7.099358308248752 12.76187189565972 5.813708558980342e-05 0.002183629869900637 0.12792617139456158
20231105022005 LESM 137.57908198289653 4.667954 0.0073335867640885585 8.685701856162679e-05 1.8927109186459631e-06 2168.8773174237267 0.1349156639421552 2.5535635023968663e-07 0.0744163477446311 1.2333261823283417e-05 -6.45645328654122 28.14458600787398 8.802927539285362e-05 0.0036081580432369515 0.28433037888302043
20231105022005 LHSM 162.6664665182849 4.667954 0.010638918940623325 0.00026371187876122765 7.033442501709598e-06 1594.7539335529336 0.1573377833544487 1.1066262525699565e-06 0.1557442641690238 8.350591797979559e-05 -5.745264220059235 42.67326576594682 0.00020603210189038725 0.00819150264468362 0.43123405603360365
20231105022005 LLSI 218.66402458879935 4.667954 0.005864739350111432 0.00011883636987075087 4.900929170127706e-06 794.0335227894013 0.22297719577772102 1.0927954430603092e-06 0.12731528010980978 2.711042597018022e-05 -6.3572336512590395 26.28318514080227 0.0001794304112744051 0.00522780449461723 0.2634707452023561
20231105022005 ULSM 163.746608479475 4.667954 0.009066988701714953 0.00018531582715985257 6.882798457077997e-06 878.2154826741621 0.21202121732815088 1.4592993074939954e-06 0.1284190066519422 5.3929310219428045e-05 -5.999378267831434 34.59081889590727 0.00021654908492096267 0.006679956591304576 0.3471223505969479
20231105102445 IMSR 114.58897406949166 3.859937 0.0032097678606550803 3.364287238051836e-05 4.4503784147168985e-07 3327.7799010936087 0.10891873059416493 4.847295675946367e-08 0.06585660104075236 1.9962809628600557e-06 -7.203757102443224 14.204455625978106 3.0369379482607227e-05 0.0015567778769413761 0.1420964336551656
20231105102445 ISSR 75.3797517233859 3.859937 0.00972179918312385 0.0001409450224562144 2.7544168581446413e-06 2528.1844839662444 0.12496128645380407 3.441954740237995e-07 0.09109257222205074 1.4858777317548333e-05 -6.129478278599732 30.548949824435432 8.063399915361785e-05 0.0037592567226486296 0.3057330943607291
20231105102445 KBSR 58.82424136443174 3.859937 0.002816139004613186 6.397664971522265e-05 2.319015785592133e-06 900.5510487529853 0.20937542223364075 4.85544909274831e-07 0.14274051985174505 1.3791647895922266e-05 -6.905831852952966 20.570336337710962 0.00016724456125854478 0.0049555662999610575 0.2061314544832885
20231105102445 KSI 52.71456505085799 3.859937 0.0017540594225684996 2.803591226869003e-05 7.903979067688639e-07 1393.4977466191174 0.16831651596600017 1.3303702189415458e-07 0.10042694664361058 2.7001543874110073e-06 -7.599883052032864 13.842476913379286 5.919719260429021e-05 0.0022697690730091773 0.13843955643816513
20231105204840 SSSR 104.74256247757202 3.262108 0.00014580676687549502 2.5189932183684633e-06 1.0838568283796999e-07 467.941377384242 0.29045853584586767 3.148154674377135e-08 0.1085498397481973 2.20262767726071e-08 -9.684058013806723 1.1255644847669095 9.995937391864431e-06 0.0002041140722076752 0.011272658723771757
20231106023436 PSSM 87.95989873711551 3.770092 0.0011570949063802695 1.1491212530185037e-05 2.772951613887531e-07 1132.2605565710119 0.1867268105289369 5.177844106122867e-08 0.062398872670871644 2.8721977627287863e-07 -8.239611094006234 9.217158621975818 2.3645935656716813e-05 0.000652593757401445 0.09243662382677663
20231106032220 BBSR 63.370699700550894 3.895795 0.005005290068157276 0.0001213566210641717 3.136245755436139e-06 747.5918677470418 0.22979870878550412 7.207052250332427e-07 0.1523400498305356 1.9699354219356574e-05 -6.343255809663966 28.553783555450302 0.0002037199004917519 0.005273692527700757 0.28565588246249535
20231106050435 BBSR 52.32051626101879 3.38325 0.0014833683138993827 3.602762714066464e-05 1.0503864451880432e-06 648.8644654404144 0.2466623545789644 2.590907937879111e-07 0.15260421527254167 2.299831943110308e-06 -7.434787957397893 10.520597954413716 7.905782944008741e-05 0.0019347174219757632 0.10527533625759891
20231107035741 BLJR 33.94175610226772 3.565915 0.0035793543907112453 2.8677150403901187e-05 4.897963576377317e-07 2169.521141080743 0.13489564377740335 6.60713949833691e-08 0.050339762538508276 1.9592718985030973e-06 -7.2704490701680955 19.601094251916138 4.503965452314994e-05 0.0018222442397257638 0.1973564777641849
20231107035741 CLJR 54.32270192413138 3.565915 0.002798160844572331 3.9936645982562965e-05 6.611549001218509e-07 1836.5594456746264 0.1466146517996959 9.693499546702789e-08 0.08967652725982739 3.3321915500638588e-06 -7.1680489652481985 14.407928294506776 5.441287942123458e-05 0.0023251696355038832 0.1442915360163963
20231107035741 CSJI 42.348801223798944 3.565915 0.013798357511994675 0.000159489645806223 3.39134024567157e-06 3112.7118797504113 0.11261867327994146 3.8192823910840296e-07 0.07262480322790779 1.7675826164548597e-05 -5.980189951229064 31.068220176428827 6.991656543836327e-05 0.003495152588976615 0.3111830765042922
20231107035741 RSJR 42.22905187356069 3.565915 0.014999247480457362 0.00017651909357508942 3.3028710246023163e-06 3641.015672596525 0.10412825589215735 3.439221992285819e-07 0.07394385462555493 2.7300132752605783e-05 -5.798809811605396 50.41742043257878 9.126875291308013e-05 0.005222343736383364 0.5053330472003917
20231107120259 CLJR 42.453861516769805 3.487907 0.0011590414609744329 1.6760245089911435e-05 3.718740120486601e-07 2612.134952789212 0.1229368449270884 4.571701775164033e-08 0.09085760021485832 6.929864629525764e-07 -7.942528031133309 7.397616853152579 2.1949277944248224e-05 0.0010714232075662773 0.07414945882955515
20231107120259 CSJR 109.94160451618025 3.487907 0.0011570506932085875 1.4440079539784495e-05 3.1960520622218925e-07 1816.628535629072 0.14741673984671202 4.711515753931122e-08 0.07841462446842179 4.3920634358522575e-07 -8.041008716958913 6.280291067395704 1.941781229207017e-05 0.0008155618799866632 0.0629261834275772
20231107120259 JSJR 95.0424061911026 3.487907 0.0030082278554859256 4.005744297160652e-05 6.451060507888133e-07 4161.038671699584 0.09740449349187578 6.283622812562866e-08 0.0836666466814983 4.509919951623744e-06 -7.168336930394 18.64173003246735 3.904815078474683e-05 0.0024637162064635285 0.18667219964819265
20231107120259 KSJR 92.5999027946123 3.487907 0.003726973790291786 5.538066358135705e-05 1.4531666184503718e-06 1545.2167603613655 0.1598398867951943 2.3227398778766275e-07 0.09336448048618977 4.942502733743495e-06 -6.969711960176202 12.7587759115026 6.407242812309658e-05 0.0024459571182536125 0.12764584379008878
20231108000303 CGJR 104.290674061227 3.581938 0.0010885853272612162 1.4097801744037236e-05 5.440419495914839e-07 1129.1995055386853 0.18697973016597053 1.0172481693358419e-07 0.08137083842983871 7.383905654326166e-07 -8.179262330162603 6.76107444428518 3.373578209195401e-05 0.0011000673879340373 0.06770422650954704
20231108000303 CLJR 119.71308802803935 3.581938 0.003980676156777486 7.331443060023637e-05 1.4498496974270323e-06 2287.778171632412 0.13136295593099434 1.9045654190967273e-07 0.11572108230089118 1.4151984910808132e-05 -6.750433922513139 21.08790652284401 8.65969631270716e-05 0.004039708359975912 0.21114766906139534
20231108000303 CSJR 89.29732512676566 3.581938 0.004320128626826004 5.8112783447343995e-05 1.3529634309973185e-06 1323.4160194190902 0.1727156433760721 2.336779494489998e-07 0.08451910085462529 6.370198849060687e-06 -6.986629719662606 21.0730951322956 8.321571669605405e-05 0.0029238496480800446 0.21150089852567547
20231108000303 RSJR 45.1858518093863 3.581938 0.011366824612563158 0.00016962847516797052 3.152839866486445e-06 2061.997914863289 0.13836802990642783 4.3625224093617436e-07 0.09376472138724554 2.7794469185269956e-05 -5.871953214351863 49.7206483245011 0.000126280152085909 0.0055372835546745325 0.49770396382489945
20231108000303 SSJR 67.86479066014711 3.581938 0.015182135049716718 0.00014595501188174618 2.4062004605428104e-06 1915.025494052054 0.14357955017456092 3.4548117975455805e-07 0.06040404614775975 1.3946943844226386e-05 -5.759052723529732 42.415948093048996 9.113035818436737e-05 0.003838366863292309 0.4250234463571859
20231108000303 TSJR 38.50817446181092 3.581938 0.019040930615428837 0.0002545114715388491 5.248693090302447e-06 2760.923073552858 0.11957839370112225 6.27630288768546e-07 0.0839844843080185 6.116393035415923e-05 -5.624626593545601 83.73216602193435 0.00014756162336454192 0.007506907732899716 0.8393422495875474
20231109112215 BBSR 120.14461570965011 3.66985 0.0008637381160070414 1.3636967607132207e-05 3.7267722300748794e-07 1021.2175802682334 0.19661684686794362 7.327462048723373e-08 0.09920089540533665 3.7236446029672365e-07 -8.060015839311633 5.246410919847609 2.8388698693173474e-05 0.0008260880687033862 0.0526438283997935
20231110153431 LLSM 107.53656878437869 3.407602 0.001049279435891421 9.374194809901167e-06 2.7390850815140066e-07 328.67623028791763 0.34657379325980203 9.492951067616434e-08 0.0561335723178178 1.7813274088404043e-07 -8.39567416515049 7.104329703640032 3.700149383973572e-05 0.0005874552467002904 0.07119435693319241
20231110234823 BPSM 131.04859002536494 4.351869 0.004205955704818187 7.289468809599676e-05 2.3103507466821747e-06 856.235439420758 0.21472532499754773 4.960908149396571e-07 0.10889578144903553 1.2122945857113717e-05 -6.7327493692575 21.919049951870072 0.0001388951111145852 0.0037072088898084153 0.21942511969311346
20231110234823 JASI 92.60263676622242 4.351869 0.0017412562016393203 2.7782025998710528e-05 7.183428626297273e-07 836.6354448902453 0.21722596659206117 1.5604272267925072e-07 0.100249243847309 1.3338633717056253e-06 -7.482830264392369 9.154032604263882 5.2760259585959075e-05 0.00131951686152981 0.09233867753094721
20231110234823 LPSR 46.23281398481588 4.351869 0.014735346414855008 0.0002100710980938418 5.4648179056162925e-06 704.3483810138466 0.2367478850625576 1.2937840814066526e-06 0.08957479517927545 6.466182841923676e-05 -5.765216590669395 89.257166548978 0.0003575849805347528 0.009357318498835311 0.8951737012191409
20231110234823 NBSR 141.26978432922763 4.351869 0.0017411296210572906 1.8040691892467934e-05 5.341629220364549e-07 925.9661571959799 0.20648205379331838 1.1029505720232742e-07 0.06510314272941693 6.5953437781012e-07 -7.714324978805247 6.9674742773526255 3.1376495360592876e-05 0.000919536379488011 0.06971497998998985
20231110234823 PPSN 114.88644226942843 4.351869 0.004868007709136686 9.506317232164702e-05 2.436810631713625e-06 1515.7129404543214 0.161388055558937 3.932721296176069e-07 0.12269896912122628 2.4924773256657148e-05 -6.541046413238371 35.48349840888541 0.0001587219406662895 0.006210348071104179 0.3559555735184224
20231110234823 PSSR 95.63338839324133 4.351869 0.001666838584896047 4.0089587722271134e-05 1.5082214848496092e-06 526.6634308509522 0.2737872920998416 4.129318762237768e-07 0.15111859710349237 4.645488107407093e-06 -7.3654542569995 12.88099285549194 0.00012380678027142116 0.0028194749800397115 0.12946176772197954
20231110234823 SKSM 61.39092782616822 4.351869 0.02233979925342285 0.00030842908013355765 6.1771102226885714e-06 2721.156594424844 0.12044897287979604 7.440265816881267e-07 0.08674729090527354 0.00022225628305589496 -5.450177218829673 127.68789572511875 0.0003630911697315516 0.01860744168160083 1.277389896842215
20231110234823 SSSM 90.05240637747339 4.351869 0.003457353943365041 6.515370149467312e-05 1.4854945831624935e-06 1213.4761804228785 0.1803699730588638 2.6793861794410707e-07 0.1184063843753447 1.051146343346426e-05 -6.921020684908787 20.886631818204986 0.00011911060268398276 0.0038619407551346943 0.20999597146454735
20231111065748 CSJR 36.950981807167096 3.549466 0.0014353862641214342 3.2233592546557896e-05 1.2924429511721994e-06 560.4307114051176 0.2654109919511345 3.4302856571086515e-07 0.14109765444224143 3.4778192208627816e-06 -7.617658496362048 11.276705913433073 0.00010489315302169366 0.0025280646761739 0.11284124967945162
20231111065748 LSJR 42.23737539040077 3.549466 0.001823087078311652 4.682660650572657e-05 1.7202997345416646e-06 461.65918493491324 0.29242811723853995 5.030640124579791e-07 0.16138573383688096 5.062599274355896e-06 -7.195513088324638 15.913644293205984 0.000133422981635343 0.0027511959031180236 0.15983959351481258
20231112091219 BTSR 56.06603175993251 4.002138 0.009594460861938114 9.534092389812901e-05 1.2095635956170123e-06 5286.490463527061 0.08641639435341858 1.0452612467437865e-07 0.062436514237720515 1.5644501181679895e-05 -6.36170334839209 47.79424601544215 6.852410964426433e-05 0.004702312321199123 0.4780777686557569
20231112091219 MKSR 114.36911803893622 4.002138 0.0025551180065001467 1.8385646926358275e-05 2.7706919667288607e-07 2563.901413395708 0.12408783503444654 3.438091676987171e-08 0.045211386063894195 6.737540380996023e-07 -7.598871726806877 12.631571312293255 2.12089390550195e-05 0.0010116549158903196 0.12655980969460318
20231114112829 BBSR 107.94537709366814 3.976917 0.0016817471866074115 1.3794457717565781e-05 3.62813474429558e-07 1794.5031152671845 0.1483227469528667 5.3813491158905705e-08 0.051537552577308056 6.009979144137824e-07 -7.8720897948942286 8.492031510888912 2.365462949023934e-05 0.0009061008348967423 0.08497751907098368
20231114112829 MKSM 64.48980969168831 3.976917 0.003545497955904175 5.873431360500119e-05 2.0542436041306937e-06 832.1434160088444 0.21781148585606794 4.474378517260306e-07 0.10408652913074636 8.581257282677998e-06 -6.864608863080712 18.44887846370227 0.00012214159704619193 0.0035124927669196366 0.18502406285270134
20231114112829 MNAI 97.14771900362057 3.976917 0.0019878191496070633 2.9268374265597218e-05 7.35618332837607e-07 1513.5896602130101 0.1615012143584243 1.1880325405759307e-07 0.09251275156846396 3.325172609468351e-07 -7.475925374581943 2.7487506935805848 1.740606877143346e-05 0.0006622446191185167 0.055149260596295116
20231114112829 PPSM 77.82536302703984 3.976917 0.009625387694406014 9.770423670993727e-05 4.009364264298011e-06 685.735016952406 0.2399394752722066 9.620047577508014e-07 0.06377860757773433 1.332988740467592e-05 -6.466758787597404 47.19261833154686 0.00014737161977941202 0.003905729074578804 0.4738193043356263
20231117233428 BALE 119.45769762393198 4.985356 0.005925118173775083 0.0002448821978133009 1.4422734959017846e-05 238.42811563523904 0.40691259737520585 5.868792543428135e-06 0.25968093498969996 0.00010770021869876487 -5.903666790530484 29.082645649356664 0.0006742609764433849 0.010826769189626502 0.29118174575613276
20231117233428 BBJN 149.99820242034284 4.985356 0.010175844098997902 0.00044530311547307124 2.881673784206306e-05 163.44944888635035 0.4914599567181278 1.4162272732617946e-05 0.27495723845230985 0.0005048255392377875 -5.502444819708641 58.900843063593214 0.0020592453750300456 0.02704541313541116 0.5924063558561995
20231117233428 BKJI 150.03934485569462 4.985356 0.01018201509631931 0.00047874224541793797 2.9242763456702648e-05 179.04756718863592 0.46956493269261523 1.3731376254292646e-05 0.2954254353269935 0.0005114829379317282 -5.458313469150466 58.1724879345515 0.0019618369446834675 0.026597424085765257 0.5838514890207924
20231117233428 CIJM 181.30929747499545 4.985356 0.006078048205174437 0.00024899503838656423 1.3964863779751963e-05 277.5993526869859 0.3771122532044646 5.266321245675679e-06 0.2573987428100988 0.00010126188146873308 -5.898473069006693 25.032214398598853 0.0005211490606511425 0.008720835736947298 0.25078095291789343
20231117233428 CLJR 172.28014060207212 4.985356 0.006101020055466939 0.0001344336579049123 4.181428938340037e-06 1428.188830495516 0.16625972285970542 6.952032164459668e-07 0.13844759998480374 6.473413873410968e-05 -6.278537512246959 40.558285171249764 0.0002306276485917121 0.00877107008063463 0.4069125125398449
20231117233428 CSJR 107.50014223326069 4.985356 0.005798407521430685 0.00020946355673923881 1.0568933158308828e-05 291.5624076048075 0.36797143332406174 3.889065482969102e-06 0.22697582693684698 5.182504206170658e-05 -5.954832558593081 31.952482371038524 0.00042899944456651826 0.007299634950371335 0.3219962584123555
20231117233428 CTJI 231.40925211724505 4.985356 0.0009307248626471532 2.2361823361235865e-05 1.1651531629615842e-06 406.26451491508703 0.3117277199668315 3.632105389021567e-07 0.1509613481103799 1.8924259000090959e-06 -7.894083722457928 6.068287019296832 8.164203128160993e-05 0.0016830164408783205 0.060702468400161816
20231117233428 GBJR 147.4730024790743 4.985356 0.003437668942614138 0.00015159215599423278 8.414119203847698e-06 206.54101856574948 0.4371965348497265 3.678623759734753e-06 0.27707194122722445 6.559571017775877e-05 -6.40736034278367 21.212058524869356 0.0006694427376605101 0.009451725480946693 0.212784437960972
20231117233428 GTJN 99.0194329090569 4.985356 0.009353461674550695 0.00032075171429840583 1.8227275843069686e-05 130.33223823980276 0.5503689716659294 1.0031727062021499e-05 0.21546487585615914 0.00035266236308943347 -5.646831569329858 51.85173947818603 0.002296209938460325 0.02403103075349099 0.5189697587238827
20231117233428 JABI 179.40822519192199 4.985356 0.005363170205888217 0.00016927570340187443 7.867128361033836e-06 257.8767972542152 0.3912674630957253 3.07815135567014e-06 0.19831379047217862 6.991970242257279e-05 -6.181238672138876 34.96887648319684 0.0006649225856338267 0.010038185418522586 0.34970400984645955
20231117233428 JAUI 170.32214196950343 4.985356 0.0036252210726857915 0.00011238438300576485 6.464282065008649e-06 266.8396203436725 0.38464023499886135 2.4864229725838513e-06 0.1947831290562145 4.212812181259308e-05 -6.56374072607374 28.113536274814166 0.0005407450271139611 0.008090959806443873 0.2813944964873873
20231117233428 JCJI 165.45857058862524 4.985356 0.0025230544659187106 0.00011967826052432855 8.366509258962776e-06 113.64804987146924 0.5893847226837147 4.931092739424507e-06 0.2980358522864718 3.7582606214750795e-05 -6.678533853583043 15.727791895297408 0.0007223631067449703 0.007290489834628639 0.15750144700208268
20231117233428 JPJI 146.56083095849706 4.985356 0.005424032744548319 0.00022637762171014118 1.635578906804928e-05 174.19070629496719 0.47606623289137184 7.786438887592101e-06 0.26223524333127235 0.00015961137365592363 -5.985196716371616 27.729456038799157 0.0009920540691822591 0.013095556562103945 0.2792244199396539
20231117233428 JTJM 100.53578028001627 4.985356 0.009021337559794871 0.0003095201429198248 1.8390509814254355e-05 210.16261396856916 0.43341320357733204 7.970689774016345e-06 0.21557473061834853 0.00021050590808130193 -5.719292282461204 57.7627381201856 0.0012235815406346298 0.01694242176021896 0.5791729491100542
20231117233428 LBJN 165.46854935399082 4.985356 0.005039568312568449 0.00023806099104019105 1.6698851017604776e-05 116.7745663473565 0.5814411127494288 9.709398517313052e-06 0.29680743038762475 0.00015371472725807893 -6.102946103122572 33.66818511935705 0.0014415053268696106 0.014718642707696395 0.3375664239447339
20231117233428 PCJR 154.04124245061303 4.985356 0.02030154792776262 0.0004554485718280405 2.134479684495605e-05 252.30695660942789 0.39556263007615755 8.443203978432085e-06 0.14095810747379042 0.00042008504431935683 -5.227285120691412 91.99699257162568 0.0013449200663767937 0.021447934782734403 0.922956846692645
20231117233428 PKJM 174.46113582369478 4.985356 0.0029101018195266727 0.00014878834761654597 1.1005416493749368e-05 243.3713673378205 0.40275888260434356 4.432529249617908e-06 0.32124812724795515 0.00010676731387040492 -6.4992158895016034 25.674256920189087 0.0007638439010634124 0.012423432685779723 0.2570902505621123
20231117233428 PSJM 124.30172853848423 4.985356 0.0019196560709906696 7.469766956530569e-05 4.24772183719896e-06 165.98499776695175 0.4876917959738363 2.0715790915808442e-06 0.24449134768764821 1.0332771547891513e-05 -6.951234173039216 14.247270743579772 0.0002637561617567822 0.003370165355949057 0.14291729116290247
20231117233428 SCJM 110.85096397089406 4.985356 0.005845426777295559 0.00022869710281733777 1.849459266066605e-05 144.1914695422082 0.5232510209028979 9.677314490876753e-06 0.24582401438980173 0.0003116759603985715 -6.009969393596526 36.750277352856315 0.0019348125488664431 0.0220677257377601 0.3680662507612519
20231117233428 SPJR 226.2481361886567 4.985356 0.0018016644187718862 3.6893522507976773e-05 1.747640030795666e-06 385.62921980239514 0.3199594204666498 5.591738914376993e-07 0.12866371569364327 4.8028619165687815e-06 -7.44031473687565 12.579616630200569 0.00013543352610351456 0.0027299196116866227 0.12644213826485373
20231117233428 SSJM 110.76250843969194 4.985356 0.006568547823839758 0.0002786545836109171 1.7147972265151388e-05 171.16810887897879 0.48025118166684555 8.235333943529249e-06 0.26654877645373937 0.00020284492833299244 -5.855912003971578 57.492232114022194 0.0013787842060319197 0.017173186840639735 0.577264705654184
20231117233428 TOJI 153.91666874748012 4.985356 0.007938836191540524 0.0004204985850634599 2.439049060098407e-05 166.1883434690826 0.487393338263327 1.1887762635893926e-05 0.33280325574369174 0.0003217397865944303 -5.556089241068391 36.58623999524544 0.00175415513938483 0.01860286654386935 0.36778610693941916
20231117233428 UIDS 172.28412202042628 4.985356 0.00034007916024165086 1.661076944270215e-05 1.286806493585982e-06 185.81487315247793 0.46093494189862266 5.931340763558249e-07 0.3068948489203878 8.263919554283253e-07 -8.339101992294873 2.7202261390667353 7.207087066032753e-05 0.0010493297690907079 0.02731863992001133
20231117233428 WLJI 187.56074405457372 4.985356 0.003292860196674647 5.435368157925535e-05 2.3117380765461087e-06 366.13702812187177 0.3283658939037149 7.590959399763174e-07 0.10371355997281 8.130666725058634e-06 -7.050341150430994 21.688406961651648 0.0001861840974045415 0.003310255652822675 0.21725512776344522
20231117233428 WSJM 112.61240891630285 4.985356 0.008321243733193557 0.00016731526977251007 9.13503518632864e-06 350.60414912517007 0.33556089394205607 3.065360573316575e-06 0.12633602360520724 9.169155983827978e-05 -6.1407984253606065 47.65376706444408 0.0005812216151267288 0.010702295592289648 0.4807107666894616
20231118100134 JPSR 191.1530319993143 4.537849 0.0030829745843332307 8.245845219998114e-05 3.07570982307171e-06 836.7862024584873 0.21720639771441305 6.680638510842409e-07 0.16805254832411926 9.797852316443544e-06 -6.780930322098696 12.138896007072988 0.00010895972665813434 0.0031646576741590077 0.12154022895669025
20231118100134 MKBI 149.93973909944194 4.537849 0.0025979891040328637 6.232484213537404e-05 4.629232332603968e-06 141.95237474931113 0.5273616411375017 2.4412795601288136e-06 0.150731399053749 1.7555180779508588e-05 -7.041311033411505 17.937836776070185 0.00046575875482340987 0.005559627607028142 0.17941870540116256
20231118100134 PDSI 232.92374850703902 4.537849 0.0011759894109390507 3.833559614465422e-05 7.755164590027183e-07 734.6372467211035 0.2318159939945572 1.7977711880285442e-07 0.20482297901451563 2.044425493520656e-06 -7.481792422072251 7.368041381411707 7.08183251691184e-05 0.001744137922306649 0.074121012986124
20231118100134 RASM 148.82253733847736 4.537849 0.0053885412569565794 0.0001263658457043534 3.7008014584784057e-06 378.457423608849 0.32297681992125343 1.1952730862192922e-06 0.1473460046415886 2.755978945222255e-05 -6.393300957713158 25.98636741552716 0.0003141312017441353 0.005402599682523057 0.2600642531921818
20231118100134 SKSM 188.18208441309264 4.537849 0.004115823188162709 7.031132653013096e-05 2.265679727272349e-06 1150.2966869022682 0.18525713094103646 4.1973332590574536e-07 0.1073367522329437 1.223604828680869e-05 -6.7797363778547775 21.788737487921303 0.00011230514821810095 0.003604312933015989 0.2192065094728758
20231118100134 STSI 133.44134953702698 4.537849 0.004190026530340455 0.00013949870272204714 9.478444313068959e-06 204.37872094938524 0.43950318826906304 4.1658064954245765e-06 0.20918631253691872 5.927312648492409e-05 -6.392037416395574 17.879917352532228 0.0005673372612003992 0.008321936232914665 0.17897271959562455
20231118145129 LPJR 125.17813535716991 3.541554 0.001530009356717737 2.694079508841609e-05 5.98090372391151e-07 2605.8123026082126 0.12308589935822 7.361649138325752e-08 0.11063592985235603 2.2701288422865503e-06 -7.586335601121853 9.76320090547965 3.458846375156728e-05 0.0016904180834271787 0.09787380106205525
20231118215216 CBJM 114.92691338732953 3.317447 0.00532523299767945 4.926525566666371e-05 6.462501269855664e-07 4113.974279178204 0.09796006898563453 6.330670702148116e-08 0.058127546849896544 4.4219073916650236e-06 -6.858298333828877 29.03423747867425 4.6640717487219154e-05 0.0026159601009538725 0.2908639770589039
20231118215216 CSJI 83.82555555359974 3.317447 0.0029071852085776374 3.378993872682986e-05 4.295697627914534e-07 4722.153706795225 0.09143443986212746 3.92774706425435e-08 0.07302886858136892 2.0931228819384962e-06 -7.224364531611339 18.903087599493055 2.8116897203371713e-05 0.0018225883362535762 0.18919208025269477
20231118215216 KCJR 111.73348457521847 3.317447 0.0026308565801569568 2.7975818659640667e-05 6.466206507906515e-07 2349.421017107574 0.12962818600127507 8.38202619929561e-08 0.06681369637720345 2.6125211512450154e-06 -7.455105340530208 11.778547510268961 3.9666510764238205e-05 0.001855304715457413 0.11789329724061733
20231118215216 LSJR 93.12427352856207 3.317447 0.005411899857559755 5.076571471992541e-05 9.668371511801622e-07 3618.114801054966 0.10445727617758122 1.0099317531957204e-07 0.05893870936860436 4.437695260438628e-06 -6.962810552445826 29.578379089284212 4.194949426267418e-05 0.002479271509034619 0.29616755939882244
20231118215216 TSJR 62.68812499637086 3.317447 0.004422187512585309 5.749209922446779e-05 1.0699063432306741e-06 2021.0572814140046 0.13976246671763468 1.495327496867633e-07 0.08168661145598999 3.8633079725186675e-06 -6.873773308860132 23.813589396978802 4.472223778699899e-05 0.002129161218777569 0.23836614672172668
20231122100928 APSSI 90.92907081637303 3.836482 0.011744334878036129 0.00019035937685391876 4.451760012703323e-06 1885.9388745911212 0.14468251919196742 6.440918534759817e-07 0.10184171791365064 6.759895644615155e-05 -5.856097500436177 57.831156769122465 0.00021212075097009494 0.009098683777525339 0.5792980901848125
20231122100928 ISSR 131.0418635626834 3.836482 0.0009745550993902124 1.806658622332638e-05 5.723188973493593e-07 481.69990179365647 0.28628038293990843 1.6384367309692074e-07 0.11647951889054317 7.676123095215831e-07 -8.047804817754633 7.035660710545051 5.5494081876035744e-05 0.0011575734657849803 0.07051129490347836
20231122100928 MNAI 162.40776909905256 3.836482 0.000937967019104098 1.241380510527703e-05 4.797159275375594e-07 559.0956263540731 0.2657276953415052 1.2747380784316818e-07 0.08315669555009282 8.31766154248358e-08 -8.282783931610597 1.409213327015762 1.6063382912174396e-05 0.0003579237560316154 0.02855904946807988
20231122100928 NBSR 14.517017380938631 3.836482 0.008900149162996581 5.204894571199871e-05 7.731088253140245e-07 5438.641671190599 0.08519902903381697 6.58681212542297e-08 0.03674468427018023 5.517629879816702e-06 -6.647015543272976 36.82415607843506 3.4616162701596704e-05 0.0024568816408478506 0.36924365508478496
20231122100928 ULSM 106.24216708782966 3.836482 0.0013830073041984894 1.835440738543889e-05 5.776305649164792e-07 740.2313348652908 0.23093839101294167 1.3339707326170826e-07 0.08338650306190053 1.009735501701862e-06 -7.757640608663658 11.374048446265984 5.330188072641929e-05 0.001353103248192734 0.11399618461529722
20231122100928 UTSM 122.78044303367726 3.836482 0.0014153608132887025 1.2156628651971625e-05 4.952009658366799e-07 580.9611201035955 0.26067917262496204 1.290885780573878e-07 0.05396669867765102 3.9926800068033824e-07 -7.919006284611712 10.432802899849206 3.674203402321736e-05 0.0008616377217030334 0.10453248336263275
20231125190820 BLJR 103.10838150243305 3.213353 0.0005969463916219986 7.6905822332234e-06 3.525693842265863e-07 565.9888830517425 0.26410457100548235 9.311518597082965e-08 0.08094755905994977 1.6900992773338818e-07 -8.683486103254427 3.5707069183672493 2.3852830405305867e-05 0.0005354285848362218 0.03576619225942469
20231125190820 BSJR 94.15868842240135 3.213353 0.00030145821019618885 5.0064576224944056e-06 1.5519307218794632e-07 658.460935245711 0.24485831756248472 3.8000314553293777e-08 0.10434779983004017 6.505953334950226e-08 -9.046478035097753 2.164213086290277 1.4525161564025844e-05 0.0003459964781241328 0.021783297807922777
20231125190820 CILJI 113.16544904953714 3.213353 0.009573177906743495 0.00014417960017454329 3.3471224204724065e-06 955.6275926382241 0.20325232765454326 6.803104229057255e-07 0.09462972006125392 3.522784519136284e-05 -6.081902771593354 53.94888368676336 0.0002360396432520477 0.007135185661722759 0.5397967909458992
20231125190820 WLJI 68.32282166944927 3.213353 0.001649394958288762 2.4213142288755692e-05 7.318379834859036e-07 780.2020231429332 0.22494499379697902 1.646232906556302e-07 0.09223725288162536 9.578906626578236e-07 -7.670863041914374 11.237277558312421 4.690041680455883e-05 0.0012632288110379778 0.11252400899029005
20231126014100 CILJI 113.36241547370805 3.324854 0.011094163623183799 0.00017472488970882036 4.180591376375173e-06 980.6312175176848 0.20064438524222783 8.388121866617558e-07 0.09895553167458866 5.678678296566783e-05 -5.8954660474054394 57.212946489282174 0.0002929444838237447 0.008646644972055233 0.5728882528965911
20231126014100 CLJR 99.25469656805406 3.324854 0.0005939348961985256 1.4035682394022645e-05 4.490566616449889e-07 1125.0920624399364 0.18732072844974457 8.411762097454978e-08 0.14848225615099192 3.801991622136307e-07 -8.252694657925813 3.6469888804296664 2.0731350102009888e-05 0.0006958453296133657 0.036656778706640164
20231126014100 PASJI 117.30665825471037 3.324854 0.008636455005977336 0.00014644907587785561 4.058132751683921e-06 1271.0718804234973 0.17623607535308547 7.151893894185915e-07 0.10654448858575868 4.5694506943566904e-05 -6.121561611392964 41.14923624761411 0.00019166638810934035 0.006926254827205568 0.41168726281917717
20231127162203 BSJR 92.81495033207366 4.066307 0.0016159384144303133 2.401827521139351e-05 8.170898650188204e-07 409.111845854248 0.3106410467856969 2.538216509874301e-07 0.0933892483552512 1.0986904726754384e-06 -7.635871481905154 5.072050520103921 6.531372154428686e-05 0.001249768573927549 0.05139636764347545
20231127162203 CILJI 110.59099033156846 4.066307 0.023102764799949767 0.00041716846235946965 2.052964439891256e-05 574.646210764606 0.26210758847092736 5.380975585564652e-06 0.11345597706649461 0.0007512976441851049 -5.200433350438038 157.9407933028442 0.0014038861778186925 0.03567009236475563 1.580673222445208
20231127162203 CLJR 97.52545540165053 4.066307 0.002530395390791011 6.106897915278325e-05 2.167819878003018e-06 584.6624796273965 0.2598527135040748 5.633138776871567e-07 0.1516394291317752 6.867667777493521e-06 -7.016189694422242 11.772335845101768 0.00012459386734402296 0.002919392360091044 0.11799691864464384
20231127162203 PASJI 119.81269327268906 4.066307 0.051773227886985934 0.0009638696575987939 2.642768417828631e-05 1050.481289658055 0.19385888370106666 5.123241353606925e-06 0.11697496790968447 0.0016046803899303081 -4.521216277591203 182.90643255868372 0.0011971723291719903 0.039222801945722204 1.8338129960382332
20231127162203 SPJR 54.15203621823304 4.066307 0.004991511526605631 4.712530423491751e-05 2.3840904459135235e-06 297.5563240020648 0.3642464065438744 8.683963777995841e-07 0.05932011127029411 6.959871488190578e-06 -6.856206451078275 28.71593331004832 0.00020045028646588136 0.0034625381616056584 0.2879409571316572
20231127162203 WLJI 66.20189883733181 4.066307 0.005876527089619943 9.44368405719069e-05 3.234094917958364e-06 715.3494503463023 0.23492040693260383 7.597548941854449e-07 0.10097191080527146 1.632240978431315e-05 -6.425387410947112 30.46855551434114 0.00019569927111435842 0.005084879599324232 0.3060131574090297
20231127162351 ASJR 128.6283311350199 3.713708 0.000485043667521412 1.1149261640477956e-05 5.353292061593025e-07 487.22091313648383 0.28465374877372235 1.523834653613063e-07 0.14442591794533555 2.5427555554547423e-07 -8.410475253936957 2.902147509459322 2.836796718478002e-05 0.0006171217519465297 0.029053829400329363
20231127162351 CILJI 112.23521406832413 3.713708 0.01217482082061374 0.00017274890873322275 6.922661523234555e-06 582.7289754934636 0.2602834542448257 1.8018542538352368e-06 0.08915231042629637 9.026074111681442e-05 -5.891114878823355 72.76210724414356 0.00045189933198129236 0.011219354604442672 0.7277002712237872
20231127162351 GBJR 156.3426082287192 3.713708 0.0003601915647026059 8.814461011818226e-06 3.9030341253231567e-07 348.84542979518034 0.33640570287933075 1.3130029382913503e-07 0.15375954727282626 2.2977815683087473e-07 -8.68182435830879 2.487464785065023 3.3290952889092855e-05 0.0006075873504341247 0.024949643740523247
20231127162351 WLJI 67.24562628663136 3.713708 0.0032139317853482337 3.073723258778569e-05 8.129345984676724e-07 1292.1966670759948 0.17478958856505722 1.4209250399646446e-07 0.06009079877157721 3.4501965127073086e-06 -7.323824155619242 18.66031916529114 6.918889198115806e-05 0.0022735533268266584 0.18745298173416314
20231201041643 BBSR 105.22924724871106 3.705062 0.002774316514904348 3.0068594154944792e-05 6.123597447442452e-07 1771.5131727009777 0.1492820792165257 9.141433592392187e-08 0.06809841198253071 1.4986866358892322e-06 -7.264246557962195 13.854261640415602 3.75908959145164e-05 0.001503135019252558 0.138680927263775
20231205091413 MGJR 21.865534592348784 3.604202 0.004081227620712023 5.628343434311481e-05 1.252975611798051e-06 1237.0453483115677 0.17864343385879003 2.238358658329221e-07 0.08665021424131422 5.102274982280699e-06 -6.863357080875286 22.892101693457604 7.838886146422185e-05 0.0028049420128577864 0.22913105221703733
20231206075944 BPSM 70.5743925181561 3.283214 0.003431630582077414 1.928098530303753e-05 3.7976700533306437e-07 1210.2464668121022 0.18061048407907482 6.858990267046534e-08 0.035302752049334085 8.888563618171115e-07 -7.669342901277285 18.210351389383668 4.190984159723261e-05 0.0012243254060956255 0.18257691910795956
20231206075944 LPSM 33.94589995665166 3.283214 0.004927382027534313 5.1912854548803946e-05 1.5052562314916609e-06 1834.9998857480107 0.14667694220496602 2.2078638127016728e-07 0.06619703589697451 4.793858254713156e-06 -6.974155610366315 30.061437412416034 6.263560275994825e-05 0.0027445339733674218 0.30123487111075437
20231206180348 KSJR 16.351955114432272 3.318829 0.009132229756017133 0.0001575224366140329 7.981356241942053e-06 700.7964738519983 0.23734709162380263 1.8943516912384296e-06 0.10837907999766298 8.98062164896484e-05 -6.082084479151185 62.807943022812765 0.0004409953258140164 0.01245989291399071 0.628548719090969
20231206180348 LSJR 44.902020867692954 3.318829 0.0023859729585752614 2.3081155203396818e-05 5.29892083330183e-07 697.0854820315682 0.23797802140543803 1.2610266954932246e-07 0.06078156700204699 7.014988088717889e-07 -7.501997591144116 7.078214767461716 3.967234447501565e-05 0.0009160559845152674 0.07110006027276027
20231206180348 SUPJI 112.29682187861707 3.318829 0.002808926349771742 5.4746133611359024e-05 2.4538571520402797e-06 371.0136408541714 0.3262007307991755 8.004499962723228e-07 0.12245963741973295 7.812388593096305e-06 -6.970176106873483 14.842955345565212 0.00017909682391926285 0.0034135371807706306 0.14871501103331625
20231208181951 BLJR 48.898135214513566 3.327091 0.0017264133549601906 2.495158576312566e-05 7.378043241539729e-07 982.4241327536222 0.20046121453058027 1.4790115090581935e-07 0.09080990749247163 1.3463382794255946e-06 -7.630783806043533 9.087893980907987 4.758635993050213e-05 0.0013638257322127888 0.0909164137411648
20231208181951 LSJR 73.628412759757 3.327091 0.0008740711086579759 8.003672749372704e-06 1.7292880743764775e-07 1257.84801861408 0.17716004558534904 3.063607540867372e-08 0.057533716106397625 1.1021544547188158e-07 -8.512960620753693 4.8515043070328385 1.2612902422137253e-05 0.00041194942156727295 0.04860131222814832
20231208181951 MLJR 61.41009509705288 3.327091 0.004533889393798847 5.789831371497432e-05 1.4312791961043323e-06 1566.5198470908388 0.1587493360471094 2.2721462207960322e-07 0.08023703325051623 5.669506174122939e-06 -6.887511362632139 18.876006004907804 7.42172957561565e-05 0.0029076712232905637 0.18905122149719802
20231208181951 SPJR 90.87608677136284 3.327091 0.0008671330978313795 1.5995205425754673e-05 5.266557582494653e-07 967.1024472158007 0.20204291570021582 1.0640706496702996e-07 0.11590013109609626 3.8084583567618927e-07 -8.129061637746366 5.097516814297812 2.3046462573941647e-05 0.0007010637860976426 0.05101715956493507
20231208181951 WLJI 58.31664904799511 3.327091 0.004663860452369063 5.254724418177155e-05 1.8472514677680578e-06 959.279434371828 0.20286508225991223 3.7474282096351066e-07 0.07079201360065872 5.680267422628733e-06 -6.924831163610796 22.362255194575784 8.752348147022905e-05 0.0027050944441423122 0.22385124118353433
20231212083650 BPSM 49.32719404537482 3.617603 0.0034734800615595926 2.62724282241654e-05 5.714413949121132e-07 1668.0177795525142 0.15384363421723643 8.79126209354465e-08 0.04752425005367321 1.4060626841082908e-06 -7.324134322857736 17.497566143788635 4.379126472325837e-05 0.0014650861576579795 0.17545012152898254
20231212083650 HSSR 82.4753190652364 3.617603 0.0008454202983628805 1.455250594475742e-05 4.2814785096121925e-07 1420.7465595215751 0.16669461173365363 7.136993978057865e-08 0.10815459684585929 3.5222841114740515e-07 -8.170063591852784 3.3088288697546844 1.6569040225415657e-05 0.0006346515489862028 0.033311557428376694
20231212083650 LPSM 63.17824438117875 3.617603 0.004153796216929504 3.243463088947032e-05 1.1256344914367835e-06 1098.8420460935497 0.18954495689066297 2.1335834115402846e-07 0.04906181854033205 3.3089535975598453e-06 -7.19444063855261 20.808470787714885 7.06783886426364e-05 0.0023071917897241295 0.2083551407164824
20231212083650 PPSN 41.10815066681966 3.617603 0.008770306479719315 8.585285556067957e-05 1.0070614352848007e-06 2498.531532380286 0.12570062902709483 1.265882558842284e-07 0.06150633411565077 7.920168442727574e-06 -6.336996926986126 35.29151015251341 8.132243142630006e-05 0.003473866226075725 0.35319290983627405
20231212083650 SIUMI 141.75853743197456 3.617603 0.004289165113771329 5.6059862153220614e-05 1.5613845900295845e-06 1297.2683071189604 0.17444758607503907 2.7237977266542556e-07 0.08212192649630125 7.3607531089652165e-06 -6.856119126119839 22.804823881628078 0.00010773336554228562 0.0034843421677409952 0.22901015071580844
20231213103555 BBJN 104.53103190244703 4.324033 0.009719960279431733 0.00010690122743786867 5.2968015777132745e-06 460.1612184837558 0.29290370228961576 1.5514527924056961e-06 0.0691031858410381 3.809976714707377e-05 -6.303962685875888 52.81098759217512 0.00036194239768986446 0.007320414516588132 0.5282394844340852
20231213103555 MGJR 79.83976657626292 4.324033 0.01292287677780993 0.00014991698827205454 3.976783456655026e-06 933.1622531833881 0.20568436810696292 8.179621923803127e-07 0.07289059813872364 5.6707239905826824e-05 -5.9175860929031625 60.94779413305049 0.0003238890469854971 0.009895095790221858 0.6114776367546371
20231213103555 SAKJI 249.02691129204297 4.324033 0.002614896135753062 4.832181000263876e-05 1.146314280211715e-06 1544.003616862385 0.15990266859286584 1.8329871245196343e-07 0.116109730888973 5.747542701256698e-06 -7.074819437045278 15.556237624568967 7.667610426273275e-05 0.0029046987729705624 0.15610606328568688
20231213103555 SICJI 118.7141269513329 4.324033 0.044183315587114406 0.0007337457403808863 2.6496482121179376e-05 492.57224650648664 0.28310327878117936 7.50124096467278e-06 0.10434392244911846 0.0008562229186556399 -4.666987175800686 251.49946656776427 0.0013731018291660718 0.03250346307173063 2.5162432238633397
20231213103555 SSJR 150.60627799998716 4.324033 0.003502305054894076 4.161754984642231e-05 1.239928730003984e-06 778.3530011436934 0.22521202014568004 2.792468541208647e-07 0.07466247902947541 2.6881130320192857e-06 -7.098227688919358 14.861441164889321 7.130677316058435e-05 0.00182523806374967 0.149062087853537
20231213103555 TSJN 91.35640894286057 4.324033 0.027510371626237897 0.0005946564087066866 1.5135274470801845e-05 916.4432043847911 0.20755208034069417 3.141357702942322e-06 0.13581555570272694 0.000405957173568712 -4.959643706798777 144.36854787522844 0.0007738823264759474 0.02298253191272308 1.4449130376989818
20231213233512 AMGS 59.41351148636867 4.692807 0.0006243513192832947 1.7954989557631943e-05 8.892538807759022e-07 358.1692368165277 0.3319981988571499 2.9523068674433023e-07 0.18069077952550494 4.940300923828088e-07 -8.103813144765143 3.8316772043916547 4.1270021799724335e-05 0.0008052006702500422 0.03858729012416042
20231213233512 ASJR 102.83931092112968 4.692807 0.0007315852469502675 2.3637501042133033e-05 1.6780746546085703e-06 206.35741103652384 0.4373909904967404 7.339747353067182e-07 0.20300956021939656 2.291824099073709e-06 -7.846516616045016 4.737828125461213 0.00012347314193784592 0.0017406559861599792 0.047420626539859304
20231213233512 BALB 54.235821281312134 4.692807 0.004337053652725201 0.00013610971756460743 1.0742448508971072e-05 161.4539780544519 0.494487700012452 5.3120086557033e-06 0.19718515057542246 8.451839238705794e-05 -6.343435589825971 27.694620925613563 0.0008557427123364796 0.011534972203715056 0.27783704549391897
20231213233512 BLJR 37.64389180387408 4.692807 0.01399713724137724 0.00022078174006672904 1.0695298920037438e-05 307.77870485897597 0.35814639535375675 3.830482755442336e-06 0.09910687888235069 0.00011347277081857547 -5.809767010464409 56.759823291490775 0.0006255382148650016 0.011607364626091327 0.5701239603231105
20231213233512 BSJR 63.409929079837774 4.692807 0.006210907360755032 0.00021224701484960984 1.17594237890622e-05 257.19968854946546 0.39178215358867907 4.607132377040733e-06 0.21471698863556676 6.524974368732686e-05 -5.956672759518472 30.389034604856896 0.0004991886940830587 0.007842147687566622 0.3039600749996428
20231213233512 CCSR 103.81570074193323 4.692807 0.0007664342839528301 1.795548175806006e-05 1.0184060248075935e-06 166.5950483867475 0.48679804327076154 4.957580601314912e-07 0.147198033187823 8.682806725629262e-07 -8.030069716192076 3.326738926351616 8.454045281158939e-05 0.0011080212650531776 0.033284917354904305
20231213233512 CPJR 73.50940342644724 4.692807 0.0030676253667892388 6.845563619324588e-05 4.262849315587209e-06 264.48978051485557 0.38634511047550063 1.6469309897709526e-06 0.14021250840457827 9.195003090060731e-06 -6.918000200998179 20.041319395487683 0.00021369991737293595 0.0037211790855053084 0.20058618548248258
20231213233512 MLJR 57.22425093989622 4.692807 0.010194359963083042 0.00017241409475551476 7.318699807388096e-06 554.210703972502 0.2668962142428252 1.953333271771577e-06 0.10626559301824948 8.323869061046316e-05 -6.018162675195795 47.033855772082454 0.00041396009035017076 0.009987909610897319 0.4732117907280406
20231213233512 PASJI 86.13363166165118 4.692807 0.007464270180277106 0.00020144401629705383 1.580915010747281e-05 125.75094689608599 0.5603046624718694 8.85794051493467e-06 0.16956916789551488 0.00018189605099742018 -5.975970465385115 53.688062584757304 0.0015767389060690007 0.01767342215540801 0.5394511913696309
20231213233512 PSJM 23.384080486174646 4.692807 0.003292871926524322 0.00023015938917906017 2.4804947703188076e-05 85.51609441276878 0.6794475536705298 1.6853661035856566e-05 0.43917107153502816 0.00028671641657252594 -6.190904547970992 24.532122505652076 0.002133839359281859 0.02085847975139853 0.24552752279040246
20231213233512 PTJI 59.412756149826336 4.692807 0.005264721804337195 0.00014589420774954278 8.034869296451325e-06 274.86773217579645 0.3789814811031029 3.0450666664389696e-06 0.17411752730777752 3.886351644642378e-05 -6.3519718446372115 29.376435773862124 0.0004070659565298612 0.006791137517328291 0.2947537051555609
20231213233512 RLSR 140.17329988301964 4.692807 0.0006444550099382575 4.162448044139913e-05 3.7190135303087207e-06 148.4328391330567 0.5157210653461776 1.9179736198876624e-06 0.4058224699866009 5.6074093510522505e-06 -7.651705023210563 3.9093722085080964 0.0001967474195443301 0.002337696812476321 0.03919175010978434
20231213233512 SADLY 55.111248946685585 4.692807 0.010979394635703427 0.00023287801446569457 7.348111833857122e-06 545.912400651586 0.26891708103379425 1.976032785470738e-06 0.13326925275987786 9.512808198136122e-05 -5.800943933728661 44.353687282141145 0.0004637485484758398 0.010657533742505514 0.4441537085328844
20231213233512 SBJI 84.63186430888942 4.692807 0.006912324257271243 0.0002291715089583366 1.2205280106205936e-05 222.76962917702437 0.42097070761659383 5.138065402968248e-06 0.20831300794324006 0.00016045254313650154 -6.066712255782718 53.49392511955931 0.001187259431447691 0.016339255179123584 0.5364787461414346
20231213233512 SPJR 105.90228592555269 4.692807 0.0029108377888076363 8.251538576632591e-05 6.719154350164886e-06 184.54889391503016 0.46251321400713824 3.1076976739048055e-06 0.17811348384191844 1.701416294824496e-05 -6.946879812766745 14.482398775373696 0.00029934047148015417 0.004285050883570555 0.14503429002474266
20231213233512 SSJR 63.10776555194565 4.692807 0.0027144623569323014 4.347110092409584e-05 2.5761186064543334e-06 340.3570571486018 0.3405747828537289 8.773610349986353e-07 0.10062286622455895 7.294171462729745e-06 -7.20342795108247 15.187195560966622 0.00016860515295761362 0.0032374917381536223 0.15274667410533738
20231213233512 TPJR 87.10516252262306 4.692807 0.002422869728091431 5.828290533866655e-05 3.1887168097711066e-06 274.9293794163163 0.37893898933232284 1.2083291251616518e-06 0.1511440298410584 7.704400800049656e-06 -7.1162151042265425 11.60120229467315 0.00018831198717712738 0.0031082896710812303 0.11629411148313669
20231213233512 TSJR 76.47518782774752 4.692807 0.008895219861499968 0.0001279443152074524 7.138223167506085e-06 286.6824151563212 0.37109007673081873 2.648923782951541e-06 0.09037413959018886 5.6913505605114114e-05 -6.176353835741644 57.8293413911651 0.0005965689910743918 0.010149212167496877 0.5786563473837905
20231213233512 WLJI 71.8040261906095 4.692807 0.0034447791314869006 7.114424136981976e-05 5.009090451535587e-06 203.39376997563346 0.4405660681281698 2.206835285131392e-06 0.12976519974223763 1.9648331744833727e-05 -6.844029121967019 23.314501430255813 0.0003625898973814292 0.005472892408910884 0.23345022382560765
20231213233512 WSJM 31.620813705796017 4.692807 0.021354635359833875 0.00045278564725964663 1.8132064720129363e-05 440.7829482277245 0.2992729576214216 5.426436636576148e-06 0.13322335306716013 0.0005010805912030032 -5.271179768141882 89.66301573628508 0.001204558083091826 0.02344640295317046 0.8987505530831192
20231215085241 KBSR 62.072277453350516 3.593171 0.005515175267379626 8.77101978682734e-05 3.060527025227949e-06 796.2327975448816 0.22266904016482766 6.814846151060227e-07 0.09992419094916424 2.114931614769161e-05 -6.634201719910946 23.644476148137766 0.00022697301019746304 0.006106501998945855 0.237042336204488
20231215085241 NBSR 47.232599528028786 3.593171 0.0057024577097990175 6.305756368622166e-05 1.338756858094528e-06 2181.262933202946 0.1345320805624134 1.8010574548665647e-07 0.06947922769843269 6.5591329899428905e-06 -6.649881479536696 30.919392247193574 6.375034792018926e-05 0.002845272518106826 0.30935325439201
20231215184258 ACJM 47.8812882009487 4.062908 0.011585443191928385 0.00017451651546004156 3.4444528805882957e-06 1521.1492838849006 0.16109940992909802 5.548993265913563e-07 0.09464632363504755 7.388125324056169e-05 -5.969725023684213 65.22404283489527 0.0002743343387937958 0.010917289840325337 0.6544975156744268
20231215184258 BBJN 45.26571696639648 4.062908 0.0018722441532953698 4.169167329556344e-05 3.0810059638895933e-06 153.6961275746638 0.5068137695278537 1.5614962464966831e-06 0.13991578428558127 5.331431944685936e-06 -7.289788780983558 12.889193214691948 0.00021574824538333264 0.0026236863590443056 0.1294807567413507
20231215184258 BBJR 93.25547278609085 4.062908 0.00028077396717864387 6.7782925569984855e-06 1.9965355535931873e-07 504.85563042239943 0.27963805083815507 5.583073106358758e-08 0.15168524571510575 1.0073342680349526e-07 -8.910177435807435 1.863402267967345 2.1226343353746754e-05 0.00042883284900136013 0.018710697049185168
20231215184258 BKJI 45.21663223457096 4.062908 0.0015471441982396303 4.912434770807406e-05 3.188562319579594e-06 193.77447479083773 0.45136885001939353 1.4392177074038112e-06 0.19950136522203182 6.039004487683363e-06 -7.248520709220279 9.903456119447728 0.00020267505179331303 0.002751160936701847 0.09934168764811957
20231215184258 CGJR 158.65573630260567 4.062908 0.00024543153947390533 6.529512104478575e-06 3.67296665765224e-07 228.75072070070001 0.41543074346762915 1.525863269320283e-07 0.16715917850595974 1.0275133465990668e-07 -8.931697327333175 1.2096949528907153 2.519380832799194e-05 0.00039235334101792745 0.012127832825289816
20231215184258 CIJM 105.36102307220371 4.062908 0.0022573501974793462 4.929512134354896e-05 2.1286166444281676e-06 691.4976095302571 0.2389376163273109 5.086065870943054e-07 0.13720971716629515 8.299602515769236e-06 -7.065131643526604 17.532041280005245 0.00013199378646985884 0.003494813516060812 0.17560761917033502
20231215184258 CTJI 36.85799354095578 4.062908 0.007317759595000068 0.00011450539164285117 2.7725053481623547e-06 587.7440342410279 0.25917061157721105 7.185519066843259e-07 0.09831678466928373 1.1523418590508243e-05 -6.283261853335093 23.587427161923724 0.0001521870770605634 0.003175345647800626 0.23626956134612925
20231215184258 KMJR 155.05359706525363 4.062908 0.0001897102731623741 4.908320786886804e-06 2.6114128809966135e-07 394.7496077974705 0.31624161175565363 8.25837418445844e-08 0.16256309443345368 3.848995201697889e-08 -9.364783588544817 0.8674611911823275 1.0188344876909084e-05 0.00021475209126946973 0.0087728189109708
20231215184258 KPJI 21.609528533000915 4.062908 0.0016112811744400022 6.120032463892837e-05 3.1558133806094273e-06 214.55387462395316 0.4289549535786431 1.3537017821821777e-06 0.23865045199176937 7.226453501070765e-06 -7.1398419806839994 9.100976045695731 0.00021535955937835595 0.0031336272810374576 0.09127001589687089
20231215184258 MGJR 134.01362569527384 4.062908 0.0005007114970320716 1.586181428543292e-05 7.047329444164023e-07 548.9883285828844 0.26816266476258194 1.8898306432068298e-07 0.19904220105626974 6.14659545643684e-07 -8.35252268034486 2.970046072512762 3.715552320404677e-05 0.0008873270866637446 0.029761444546682572
20231215184258 PCJM 31.661982406387988 4.062908 0.005376927302377157 8.429611977558852e-05 2.9635379145334078e-06 924.126545372863 0.2066874682908172 6.125261487387583e-07 0.09850386874155229 1.7919083838924124e-05 -6.653153830867711 37.40477983403629 0.000178578499014993 0.005206498158316741 0.37497477755363273
20231215184258 PKJM 62.044134461621475 4.062908 0.0024691867812044427 3.273546643081112e-05 1.1338369730853464e-06 631.6716631689919 0.24999663954899456 2.8345543306774043e-07 0.08329989584725261 3.125128669943914e-06 -7.410185519761837 14.467861654543396 8.893594016408188e-05 0.002182224112797883 0.1448828239956959
20231215184258 SAKJI 152.70737436548626 4.062908 0.0026684288289656817 6.75201311849424e-05 4.106562308956538e-06 236.08298637910886 0.40892863537544594 1.6792909210858374e-06 0.15898550172856207 8.572679653706816e-06 -6.956438328930962 8.001105718786405 0.0001902804483055654 0.002941003332787274 0.08105251127235648
20231215184258 SKJR 224.6252042455878 4.062908 0.009039800114895302 0.00012531066961929917 1.7389811335209713e-06 4657.93807696473 0.09206255274685071 1.6009504233055265e-07 0.08709818228032079 3.678349616540151e-05 -6.184693473803411 53.717217116981026 0.00011937301036620666 0.007761709309890216 0.5391497413673498
20231215211138 MNAI 123.67548312430138 3.402945 0.0002598605575377915 1.6175427401834332e-06 1.1826440139011184e-07 92.66103802025867 0.6527265644878913 7.71943164205847e-08 0.03911067102739324 2.2448674536806935e-09 -9.591694574141131 0.5707250809099622 7.3704976306319e-06 6.768236202295318e-05 0.011532999827945003
20231216031045 LPSM 39.70758031805203 3.444142 0.013295510062342395 8.717336748546221e-05 2.1473191603191775e-06 1642.8385232258977 0.15501810702614194 3.328733514136435e-07 0.04119634517169661 1.2309219410289493e-05 -6.338496876624807 54.760897775629 0.00011660076839979906 0.003937067362075274 0.548120705780959
20231216031045 LPSR 33.064522811906656 3.444142 0.005040636665827392 3.427912856652317e-05 4.734910339736002e-07 5229.152161187098 0.0868888858963857 4.114110842389383e-08 0.042729149357712076 2.8366450680275464e-06 -6.972170848963683 30.026612095386383 3.0181718718983628e-05 0.001982418463151707 0.3005300315367425
20231216031045 PDSI 127.547817094987 3.444142 0.0005490395584192677 4.548321513714026e-06 2.0182516547411458e-07 951.2234353388947 0.20372231264466018 4.111628946027785e-08 0.05205079755924173 5.402335743942908e-08 -8.758356091837129 4.4916782375931525 8.763167911067257e-06 0.0003018871466463649 0.045101330674807455
20231216031045 SKSM 82.24369941213352 3.444142 0.004789236922470418 5.5130352253228955e-05 8.146779813329893e-07 3135.301352016284 0.11221223782281217 9.141683939034592e-08 0.0723276431850533 5.549638088967327e-06 -6.794927495417235 21.726676016060054 5.258783853792283e-05 0.0027436885711749678 0.21752671555342218
20231219135730 CLJO 26.497789292466212 3.125827 0.008462046240319702 0.00011177421649122962 2.3915163303757993e-06 967.7849363569557 0.20197166205178604 4.830185280699885e-07 0.08299388762884742 1.602263096275759e-05 -6.1720459885794705 31.840455295835188 0.00016506842650591082 0.004718889233012464 0.31879586891942935
20231219135730 LSJR 44.22953006323478 3.125827 0.0007836409799732673 8.808849453398424e-06 3.1299449124072394e-07 590.7106919934962 0.25851899116600047 8.091502011606752e-08 0.07062881456331956 1.9243807130963148e-07 -8.509183342045784 4.249445816219679 2.2256888277972585e-05 0.0005269020559469313 0.04258042202697415
20231222053942 HSSR 94.95210479003539 3.141305 0.00041137649758619916 7.872699640774084e-06 2.0405135306656113e-07 1178.2853336009114 0.1830436352875844 3.7350301450653735e-08 0.12024418264289585 2.1178907948901855e-07 -8.720752510493885 2.9261428450421167 1.8560395495815563e-05 0.0005998497480071928 0.029330961563343493
20231222053942 RASM 32.69622580419363 3.141305 0.003458546083323884 3.605424634846793e-05 7.435866274524608e-07 3710.591899813821 0.10314739689527774 7.669902498786001e-08 0.06550021467414185 2.477965468256804e-06 -7.296317505262239 21.31525438688483 3.3572498784797946e-05 0.002010542990936003 0.21359844550701163
20231227130815 BLJR 39.613447791672584 3.228928 0.0055804224465715365 7.752276955939271e-05 1.1975036443638981e-06 926.0900280315291 0.20646824414247983 2.4724647480603466e-07 0.08728549340681194 5.339777828317844e-06 -6.594597771939622 18.71914727981448 8.878175027327267e-05 0.0023433517872797106 0.18725146520474648
20231227130815 DSJR 42.49751991890363 3.228928 0.0029772116303629194 7.17458703744382e-05 2.306752254867197e-06 781.4486940340263 0.22476549109061691 5.184783033896134e-07 0.15141436167657654 1.3219055718564458e-05 -6.843851301888502 17.611528708260263 0.00014468236180814414 0.003924017260882794 0.17668749520667135
20231227130815 KCJR 64.11873711767895 3.228928 0.0014512988417776512 2.222664887701908e-05 4.2370160735064805e-07 2034.4320825768539 0.13930229465097926 5.9022606151253494e-08 0.0962270137836449 1.1658695501849403e-06 -7.721176245264291 7.544733616643444 3.181877326205335e-05 0.0012627350737520436 0.07551089286093524
20231227130815 LSJR 45.40499909949678 3.228928 0.0021161438846759644 1.817312516604486e-05 4.3819588192068647e-07 1286.8113744430534 0.1751549530357716 7.675217911828636e-08 0.053959049692083344 5.999424542109316e-07 -7.833360348628617 8.146558250025183 2.771164128439905e-05 0.0008831819995555452 0.0815481146559486
20231227130815 SUPJI 114.43867245042475 3.228928 0.004992181033633256 7.490133560168534e-05 2.498565535801032e-06 493.71220018918825 0.28277625513386817 7.065350054203626e-07 0.09427121495995211 9.558352732051e-06 -6.66448613216534 27.17661527840545 0.0001849604593234249 0.00380460967704022 0.2725883207244764
20231227130815 WSJM 31.68144007004967 3.228928 0.0063416306775908255 8.400124571989969e-05 2.0334558161281424e-06 1025.2210185315676 0.1962325817500099 3.9903028467339883e-07 0.08322707829030568 9.260318460120067e-06 -6.593295723840217 23.3846027101259 0.00010830784956356176 0.00306096126761788 0.23440502213256373
20231227230318 ACBM 119.41283603598768 3.463097 0.0008495950138229707 1.3580875033170167e-05 5.772940530438597e-07 441.292982011051 0.2990999620667785 1.7266862936679526e-07 0.10043744734692761 7.287713605554166e-07 -8.08110307971444 9.108465655420428 5.3932131127847334e-05 0.0011253477806514702 0.09122747638822182
20231227230318 CIJI 92.71084431127629 3.463097 0.0024093022869066533 5.463316141629659e-05 1.4192045179719806e-06 1029.8419805650274 0.195791833162712 2.7786865420653715e-07 0.14247704779974965 3.6964833492629014e-06 -7.044182919021417 13.57013760112159 6.737051921683965e-05 0.0020035182368100396 0.13577207307118605
20231227230318 LPJR 87.16474610464138 3.463097 0.004849914895741587 6.895848904803284e-05 1.3032324815727656e-06 2649.7302176825197 0.122061594565671 1.5907463479054822e-07 0.0893374367398364 1.1083501387592484e-05 -6.695262801151235 28.621095140956072 8.229254675569065e-05 0.0039001801795440286 0.2862798249490819
20231227230318 SICJI 123.54984475946631 3.463097 0.008015335758286368 9.550476780794985e-05 2.674273141115396e-06 778.1729709520135 0.225238070021429 6.023481210149765e-07 0.07486575384395386 1.9445801222470302e-05 -6.319364081894182 45.91485805806842 0.00019618021626232295 0.005233500588020031 0.4601197114621726
20231228091849 BEFA 50.9500329702157 4.089632 0.021202679084217052 0.00023441904704101483 5.17366382063346e-06 2567.5932129856046 0.12399859344304766 6.415270367057331e-07 0.06946755672907144 0.00010614625721318557 -5.6237843706609745 118.8190421399218 0.00025553470932679345 0.01256314341132004 1.1901882760924873
20231228091849 BEPA 48.842578254411734 4.089632 0.03747323821834929 0.00034647644094105425 7.380183927673085e-06 2330.9514945966353 0.1301407335146319 9.604625498202724e-07 0.058094143621106153 0.0001235759089564229 -5.211058080299821 127.29347404814199 0.00022197583129343805 0.011176457858018875 1.2738181979840792
20231228091849 KBSR 99.74867768485532 4.089632 0.003540397574283727 9.866731135373284e-05 3.224539765185858e-06 722.217066094731 0.23380080116832794 7.538999804995857e-07 0.17510604049097833 2.2373525996388695e-05 -6.591675772011281 24.672067559764297 0.00024524740383689674 0.006504481236158203 0.24742402827552748
20231228091849 MNAI 97.41500931316398 4.089632 0.002864817782500091 3.985295501910303e-05 8.618600450742133e-07 1680.7693272018269 0.1532589378553403 1.3208775508802964e-07 0.08740643225315121 5.615256074959443e-07 -7.27855218919697 3.699847046844403 1.93717768705355e-05 0.0008140765425600582 0.07410543841683445
20231228133523 IMSR 44.6466266431479 3.021493 0.001417957452215526 2.3492276365131163e-05 4.622218435113444e-07 1552.7027667329512 0.15945410525256448 7.37031704852923e-08 0.1040978524841933 7.600905060333725e-07 -7.677369509595183 7.5767927036361495 2.8842548425081172e-05 0.0010525144067050664 0.07579969230803787
20231229115346 MNAI 70.37963891316993 3.056552 0.00034488473622758167 3.6487474700648844e-06 1.375631472561013e-07 506.3984090392567 0.27921175734407105 3.8409248091157265e-08 0.06647367681239502 7.48727804143739e-09 -9.12446714519339 0.6664751039053165 5.565759363743669e-06 0.00010689598708882374 0.013381138758248565
20231230095351 APSSI 71.83692582503747 3.778505 0.038876945546567475 0.0005815835387734665 1.0778590230884476e-05 3298.000328464602 0.10940937095398823 1.1792787769318732e-06 0.0939939363636964 0.0012661462254161297 -4.917703204798491 250.77623533946553 0.0006694114947826314 0.038593373011505366 2.5115024808259436
20231230095351 KBSR 156.77787592937966 3.778505 0.000927404781370697 1.784863351333395e-05 7.411353329377351e-07 457.7433699736886 0.29367625749839754 2.1765385087698288e-07 0.12092483681015934 1.3226077464665332e-06 -8.087936264041137 6.011542365447429 8.293276015651065e-05 0.001704219168365237 0.06024417982735417
20231230095351 MKSM 85.03264626042291 3.778505 0.0019399505843130575 3.683135779410996e-05 1.1945312327263862e-06 1053.1515309410386 0.19361296537016348 2.312767341954325e-07 0.11929079431545002 4.545944672966409e-06 -7.2830309341812605 13.764888142057 8.750517557733802e-05 0.002748681513321004 0.1382420714004837
20231230095351 MNAI 46.330519529678945 3.778505 0.005800307397368203 6.0996145781059963e-05 1.1608188537753416e-06 2603.08494206981 0.12315036358943536 1.429552639039049e-07 0.0660740993037772 2.6505740926207203e-06 -6.883720079412375 8.917724285677286 4.0206603900581446e-05 0.0019782087154426352 0.17940815239703206
20231230095351 NBSR 172.28834267970262 3.778505 0.0008272095506703297 1.0096673990447806e-05 1.904277362482339e-07 2039.540742071661 0.13912772246174882 2.649377723776339e-08 0.076690692964988 3.1539286155644773e-07 -8.325853304699452 5.86299522879423 1.7358776132023077e-05 0.0007261773677691351 0.0587611072145455
20231230095351 ULSM 92.43377900018595 3.778505 0.007612937666771961 9.345552207754239e-05 1.5415874654773822e-06 3076.5435501188445 0.11327872045733388 1.7462905556234222e-07 0.07713163943996874 1.2186125448463832e-05 -6.466712401956735 30.361401355950626 7.574240190159234e-05 0.003922979633016115 0.30430150721835786
20231230202556 ASJR 105.40998917097768 3.3547 0.00034715703000980807 5.234376307126962e-06 2.55974382178219e-07 607.8566512814925 0.254846856949442 6.523426675769437e-08 0.09473682933702908 1.1757724498097766e-07 -8.957372631358 2.778744490561996 1.8453538684433737e-05 0.00046545685899645854 0.027855783992446394
20231230202556 BSJR 68.61855674987449 3.3547 0.0009535080138015798 1.546052561727096e-05 4.84671350883993e-07 830.0160247911379 0.21809044053604623 1.0570218842949066e-07 0.10187785104439104 6.904384095347417e-07 -8.14777796540271 6.069904361123493 3.736061828307801e-05 0.000999291546417143 0.06083980074031283
20231230202556 CLJO 28.37956450792222 3.3547 0.015219415276058107 0.0002656037217057176 6.213513427176457e-06 1485.9238014946309 0.1629977459538616 1.012788683083816e-06 0.10965187370758285 0.0001222099120228919 -5.606238852027879 70.65567416429269 0.0003501805083634835 0.013147725213664035 0.7075879862377429
20231230202556 CSJR 36.40265995283457 3.3547 0.0033643617378531507 6.64969632725768e-05 1.653972542830284e-06 1624.3300187136565 0.1558987859401275 2.578523114055468e-07 0.12418781782749903 1.1443932702588668e-05 -6.868596681852917 23.5576488260052 0.00010374792655905365 0.004053445147374495 0.23618349546296674
20231230202556 DSJR 38.23341042968206 3.3547 0.0023474173741925455 4.0312402136729816e-05 1.0998359372851272e-06 1769.461783437287 0.1493685877107571 1.6428094066581626e-07 0.10790168616253915 5.871349670659713e-06 -7.2619788083543915 12.548900194038248 6.382076965797339e-05 0.002606164774622411 0.1255097152844383
20231230202556 JTJM 42.09833514135802 3.3547 0.0018156855919139385 3.4233055745391914e-05 9.398190088165167e-07 678.4165148611186 0.24123019205596227 2.2671271999465243e-07 0.11846358964195676 2.2099745403942036e-06 -7.391414268053699 13.07874223714013 7.825072812771351e-05 0.0018850475986812692 0.13089936488447795
20231230202556 KSJR 12.84292866758603 3.3547 0.020992907354465132 0.00040357721716162377 9.325699783556405e-06 1369.8848334623165 0.16976096669505839 1.583139810364432e-06 0.12079081750641807 0.00026353209385356877 -5.249012142760097 77.73756300146079 0.0004213502940547585 0.015347015774413992 0.7792805008008242
20231230202556 MLJR 63.655778803110394 3.3547 0.0019438780384681536 3.3545270841608775e-05 6.974730217677818e-07 1824.5213803836332 0.1470975332471718 1.0259656100849166e-07 0.1084281774403148 2.771790356705058e-06 -7.434663034911696 11.453384705205533 5.16827673430824e-05 0.0020437024268196995 0.11481574968835107
20231230202556 TSJR 77.43994630914911 3.3547 0.005348422021491366 7.036288635481054e-05 1.539304737358383e-06 1917.0619704854864 0.1435032683254374 2.2089526075975696e-07 0.08266046544921217 4.340435111363456e-06 -6.71612105139094 15.454658818989591 5.3530124939284095e-05 0.0021556039667943536 0.15481749625813382
20231230202556 WSJM 30.026948578955643 3.3547 0.01760963018770088 0.0003315519398022793 7.088451020842836e-06 1719.7339916463893 0.15151276737148273 1.0739908305451097e-06 0.11829903606877254 8.247348882459694e-05 -5.440869199732389 51.29173461342751 0.0002305122581223862 0.008919409498182315 0.5131570623927662
20231231083810 CSJM 13.590014863542972 3.350995 0.005238123934557312 0.00010101890311740587 3.9593161932494e-06 722.5317627814072 0.233749879980847 9.254896849782712e-07 0.12117324747268023 3.5551921716605396e-05 -6.494593722920533 42.93680081938062 0.0003154760712997329 0.00785745266438781 0.43026433823561594
