20240101134648 BALE 33.991943139486665 4.501648 0.010093481232330743 0.0004152517035936081 2.7853033814838685e-05 220.02616307507049 0.4235870806042408 1.1798185279598717e-05 0.2584939073788884 0.000994609867982812 -5.557934322844435 160.6229452760677 0.004069250638685755 0.06249149893387913 1.6068434433272174
20240101134648 CBJN 67.41375935489931 4.501648 0.005885756003843498 0.00013267872758620784 5.914743488267733e-06 366.47384471498594 0.3282149629339535 1.941307314765637e-06 0.14163771505318257 7.256411907306714e-05 -6.398157408823714 123.4349932950916 0.0010536696372583426 0.020305722327725706 1.234628649824025
20240101134648 CCJM 89.44196832998452 4.501648 0.005007409595056513 0.00012473989571374147 5.6032739793672565e-06 491.312757214798 0.2834659167543259 1.5883371953869992e-06 0.15652082480759172 0.00013144416177289885 -6.3556120074105396 82.1994694091452 0.001213557583321692 0.026590700727793043 0.8226341151107344
20240101134648 CIJM 45.74780064476522 4.501648 0.015603336085370375 0.0005681208283820412 2.2674668197589694e-05 308.2624410820916 0.35786527708932975 8.114476417439049e-06 0.22877213065605803 0.0007667721785794719 -5.16123027270483 183.14096311536736 0.003637932470917424 0.059543136940796146 1.8322143780497018
20240101134648 CILJI 177.41158012847688 4.501648 0.007449521459298114 0.00029496562161599826 1.7031716606746582e-05 199.39717679825517 0.444959379474418 7.578422052722099e-06 0.2487842568125647 0.0007162339318653958 -5.829805210769401 177.41339158701726 0.00472278436017692 0.06531154096475342 1.7750994848834751
20240101134648 CSJR 122.60675074551953 4.501648 0.0018932366045925138 6.652725093813023e-05 3.05820045013707e-06 370.19084927047606 0.32656303884534854 9.986952323949744e-07 0.22078753633198267 3.478283305260432e-05 -7.071781689485553 37.47609286934218 0.0007108079473598193 0.013816380195286474 0.37479576337712
20240101134648 IBJN 70.25635737833653 4.501648 0.014150479111381153 0.0004849126892235939 1.846495616932005e-05 314.6674267252049 0.3542044181714959 6.5403690565161815e-06 0.21531400175306462 0.0004843904437994421 -5.316504060403684 153.1584945243281 0.00275068545513186 0.046778860607102485 1.5319905371961082
20240101134648 JCJI 38.229500325022315 4.501648 0.00296384798732573 9.718545004551085e-05 6.26000818382645e-06 211.31910807887587 0.4322255980328297 2.7057357809447958e-06 0.20602750019867333 9.06964991900871e-05 -6.687170117694251 68.03319607057387 0.001563820208553865 0.023056460423047497 0.6806713623656362
20240101134648 JPJI 64.24698061937227 4.501648 0.0033733746728400542 7.70995482930355e-05 4.033958244789036e-06 376.18657113433693 0.3239501789568645 1.3068014953039272e-06 0.14360419342839847 7.359214997934822e-05 -6.83628557841883 69.45877450616292 0.001097678916946412 0.02128091796014845 0.6951093897909367
20240101134648 KSJR 139.2704739954051 4.501648 0.0036904530775464075 0.00011331461947871234 4.8746231783189146e-06 495.0573526448674 0.2823918189564435 1.3765537060527181e-06 0.19292394110878328 0.00013659869959866305 -6.558438554586584 75.0511635328907 0.0012995909771058717 0.02740585802201917 0.7506213278888032
20240101134648 LBJN 38.237413779379764 4.501648 0.007239538310277294 0.00020022945376974678 1.3029976294286466e-05 225.3127206626079 0.4185882299534929 5.454194713361344e-06 0.17377886656179314 0.00037662142301370056 -6.049999256902733 158.1045060890503 0.0031199991880373553 0.04745711593621764 1.58256819257072
20240101134648 LPJR 92.79727941629278 4.501648 0.0028376113959869267 6.120629387679568e-05 2.766870691858905e-06 752.7981269767372 0.22900270032460357 6.336208598846934e-07 0.13552612839710004 2.8472705694416004e-05 -6.978472306101215 58.61435564313652 0.0004522096719054225 0.012365277757685594 0.5862650619631427
20240101134648 PBJI 58.08298973277692 4.501648 0.0043617186976774745 0.00019874414733449112 1.3106472576030288e-05 184.97720695359112 0.4619774311092651 6.054894531578504e-06 0.28629684603111644 0.00018841183924438263 -6.17358221077084 63.39988741417031 0.0021561334544063196 0.0277700409799863 0.6344644190570514
20240101134648 PGJR 94.81214609596178 4.501648 0.0011335868806519147 5.29672745207364e-05 4.148826121360616e-06 198.4868845314135 0.44597853937278537 1.8502874137160658e-06 0.29358420312578665 1.6801302281930075e-05 -7.417277412931932 17.89686387941383 0.0006815291603806044 0.009524518132646497 0.17906609149054956
20240101134648 PKJM 56.70927790803264 4.501648 0.0027754838834708594 6.950953041131451e-05 5.158451901603998e-06 188.78059330372133 0.4572999933077884 2.3589600200820568e-06 0.15735679921987536 3.82310940784766e-05 -6.919315078843506 48.363409577594766 0.0010613508171358995 0.014022526272617516 0.4837521393915069
20240101134648 SCJR 92.9719247936402 4.501648 0.0012171389001363164 7.02729641346295e-05 4.43741977589007e-06 193.46808809100304 0.4517261148912869 2.0044983955045862e-06 0.36276718761779037 2.663211532868697e-05 -7.083626797298859 25.698110520746702 0.0008497844126946499 0.012056078943386988 0.25712768286080384
20240101134648 SICJI 121.5593393833669 4.501648 0.00777460179707531 0.00036815262546486356 1.9026865766918172e-05 219.77234828402646 0.4238316100992957 8.0641871531361e-06 0.2975292146783132 0.0005969761857791296 -5.602336610193389 129.34391909127487 0.003829881582037717 0.05697864433283933 1.2937905562734353
20240101134648 TSJM 15.735819957319288 4.501648 0.11425462044192285 0.004359837982118554 0.00029959802965867535 314.5935755732663 0.354245990649984 0.00010613140081322074 0.23975984380303786 0.14286050412463697 -3.420733358262981 2347.0325079280146 0.045195044801815354 0.861034227240198 23.480555326515372
20240103005347 ACBM 181.42430790945855 5.346815 0.012754361585401025 0.00041200058049172233 1.9574709253479802e-05 376.2301742550356 0.3239314063423799 6.3408630972229094e-06 0.2029639803263941 0.001263058334965049 -5.459576775553693 255.13523855748457 0.004433791790236409 0.08397035024643643 2.5515794561355207
20240103005347 AMGS 155.69303938403542 5.346815 0.0012672270769992775 2.6873207708723137e-05 1.1701403716024929e-06 432.3122560351887 0.30219069979761404 3.5360553775599746e-07 0.133243162884477 4.125219900826895e-06 -7.697005199564815 23.89420822345472 0.00021496507991656126 0.004578336451684227 0.2389878067032784
20240103005347 ASJR 162.577411102996 5.346815 0.002719807581202418 0.00010656335961570888 6.7648671581032735e-06 210.77663085024298 0.43278145157209585 2.9277090283763334e-06 0.2461782002700012 8.09041562788675e-05 -6.70848209206106 59.05897218452636 0.0013541480761085144 0.019568567462260458 0.5907106630276915
20240103005347 BALB 129.1463627072558 5.346815 0.007005542435700935 0.00016206872068671253 1.4352424267185246e-05 200.71181095918325 0.44349977478807395 6.365296930159544e-06 0.14535745289083504 0.0002604995552326071 -6.095321023717304 128.10221037296287 0.0026106970791452203 0.03837182577208607 1.2823796750805379
20240103005347 BALE 182.85785787712788 5.346815 0.004463034341760104 0.00022115357040714174 1.8700485363378483e-05 136.2733705362562 0.5382380166936729 1.0065312153193894e-05 0.3113462182467674 0.0004498845934658819 -6.162806080529628 80.70030342128442 0.0043318178624987555 0.04915694830419387 0.8076835111697714
20240103005347 BLJR 66.45369273511673 5.346815 0.07583719954356338 0.0011248601350112297 3.6398674279929525e-05 749.2937314704147 0.22953759062195878 8.354863996048483e-06 0.09319574978338543 0.007264856208149425 -4.276284461495349 1312.8945682036529 0.007533489200043759 0.20117572157737237 13.133179099143863
20240103005347 CBJI 128.49389812694682 5.346815 0.008660806360764743 0.00037547772828404677 1.731759599579267e-05 358.76380947657157 0.331722977527023 5.744644507334396e-06 0.27239913320486436 0.0010674409990831823 -5.5915547798472485 181.36801612427175 0.003965934762501983 0.07395719641940758 1.81528652748101
20240103005347 CBJM 151.86815578415573 5.346815 0.011596401786404727 0.0001726743240708551 8.565716037825427e-06 303.4217528842054 0.3607086124595607 3.089727546726616e-06 0.09355874312677918 0.00020286658731373533 -5.957144408501448 187.38835222799216 0.001868128658064338 0.03357681414336709 1.8759178626988824
20240103005347 CCSR 165.54286124321507 5.346815 0.0015836754693238776 4.3464145638491836e-05 3.7675247787782317e-06 170.56733689444272 0.48109620818167237 1.8125418853007014e-06 0.17244270467956288 2.2812260545491494e-05 -7.3498869719117215 32.28830575469041 0.0008550729471140391 0.011649327748946663 0.32293062716269405
20240103005347 CGJR 151.80601529261136 5.346815 0.014808543103173399 0.00046834077102753384 2.687470821206203e-05 252.801431696196 0.395175583998775 1.0620228512498288e-05 0.19871447385278293 0.0008246874751447533 -5.304440815659403 264.5411603564526 0.004083250226997818 0.06274959395470858 2.6459255944290128
20240103005347 CIJI 230.67482479090208 5.346815 0.005623037673739033 0.00031960150209415334 2.8328134935316786e-05 114.68324909603628 0.5867186240486496 1.6620644351113546e-05 0.35712288955290167 0.0006065195831847989 -5.809529936052088 89.67737649132368 0.005211238259513466 0.054212490701492075 0.8968147269674027
20240103005347 JABI 152.38030458018716 5.346815 0.012154120858464776 0.0002373440879365764 1.0477369206599331e-05 449.36240511895096 0.2964022531536707 3.1055158399589287e-06 0.1226972237181953 0.0003961231743979042 -5.877264793669976 206.50609506142536 0.0022137851697920825 0.04707942955827246 2.0659166898692076
20240103005347 JARU 145.3847420766685 5.346815 0.00832819214490868 0.00016346842649965994 8.219863528517007e-06 270.40470547511995 0.38209622409782695 3.1407788168457885e-06 0.12332837639899237 0.00015965761139268562 -6.069911817443592 128.63255927279258 0.0018335368299149308 0.029266719221436664 1.2866179850407888
20240103005347 JAUI 150.085941346197 5.346815 0.003996981209541657 0.0001127860601449962 6.139257687951258e-06 272.0636495356575 0.38092950170404377 2.3386243719039925e-06 0.1772977351672305 0.0001051975314832767 -6.445828816303592 89.4038273441734 0.0014710567373549008 0.024188844709343165 0.8950258374516694
20240103005347 JBJI 121.30443036509965 5.346815 0.00578917622399639 0.0001253616578762998 6.395476808537023e-06 206.5707724028084 0.4371650474743313 2.7958789226250724e-06 0.13605917256191163 0.00010921654142005581 -6.4039917599424285 96.81339090784957 0.0018195180228972115 0.02485769872014953 0.9690625991445709
20240103005347 JPJI 180.91389486637348 5.346815 0.0035685700850347835 0.00011708443776021375 7.945437765976837e-06 174.55236365258003 0.4755727931964121 3.778634031533865e-06 0.20615069944105838 0.0001070508731773347 -6.644985066691781 64.70766494395697 0.0018066810639938845 0.024080056286453152 0.6474541224861614
20240103005347 JTJM 91.5253868363655 5.346815 0.02435883667395303 0.0007755302261115613 3.6749011033637196e-05 421.39470664763064 0.3060802662065614 1.1248147080003536e-05 0.20004239887154884 0.004775429073242194 -4.983939792520535 499.9245614575765 0.007978202870266352 0.16176288853284954 5.0013347829268975
20240103005347 KJJR 212.26372983853537 5.346815 0.0033109624392502184 0.0001951759997231444 1.735652582725496e-05 105.81239494448063 0.6108176759059611 1.0601672767605664e-05 0.37038383741141284 0.0003975869940161988 -6.2729936017682855 68.50910175860182 0.004889237516452512 0.04899569726355539 0.6855809808998256
20240103005347 KSJR 97.37545186141865 5.346815 0.019332432215529667 0.0005989997086113913 3.0250322694447627e-05 438.81188848601874 0.29994434320237906 9.073413172246116e-06 0.19467939295960085 0.0020864751086273 -5.0916884264299815 420.3271141681162 0.004940685790750023 0.10949976876231476 4.205614789800348
20240103005347 LPJR 252.21552767465815 5.346815 0.019339233347073582 0.0006112091332127459 4.30279257181051e-05 171.98183832606878 0.47911368398467435 2.0615268005020247e-05 0.19857768798251854 0.0012564227769211109 -5.0424534556301115 329.445977552987 0.00539919541121625 0.07734982067389115 3.296540861988484
20240103005347 MGJR 174.49028742898614 5.346815 0.014817661645174089 0.00043269219074034034 2.4140032614876368e-05 251.8415941323727 0.3959279292376499 9.557713124937331e-06 0.18347599509916548 0.0020441789852397507 -5.360581317006085 323.1440230258552 0.0070766624890152546 0.11218371734914648 3.2331837407943387
20240103005347 PASJI 145.46732450297512 5.346815 0.060343010141061214 0.0011759342991948475 4.784961439711733e-05 510.91987064468566 0.27797354878122726 1.330092712178001e-05 0.12244356212322773 0.010064243291136296 -4.418862990661279 994.6447609060065 0.00997108395048313 0.22556066775221664 9.947446190238184
20240103005347 PBJI 157.7894585946905 5.346815 0.004425761244338763 0.00019518514892235484 1.6007580688228223e-05 138.55928312913542 0.5337797015100867 8.544521641661088e-06 0.27710136001062774 0.00038435433131607435 -6.23297144437061 98.55937435201488 0.003915641747270653 0.04633670905326778 0.9858925428241302
20240103005347 PSJM 77.70502823439867 5.346815 0.004422646813117383 0.0002203537540885968 1.990807828851812e-05 131.48922268429038 0.5479422508030014 1.0908477226572983e-05 0.31305313957354614 0.00041319146844773387 -6.16871620218845 99.6594609189255 0.0041058343284253234 0.04694887639253034 0.9985030203428964
20240103005347 PSLI 187.34385717155683 5.346815 0.004098476186411359 0.00018762390103600868 9.8034213546597e-06 221.12151987954607 0.42253662876376347 4.142304609548597e-06 0.2876375717818662 8.796475019336325e-05 -6.181139537007214 71.4561736602555 0.00136768191046824 0.02076558579526351 0.7152905408760284
20240103005347 PSSM 240.72357294059924 5.346815 0.005807040191345521 0.00016074972820998836 5.348398401900485e-06 552.3988641886912 0.26733355882807375 1.429806378810439e-06 0.1739303151246287 9.371998890539261e-05 -6.203243189646559 95.27432411179194 0.0009461704457299938 0.020381715986389694 0.9532389609515391
20240103005347 PTJI 155.69175962329362 5.346815 0.008901256702690893 0.00021554717086165673 1.0250928629384862e-05 263.91198978567235 0.3867677979358057 3.964729092784289e-06 0.15214961911531785 0.00022565671609852322 -5.897038647203194 153.62416206340333 0.0020069132307180926 0.034371454752152975 1.536814334711909
20240103005347 RLSR 193.17153231508334 5.346815 0.0014646195965763548 6.380732394736501e-05 3.573962886475626e-06 130.21362089301647 0.5506195923234678 1.9678939875304134e-06 0.27373199242567364 2.933063154573793e-05 -7.089424371641249 30.17828714180749 0.0011759552312718452 0.013001016902508574 0.30190852488813374
20240103005347 SBJI 156.0159968051991 5.346815 0.014017259879951187 0.00033082861997761506 1.5406915939826007e-05 278.95541431582217 0.37619452507288065 5.7959974248206394e-06 0.14829271498425614 0.000706693888789453 -5.509535667768577 264.67395539166654 0.003739063474107086 0.0577547723345661 2.647065975054247
20240103005347 SCJM 143.54178417466866 5.346815 0.007744606674979872 0.0004467599877182009 3.487843921471736e-05 135.8615328587786 0.5390531810723488 1.8801333609531945e-05 0.3624555653336686 0.0011299061128025559 -5.583938868889623 143.53669171137923 0.006796938922167787 0.08037628747406501 1.436190580223252
20240103005347 SCJR 121.73168013716564 5.346815 0.014597422306990975 0.00044880950261510204 1.59787335036302e-05 308.3528315988142 0.35781282094990013 5.717395710140603e-06 0.19318159146517666 0.0007101030905623707 -5.335034329639194 254.22024219069507 0.0034746822774049555 0.0616077087897378 2.5424334289291814
20240103005347 SPSJM 190.60362782616812 5.346815 0.003033297015558343 0.0001488957033867236 8.946738395201752e-06 258.1150466636414 0.39108684448336295 3.4989516873976e-06 0.308423240791481 0.00021219677745910529 -6.440791818299362 77.97566091844854 0.0021181876407938144 0.03495385780382239 0.78045366457047
20240103005347 SSJM 117.03858685508675 5.346815 0.012688691926267176 0.000355568082721936 2.0220379778734756e-05 264.08013995543075 0.38664464322454545 7.818101525413712e-06 0.17607017067185768 0.0011207245757925664 -5.558927404585667 269.34378438770034 0.005027908884572577 0.08141635381836543 2.695306203856371
20240103005347 TASE 142.90026531539118 5.346815 0.007140537789804909 0.00026034673737477295 1.615121091525652e-05 180.37212402209653 0.46783763835215947 7.55614437112123e-06 0.2290873381247113 0.0003507938824701155 -5.89916483164831 111.15187209954452 0.0029826368608754147 0.0404172722247921 1.1123177824426183
20240103005347 TSJN 233.28883440480183 5.346815 0.012199335333651059 0.00046089831937102643 3.1163143922873646e-05 153.5003274704486 0.5071369042263391 1.580398033500599e-05 0.2373825679164358 0.0009894979220638886 -5.366149705841019 134.77091340788897 0.005860840281858906 0.07106346130482988 1.3480309353760929
20240103201116 BBSR 147.35672143078287 4.617466 0.0020664577146139217 2.0778052783132516e-05 8.884786987494426e-07 1073.4786887310522 0.19177109800406572 1.7038453561240414e-07 0.06317688237001809 4.2949700411515965e-06 -7.691489804146355 35.27298833185511 0.00014839524114579152 0.004960713335232027 0.3528727392533241
20240103201116 BEFA 155.0685487842219 4.617466 0.007116428987960045 9.661548713923818e-05 2.316179561978867e-06 2231.7157095390326 0.1330026925609667 3.080581181978698e-07 0.08530303755806519 4.5202091962472704e-05 -6.3907338196111 111.60707072274127 0.0003330823801375695 0.015305989404066647 1.1163015251550383
20240103201116 BEKI 166.7181213651592 4.617466 0.006991290006811073 0.0001342883643259295 4.1534253807345665e-06 843.4051743514191 0.21635241026470692 8.986035919765314e-07 0.12068712309686061 0.00010606190989746332 -6.2736697821224965 99.15888912731424 0.0008077745715078386 0.022659417372667853 0.9918539049605748
20240103201116 LESM 83.77439354560518 4.617466 0.008081901065254967 9.497192570329894e-05 1.8401432076307783e-06 2597.6232460353463 0.12327976200616607 2.268524166939854e-07 0.0738348815897926 7.126866708066016e-05 -6.333252066558717 153.61424733906327 0.0004033129911475537 0.02037158674952304 1.5366247746246482
20240103201116 LHSM 120.52510119395366 4.617466 0.011166877910044965 0.00028858823073381584 9.317447177824903e-06 1097.5270607851594 0.18965847309849218 1.7671328049221262e-06 0.16237782357596875 0.0002401328215966688 -5.616972301800014 149.14968046074924 0.0009671421388582622 0.03198372185530561 1.4918055304812838
20240103201116 LLSI 202.84995693756883 4.617466 0.002333101430101959 4.493873656767197e-05 1.3116782674394794e-06 900.6516044361822 0.20936373376486378 2.7461785956935693e-07 0.12102277495619689 1.0911560453902908e-05 -7.219208341560075 41.80904827304146 0.000250269561767434 0.00717657707319466 0.41821686776983513
20240103201116 MKSM 73.41257540209278 4.617466 0.006076832772777723 0.00011617911670581939 3.6561259021069034e-06 942.8320255980045 0.2046268907757869 7.481416756329548e-07 0.12012424010697845 0.00014378599075376097 -6.337952291217948 138.36676817417276 0.0009722005401870817 0.02958150422616873 1.3840416366964292
20240103201116 PPSM 118.11209950612023 4.617466 0.003901537056405077 4.50785653558573e-05 1.2400706013103715e-06 869.5008734585144 0.2130810641602839 2.642355633610971e-07 0.07259625512147135 1.4336752344716477e-05 -6.8814736506471945 81.61181605853281 0.00031086102848216964 0.008866875985949714 0.8164476030987635
20240103201116 ULSM 150.68278476008598 4.617466 0.007827502215005647 0.00011155502388914706 2.9588518257391334e-06 1203.2788493225573 0.18113264412885144 5.359446547816088e-07 0.0895459199869228 5.8958115489392016e-05 -6.265611107273069 96.05364082573922 0.000504155853824298 0.016598080496472913 0.96078822862277
20240103201116 UTSM 116.48251303172651 4.617466 0.00470764811728166 6.810777427213008e-05 1.6020949079730341e-06 1309.992563689869 0.17359829410402472 2.781209430168632e-07 0.09090181677777005 3.9200636401406255e-05 -6.692349487294618 94.72728581637642 0.0004224984132993814 0.015236773636776915 0.9474877154928484
20240103224429 CLJR 79.84888795800346 3.140824 0.0003928468264573164 8.174617483867325e-06 2.0548489852239544e-07 894.228381264661 0.21011431591428895 4.31753188837502e-08 0.13074468980603865 4.747263754223937e-07 -8.694206478979252 7.981491192388763 5.7258433779119896e-05 0.0016169834982855903 0.07995027801171262
20240104065457 CCJM 145.05396404221426 3.522026 0.004576661867988397 6.0950552078555754e-05 9.760637337261303e-07 1796.1670890524383 0.14825402774770016 1.4470537986335754e-07 0.08367749777695321 8.572135544092669e-06 -6.7422638692542165 51.35775261967211 0.00014892937519898788 0.006062371445087199 0.5136893541711518
20240104065457 PGJR 53.32868512088233 3.522026 0.012852855763962345 0.00016204899553273468 4.4702402030657995e-06 1595.3870084920557 0.15730656318955422 7.031981229760558e-07 0.07921849326507949 7.11489194753147e-05 -5.920652339894139 148.8162791415029 0.0003726704091231237 0.016152287292309987 1.4887837509667219
20240104192424 KBSR 52.35799699128441 3.253228 0.0013022632747982541 5.035144088267621e-05 2.629777474401641e-06 385.9665302689626 0.3198195777039962 8.410543213186146e-07 0.24293661632926275 1.69402475995944e-05 -7.321991789890281 28.97265023870292 0.0004595685244566925 0.009580031195765695 0.29011060020555324
20240104192424 LLSI 77.6100147072567 3.253228 0.0018285812268282456 2.2441639285785978e-05 6.858772514542368e-07 1238.4663189080152 0.17854092000016566 1.224571554818244e-07 0.07711168427232186 2.3195645980448088e-06 -7.590359944861216 25.029353870620465 9.6593504835367e-05 0.0033155074075718375 0.2504477110363232
20240106204955 BMSI 108.10877639518208 3.391759 0.0011589887696992478 1.722337635133111e-05 3.871571563574637e-07 1708.7657540566813 0.15199825516071697 5.8847212239319364e-08 0.09337248820693056 2.463470496815325e-06 -8.02630674528133 23.68640117040501 9.628349401161598e-05 0.0037612660780883865 0.2369994970440351
20240106204955 JASI 123.20124003828357 3.391759 0.0011177577310636272 2.1143697853946258e-05 4.545445136926546e-07 1940.2995794199878 0.14264136087455856 6.483684801118466e-08 0.1188538159954783 2.5623581404824378e-06 -7.821669077342599 26.201542872877848 9.134104053101032e-05 0.003911810429965216 0.2621467127827244
20240106204955 KRJI 141.81276183492562 3.391759 0.000772107367827044 1.829123320558412e-05 1.0469630701544187e-06 269.53241115560365 0.38271401832305363 4.0068744361463867e-07 0.1488487385516904 1.7433004475653995e-06 -8.145499788535904 17.107876433325696 0.00019226447804491736 0.0030994129622481377 0.1711341134111521
20240106204955 RGRI 83.07669101557808 3.391759 0.0016434742279167248 2.186609802482904e-05 7.21826999467619e-07 987.2782575859436 0.19996780613205453 1.4434216149042346e-07 0.0835965319694176 1.7598294267041722e-06 -7.657578540421416 30.35972042409845 9.360686502790693e-05 0.002872923175329325 0.30400221492954194
20240107231908 LPSR 50.707244659018315 3.348261 0.002393419339041934 3.9087533268604446e-05 1.0858413466973467e-06 1228.7997199529016 0.17924180822316232 1.9462816642550613e-07 0.10261227972925882 5.027161492563781e-06 -7.377386303564326 43.39127229404794 0.00013606178435061618 0.0049620451361935694 0.4344467364475527
20240107231908 PASMI 91.78724564044927 3.348261 0.00787019107625761 0.00011272342010548611 5.051809538209294e-06 915.9466829429084 0.2076083282085401 1.0487977326555887e-06 0.08999300399687515 0.00013567788983403952 -6.309990210509607 152.31295853634583 0.000919095552898225 0.028012626472884203 1.5232055398443884
20240107231908 RASM 40.527777096945414 3.348261 0.009313963546786689 0.0001414245937379358 2.8958238749067126e-06 3091.7378335228814 0.11300002462758742 3.2722816918161416e-07 0.09540481074296298 6.060790654515386e-05 -6.099568108596786 121.10088053296431 0.00025975078606205204 0.014787569931315164 1.2115855293542794
20240107232124 CLJR 97.25774977291536 3.551724 0.0014495156452789168 2.2341697946122624e-05 6.88447018043501e-07 1287.6140585674164 0.17510034971065364 1.205473136166737e-07 0.09684409321812498 4.339810549649132e-06 -7.723977757313837 29.81197468755288 0.00014108472689580915 0.005014994883138222 0.29827073060238946
20240107232124 PASJI 117.9612409819842 3.551724 0.014234972925354809 0.000300224683853478 6.174494321597435e-06 1146.8744601873661 0.18553332492627037 1.1455744612243482e-06 0.13251639692836237 0.00018833421596014778 -5.5609506250643825 179.6886690672788 0.0008545407412258845 0.029248921186720702 1.797748750330189
20240108070202 KCJR 93.87251979876889 3.001512 0.0001903410663339268 3.239656261855112e-06 1.2909285751581026e-07 359.4402642930425 0.3314106846317301 4.2782752290381066e-08 0.10694150777263035 9.068283340947203e-08 -9.471657570284677 3.815331549832772 4.143574834931266e-05 0.0007478575695552144 0.03818161536957752
20240108070202 KJJR 5.110678681533063 3.001512 0.014848875921407788 0.00035436346803926263 2.646645037300542e-05 203.28099326987066 0.4406882603207948 1.1663453971746408e-05 0.14994612033733024 0.0010838287170727 -5.663586511925923 269.7867073377165 0.0048913609584921944 0.0796991613559273 2.699439863205596
20240109115058 LLSM 116.9216198209346 4.325602 0.004402579065908949 0.0001263030396118514 4.037739739336609e-06 1192.9503289047004 0.18191507412791483 7.345257239906467e-07 0.1802546622924678 4.260307425242918e-05 -6.336465867705129 69.3086143662273 0.0003858052574336309 0.01344664904560553 0.6936890456822818
20240109115058 MNAI 221.0636607251171 4.325602 0.0003876667317019048 8.443252718806147e-06 3.3860512255796567e-07 713.3406292462096 0.23525095119310085 7.965717716061791e-08 0.13684569009754471 1.792958441846084e-07 -8.618368304881969 3.0360198168306787 3.833818397967083e-05 0.001008166355219798 0.06083704878937772
20240109115058 PPSM 90.26942550600285 4.325602 0.005657163746084771 0.0001218946122990856 2.9896909697465373e-06 932.8053929533999 0.20572370833411643 6.150503130692783e-07 0.13538346623818764 4.978810702076403e-05 -6.340365332060674 120.3772879524393 0.0005385538000999394 0.015822037279746078 1.2039315290842802
20240109115058 PSSM 93.44615778129507 4.325602 0.007227889327577762 5.478112013167143e-05 1.9854134241931346e-06 826.6565819228803 0.21853313919388787 4.338786281866118e-07 0.0476210845964222 2.9712935491803234e-05 -6.7625758588952385 99.02481062002944 0.0004742182008899518 0.013327154508059465 0.9905676859051278
20240109115058 SUPJI 194.30251361973046 4.325602 0.003709352452664424 9.598197424189346e-05 3.7368724124791615e-06 604.3710462446666 0.2555806928945006 9.55072440439768e-07 0.16258161983975616 7.278001015980341e-05 -6.693579203906655 72.28127505252729 0.000839616495463651 0.020358320303523275 0.7229349232913735
20240109115058 UTSI 115.78497391119745 4.325602 0.0032982167680386336 9.104578454856781e-05 2.7276890938572476e-06 1147.244895812826 0.18550336894113437 5.059955163345094e-07 0.17344449318787125 6.0227445223829705e-05 -6.656208661427633 74.98485019613999 0.0005230013023880065 0.01776837762763532 0.750139427955393
20240109155238 JMSI 41.08707924550387 3.225879 0.003115306029489759 5.4782756892243676e-05 1.905168235346971e-06 919.1118954539998 0.2072505419562875 3.948471492935636e-07 0.11049001604780165 2.0188345589034478e-05 -6.950541052383075 49.58424069046993 0.00029492028236914277 0.00919225181955834 0.49602610983074324
20240110091632 BLSM 95.09874381842181 3.425378 0.008547259397811601 9.912115267708609e-05 1.9105204451097315e-06 1642.4029240496989 0.15503866266508257 2.9620453480411104e-07 0.07286506014908471 3.762715140539882e-05 -6.373797957342795 104.28209830575113 0.00034004089803252985 0.012908043906063774 1.0431736087023342
20240110091632 IMSR 109.33973452693238 3.425378 0.0018344567352583964 2.503626874019395e-05 5.6877801661758e-07 855.0183189042916 0.2148781016410144 1.2221794046592695e-07 0.08575155405495476 1.745056114848507e-06 -7.571349121952654 21.692089445139008 0.00011075961961758741 0.0028706802089927463 0.21704303805816516
20240110091632 MNAI 123.57242640635778 3.425378 0.0009770020067828202 1.3263071720027898e-05 6.179278512292473e-07 471.3421313542211 0.2894088034698382 1.7883376005494467e-07 0.08529597358122207 2.2148896775536367e-07 -8.146234627498474 3.614347250257797 5.097066430749636e-05 0.001048970837969486 0.07234516172840572
20240110091632 NBSR 62.61725077387525 3.425378 0.002933300143759059 2.9483961768644708e-05 5.117413078815387e-07 2478.341945303233 0.1262115948701873 6.458768662868454e-08 0.06315521300346336 2.694925862985183e-06 -7.245435821762429 34.7874253907779 7.707669642126372e-05 0.003430112290070418 0.3480827071941776
20240110091632 SSSR 76.50822444091301 3.425378 0.0016658291380863286 2.3750883182151183e-05 5.920285934188537e-07 1315.4849755819453 0.17323551130107442 1.0256037608577103e-07 0.08958373750987744 3.2924344942633442e-06 -7.607780075920577 24.440837132061095 0.00012090813329871414 0.004203566089537572 0.24447663447523213
20240111044504 SUPJI 21.266247552219053 3.171138 0.016541638149271586 0.0002536933475209886 8.930280022736946e-06 770.117935380818 0.226412942771944 2.0219309797253748e-06 0.09636302639973252 0.0003788581685520125 -5.554237091526893 292.95173055390507 0.0015818680230104817 0.04370206626686569 2.933115368135968
20240111180131 PASMI 196.1555631021009 3.541501 0.006317913976388699 0.00011197662023121888 2.908452944748761e-06 775.2115252707059 0.22566788463225634 6.563444235939097e-07 0.11136110077057133 4.186216488814881e-05 -6.366305031120951 71.79430229026514 0.0005626017853089943 0.013865384766503477 0.7181360387448129
20240112144628 BBSR 63.950781647716724 3.393876 0.0018811822854651718 1.3835349479240342e-05 2.854093333128275e-07 1400.2942063184792 0.16790754909811215 4.792238164628304e-08 0.046210335510448376 9.974400173468477e-07 -7.968512643618536 35.19095205151527 6.664990300452627e-05 0.00241229299332512 0.35194232945407006
20240112205208 APSR 106.13444365103702 3.341528 0.0008499939163941848 1.3487186554509577e-05 6.591900969978573e-07 339.6131743285214 0.34094757338228804 2.247492639690545e-07 0.09969776343103297 1.6957752605302447e-06 -8.230921055037818 20.916489502539836 0.00017794371556787168 0.0033634741624219743 0.20923462299876422
20240112205208 JPSI 60.37037894918729 3.341528 0.007808741444587453 6.234262119945248e-05 9.999954367821114e-07 3510.9210671925425 0.10603990634550929 1.0603942246231174e-07 0.05016304411038892 6.58619858706707e-06 -6.731690367273493 64.11074851557623 8.657517690459032e-05 0.004706248057488614 0.6418692149042305
20240112205208 PDSI 104.4161214648816 3.341528 0.0007507637002949682 5.866181402416198e-06 1.8361500812370476e-07 755.2247946561428 0.22863449169668582 4.1980724050246076e-08 0.04909441517008655 1.4756605553875187e-07 -8.830974691067555 13.683755181185195 3.265888861541687e-05 0.0009374800460440114 0.13687680106819428
20240115111218 PGJR 49.616827824808084 3.180969 0.0024978723230815697 3.7972636352004445e-05 8.669721812315406e-07 1242.0042888578794 0.17828644306221345 1.5456938642566006e-07 0.09551693599272747 3.4619118552581106e-06 -7.291167600598423 40.79955971445291 0.00011448523456941484 0.00392203667898495 0.4082815780503532
20240115220427 CILJI 27.305355265148144 3.128122 0.08504421814025846 0.0004930847545378105 1.7730400447929795e-05 479.81938742157195 0.2868408312444486 5.085802802781126e-06 0.0364297885577199 0.0011579129114175366 -4.748401742234375 911.8588383554395 0.0034261322459928183 0.0754889774097221 9.121144556117876
20240115220427 CLJO 25.525583428667947 3.128122 0.012951534578417807 0.00014863004542924862 2.8069127547627062e-06 603.0118755655092 0.25586856637885796 7.182007425116645e-07 0.07210497813924482 4.4142164030056545e-05 -5.890933064677858 110.35321586084349 0.000683415190391399 0.014698516000892906 1.103762115681517
20240115220427 DSJR 42.71479741281618 3.128122 0.0032010432186328187 0.00011136668896072566 3.707576412020804e-06 873.6480483415986 0.2125747185902184 7.88137012437054e-07 0.21859671863041322 3.336025108608146e-05 -6.540810545725193 46.871172616306964 0.00042966415916985076 0.01216639955411053 0.4689929527462666
20240115220427 GBJR 18.229013490262446 3.128122 0.008969461744350808 0.00014277269925677273 5.59299238746652e-06 330.48485629635854 0.3456241547014306 1.933073266169652e-06 0.10001350714289181 8.956492060287233e-05 -6.109195462210337 77.68320010760658 0.001223408864924035 0.021586408039484868 0.77687358401724
20240115220427 JARU 50.7319531452115 3.128122 0.002463173021150797 2.954103034063153e-05 1.2802101579836155e-06 411.477460186441 0.3097468105062816 3.965410132131678e-07 0.07535474211571398 8.20475054693287e-06 -7.31972126381305 54.10892082496795 0.0003725290789540047 0.007343954490631578 0.541422346716878
20240115220427 KCJR 64.34063594348645 3.128122 0.0019214472152623819 4.259413379603841e-05 1.0386059499663087e-06 1188.3594218273413 0.18226612539273773 1.893026823102027e-07 0.13928399048045895 2.415660477472647e-06 -7.299669629476704 15.821419920311094 9.460154876554422e-05 0.002926463565400241 0.15876930152587962
20240115220427 KSJR 15.678367550673535 3.128122 0.006772150597063629 0.0002479834956093965 1.2833196740499662e-05 330.5361066579812 0.34559735876411163 4.43511889801689e-06 0.2300785007219995 0.00045454241907844415 -5.8711580619565655 161.25645011624238 0.002561331823610984 0.047506586585477545 1.6141309371917747
20240117110228 MKSM 68.4036661097512 3.488088 0.004466936485134576 6.852849714568674e-05 2.2091597932313638e-06 956.9549726937145 0.2031113143805429 4.4870534927987066e-07 0.09639206821538342 1.859424489887442e-05 -6.782202827359452 42.54499782405124 0.0002839689284591376 0.00873528290641813 0.4257544761686715
20240117110228 MKSR 71.72034039216976 3.488088 0.002282005762530077 5.283062366722806e-05 2.981605880870457e-06 368.943505449801 0.32711460389146807 9.753268266814112e-07 0.14546177045014644 8.307430842690412e-06 -7.077777036720816 30.01618584357368 0.00024525081752217346 0.005231125004314623 0.30072906249496767
20240117110228 MNAI 70.00966130133476 3.488088 0.00327770000509618 5.4385984512102175e-05 1.2117670969056528e-06 1513.8244479706527 0.16148868979575437 1.9568668081689877e-07 0.10425518451097836 2.2225416703701903e-06 -6.981277739801365 11.121362070598435 8.342313464235603e-05 0.0031668921540204125 0.2237603777792016
20240117110228 SSSR 109.04801963738508 3.488088 0.0007604021457103304 1.184175742196038e-05 3.030993327785922e-07 1499.7504196012214 0.16224464529487528 4.9176243735776054e-08 0.09784816713706371 1.2574241820652496e-06 -8.262446859987689 16.07538797016061 7.245205714934337e-05 0.002669307728091435 0.16090794461328117
20240118005313 KCJR 132.223097873266 3.353345 0.00053718316628148 8.614949719899856e-06 2.807322189796426e-07 479.1004482209284 0.2870559675615997 8.05858587449162e-08 0.10076511867797866 3.4702411261685877e-07 -8.565653685379866 8.037497870508732 6.755907906050663e-05 0.001366184781804126 0.08045336712054824
20240118005313 TSJR 79.65447682427776 3.353345 0.006552194410665504 7.257647716300649e-05 9.852790756633809e-07 1364.5867938148558 0.17009019787374993 1.6758631294044988e-07 0.06959675283980779 4.45620668294582e-06 -6.651899512744081 37.91572354281458 0.00014093369551419971 0.003880332374319534 0.3795973742244505
20240118191301 SIUMI 47.51009076397255 3.507339 0.005563760697730093 0.00018873129062281006 9.204351612778409e-06 390.90265953660423 0.31779389928024404 2.9250867893712533e-06 0.2131352760606828 0.00020571626377230106 -6.105815043932315 121.34535377125339 0.0016632497517070734 0.03332702172123916 1.2144861090943486
20240120211311 CPJR 64.99643286008816 3.099883 0.0007630988206450756 1.0446921820734765e-05 3.848636413547786e-07 631.0326339062718 0.2501231898533921 9.626332163424909e-08 0.08601762172008945 6.723596194418158e-07 -8.397762777021216 13.338319527437996 8.003588955335703e-05 0.0019397848176861414 0.13347939733096742
20240120211311 PASJI 112.77175811397436 3.099883 0.003550243272476913 7.960622375191531e-05 1.780202436805665e-06 1480.1733714142295 0.16331405976237884 2.907320871536128e-07 0.14088630469796562 1.8887487543337357e-05 -6.708227659633663 59.35176288242266 0.00025449881871536636 0.009549686603095176 0.5938217171516071
20240120211311 TPJR 74.69680652888653 3.099883 0.0004926497283255723 6.0837092693955495e-06 2.4990545602443e-07 395.2477500795367 0.31604226465576957 7.898068627179369e-08 0.07759077189494959 3.005478449421044e-07 -8.737409689837339 9.561131786156936 7.167344055048965e-05 0.001365970709259293 0.09563746494595662
20240120211311 WLJI 62.188808529185565 3.099883 0.001562245439024149 2.1736063668285352e-05 7.007689047721946e-07 852.5333021986282 0.21519104373996098 1.5079919203843789e-07 0.08742014056498035 3.1532622317810646e-06 -7.722169539815489 32.69686496306288 0.00014676601122755678 0.004173394824512552 0.32741566347672774
20240123155545 BBSR 227.85547519448093 4.020262 0.00020597780768938638 3.838663702522147e-06 2.3200640938029463e-07 364.8612558409238 0.3289394743250725 7.631606634160169e-08 0.11709531063298888 1.6784656130203096e-07 -9.356799681658963 4.453458391236638 5.293223825590306e-05 0.0010259491593176307 0.04455606744072222
20240123155545 BTSR 139.76391895938926 4.020262 0.0033182829044186434 4.253992103768553e-05 1.1495120657821282e-06 1115.5443953638253 0.18812063630999173 2.1624694126094704e-07 0.08054955364916166 8.901852556330524e-06 -7.141560721686262 43.77765935925343 0.0002138146563285639 0.0070481672687644735 0.4379018127944867
20240123155545 MNAI 113.5775565026899 4.020262 0.0019879446519588183 2.8785088060015778e-05 1.2257907616681822e-06 915.7874562539123 0.20762637570947684 2.545064932233238e-07 0.09097941544114396 2.2599744688200927e-06 -7.384020326597698 12.38610186410742 0.00011304437163685596 0.003708087748049824 0.24800642573137577
20240123155545 MTSM 156.7408184008334 4.020262 0.006842305025210644 8.849972234550793e-05 1.561273474932288e-06 3051.542761811445 0.11374181085559472 1.775820722796054e-07 0.08126795766659785 3.7134944250692096e-05 -6.5338889066807635 97.59473818438506 0.00025014991820360556 0.013277354469381608 0.9766837104448748
20240123155545 UMKSI 168.8631510530813 4.020262 0.004786611349941834 9.480876134388819e-05 3.0277190670418354e-06 1052.2728010324536 0.1936937894679299 5.864503795396383e-07 0.12445151125024033 8.076401296602733e-05 -6.641977366066315 91.97952084730728 0.0006689372772591209 0.021894827481654344 0.920049610727082
20240123155545 UTSM 123.6282146778547 4.020262 0.0023551589439717445 2.5498538598600214e-05 9.313790603099234e-07 914.4346338194747 0.2077799010686227 1.9352184900858265e-07 0.06802600032042616 3.429257807032706e-06 -7.555377496356734 35.05087909614459 0.00014768331519718486 0.00435708564710003 0.3506136964245628
20240126075923 SISMI 34.53474711568745 3.092034 0.023638440262943643 0.0006319602363386367 2.1277424010218043e-05 496.68346487004834 0.28192917293824604 5.998726553457151e-06 0.16797738038195736 0.0016583822594979836 -4.9836319467775825 324.7498854854524 0.00393356825748134 0.08742244487254687 3.249652584275341
20240128104331 LPJR 82.36028434190028 3.042453 0.0018132291473291638 2.648406852590369e-05 4.837044750574409e-07 2868.4496086317668 0.11731573231779446 5.674614471675802e-08 0.09177235567904052 4.16425274760639e-06 -7.611765005564134 33.61817375182916 9.263290190296573e-05 0.004723594667413363 0.33623865505594575
20240130013849 BEFA 37.70324281397463 3.582914 0.004014744545204285 8.303617818982375e-05 3.302714711386105e-06 583.4546876086581 0.2601215311056202 8.591072075308101e-07 0.129953895918451 4.64115965089783e-05 -6.7233443035078215 85.75311992530567 0.0006564576789157003 0.015437669407548763 0.8579081384718898
20240130013849 BLSM 107.27349081070712 3.582914 0.007236898208633307 0.00011099961727267935 2.807040553756553e-06 1689.7148300883327 0.15285271617038998 4.290637730421247e-07 0.09637155922937414 5.5565903094719626e-05 -6.309301282788097 94.92113878449209 0.0003575309193950938 0.014498785112652235 0.9513013323860657
20240130013849 LLSI 59.70714054729953 3.582914 0.009095121294073041 0.00012167167764137683 2.944717492347776e-06 1885.6629419028588 0.14469310464051072 4.2608031625701907e-07 0.08405448069773158 3.465807645251075e-05 -6.179680556399067 75.7798794427232 0.0002814632909458538 0.01113226405727304 0.7584861930460417
20240130013849 SSSR 60.53191921957302 3.582914 0.005243365666418253 0.00015169068623251543 4.992322540708152e-06 1042.6348615698644 0.19458696635780792 9.714408982761034e-07 0.18177269174194244 7.912197131041136e-05 -6.255881272121576 63.67236963710811 0.0004702878612493414 0.015647866553375186 0.6391310883255495
20240130013849 ULSM 46.432387137980456 3.582914 0.0021877426152981682 3.860833077198255e-05 1.3008799376019402e-06 781.2445370453075 0.2247948573429145 2.9243111999348766e-07 0.11088292331325661 9.950146975332954e-06 -7.311214844523453 48.87193361134992 0.00026355940645038514 0.007271613231876754 0.4888905991969948
20240130185751 CGJR 105.5548236003198 3.295378 0.0013213826059391837 1.3966428424194826e-05 2.813721567528914e-07 1112.8484725399376 0.18834836360066273 5.299598528719626e-08 0.06641048359063621 3.9816384290513705e-07 -8.069010219104431 12.993047232733797 4.57640905615978e-05 0.0014856483401202675 0.1299793647036423
20240130185751 LPJR 112.26510511314792 3.295378 0.001894995957274461 2.6118061593348907e-05 6.316994237903911e-07 2199.6109136843575 0.13396980814947645 8.462865061333351e-08 0.08659892926176478 4.274464588586279e-06 -7.592597777284458 32.060361029717264 0.00010812746792712194 0.004978314565414486 0.3207786074435438
20240130185751 SSJR 171.36092137846785 3.295378 0.0003263380470952359 3.429412207415004e-06 1.4598518564965463e-07 358.32090091543853 0.3319279300886665 4.845656049629956e-08 0.06602856328181671 8.475548767827823e-08 -9.192520645433031 6.166527405976282 3.916370446064718e-05 0.0007004460443409652 0.061672147552896184
20240202102136 CGJR 27.02793451161085 3.09642 0.0014675354703053167 3.308935026644616e-05 1.2364970115037212e-06 458.43635829096684 0.2934542079381916 3.628552511287655e-07 0.14167052423952592 4.7241847593551955e-06 -7.531399621214279 25.952340500336657 0.0002343834655437026 0.0050449678398212915 0.2597286681733068
20240202102136 MGJR 15.200841878334169 3.09642 0.005558933786054167 0.00012218005425253313 5.610110956050382e-06 527.2143020942024 0.2736442184358032 1.5351744279065436e-06 0.13809841082040197 0.00010628220142317868 -6.415258839228624 103.76152349697787 0.001021604838185436 0.024060391554251305 1.0377954978494603
20240202130308 LLSM 75.40359465452957 3.893638 0.007740935086652688 0.00014791806430767955 5.695261085127807e-06 1180.5373286399847 0.18286896477058723 1.0414864987355334e-06 0.12006257615142257 6.296755789828724e-05 -6.244793320629391 104.94950099840918 0.0004298652559574537 0.01635406815141189 1.049640094913387
20240202130308 MKSR 198.88291887424484 3.893638 0.00029213742041161994 7.545746690824417e-06 3.565302310785355e-07 511.3724757517635 0.2778505072561616 9.90621055573276e-08 0.1622911733549392 3.611480557225746e-07 -8.933322790769694 5.6392932927043 6.114811634208961e-05 0.0013912154586862902 0.05645538233727811
20240202130308 MNAI 239.84506256578373 3.893638 0.000393029660548552 4.5231665446493794e-06 2.0623283037898833e-07 454.291336715549 0.2947899279014854 6.079536119834124e-08 0.07230979345325124 4.964459865593275e-08 -8.877778753042726 3.1805786841355554 2.6275570491706604e-05 0.0005481872109051697 0.06373034949645945
20240202130308 PPSM 87.68348319518041 3.893638 0.006490201066931649 3.1388338123723246e-05 7.706217648280747e-07 1616.1696460225182 0.1562918728756534 1.2044191890372114e-07 0.030387154863447275 7.92914074383604e-06 -6.920584218594257 140.69571686176718 0.00017899533055679942 0.00680588646928435 1.4073920440770031
20240202130308 PSSM 48.29807848384609 3.893638 0.041639668129367174 0.0005135835836485802 1.674904689302182e-05 845.875023451077 0.2160363183918834 3.618402427341447e-06 0.07749679504562466 0.0009146302569259855 -5.003470777539122 510.3204580377517 0.0017116077397366662 0.055317839025728135 5.104843109640145
20240202130308 SUPJI 157.06051046409874 3.893638 0.004775772410459943 8.263799887619721e-05 2.871573256722136e-06 733.907487127333 0.23193121826737795 6.660074837755871e-07 0.10872165080907607 5.457584769563539e-05 -6.68501486645953 86.72636090061089 0.00065527746688994 0.01750937547522512 0.8677528566746264
20240203010955 KTSR 125.1767480841758 3.673048 0.0007853212881746484 2.227812995499578e-05 7.485602479778647e-07 809.5383187111269 0.22083157154642294 1.6530573595813194e-07 0.17824248611676133 2.5542344804557983e-06 -7.894091565929527 15.534498519066918 0.00013273836616125057 0.003712539692671068 0.15542146484840302
20240203010955 PSSM 87.05667684676096 3.673048 0.003005121726305632 4.253402988444118e-05 6.920185633628174e-07 1373.8779600888906 0.16951408511993077 1.1730689365445682e-07 0.08893123672351302 4.678175690814336e-06 -7.131792963005965 46.60405539661051 0.00013845285586257944 0.004882593584519333 0.46654933348007743
20240203031134 CBJM 106.16815263287805 3.619267 0.003155425793197938 3.1903581376895345e-05 5.313434314681255e-07 2885.118303909497 0.11697634712826732 6.215461368374016e-08 0.06352743714836669 2.490671421508894e-06 -7.133437957114579 44.01296346350807 6.499877440078956e-05 0.0032942268581405603 0.4402656110659605
20240203031134 LSJR 76.70665401233893 3.619267 0.006851460608161414 5.611740675597452e-05 5.45798114524732e-07 3430.628247992577 0.10727364528407034 5.85497533342405e-08 0.051462904885733345 3.7732065702051417e-06 -6.781944425625507 52.480334410920214 8.127750612792119e-05 0.00392611688726521 0.5251369658997671
20240203031134 SSJR 63.688457251774594 3.619267 0.010008108955480127 8.644501215700707e-05 1.544635230842058e-06 1552.0515270163742 0.15948755515860594 2.463500965788487e-07 0.05427099491822135 8.33536163695731e-06 -6.3594222486665615 60.79788315273653 0.00015688792141071235 0.005252820660013547 0.6093999071164181
20240203075836 CILJI 126.56905829634029 3.425205 0.01900260500353449 0.00014691554331221934 2.3824598222152194e-06 2949.959369382459 0.11568361493002727 2.7561156465940665e-07 0.048577423093515135 8.897795153015641e-05 -5.88621007745001 277.6244630880524 0.0004052772123974192 0.02066230053926969 2.777557071690473
20240203075836 CLJR 110.91406854297449 3.425205 0.0029989643098072304 4.32179331224243e-05 1.307459604655303e-06 1930.7453692110241 0.14299385265202202 1.8695868605655136e-07 0.09054668690570078 6.000265253946576e-06 -7.164270090256498 34.42403889366415 0.0001120117165051033 0.00515060767567283 0.34429797899282116
20240203144448 RSJR 66.98457727470804 3.123352 0.0013697656211034512 1.6318766710407648e-05 2.614841874890704e-07 1642.325242251595 0.155042329277325 4.054111749749424e-08 0.07485502165219027 1.1270902357155785e-06 -7.941388159234048 20.61111519352331 6.522508083073913e-05 0.00244808389639061 0.2061278315285448
20240204185528 CSJI 80.19779462959846 3.303855 0.0010275444787639003 1.1311328415127095e-05 1.971208223722329e-07 1868.6872335800801 0.14534883630204684 2.865128214270653e-08 0.06916603025117281 6.397171484551328e-07 -8.201596132927335 20.159722985108182 4.526783727640671e-05 0.0018447007802741156 0.20168191753926984
20240204185528 LSJR 96.77099072839005 3.303855 0.000705357603031833 5.950796641163224e-06 1.6892998117152634e-07 583.2272457223099 0.26017224612738094 4.3950892639652176e-08 0.05300851349876636 1.8761798997456394e-07 -8.590192517721992 10.651504766178844 4.6012463246681066e-05 0.0010076657845407336 0.10655435247665018
20240204203357 SMSR 77.14697563934267 3.361218 0.00033893649890591026 6.8758972886367706e-06 3.468246451448478e-07 344.372301410872 0.3385834780270383 1.1742909461863594e-07 0.12746498815293322 3.758581608320543e-07 -8.969757400606065 4.952796816784563 7.83126829416867e-05 0.0014589979881357404 0.04957140427252858
20240204203357 TRIYO 40.08692741920014 3.361218 0.005212618487162698 0.00011021482374699908 2.8262737455526326e-06 647.3395443265955 0.246952711764849 6.979559656540195e-07 0.1328507280757219 1.6676227313895996e-05 -6.402164486116386 33.476887167043174 0.00035677518564593405 0.008001260488295591 0.3352102372679707
20240205012524 CSJR 35.41263612795131 3.371671 0.00327981760126943 5.569353037399232e-05 1.8299309882916915e-06 599.3316770148465 0.25665294507721076 4.696571774331135e-07 0.1066927537724627 1.3219598257347258e-05 -6.953258987459647 33.50396200799374 0.00031851256939254864 0.008002759060748887 0.3351437842463951
20240205012524 KCJR 14.323425142239824 3.371671 0.008412502173838345 0.00017903849594222784 3.367466333872414e-06 968.5794496853513 0.20188880767225242 6.798537630219528e-07 0.13372145693134113 7.716284206968585e-05 -6.029343479942908 99.72480892595314 0.0006217188310931688 0.019145685639553635 0.9975099281694535
20240205012524 SCJM 17.05760159695158 3.371671 0.002948886782353319 6.430134676498381e-05 2.6098334629369307e-06 321.32419544560673 0.3505162477524719 9.14789032687493e-07 0.13700671034348272 2.4104189751897197e-05 -6.835165178635612 53.34029187975813 0.0006670595365695601 0.011330752895925427 0.5335981084695093
20240205012524 SSJM 17.619785514960085 3.371671 0.005198442333210648 0.00010672156614696408 5.7656427226637326e-06 437.3390555531354 0.30044898209645915 1.7322814871561757e-06 0.12899082713487656 9.681467553293371e-05 -6.567151695513689 93.62503985822092 0.0010318863210239608 0.022399276754175038 0.9365408996066925
20240206014206 LPJR 127.45250892635583 3.295106 0.0029110317249303307 4.672080790117041e-05 8.860734961135355e-07 2742.2997990373005 0.11998374201185366 1.0631441376122766e-07 0.10084242340272656 8.776941938795499e-06 -7.064049687849179 40.18065278195743 0.00012432567083020706 0.006308551581848627 0.402605601758556
20240207183103 ACBM 115.81218177539074 4.65155 0.006176985181071185 0.00013012707315424797 5.799932431185546e-06 622.2276726526848 0.2518866830409611 1.4609257419530247e-06 0.13236433148885543 0.00013965379637728578 -6.394464736168641 129.31671266976394 0.0011208262210583692 0.02843881211608292 1.2943006417554446
20240207183103 CBJI 111.82160434031121 4.65155 0.007234555394259269 0.00021061549578769935 8.265998983125466e-06 636.2277777169676 0.24909990110225813 2.05905952920792e-06 0.182918799633175 0.00025489453104162883 -6.012829120346958 102.63913749112129 0.0013484042107461606 0.0340323335150356 1.0269156209637111
20240207183103 CPJR 155.05036715374462 4.65155 0.0035515409498955456 7.001083159181745e-05 1.8395821853199838e-06 745.3065109207581 0.23015075862557735 4.233812355054917e-07 0.12385920213423682 2.9564798075377587e-05 -6.805861533823157 67.08084622886554 0.000461651148314629 0.012612099491981936 0.6711652812883045
20240207183103 JAKO 169.09013821998983 4.65155 0.004795552597278348 9.402569708253842e-05 2.741003892122427e-06 525.9732914852756 0.273966853923729 7.509442129174776e-07 0.12319349364275844 5.3793848805163354e-05 -6.600774344527593 75.78937446519248 0.000818276025962599 0.017939024241102018 0.7584571794924577
20240207183103 JARU 161.12920084403305 4.65155 0.003627133727206778 8.622438837515835e-05 3.6283427013722543e-06 238.94704162284506 0.4064705071772718 1.4748142980397327e-06 0.149364167660989 2.878362607530103e-05 -6.686603148994905 52.749376892282456 0.0008031851024631003 0.012068442703908508 0.5280468040095596
20240207183103 JBJI 142.7823656183925 4.65155 0.0024556133702345094 5.285247414884245e-05 3.399844664112072e-06 189.5862640945292 0.4563272817328194 1.5514418738880923e-06 0.13523378437558442 1.6794067813170263e-05 -7.023926654825129 38.55624039449276 0.0006995828034777149 0.009713237420460086 0.38587294719366116
20240207183103 JPJI 143.07004531910164 4.65155 0.003386951252476245 8.727047620670147e-05 4.480382441494817e-06 211.9623846814933 0.43156922711793827 1.9335951874686993e-06 0.1618968012756653 4.0848842902605236e-05 -6.784346837905981 48.619719842877856 0.0010546431329285055 0.013831906857795721 0.4863726158654522
20240207183103 KSJR 99.77714195543334 4.65155 0.00992013265342816 0.0001788927739708644 7.948651431871085e-06 607.4628156154968 0.2549294558480851 2.026345384252998e-06 0.11330659460344018 0.0003010846675483479 -5.962051669703569 174.65824282172747 0.0016925767563885155 0.04114230451045681 1.747346729104145
20240207183103 PSJM 89.38996897180064 4.65155 0.002745209319578225 5.5559016477964725e-05 3.322634607621256e-06 234.08403585421385 0.4106709379226799 1.3645094706861766e-06 0.1271624693702156 3.6476552911110195e-05 -6.993674540778254 52.529699655739066 0.0009685342174225456 0.0148645161614414 0.5257402957557538
20240207183103 PTJI 160.32323133403798 4.65155 0.005465129760166083 8.520636280300512e-05 3.286518732352383e-06 311.3797329283941 0.3560694366535359 1.170228873580006e-06 0.0979605956923858 3.9037658941506285e-05 -6.568551591402617 68.66789668509537 0.0008804479931362956 0.014395201555707799 0.6868454858121013
20240207183103 SCJM 102.72503067098671 4.65155 0.0056358757422762 0.0001253404729183765 6.386313728132816e-06 162.43271863717726 0.4929956778439468 3.1484250653249404e-06 0.1397364764322529 7.150911770015832e-05 -6.324762391761813 68.47141880056107 0.0016047881088424954 0.01883396804405056 0.6848983905080344
20240207183103 SICJI 213.6970699689549 4.65155 0.008111878843923098 0.00012268060972136575 6.1280135363384875e-06 472.0769404229854 0.2891834768192158 1.7721202604335817e-06 0.0950242254979648 0.00016922227694374153 -6.255867760756212 171.61643656753196 0.0014062797623440038 0.031264882232097974 1.7171318423906667
20240207183103 SPSJM 140.6410205830265 4.65155 0.002420144054381298 6.598923762988159e-05 2.5289591251836754e-06 483.0688712584164 0.2858744499788072 7.229647989307686e-07 0.17132145814107383 3.378187033051925e-05 -6.97156114986989 40.73292581410982 0.0006134903020085793 0.01282509950455712 0.40734075315416707
20240207183103 TASE 151.98043908397742 4.65155 0.005127429251993651 0.00014078617228093234 4.941831568553182e-06 423.46347424433094 0.3053316961030295 1.5088978146818378e-06 0.17252029538694516 6.412603454970603e-05 -6.3035674190118876 66.14779057597795 0.0008455283726828461 0.01674963901644243 0.6615883677616121
20240207183103 TSJN 153.50550224065853 4.65155 0.0031137598934840717 6.129439704981745e-05 2.5020911639132336e-06 562.8696959954755 0.26483533821501404 6.626421596397594e-07 0.12368457046471842 3.141120300413024e-05 -6.964538781227096 76.62084362683137 0.0005654976455361377 0.013237865517223953 0.7663968266514319
20240207183103 UIDS 150.51611942026122 4.65155 0.0014954971781683296 2.7548329848784487e-05 5.640825249339071e-07 766.1091364782125 0.2270045423617732 1.280492954268951e-07 0.11574161681483078 1.1598039500135623e-06 -7.624803804869381 9.813128852319265 8.611195927618351e-05 0.001970944099726757 0.09817762888727709
20240207183103 WLJI 145.76086486719254 4.65155 0.004798302095698086 9.960929664159206e-05 2.964934664192023e-06 640.6530059250216 0.2482380975661317 7.360097404469053e-07 0.13043440296892972 4.2777879111413135e-05 -6.451357825317531 100.36510470470188 0.0006116170161632772 0.015316837469752579 1.0041259991257738
20240207183103 WSJM 82.7340336650201 4.65155 0.014788767782943735 0.0002986024681110445 1.2824544543045648e-05 484.905219577806 0.2853326296375449 3.659261018371041e-06 0.12686483876545254 0.00034861612584800877 -5.550171372872206 246.7671917658863 0.0019274618212749652 0.04367414782395998 2.4705720514068568
20240208030444 KTSR 89.10857572003002 3.059468 0.001727108176502146 3.6943072338265364e-05 1.0676896578793236e-06 1251.3932365997073 0.17761636044714768 1.896391511195857e-07 0.13439816479125627 3.736276894914354e-06 -7.408360460761635 14.364038183062693 0.00010900336321134381 0.003448039875354709 0.14364534440495097
20240211200054 BLJR 115.38183259399464 3.713663 0.0011713510420922114 1.4545301290528481e-05 3.7159570695276453e-07 1028.8565911063326 0.19588557073372534 7.279023713864444e-08 0.07802172028114723 1.2332027502950467e-06 -8.083400157363867 20.931176500043733 8.619766568501087e-05 0.0027292481202882968 0.20952437132749702
20240211200054 KTSR 158.19343019130477 3.713663 0.00023805503562270992 5.433276954308206e-06 2.033479787666147e-07 675.2499058656055 0.2417951593521651 4.9168556929814284e-08 0.14340501489433755 2.819146705296509e-07 -9.111945981638407 5.05165930602732 5.039834887129844e-05 0.00129958396440669 0.050532925064078485
20240211200054 LSJR 167.70548013564232 3.713663 0.0002496551482074449 2.998087175539335e-06 1.253255968228533e-07 298.0995774447547 0.3639143558395208 4.560778383799215e-08 0.0754542312716087 5.687193213420292e-08 -9.345670074658798 3.9786795874525596 3.524051916709882e-05 0.0005887934399877851 0.03984511680178381
20240211200054 PASJI 107.45896382528228 3.713663 0.01642754559956995 0.0006113792514790314 2.386602619674389e-05 662.4992701886089 0.24411089683395196 5.825957058749742e-06 0.23383950491715974 0.0008875519005440425 -5.129302255139445 236.55819190878725 0.0021345008656148984 0.057403976007242334 2.3677042125828587
20240211200054 SPJR 44.1203219963881 3.713663 0.0070549606567049195 7.827364975338073e-05 2.965395636516015e-06 649.1347994967249 0.24661098760653574 7.312991465653262e-07 0.06971092682173312 3.238567346581678e-05 -6.497094812784879 153.61328226678629 0.00047172685142610226 0.013246326127365956 1.5363019976283643
20240212070238 CCJM 76.09049689647063 3.586867 0.020894370720544585 0.0002703757666362178 4.570030053975867e-06 2724.110219349581 0.12038365658458729 5.501569285990737e-07 0.08130520258625058 0.00014294882246773444 -5.456799188921567 200.16359531406545 0.00048616256181623763 0.02340843652853216 2.0018077256498357
20240212070238 JSJR 53.050256057009115 3.586867 0.00874964647215027 0.00012160707209300117 1.9957934628575537e-06 3864.1604438173517 0.10107698829276063 2.0172879248002115e-07 0.08732693041437789 9.078061389065171e-05 -6.222643424575048 162.09821598823382 0.00033406317019763485 0.02121902529562091 1.6226855017089648
20240212194401 BBSR 121.8357166945256 3.633412 0.0010044095468898647 1.663049912314067e-05 8.792175438038108e-07 449.48875378360395 0.29636059175426205 2.605654315624262e-07 0.10403376597239596 1.8222273836080225e-06 -8.04042379417484 18.74493384327046 0.00015104517287780543 0.0031488216416940243 0.18760090351554365
20240216065528 APSSI 55.23723939562193 3.992455 0.06950042992711733 0.0009984021705599787 2.272917438956371e-05 2389.7523493125764 0.12852967806595822 2.9213734669956463e-06 0.09026053299666051 0.003763956054251358 -4.515943344544643 865.0054547314688 0.002724452152238502 0.1341625712637408 8.652288421599252
20240216065528 MBSR 43.13931056572059 3.992455 0.005763804222685506 5.7404475910036295e-05 1.4554940415778594e-06 3255.9468892809655 0.1101136635961875 1.6026978126055977e-07 0.06257723990427852 2.451943992761888e-05 -6.7207901644083075 118.34520149248293 0.0001999286226460686 0.011681031596633511 1.1849422080155931
20240216065528 MKSM 96.04392540699574 3.992455 0.001682752969218564 3.128647774402708e-05 8.642269136290562e-07 1355.5618622273687 0.17065546380903057 1.474850447816136e-07 0.11681972391108557 8.407659618098036e-06 -7.4320400314310255 45.216061098389034 0.00019523404952725108 0.00692073215449187 0.45257492871584903
20240216065528 MKSR 95.37985749924114 3.992455 0.001730117109207733 1.4684761437132186e-05 3.9987291153347476e-07 1513.3374363084895 0.16151467228550598 6.45853422621803e-08 0.053329960619531644 1.622433219831255e-06 -7.9052900830698025 34.49324082808644 7.944275322808046e-05 0.003041355455439551 0.345250770709446
20240216065528 ULSM 80.92691507037983 3.992455 0.004778663474971642 6.290518934485393e-05 1.6500487974916624e-06 1509.6033566313179 0.16171430623516733 2.6683649654053627e-07 0.08271035688263895 9.9654580770236e-06 -6.741212066540273 58.4211922919844 0.0001879319699941795 0.006896401817076797 0.5847040876189242
20240216065528 UTSM 45.60913186085608 3.992455 0.01403054318827393 0.00022500801375285458 5.934251407169213e-06 1875.6449191763174 0.14507900082258293 8.609352647821162e-07 0.10076352904078285 0.00012567868570993002 -5.751364799360735 180.396928685971 0.00045274679893108586 0.02050677110656473 1.80445111916782
20240216115118 ISSR 56.60712787819393 3.832375 0.00952894111130334 0.00013342965309077331 6.222172852625021e-06 399.14440818597865 0.3144957954482193 1.956847200702622e-06 0.08798073427566258 8.42555557433774e-05 -6.175426089650907 149.74102817455002 0.0009038124269970998 0.020022489359557125 1.4976932777332053
20240216115118 KBSR 125.07406427895285 3.832375 0.002132905381862033 7.493083427403849e-05 3.7922454812234647e-06 429.28392013502895 0.3032547120284094 1.1500163113494587e-06 0.22073380327557407 5.704862056173083e-05 -6.911344277617143 48.09549002855013 0.0008920577816237229 0.01833770924689499 0.48140146333928024
20240216115118 MNAI 83.01706726092819 3.832375 0.002117498678041561 2.698515027957624e-05 9.299985508969251e-07 779.4539850296957 0.22505290720814886 2.092988775787186e-07 0.08007216321168284 1.410763327308692e-06 -7.5275526353407995 12.330967287046844 0.00010152744739811556 0.002844428872142625 0.2470917631604685
20240216115157 ACBM 72.42508070925638 3.043251 0.002070672211368596 3.568635094261588e-05 1.2545454689524966e-06 819.2414008135607 0.2195199133551654 2.753977126445674e-07 0.10828558700814322 6.006900527932612e-06 -7.358820506577179 34.722338640867996 0.0001961186484942911 0.005136395474304607 0.34744853015568244
20240216115157 CMJN 9.599732392420881 3.043251 0.08879838602066933 0.0012885153633704002 2.1009052033233674e-05 1535.8717920249353 0.16032541998976135 3.3682850908149384e-06 0.09117261204859722 0.001070971640686727 -4.155952984209536 325.40996556176407 0.0018382178244413564 0.05790148480460552 3.2546268737991975
20240216115157 SICJI 61.10298890356527 3.043251 0.004235402175868398 6.959077178070582e-05 2.7000543333121965e-06 422.3522930936773 0.30573308609065886 8.254959439359943e-07 0.10323735423736176 3.263594841162155e-05 -6.733217401738107 66.81618450517153 0.0006920535407019524 0.013480658350645887 0.6687027820447586
20240216230749 RASM 50.0684044126933 3.238988 0.004721570579476416 6.284366433962402e-05 1.2589955678976815e-06 2870.9244051213172 0.11726515711679848 1.4763631307887455e-07 0.0836286108153101 8.837915458639816e-06 -6.873216301904746 61.41127157004228 0.0001222857086354649 0.006446216891026672 0.6143739437341846
20240216230749 SISMI 174.91319481084108 3.238988 0.0027116485683039153 5.920019375640373e-05 1.967426491983239e-06 543.148214877235 0.2696004980114172 5.304191620395367e-07 0.13717330185787244 1.9656490676217762e-05 -6.968682456740168 49.64055218824774 0.0004698526343055626 0.010812479632932762 0.4965077340525815
20240216230749 SKSM 70.90808032178477 3.238988 0.0017375422081753276 2.8217440423819526e-05 5.314008910520136e-07 2706.0421781802997 0.120784884291194 6.418519513795485e-08 0.10203804330217922 3.96432098247142e-06 -7.481661662261988 42.840691411517824 8.690484883632548e-05 0.004489032704569782 0.42867998346110525
20240220042714 BKJI 92.03684172519938 3.601933 0.0016627462988091151 2.3703180105155114e-05 6.649850595462409e-07 574.6496736262435 0.2621067987343957 1.7429710516386668e-07 0.08956957118281313 3.5280253596826947e-06 -7.64631505205511 26.95781555054343 0.00020148410345887069 0.004670932465646343 0.26973209869205234
20240220215127 BSJR 80.95684456217424 3.295967 0.0008880468821454903 2.1161709712210827e-05 9.407991556899044e-07 296.9771024276439 0.3646014450341527 3.4301673165144993e-07 0.14972513975537957 3.929338917264528e-06 -7.90675028809659 21.682712080364162 0.0002918700313473151 0.004911679620505801 0.2170855616738396
20240220215127 CPJR 58.98778933546084 3.295967 0.0021138268458008548 4.0144653691322264e-05 9.73560283196811e-07 625.058897501188 0.251315571078827 2.446708585512711e-07 0.11932684965951662 5.491274888026422e-06 -7.347746417811481 33.580033686991484 0.00021955690596346084 0.005327032925389517 0.33585005331110795
20240220215127 TPJR 68.52791857219808 3.295967 0.002256975641864938 3.0228467771154008e-05 1.0433019013324044e-06 599.9679493846402 0.25651681739207627 2.6762448330889033e-07 0.08415290844757481 4.805032983817626e-06 -7.434017290756939 37.527477133966286 0.0002234588008869349 0.005107789056500656 0.37571113144913737
20240220215127 WLJI 56.577984779898145 3.295967 0.0020640519801428717 3.559567469892055e-05 1.6174172614946831e-06 618.1024838998875 0.2527258255832044 4.0876311272376935e-07 0.10835687396395927 6.416752321552007e-06 -7.517314229117728 51.16829262861248 0.00024340252779168615 0.006100769604550061 0.5121946649846026
20240220233414 CGJR 107.13046063103774 3.081689 0.0009760393086546725 1.3948453154652843e-05 2.790368373646874e-07 1409.0173874642076 0.16738698704431818 4.670713548085045e-08 0.08979219908673289 5.654816281315104e-07 -8.080165186463338 12.818348791941126 4.85870506447359e-05 0.001616373970345104 0.12824252135530573
20240220233414 CILJI 56.30646797868795 3.081689 0.07246955147786155 0.0004989687938153314 1.2896160052302483e-05 3641.56475044642 0.1041204053281631 1.3427534118225994e-06 0.04326111215134738 0.0006648271332114727 -4.875706583550976 1032.8523398649686 0.0007594768867580211 0.05392672489451772 10.33562920004437
20240220233414 CLJR 73.60522443814249 3.081689 0.00256461982927549 3.927357694651399e-05 5.596135813432832e-07 2485.962675336916 0.12601799527343568 7.052138164866828e-08 0.09621822260511598 6.7321146768878444e-06 -7.1794894589390195 39.04205529811359 0.0001240794616005958 0.0058822675697778925 0.3904444157667953
20240220233414 CSJI 7.025384168876632 3.081689 0.004241882933796626 9.392344969035807e-05 2.573450148230154e-06 2082.1574968040177 0.13769655658741553 3.543552239606663e-07 0.13912181177661248 2.294246704233195e-05 -6.500009470208043 98.58073965719419 0.00020723507846543912 0.011173830209358231 0.986774388149845
20240220233414 CSJR 45.091058672832425 3.081689 0.0023792802595256554 3.253027778688943e-05 6.466056641537629e-07 2358.2385123156077 0.12938561801558096 8.36614734689098e-08 0.08590571144813475 2.7788684752990643e-06 -7.331183986057276 36.550624947860136 8.423634059183516e-05 0.004015354480308321 0.3659743501559933
20240220233414 JSJR 8.548877347012464 3.081689 0.007663544814133105 0.00010828988093994685 2.1364482019074105e-06 3323.7344130550646 0.10898499573006383 2.328407981623817e-07 0.08878468193769776 4.8905645483609874e-05 -6.3131614356408745 126.93826983644102 0.0002846098086872091 0.01611113309935089 1.2696448592798142
20240220233414 PASJI 133.29941234671568 3.081689 0.0027367793021971275 3.740115806787868e-05 8.728371936137252e-07 1185.690238055271 0.1824711655783421 1.5926762007882549e-07 0.0858667729089212 7.847287593780638e-06 -7.2465966791960525 47.36808623969848 0.00020434814455532445 0.006745466374042771 0.4738437889142932
20240220233414 WSJM 38.373071497108114 3.081689 0.003961920774039645 5.3679273983433074e-05 9.92964016597292e-07 1953.6687581228286 0.14215246747906457 1.4115228507722788e-07 0.08512962394472132 7.5459890803818285e-06 -6.896959410786674 57.25811197447205 0.00014675543823069006 0.00633217146531936 0.5731238351053356
20240221042650 NBSR 26.680780839810083 3.157271 0.002726956430462022 3.653747812128119e-05 6.435462867135678e-07 2529.932439273522 0.12491811050139376 8.039058615644709e-08 0.0841860702754733 2.9926752513347223e-06 -7.175644827912451 42.39779023371235 7.523896498775148e-05 0.003486306668490684 0.42408911439781527
20240225022529 MNAI 152.8207141870774 4.339227 0.0010112721867023657 1.9594347699690528e-05 5.162361324071213e-07 864.1322965925362 0.21374194145744257 1.103413131911795e-07 0.12174261211704661 4.680111724832256e-07 -7.94471685659798 5.86201797090198 5.6594428536089475e-05 0.0016568328081661447 0.1173120095107681
20240225022529 MTSM 178.7106313541891 4.339227 0.01574796746977545 0.00022368994179778316 3.5392853944618294e-06 3408.6291377158036 0.10761925772651793 3.808952670342883e-07 0.08924868294052482 7.347019114313634e-05 -5.696763721755573 128.31938234046055 0.00031992653084227525 0.016470720419350958 1.2835481543995098
20240225022529 SSSR 172.0281385413299 4.339227 0.0006950654657764123 1.697472999389377e-05 4.2198266209801875e-07 889.8490185475689 0.2106307166839564 8.888251054590949e-08 0.15344651596499076 1.3592916678142039e-06 -8.092872983563838 14.934355601868983 9.595559868099299e-05 0.0027679990668109064 0.14955571454833244
20240226004434 CILJI 88.92208973205126 3.820672 0.016372885683112674 0.00020069958978230002 5.802491229907841e-06 1132.139389383985 0.18673680247747895 1.0835386586766043e-06 0.07701957602854165 0.00031681426214254477 -5.738457224075152 318.77966083176636 0.0013304728148832582 0.04317280291449534 3.1893243858884954
20240226004434 CLJR 91.8871329477369 3.820672 0.0012528664785987442 2.3644444384361377e-05 8.249189739000702e-07 789.1814775720137 0.22366159957598636 1.8450269722307103e-07 0.11857801935797853 5.100670815726188e-06 -7.723490225349847 29.996962934672254 0.0001965802634304263 0.005540158313327349 0.3001227645839456
20240226004434 PASJI 147.08433328247312 3.820672 0.0029702745390617806 7.160234303197222e-05 3.0508128497906066e-06 502.6065288034029 0.28026302517292273 8.55030038518741e-07 0.1514643793971406 4.1279366685585794e-05 -6.938746234275445 63.04182041980092 0.0007127911700038842 0.015388866043615394 0.6306284424053215
20240226004434 SUPJI 95.22569814402803 3.820672 0.010266293684196248 0.00026646096296267585 1.4214677003494089e-05 420.65032854857236 0.3063509646047499 4.35468001156537e-06 0.1630796525917897 0.000657210124326589 -5.753163098158166 201.2630247752147 0.0028748489168944225 0.05824039984368373 2.0138373214904486
20240226004434 TSJR 85.44156737428035 3.820672 0.004875574454477189 9.157455101529343e-05 4.331865632998315e-06 345.87514995303417 0.3378470943559865 1.463508217249037e-06 0.11801273446301158 3.940623769175043e-05 -6.554402847409203 73.39045097481728 0.0007722344871357008 0.014591936967692232 0.7339930931162317
20240226235536 BSJR 110.61026832430476 4.279953 0.008397049842443213 0.00018390155484396536 7.613373240863335e-06 274.5203566682645 0.37922118511895614 2.887152423153142e-06 0.13760636998039805 0.00016148010795559063 -5.985707091962745 106.93645364017331 0.0017250810568876067 0.028144923393621922 1.0694589590464736
20240226235536 CCJM 147.5488110098578 4.279953 0.004768260377984647 0.0001223772142979048 4.70358890773016e-06 769.1366091646872 0.22655733463198022 1.0656325661398921e-06 0.16125770277988766 0.00011301228827599142 -6.369747315070204 112.55131353286289 0.0009083049315241948 0.025596526367067503 1.1256881296846368
20240226235536 CCSR 168.2996561169783 4.279953 0.0005313345081131733 2.599889965982683e-05 1.375412224492878e-06 207.56196281951634 0.4361199803778853 5.998447523573375e-07 0.3074445605378707 4.89818528710667e-06 -7.9353823751503265 11.515014540281188 0.0003587886491153839 0.00499274399010264 0.11519522891763417
20240226235536 CILJI 92.24509217745975 4.279953 0.09714405571230834 0.0017786313509576524 4.3825370799907036e-05 1350.248450346974 0.1709909103932138 7.493740051396272e-06 0.11504018737206322 0.009399787020874493 -3.9167383316983164 1230.4723312154504 0.005945574319479214 0.20786992541270655 12.311912407174313
20240226235536 CSJR 119.12963317044046 4.279953 0.0029475144319060387 4.6908576717105094e-05 1.3112893463881414e-06 781.0964123845969 0.2248161710264619 2.947990499627738e-07 0.09999451633525258 2.2291132985265338e-05 -7.136219035249455 59.32200442757262 0.0004241297802830008 0.011741199510694293 0.5938744999602853
20240226235536 GCJR 140.7119401785141 4.279953 0.0011833741582423763 2.627233762278126e-05 9.385770360845966e-07 451.71094377685665 0.29563072068693386 2.7747220559789564e-07 0.13949431343160237 4.682068783214051e-06 -7.67645529298108 23.868478253852192 0.00024689599272304983 0.005132183659135729 0.23877134408655085
20240226235536 JARU 157.55040268385164 4.279953 0.004354701962589814 0.0001071857193556083 3.7230491723148394e-06 623.4492774630862 0.2516397849574308 9.368672931072469e-07 0.1546530033008528 4.629525471455838e-05 -6.548864032616226 61.58163824968389 0.0006173443390510387 0.014648423148382564 0.6163454713502743
20240226235536 JBJI 133.3609535357595 4.279953 0.003524480718624193 7.333825365786933e-05 2.638102444239847e-06 611.6684484268221 0.2540515382682337 6.702139840683203e-07 0.13074205099275163 2.9990232965322603e-05 -6.773217797179327 54.92397386718443 0.0005188905106255227 0.012554409583593898 0.5494666260322955
20240226235536 JSJR 84.90587789994845 4.279953 0.0065593449610168554 9.084152810528951e-05 2.116608825358237e-06 1661.7786415594553 0.1541321661514076 3.2623750314765143e-07 0.08701694423225041 6.273725355454251e-05 -6.500367181466574 112.6437609750133 0.0004713511772669582 0.018858467595501825 1.127332726060644
20240226235536 MLJR 86.46904642654943 4.279953 0.010291283711102939 0.00021820406680051664 7.5821560249702565e-06 548.9799716119483 0.2681647058380154 2.033266640054085e-06 0.1332211437343519 0.0002616207348820828 -5.854528328619199 175.07755019808508 0.0015906441626715017 0.03572478425483322 1.7512826035115459
20240226235536 SPJR 105.38966421821199 4.279953 0.006323953548964376 0.0001099398824100934 4.214963773145626e-06 483.7465601956847 0.28567413656365737 1.204106136540472e-06 0.10923113974252274 7.857782050220348e-05 -6.381421306264628 94.20831833300196 0.0009809358815187634 0.021583653842244872 0.9424241249831202
20240226235536 SSJR 113.33908045917846 4.279953 0.003547930402933447 5.173340907834689e-05 1.8660775303422384e-06 880.1623636062313 0.21178659665020183 3.952102092365964e-07 0.09161695943714869 2.6867616318027e-05 -6.971047364026315 79.97506305756175 0.0004252558304075404 0.012900379407726668 0.80038143200165
20240226235536 TASE 156.60095854573987 4.279953 0.0038332081454149555 8.291030868201433e-05 3.0828096958515147e-06 669.1203780334266 0.24290012601115493 7.488148635907431e-07 0.13590204694406524 4.438213554337894e-05 -6.7671177622244665 59.98031971217482 0.0006352498875237068 0.015668724162675327 0.60010745715785
20240226235536 WLJI 79.87651188844761 4.279953 0.016758554196311146 0.00032651428675740783 9.079249283782851e-06 623.8547932460759 0.25155798668203466 2.2839576704127194e-06 0.12241806453625632 0.00036381201583071774 -5.453264181152299 215.34298656224067 0.0018349989933891624 0.04319300905126316 2.1536443994848042
20240229131248 LLSM 136.69125446644426 3.791134 0.0013192255388234132 2.1930113426946114e-05 1.0107597838960766e-06 734.9675429186151 0.2317638988058208 2.342576282718836e-07 0.10444837703177136 2.986963654630483e-06 -7.8585190639125 32.43042392792408 0.0001437576951742321 0.004097449306288813 0.324377362870634
20240229131248 MNAI 154.06421561722982 3.791134 0.0010133719711767127 1.0939804415112754e-05 2.1739424164075909e-07 1329.031853628871 0.1723503514489953 3.7467973949772634e-08 0.06782980023084577 1.7009875423476437e-07 -8.329679402249344 4.771663663996749 2.9307011013279365e-05 0.001028896667550135 0.09550731633662021
20240229131248 PSSM 127.34503188468138 3.791134 0.004618801229336087 6.841329294743107e-05 2.1197334605148944e-06 692.4102346204838 0.23878009961734387 5.061501668639635e-07 0.09306600906158921 8.990796519403974e-06 -6.65526560163614 57.433452765273614 0.00023539492767712608 0.006110791619278777 0.574615042258475
20240229131248 UTSI 112.93276262863327 3.791134 0.0028193742151044004 6.725081234608217e-05 1.8983254858191072e-06 1095.4926451491522 0.18983449673284297 3.6036766323559987e-07 0.1498734413349766 2.217794672155908e-05 -6.919864813736494 50.00675827517658 0.00033426793230058256 0.010657197373335377 0.5002402815446896
20240303150743 APSSI 145.9458017513795 4.890205 0.06287431412087197 0.0019473633686129682 7.93325422693119e-05 599.460755439943 0.25662531179081727 2.0358738395020357e-05 0.19460482514189306 0.01794254639815433 -4.130504430455601 1158.9079324924705 0.012232303206003107 0.30124015253383063 11.591696288590128
20240303150743 BTSR 164.99482091187207 4.890205 0.003264212059333359 5.206325954402236e-05 2.3531866543459865e-06 552.6189388039063 0.26728032215397046 6.289604870620192e-07 0.1002150293745579 2.8509725005277928e-05 -7.000677342335646 73.24056128184367 0.0005631841185178819 0.013210205214074743 0.7326440342825512
20240303150743 ESSN 170.7632548965819 4.890205 0.005011577221068873 0.00013183282658889588 6.147974981824817e-06 205.35358030049747 0.43845873729251406 2.6956333474368763e-06 0.16528331151817272 0.00011552876355893645 -6.370886114776684 73.02381698000917 0.0018274697636918894 0.025407660994162945 0.7305389526670132
20240303150743 KBSR 233.71342505852394 4.890205 0.004852764102925002 0.0001633614114250822 6.475072465278332e-06 562.8111222441767 0.26484911903333486 1.71491723810597e-06 0.2115145097218955 0.00025475533787203434 -6.255957855724193 110.6866435850302 0.0016621007688324674 0.03876746498273404 1.1071817792915628
20240303150743 KSI 171.07012765919552 4.890205 0.0034265826496951766 0.00013097763751369532 6.782322174828478e-06 320.3534173641684 0.35104693679195725 2.380913423809703e-06 0.2401683694010279 0.00015743058735451723 -6.4824075030211965 75.61621435374943 0.0016126673296441335 0.028800096949498956 0.756417695384509
20240303150743 KTSR 187.78129739471632 4.890205 0.0023610652002660866 8.957114637790593e-05 3.3361772180468495e-06 440.2614617268947 0.29945014848796 9.990187633262782e-07 0.238363646546256 3.531750015523519e-05 -6.761990965519125 45.74653957146287 0.0006486603038446091 0.013115475490183073 0.4578899936049018
20240303150743 LLSI 207.1417597105968 4.890205 0.002000335491597072 7.075639793764139e-05 4.881084065153692e-06 173.38552776511742 0.4771703455742217 2.3291085701462142e-06 0.22225049836804642 3.847160086209869e-05 -7.041730139822646 43.96094652204614 0.0011235396794126798 0.015194923874754362 0.44012174411391597
20240303150743 LLSM 208.70043008998132 4.890205 0.001506192042695345 2.3839713153083272e-05 1.3999876344613733e-06 408.3881078565383 0.3109161811570903 4.3527880897387865e-07 0.0994490285201476 6.45949499609714e-06 -7.737358048973226 32.115375316608485 0.00032518243507649873 0.0062498602942275255 0.32124512963169966
20240303150743 NBSR 248.93967019971902 4.890205 0.0017846905418951616 4.8292567269922135e-05 1.8686292492849198e-06 455.3770992082619 0.2944382821299645 5.501959860972569e-07 0.170018914760507 1.316302960222699e-05 -7.173663010600286 31.075310053524944 0.0004017639705120791 0.008377828756261047 0.31086808529858745
20240303150743 SSSR 127.84013838489177 4.890205 0.005295386100304172 0.00012130074863673181 4.189379782522924e-06 715.2932670669481 0.23492963275667694 9.842094537863576e-07 0.14392814181017294 0.00016603948647242272 -6.3721758234977175 128.1380209773364 0.0011976034284618465 0.030949052378820806 1.2816376706879904
20240303150743 ULSM 155.0357680828706 4.890205 0.005247613953138251 0.00012549110451816136 7.027869560272933e-06 298.0338689061764 0.36395447034515993 2.5578245434640073e-06 0.15025569165938912 0.00011227937301558202 -6.555712515179261 90.81585341754646 0.0014068575319887296 0.024163167835599443 0.9086548754098172
20240303150743 UMKSI 178.87101140087884 4.890205 0.028011687064208177 0.000896867957056207 4.3681057955720285e-05 515.5947486340798 0.27671049143781706 1.208700701345113e-05 0.2011727304156582 0.011137842041441415 -4.786835650946572 771.8651783803339 0.011541182379381705 0.260972014979946 7.721082382717096
20240303150743 UTSI 174.92997772786066 4.890205 0.002371605087032137 7.049535027818483e-05 3.2548328745423135e-06 589.3481272401365 0.2588176648068867 8.42408243925728e-07 0.1867660646851898 4.592634352241023e-05 -6.891927614284582 57.84605790837631 0.0006473029749596404 0.01605052136478908 0.5789566024664244
20240303150743 UTSM 120.85479040502943 4.890205 0.004145815046747437 0.00011012925438490771 5.108389749239304e-06 352.55768564300223 0.33462992421446125 1.709420074645879e-06 0.16690626697994362 0.00010352508635822662 -6.504938043939488 89.05741248990746 0.0012896527859098872 0.024417648968445504 0.8927480823702881
20240304024826 APSSI 198.99888525349914 5.174926 0.022856944702809755 0.0009183807234893964 6.21416658723505e-05 218.15511948838363 0.4253996848238726 2.6435045076528302e-05 0.25245527533328616 0.007638346361885068 -4.82693344631625 559.6143933344899 0.014154865900859884 0.2014879283168721 5.596480694847886
20240304024826 BBSR 225.33590354808013 5.174926 0.001970050368959837 0.00011038768882397483 1.0374829937528508e-05 84.96525644298653 0.6816464575825594 7.071966074937793e-06 0.3520652646452466 0.0001506268688563553 -6.7474288045604744 51.85269547759896 0.003319345755035268 0.029687167793143284 0.5189447692924848
20240304024826 ISSR 172.21967946511896 5.174926 0.0042518890939661266 0.0001253675520021391 9.232009911139952e-06 131.71612125388484 0.5474700956085536 5.054249348710904e-06 0.18526060847982895 0.00021579995636028195 -6.5151369600749325 89.65671896893947 0.003260763687411233 0.03670984977156125 0.8983622118240079
20240304024826 KPSR 199.5959038115287 5.174926 0.003033923152333143 7.79300237472704e-05 6.312139692706164e-06 141.40308948470803 0.5283849257576007 3.3352394629021507e-06 0.16139129292726373 6.595370772360888e-05 -6.9341554905422935 62.107870652975166 0.0016455788865938682 0.01988007825514618 0.621544828071568
20240304024826 LESM 186.23734590882225 5.174926 0.004886389528545128 0.00010470194405720146 1.158163057793582e-05 124.19014556692055 0.5638145773312975 6.529892149106115e-06 0.13463145185013908 0.00012202733133867029 -6.577476369265051 90.01049782004091 0.0023898453851382393 0.026874709623452064 0.9008617084952689
20240304024826 MBSR 159.84777598840154 5.174926 0.004553355611692361 0.00018856053211151864 1.6197806764088275e-05 110.43047404042811 0.5979094260519416 9.684821345616278e-06 0.26019508817513914 0.00042080647739406424 -6.2416618169756495 94.88017476820262 0.0049402038186285736 0.04817810913226556 0.9491586557721948
20240304024826 MKSM 179.58148436362492 5.174926 0.005894912071757471 0.00020858371044750365 1.8921759653178426e-05 105.03767758003396 0.6130661153157421 1.1600289685512241e-05 0.2223222482112496 0.000429353440314314 -6.080414304888162 121.54786222385863 0.0051277110882991675 0.050288135829374664 1.2162103567087454
20240304024826 MNAI 170.982902822447 5.174926 0.006447346902585259 0.0001628493770708599 1.1182005389438762e-05 194.37278429571597 0.4506736230232182 5.039434881523518e-06 0.1587029252117157 6.064876983441499e-05 -6.2299254061457034 29.551126576568045 0.0012888051237179724 0.017732510569333462 0.5918252494423849
20240304024826 SSSR 187.2719347162082 5.174926 0.008879488881744623 0.00030746798366163507 9.841303494519475e-06 339.32675685643466 0.34109143581296625 3.3567843392168098e-06 0.21756638733369835 0.0004301174535163902 -5.70686686119137 150.64143306265112 0.002776680276134696 0.05011004856198201 1.507617927889163
20240304024826 UMKSI 237.92229780140127 5.174926 0.01915247692201031 0.0008472418988346472 4.522636785325001e-05 214.41651560364863 0.429092329653899 1.9406287543935253e-05 0.27794722698593016 0.005088545383431614 -4.877342787372919 376.54281940975943 0.01173795840074556 0.1663047188341224 3.766865369469136
20240305004509 CILJI 85.31944681179934 3.940026 0.0356369560486244 0.0005723472890297127 1.3540197088306535e-05 929.2346000843139 0.2061185991345907 2.790886455848007e-06 0.10091108994070137 0.0012221540120186726 -5.000184603386792 468.4196801969624 0.0027481156992878123 0.0788003363919504 4.686944085958511
20240305004509 KCJR 142.911368635024 3.940026 0.0007620646541250679 1.3311647511062745e-05 4.330456602827935e-07 585.924101459354 0.2595728030845064 1.1240687590318563e-07 0.10975387403564901 1.3283069168331392e-06 -8.32118418871885 12.19235891634293 0.00011446632501077114 0.0026813121992577153 0.12195139396635707
20240305004509 WLJI 75.33400152690078 3.940026 0.005000867582751002 9.77822384437141e-05 3.5245935803313183e-06 475.2336958077133 0.2882214211791053 1.0158633708018437e-06 0.12285546732167213 6.107417063859046e-05 -6.486718317636043 85.86477189691567 0.0008726804308015498 0.018402390275497657 0.8590019384300374
20240305161353 KPSR 156.27511005229678 3.133566 0.00034833353088244666 3.770717100271857e-06 1.7131484392931527e-07 303.6605108998778 0.36056677806747894 6.177044131072622e-08 0.06801560051350442 1.2734208778289207e-07 -9.176640240107712 8.22920888375699 5.427995795856993e-05 0.000896992048183572 0.0823176721432377
20240305161353 MTSM 97.91292016246716 3.133566 0.006525655599198614 7.919010631575631e-05 1.0133036671083226e-06 5145.494232369338 0.0875923787167834 8.87576785644576e-08 0.07624768192459516 1.9145956599311354e-05 -6.505762616024001 101.99794238008369 0.0001393540213792305 0.009793040339922026 1.0207736744225087
20240305161353 NBSR 183.62285197252754 3.133566 0.00033532437405063006 3.456584459568354e-06 1.5808275351378007e-07 295.9490228208488 0.3652341795806529 5.7737224785456036e-08 0.06476821361666348 6.657626660414712e-08 -9.221821481274466 5.229674032272333 3.663607314337262e-05 0.0006094516868087368 0.05233999858217548
20240306034158 BEFA 57.21181599221973 3.771786 0.006815450724265519 0.00011972186750836869 3.818346660483223e-06 847.1596354491725 0.2158724601755228 8.24275887401505e-07 0.11037196354431121 3.5269328005108755e-05 -6.352849654174986 97.36512460467316 0.00044436796679403175 0.013060775309971826 0.9749982468216942
20240306034158 BEPA 56.03041680781225 3.771786 0.009035322431652892 0.00012027642211268455 4.657951397530052e-06 773.182811649171 0.22596374971645425 1.052528163782889e-06 0.08364051797101177 2.9627422274186646e-05 -6.2016697511188275 186.77657193828117 0.00037264562007989206 0.011632462589853666 1.8690421059116558
20240306034158 IMSR 76.38495226929084 3.771786 0.005212812573024625 7.929135284870485e-05 1.2756964029819534e-06 2606.779256616888 0.12306306860976683 1.569911139654009e-07 0.09557264072441092 1.448190303651058e-05 -6.609055469262493 67.86147421354056 0.0001796111279066572 0.008421355019856094 0.6788458039767487
20240306034158 ISSR 112.67240745676082 3.771786 0.0012877101536423812 2.195637801027726e-05 1.0607036704545245e-06 261.43361054515134 0.3885967445156941 4.1218599323447583e-07 0.10713279795366724 2.3018530276334882e-06 -7.769266874102656 16.36800084151651 0.00022682907053863326 0.003395236727621295 0.16375363462792825
20240306034158 KBSR 21.718727881942872 3.771786 0.006442118367091453 0.0001200297962966196 3.939637812668326e-06 870.7235653292145 0.21293140471544872 8.388726135215645e-07 0.1170685494335582 6.974756951785426e-05 -6.349994746586078 81.25786893198037 0.0006806306001469347 0.01871380847534805 0.8151452920711995
20240306152157 MKSM 74.34266968214678 3.710368 0.0013199779527457692 1.7682098642174613e-05 7.108398914689477e-07 881.6149296576456 0.2116120528496464 1.504222886811639e-07 0.08416799853172224 3.537422646357483e-06 -7.793648446510722 30.991148639658306 0.00015771762864474768 0.004704832011017396 0.31026503469707756
20240306152157 NBSR 219.07736497622741 3.710368 0.000504632460550164 5.532490809458101e-06 2.012764509869409e-07 828.6281732487997 0.21827300162507915 4.3933215113362713e-08 0.0688851147787741 2.405974393949068e-07 -8.872279437859065 8.69458974210981 4.263196481848417e-05 0.0011640294107689853 0.08695153938633424
20240306152157 UMKSI 151.87820094913468 3.710368 0.004296808930837111 9.592230761297605e-05 2.920894056791265e-06 994.5360130709852 0.19923682458760844 5.819496568319093e-07 0.1402663333478022 6.563357497562627e-05 -6.535104354383908 94.6736017888872 0.0006238371654754179 0.01926303560079988 0.9470562295230339
20240308000200 CBJM 131.36702629642988 3.506291 0.0024208406672419657 2.5504039276547738e-05 4.0412527682807833e-07 4559.602509388734 0.09304999976231075 3.760385691279646e-08 0.06619461041965345 2.7777728244913647e-06 -7.521820737901184 37.80589661305309 5.586836198775001e-05 0.003547359130622984 0.3783152507875274
20240308000200 ESJR 131.4315344563967 3.506291 0.0011618528653785335 1.5281692409218057e-05 3.9427444913274493e-07 1993.294788380413 0.14073240281704155 5.548719059581662e-08 0.08264188011719883 1.4596383927684826e-06 -7.984080987328213 17.794978114979365 6.191318233404611e-05 0.002619425653745612 0.17800696432312801
20240311124111 MBSR 56.28588216801 4.014865 0.0027546780349339173 2.3324555276948038e-05 7.403332052082884e-07 663.7161198366589 0.24388701909068025 1.8055765855209832e-07 0.05320131832253626 3.664005158557109e-06 -7.583527644735887 46.055448980809174 0.00018843535875306028 0.004605743124995124 0.46059063389972665
20240311124111 MNAI 66.61289478136901 4.014865 0.0025207414201266036 3.901333334423218e-05 8.507179637069898e-07 1720.4217761042917 0.1514824787105579 1.2886886582593325e-07 0.09724440630656499 2.292276095145914e-06 -7.18061212206645 12.517786597002523 8.845930019222625e-05 0.0035042274146394703 0.25060378874422407
20240311124111 SSSR 99.93067801769202 4.014865 0.0008807275101111394 1.2888496951177049e-05 3.498962252310497e-07 1339.159873249003 0.17169737463391227 6.007626326648729e-08 0.09194763845294843 1.7516917593006662e-06 -8.223585474023032 18.98355202039114 9.198954339640818e-05 0.003190426018749893 0.1900166250736231
20240312204441 BLJR 71.97527557504229 4.166112 0.0022292193439928548 5.904971294527207e-05 1.7622804365419728e-06 843.5718421930615 0.21633103640613038 3.812359532753729e-07 0.16643507502781427 1.4469226371537306e-05 -7.049323659367317 47.61780984496923 0.00030277941414089083 0.009061726502543103 0.47625787609751324
20240312204441 BSJR 105.37673156292762 4.166112 0.001419249821053027 3.463933940594117e-05 1.4793017476567278e-06 417.0558970410729 0.3076682881721033 4.5513423639154615e-07 0.1533524156052612 1.038993066098398e-05 -7.552754799348907 31.232500887913588 0.0003827210677825628 0.007868401210581724 0.3124527238706839
20240312204441 CCJM 143.08466262079673 4.166112 0.0016533962117013625 2.680094185536028e-05 8.223099827619906e-07 729.2422241375592 0.23267191530484807 1.9132843866352896e-07 0.10184811292805221 5.380574857425414e-06 -7.609832899195978 35.08892597801223 0.00022019057771235025 0.005811134704187287 0.3510742095498173
20240312204441 PASJI 143.60883245160585 4.166112 0.003867448650231536 8.634080922688178e-05 3.548918344653566e-06 574.0182791043103 0.2622509120137472 9.307070725477156e-07 0.1402721414056425 7.988955498836416e-05 -6.688362526981533 87.99296050927015 0.0009051685750212342 0.021685843764161817 0.8801921601995031
20240312204441 TSJR 86.51048709660584 4.166112 0.00538322321050567 7.197852711102735e-05 3.26234211877167e-06 344.3237545315005 0.3386073459590533 1.1046530064477098e-06 0.08401182828418371 2.847769039472931e-05 -6.665523479959476 68.96704551370716 0.000698441772555163 0.013086090962248834 0.6898454684275559
20240313093420 BEFA 52.91226150452442 3.748314 0.012478264466880612 0.00015098041149476767 2.3691814543328873e-06 2897.007642455648 0.11673606449285873 2.7656891904828876e-07 0.07602322467949729 6.134959153883381e-05 -5.990661798175308 167.82435039598 0.0003600188714290214 0.0179220309598462 1.6786820104086966
20240313093420 BLSM 161.2288178668718 3.748314 0.0018495147032205682 3.245419834250486e-05 9.416552806977052e-07 708.4319257945699 0.23606456761865652 2.222914466837284e-07 0.11025364752539638 3.254836232408024e-06 -7.417085172137812 29.74733127820361 0.0001560336414397356 0.0037050437352658915 0.29763709875145894
20240313093420 IMSR 94.83401949924605 3.748314 0.0025147071167245048 2.6292180009413708e-05 5.467610638082358e-07 1801.3255470799145 0.14804159794046035 8.094338157779723e-08 0.06569299384019167 5.767632787339649e-06 -7.455401105514669 54.49308687048624 0.0001450215597540007 0.005957168953869968 0.5454995588387084
20240313093420 MNAI 137.23292974026012 3.748314 0.0009133356278377918 1.1330541358059727e-05 2.653801971159519e-07 1095.6971672642844 0.18981677871462377 5.037361415120188e-08 0.07794713007297158 2.543218051238099e-07 -8.363419227733468 5.255829481869768 3.98958121524909e-05 0.0012309696601519279 0.1052718517843545
20240313093420 NBSR 63.99695702865344 3.748314 0.00712889688743403 8.542473816865133e-05 2.091082447699792e-06 2102.883436350274 0.1370163102918728 2.8651240149992363e-07 0.07529067515018117 2.531641803379511e-05 -6.5091111000396715 104.397439546952 0.00021962556559851717 0.011086884917049563 1.0445308165319511
20240313093420 ULSM 102.65361300697883 3.748314 0.0024722109641781647 2.5758684824333783e-05 4.1804340226534515e-07 1535.899728472687 0.16032396190529052 6.702237449954723e-08 0.0654663345344099 1.7167756601513585e-06 -7.510134781845038 34.42429836209227 8.06655127010826e-05 0.0028862980718134023 0.34454504993177737
20240313110844 BEKI 53.398058794438626 4.074612 0.021376453076638647 0.0005415808380843359 1.970782347052154e-05 690.7195459414796 0.23907215453130265 4.71159181822016e-06 0.15918696859117049 0.00136263913693602 -5.059916306424208 391.38231749534077 0.0030911432581587584 0.08098585185932605 3.9140445153000876
20240313110844 IMSR 124.91441611593525 4.074612 0.010448358968548534 0.00015105160230412647 5.39026707136786e-06 704.3090116691977 0.23675450181648286 1.2761699951394897e-06 0.09083581556492662 9.56218698246394e-05 -6.052959776007177 152.13765253545458 0.0008241391671932872 0.021822192821562312 1.5216698784511489
20240313110844 ISSR 66.27501004760299 4.074612 0.005529678410439977 8.718176395072609e-05 2.706777987136107e-06 548.9012312557568 0.268183939377724 7.259143836110676e-07 0.09906167007379661 5.2194560127846695e-05 -6.612061476459424 98.14283085645933 0.000749892454633943 0.017455678572268936 0.984205036469364
20240313110844 MKSM 150.9350086031498 4.074612 0.002211819094119871 5.2310712126189024e-05 2.1314373825859536e-06 884.6336538213434 0.21125069179058936 4.5026762157960577e-07 0.1486007145490168 2.6452177207224233e-05 -7.12503332148166 53.0848578551751 0.000415282565113971 0.012213082757377428 0.5310188793993147
20240313110844 MNAI 100.48790181422896 4.074612 0.0023847195689074697 5.8218306936202756e-05 2.382986048000416e-06 692.1883052459464 0.23881837538048573 5.691008565378235e-07 0.15339179311469556 8.7822116400409e-06 -6.991373146904963 16.46153625959562 0.000268843642843986 0.007214785797608255 0.3296366531299821
20240313110844 ULSM 69.93623128829786 4.074612 0.00585815946343252 9.872055631332489e-05 3.5523962050701193e-06 917.7165467185176 0.20740803990166995 7.367955338477242e-07 0.10588300861667435 6.91391102310528e-05 -6.457388690581718 109.55587275260316 0.0006356360468666129 0.019594642345448665 1.0958498340364695
20240313110844 BEKI 53.398058794438626 4.167735 0.021376453076638647 0.0005415808380843359 1.970782347052154e-05 690.7195459414796 0.23907215453130265 4.71159181822016e-06 0.15918696859117049 0.00136263913693602 -5.059916306424208 391.38231749534077 0.0030911432581587584 0.08098585185932605 3.9140445153000876
20240313110844 IMSR 124.91441611593525 4.167735 0.010448358968548534 0.00015105160230412647 5.39026707136786e-06 704.3090116691977 0.23675450181648286 1.2761699951394897e-06 0.09083581556492662 9.56218698246394e-05 -6.052959776007177 152.13765253545458 0.0008241391671932872 0.021822192821562312 1.5216698784511489
20240313110844 ISSR 66.27501004760299 4.167735 0.005529678410439977 8.718176395072609e-05 2.706777987136107e-06 548.9012312557568 0.268183939377724 7.259143836110676e-07 0.09906167007379661 5.2194560127846695e-05 -6.612061476459424 98.14283085645933 0.000749892454633943 0.017455678572268936 0.984205036469364
20240313110844 MKSM 150.9350086031498 4.167735 0.002211819094119871 5.2310712126189024e-05 2.1314373825859536e-06 884.6336538213434 0.21125069179058936 4.5026762157960577e-07 0.1486007145490168 2.6452177207224233e-05 -7.12503332148166 53.0848578551751 0.000415282565113971 0.012213082757377428 0.5310188793993147
20240313110844 MNAI 100.48790181422896 4.167735 0.0023847195689074697 5.8218306936202756e-05 2.382986048000416e-06 692.1883052459464 0.23881837538048573 5.691008565378235e-07 0.15339179311469556 8.7822116400409e-06 -6.991373146904963 16.46153625959562 0.000268843642843986 0.007214785797608255 0.3296366531299821
20240313110844 ULSM 69.93623128829786 4.167735 0.00585815946343252 9.872055631332489e-05 3.5523962050701193e-06 917.7165467185176 0.20740803990166995 7.367955338477242e-07 0.10588300861667435 6.91391102310528e-05 -6.457388690581718 109.55587275260316 0.0006356360468666129 0.019594642345448665 1.0958498340364695
20240315012919 BKJI 88.15483040279862 3.947188 0.007914813681538948 0.00010925946787955384 2.41930565455738e-06 1089.119771112874 0.1903890853021943 4.6060939063760607e-07 0.08673577305455797 3.976172376262486e-05 -6.328616443176279 89.4641563426726 0.00046901243041798965 0.014577167244714202 0.894690060841925
20240315012919 CCJM 158.29964223789182 3.947188 0.00698123742298314 9.090489961700666e-05 2.1202636206186487e-06 1514.0627814801646 0.1614759790675692 3.4237164402074537e-07 0.08181534232653911 3.843169224792128e-05 -6.49028361700468 84.32870177760988 0.00036535542894017585 0.01368975670244241 0.8437485363737658
20240315012919 CGJR 91.67662555923182 3.947188 0.007495305616520291 9.366618812597169e-05 1.8679997580468876e-06 2752.199498730711 0.11976775602030258 2.237261392677439e-07 0.07851874855048896 2.7714816215678164e-05 -6.381538573658155 97.5927532376916 0.00022648039672026614 0.011385049273713473 0.9764963241232184
20240315012919 CIJI 81.70642129814308 3.947188 0.011316224553705968 0.00016333326764179007 4.4446904429401615e-06 1555.9116912942554 0.15928959068169546 7.07992921362782e-07 0.09068865526218611 6.885144361763539e-05 -5.966400549757325 107.7018339093847 0.00044037579418080593 0.016331832660559376 1.0772491382332408
20240315012919 CNJI 137.49589005447112 3.947188 0.006023568628078792 8.243628048591947e-05 1.663479343317243e-06 2834.515792022871 0.1180158742354278 1.9631696897415977e-07 0.08598929609819482 2.3235687587167057e-05 -6.597261915288645 78.42722236445387 0.00020362159482240546 0.01014612802304168 0.7843962916789401
20240315012919 KCJR 169.48696102465874 3.947188 0.0013238334567117784 2.2598687334581476e-05 6.048919423078476e-07 1588.8924535846338 0.15762772849571427 9.534774285134665e-08 0.10725800855258322 2.9863855575114977e-06 -7.748166748440217 21.782461525751287 0.00010247630553822243 0.0038012727933358116 0.2178880936979036
20240315012919 KMJR 233.5420545152958 3.947188 0.0006537975435159237 1.3157130733012923e-05 5.007298658851264e-07 826.8818440339581 0.21850337037640066 1.0941116334402321e-07 0.12644386832923962 9.676915665376778e-07 -8.324763222730313 11.057141462467369 8.194817477327816e-05 0.0023271399539708205 0.11060683553679271
20240315012919 MBJI 178.13762799991233 3.947188 0.0005798651556707096 1.2251194215784453e-05 5.346044754067886e-07 562.672959677744 0.26488163346944965 1.4160690670582838e-07 0.13274900679794147 9.416008958929216e-07 -8.325010317744777 9.206886091447208 8.684339238861778e-05 0.0021170579452904387 0.0920916083684275
20240315012919 PBJI 128.92040750109857 3.947188 0.0017572948050701743 2.6068146846182432e-05 7.31717121715469e-07 760.0896754966143 0.22790164064496635 1.6675953252696793e-07 0.0932063287143176 3.3047386765559763e-06 -7.604592537599844 27.633555407077733 0.00015863285232686926 0.004070823854520098 0.2765354086753654
20240315012919 PCJR 70.05773002656375 3.947188 0.007626128453136052 9.987381040521931e-05 2.6248471141117976e-06 1239.3558852786464 0.17847683327983258 4.6847440077038095e-07 0.08228626910317248 4.717267258440618e-05 -6.317259353383284 123.8666318655861 0.0004641933087773122 0.01624424498317336 1.2397699971533007
20240315012919 PGJR 63.08294153772207 3.947188 0.01368646883283954 0.00017102657427755757 3.0976957380998343e-06 2536.301547583268 0.12476116601488883 3.86472132244687e-07 0.07851489465709481 4.16049794032227e-05 -5.900295901204061 112.15408237797315 0.0002964784911907753 0.01366500704873563 1.1226437273668866
20240315012919 SCJR 152.54327288975196 3.947188 0.00541373854403545 7.315997912546936e-05 1.745616208140201e-06 1692.0604878353674 0.15274673163105001 2.6663717047560245e-07 0.08490947654300025 2.0032704991430516e-05 -6.648337180782027 69.1743579845787 0.00023557165489567102 0.009321063689838573 0.691935192279542
20240315033739 BKJI 96.63120006155414 4.101477 0.010047657752695819 0.00024034857257334563 1.0069782079559318e-05 320.49694184538265 0.3509683253219667 3.534174552820085e-06 0.1502991699124358 0.0001744706042431126 -5.760674610888353 134.56003999503056 0.001787973369779117 0.030429040592532743 1.3462395961383464
20240315033739 CBJN 164.4579176717511 4.101477 0.0022429626693842497 4.0056759819724185e-05 1.8296681344613848e-06 351.2804686737434 0.33523771096905786 6.13373757229861e-07 0.11221053662101577 4.397325613121721e-06 -7.2469878503495915 41.367615622019684 0.00023726527345780126 0.004383900177477002 0.4142505751981964
20240315033739 CGJR 110.87080757984512 4.101477 0.00200862485223197 2.254533730462943e-05 7.163315265596732e-07 1019.27960181584 0.19680367404685245 1.4097667626253415e-07 0.07052413592336454 5.67193168535352e-06 -7.7031493159173685 39.95303139366659 0.0001859579363759272 0.005908383485058676 0.4000108100737588
20240315033739 CIJI 96.52040960918535 4.101477 0.016110449433063466 0.0003984636541630516 1.4032096809364038e-05 509.03475791887513 0.2784877840257911 3.9077675456751644e-06 0.15540354647985138 0.00018087973086793434 -5.319549654605656 117.85092741395653 0.0011184127310217664 0.02445219343779468 1.1786614605857018
20240315033739 MGJR 105.38540428115789 4.101477 0.006162885868660599 0.0001597249238096762 4.998643835470787e-06 1130.0718953245694 0.18690754418352315 9.342842435359516e-07 0.16284275189562256 0.00013652475327082948 -6.173364368963651 135.70220923181836 0.0007824731066207527 0.026769448336106175 1.357784381707814
20240315033739 PCJR 71.39711411178735 4.101477 0.008480150742668675 8.67838348943162e-05 2.730515985406511e-06 965.2601377354972 0.20223563480514228 5.522076336542743e-07 0.06430061597431806 7.298144645903823e-05 -6.442289228857065 196.9826199228665 0.0006855530871189891 0.021193627645868095 1.973266716181567
20240315033739 SAKJI 217.29487694334438 4.101477 0.010191255062727602 0.00016536533908552222 5.237433301189061e-06 1490.823349375349 0.16272968183411804 8.522858547299103e-07 0.10195221908034928 0.0002315353940649087 -6.00471347713132 201.5480093606945 0.0009253671601510093 0.03601686446345502 2.0161427686469344
20240316114255 CBJM 114.97742820591822 3.181722 0.006128738784033982 6.145369740147485e-05 8.697089869600734e-07 3763.588514493015 0.10241859200713795 8.907436990040502e-08 0.0630023536964414 5.1853509615684165e-06 -6.682555073319083 42.37061517678848 7.312524472273692e-05 0.0036752054827790996 0.42384720258899045
20240316114255 CCJM 100.02610262753979 3.181722 0.011693831114635114 0.00011133832866017598 1.4728474371661046e-06 3151.825313563728 0.11191770574466994 1.6483770607954735e-07 0.05982293945463553 1.442949060720768e-05 -6.237099965011723 66.16735063793925 0.00014968471124957857 0.006502770709972363 0.6619543981328102
20240316114255 CSJR 105.91867630367129 3.181722 0.0011537927055690587 1.4600615604243013e-05 3.077254305358186e-07 772.7231709993733 0.22603094498644535 6.955546986037182e-08 0.07951027337714939 5.169829034985708e-07 -8.010799451543965 12.175876929344103 6.420201793222169e-05 0.0017006144352367412 0.12189596767160828
20240316114255 KCJR 111.79744907044012 3.181722 0.0010174611689989707 1.4625652460988755e-05 2.932312494434729e-07 1106.7515405124711 0.18886644284001952 5.538154301192318e-08 0.09031861603250282 8.817038153535639e-07 -8.032194335191777 16.09851362941518 7.175754172838861e-05 0.002144018830550414 0.16100777009725056
20240319085612 MBSR 34.3972139888245 3.228866 0.0057726779358994555 3.922564609139219e-05 6.048505376725523e-07 4458.162519763661 0.09410266441157236 5.691804716575929e-08 0.04269457016705366 8.739722616237215e-06 -6.8505792882830105 106.88597254790528 0.00010623324433400139 0.006911652782010669 1.070014825597385
20240319154534 PGJR 46.76802329108615 3.11505 0.00125151347970243 2.088597843061617e-05 3.3821705428076646e-07 1257.044117227931 0.1772166849831467 5.993770516440242e-08 0.1048574185813162 6.947535845103714e-07 -7.742618871326461 13.583518265391227 5.538305608012029e-05 0.0016393380491690642 0.1358988577540448
20240319195925 KTSR 193.9879736781551 3.830728 0.0002298484504794577 4.002547141832952e-06 1.6770833401277268e-07 494.3091402282856 0.28260545972694373 4.739529083371946e-08 0.10941446566378343 1.3316293278727772e-07 -9.294876197099292 5.15031841181141 4.0854832995339114e-05 0.0008639484305744508 0.05150910347929444
20240320082457 APSR 136.9822898656873 5.037394 0.015983826430585296 0.0002342344006793852 8.060007229216446e-06 774.9408110136654 0.22570729808063367 1.8192024542168187e-06 0.09207670961494775 0.0005080300920551014 -5.714420675926163 316.0976045901034 0.001958562903972565 0.05365259304844943 3.1617716851291324
20240320082457 BKASI 213.95330702682014 5.037394 0.024583173301008232 0.0007390832212280586 5.711331516550716e-05 157.8785151089656 0.5000556651923502 2.855983680642803e-05 0.18890144000297315 0.006357692303973615 -4.90600126382744 516.722932549939 0.014513522629744462 0.19106844389913005 5.169109898852932
20240320082457 IMSR 153.07971635806126 5.037394 0.0075505477813317306 0.0001367692426602985 6.770362526119362e-06 548.2712913149853 0.2683379610083483 1.8167452755461998e-06 0.11381247041200758 9.363252123524145e-05 -6.295193453550375 160.45926473676946 0.0009405552608371037 0.023216165281504338 1.605166900323505
20240320082457 KBSR 208.26484773437434 5.037394 0.0031107306301238987 0.00010798411096410812 5.716975626900638e-06 447.66272322980717 0.29696440879585495 1.6977382871428603e-06 0.21811087493342698 9.710361008030422e-05 -6.7099348227455415 75.64616343879155 0.0011654833016861753 0.024351050703494984 0.7568652534166975
20240320082457 LBTSI 184.66660376236808 5.037394 0.024028359118437488 0.0007476526157359828 2.9217925605905085e-05 341.38751193354545 0.3400603935892136 9.935859281404446e-06 0.19550398372655045 0.003259037519258896 -4.933898993205802 512.8013163737407 0.007527478376359778 0.1377542179610951 5.128542800003608
20240320082457 PASMI 96.21964480352402 5.037394 0.09762984739643214 0.0031779996084897416 0.0002520052516716885 120.89246463249677 0.5714526520176186 0.00014400906939015382 0.20452721149101116 0.10433408605629549 -3.663533499348519 2297.1118718824982 0.06927351219060363 0.7501127251099171 22.982675009236985
20240320082457 PSSR 99.71147267916226 5.037394 0.012407189534427732 0.0003591095604617065 2.64744994535652e-05 110.96359283202862 0.59647138440425 1.5791281340477596e-05 0.18185842230424065 0.0010070435336658932 -5.511722096744044 206.85557256501772 0.007268925016375863 0.07599802864351024 2.0698889169820154
20240320082457 SASR 204.54665804411 5.037394 0.003634944096593916 7.276214829887784e-05 2.9206562877104245e-06 487.51939098265484 0.28456659752624386 8.311212223373859e-07 0.12577306526907114 4.0677713170755914e-05 -6.770952858991398 77.37890776068384 0.0006977263437199333 0.015280842975949133 0.7742763045257355
20240320082457 SIUMI 195.00308169856228 5.037394 0.015853619014532527 0.00031918713920681683 2.9793561455693743e-05 144.38509032700495 0.5229000627088 1.5579055153500742e-05 0.1265018379378592 0.0011742628703403286 -5.500816328789544 249.09210522834124 0.006858609034269245 0.08153172300806959 2.4919877049773334
20240322204508 BTSR 80.54493906481645 3.048951 0.001550734712466296 1.526329652789054e-05 3.508569313472101e-07 1255.2779776469733 0.17734131052145835 6.222142801065159e-08 0.06184302170591373 8.280592973352509e-07 -7.900829701694626 19.07305240664582 6.550846569216008e-05 0.0020231270497146486 0.19083920035918017
20240322204508 UMKSI 80.52329752907256 3.048951 0.011589611682889155 0.00022211589510109903 4.369729252056596e-06 1146.6136001414422 0.18555442858283822 8.108226144270747e-07 0.12041778161133024 0.00010624930390121964 -5.799734816529875 97.68616340979958 0.0006480625381679809 0.02065053630785688 0.977107503139824
20240323050512 BEFA 94.11053273889935 4.951719 0.011192310658428224 0.00018916459246932048 7.20383855653987e-06 713.6197849969674 0.2352049336351948 1.6943783696096175e-06 0.10619399553092479 0.00021128657467685125 -5.857313472828645 209.12147293857595 0.0012271739215779735 0.033307753461520415 2.093083329188243
20240323050512 KPSR 223.61040023361232 4.951719 0.0013604273262680334 1.8409921546749537e-05 6.20127171469529e-07 696.3898781206244 0.23809684645613022 1.4765032392865477e-07 0.08502692230255562 2.4433956112778425e-06 -7.880551682240867 25.753389771381126 0.00013880231288960763 0.0036766114258156304 0.25757777898143663
20240324153406 ACBM 127.65071780605734 4.68843 0.0036284137891200285 9.924680876724123e-05 4.36118480169894e-06 501.94917068675113 0.28044648288753854 1.2230789388590551e-06 0.17186190078448185 0.00012090300369556979 -6.6018796802884445 81.25724997423164 0.001221543079535213 0.027497563912716832 0.8128690569266019
20240324153406 ACJM 103.86518908854268 4.68843 0.010418854343212892 0.00025090751328817854 1.0140070811008744e-05 329.57461847875743 0.34610110777664965 3.5094897406237966e-06 0.15131206839264638 0.00015326666575376653 -5.820546935177232 80.56808692937535 0.0015041074493705566 0.02338707655802277 0.8062742011961967
20240324153406 BTJI 86.12656243541456 4.68843 0.012525072185680816 0.0005828413635607375 3.492467639287837e-05 287.6598935141329 0.37045905169728865 1.2938162497340406e-05 0.29238157175078056 0.001614428837287915 -5.261894687824947 187.98870248948728 0.005048153957494958 0.08892745104846253 1.880128299588228
20240324153406 CBJN 111.97410025199575 4.68843 0.004630101838817537 0.0001285603351004559 8.205084196275825e-06 200.3651689872213 0.44388324762944814 3.6420994201159735e-06 0.1744601818079149 4.735903147778726e-05 -6.37984651904081 60.29936132978085 0.001045432826103787 0.014512457257841418 0.6031169198925704
20240324153406 CGJR 124.07572516378389 4.68843 0.003068393447039417 4.728206003712574e-05 1.6637774692093653e-06 655.2538264867644 0.24545680984119522 4.083855098777882e-07 0.09682002977978435 1.837634777415421e-05 -7.102760351859552 60.73288904281788 0.00039960239802574186 0.010071524983314244 0.6073357460775239
20240324153406 CILA 46.11047419719152 4.68843 0.025450041766509807 0.00048576818234297414 2.1133288767527247e-05 324.305837478288 0.34890121783841843 7.373430187921225e-06 0.11992795666092461 0.0006603636196650117 -5.17694115951961 237.61765882794953 0.0032274075950175472 0.0543787085261903 2.3771791334248653
20240324153406 CMJN 52.29398034286978 4.68843 0.008101064661385497 0.00021668666864912135 1.4630968028001639e-05 289.114188209811 0.36952614028177544 5.406525143973505e-06 0.16806216832307092 0.0003687979654612925 -6.02235498454215 137.77974975753511 0.0026472996808991622 0.047104008640121986 1.3780196172163144
20240324153406 CNJI 168.25331515811354 4.68843 0.0028170239684620563 5.016864405656643e-05 2.428366176843199e-06 510.2981029087058 0.27814284430464603 6.754326754403664e-07 0.11189783642111971 2.029218650650193e-05 -7.105203797792756 61.668321922132165 0.00047177728598454626 0.01057324498315585 0.616801839740149
20240324153406 CSJM 128.20196085415316 4.68843 0.0021086584202501244 5.0290416288530483e-05 2.8623570943192166e-06 154.0226445090708 0.5062762801375165 1.4491435021371633e-06 0.14985073053157577 2.3957735071507302e-05 -7.154891047718786 38.743735761805425 0.0009897599403447532 0.012302668062474313 0.38781601730463
20240324153406 CTJI 103.76746698007749 4.68843 0.002271492214811021 5.154592865059205e-05 2.8891980333825236e-06 120.21207106324167 0.573067565116915 1.6557056821311022e-06 0.14258143586429686 1.0212055859858368e-05 -7.101537240781386 27.539806326702028 0.0006585338741076602 0.007247454953837191 0.2754270955084225
20240324153406 GBJI 175.16859680889172 4.68843 0.0018370817761233223 3.50038467046011e-05 1.5532830533008539e-06 400.2181245250931 0.3140736430747885 4.878452672765301e-07 0.11972012251584824 5.7831722592307345e-06 -7.426527859958625 28.667842567677546 0.000272563023690161 0.005348576061278467 0.28682576767004986
20240324153406 KBJN 118.19125999936486 4.68843 0.004550666748860184 0.00015866101463495703 8.195792845280485e-06 288.2647369100393 0.37007019495791915 3.0330186560876683e-06 0.21906604262469062 0.00018421253824882898 -6.247022642666367 89.37017706069224 0.001928636946449492 0.03258745246944057 0.8939477946381957
20240324153406 KCJR 187.76764562126596 4.68843 0.0008243618042748578 2.425547371122211e-05 1.7007349423551795e-06 235.93174899120473 0.40905968045743973 6.95702092062612e-07 0.18487226755379596 4.48963612033544e-06 -7.861892771309502 17.540420546638302 0.0003247708267438553 0.0048817811780848186 0.17550613122673298
20240324153406 KJJR 122.58130635820395 4.68843 0.003406058313157197 0.00016304069466782038 1.1804143576758382e-05 184.4950245006138 0.4625807320814576 5.4603693773315275e-06 0.3007625833216095 0.00030122583075790487 -6.379295890890204 86.81171786849404 0.0031004717692320965 0.0434293697975901 0.8683523308743375
20240324153406 KKJN 84.65550083697596 4.68843 0.002728554267095101 0.0001521498944157352 1.303481259627274e-05 96.68017604139135 0.6390151461816647 8.329442676657828e-06 0.35036355795101837 0.00010835526346043918 -6.4669672903723265 51.286728345768736 0.0023849244810675834 0.02446140461971249 0.5132638736589501
20240324153406 KKJR 173.3715949068068 4.68843 0.0023302923152537978 5.607597462354451e-05 3.574122093865266e-06 279.8314573258972 0.37560520440689404 1.3424588596414593e-06 0.15119808683832717 1.951527877905156e-05 -7.076900397488077 37.400480432977986 0.0005830079223797283 0.00990035374678729 0.37422574345532866
20240324153406 KPJI 58.180056269199554 4.68843 0.0019061196363786505 6.076320028046953e-05 4.082601110586877e-06 212.4841023423343 0.43103908000639407 1.75976062674045e-06 0.20029511261150182 4.957176594376711e-05 -7.087555784058337 41.72228936029655 0.0011863330267151413 0.017618332113974428 0.41761501802368783
20240324153406 MGJR 105.98829043020935 4.68843 0.012017559925699525 0.0003792176374540388 1.5545121103227857e-05 619.4101068146539 0.2524589227078708 3.924504527084293e-06 0.19826776006160657 0.0007327090354374796 -5.522594598894122 227.16160822869563 0.002527873898340825 0.062156466138192076 2.2719864753922048
20240324153406 PBJR 193.6484596112439 4.68843 0.002955325120276088 3.713792664856634e-05 2.0769066909964118e-06 380.84206306985584 0.3219640737490532 6.686893390298709e-07 0.07895729422676381 1.3930717944345271e-05 -7.239231054409054 51.383839442523396 0.0004691506318942662 0.009286205148328962 0.5142005874306892
20240324153406 PCJM 92.55302063088295 4.68843 0.009480876177112556 0.0002890434075584887 1.8812780383074095e-05 212.1257108167198 0.43140305181869176 8.115890870452982e-06 0.1915554277454684 0.00019707827798279368 -5.7267325939653935 108.78320585987224 0.0018906824172580214 0.02607444057604555 1.0880276531493074
20240324153406 PCJN 126.70688353344673 4.68843 0.0038974086181501983 6.487004904478997e-05 4.072315004810433e-06 160.06214755936668 0.4966329710069494 2.022445899715185e-06 0.10457988344770877 2.3558293621147436e-05 -6.757130543420088 65.11571634480687 0.0009181014098734395 0.011488792376565866 0.6516378228993402
20240324153406 PCJR 8.48335378028833 4.68843 0.033332726779020376 0.0009412742107201045 4.4321983501073304e-05 309.4817913134134 0.3571595913522139 1.5830021515162908e-05 0.17742923733878324 0.0017616360150247282 -4.663649809510155 348.0579773719864 0.005177702297532082 0.08199655932213584 3.480754448761747
20240324153406 PGJR 95.98812438376675 4.68843 0.004062707787913688 8.879550532462334e-05 4.0193967335326735e-06 349.0411441942185 0.33631137492827 1.3517688418365707e-06 0.13732678881287858 5.209662212660293e-05 -6.670036479166104 80.83358403850266 0.0009560327553735353 0.017030628064078564 0.808403337149477
20240324153406 PKJI 125.45360988535145 4.68843 0.002383564531892512 0.00014374727022723182 1.1451325152862835e-05 155.49894861694352 0.5038672599392586 5.769947827446509e-06 0.3789243899856982 8.253950384033647e-05 -6.539941575485569 41.270401046226425 0.0015415451833987782 0.019092808186173225 0.41277203932532763
20240324153406 PKJM 106.040140661469 4.68843 0.002879832810532665 0.00016547964501385692 1.1890019108896953e-05 134.0525220236961 0.542678197489087 6.452454138126998e-06 0.36104154046222053 0.00021740561069185299 -6.448634756750698 75.48661748854522 0.0030913607775055526 0.035048125667041186 0.7552726115956426
20240324153406 SAKJI 171.58599002465482 4.68843 0.02988554081386608 0.0005898072759008316 2.692057104617114e-05 482.3337798825082 0.28609220772881605 7.701765603919545e-06 0.12400205280167789 0.0024309338743005037 -5.000759556745813 522.3348343944781 0.004843419758026337 0.11123406865197497 5.225562543733224
20240324153406 TKJN 162.63685340635308 4.68843 0.00518146222566181 8.719469645956052e-05 2.7267013088503556e-06 654.41026308311 0.2456149611644439 6.697186360803184e-07 0.10573471576138303 2.9440212803033857e-05 -6.5467396556348225 84.07862062343509 0.0005087821584449041 0.012313488147051743 0.8408704477206784
20240324153406 TOJI 119.7086322684432 4.68843 0.0033872978550709464 0.00015116374330894613 7.776273385156728e-06 270.9874587704873 0.3816851577068561 2.968088133385174e-06 0.2803974883741494 7.681426469742622e-05 -6.359045025567937 55.59317846157484 0.0012642365593920788 0.020167444654954104 0.556137585091485
20240324153406 WGJR 219.62984401253846 4.68843 0.0020619857526195384 2.2371512478697303e-05 1.126922945119084e-06 395.6789397500848 0.3158700147675504 3.5596116731665646e-07 0.06816941306551864 3.7368227591165484e-06 -7.549795559161649 26.574764129108814 0.00022568416239922436 0.004583443270688138 0.2658091441751207
20240326082442 BEFA 41.88236907607908 3.811468 0.012274550499108798 0.00015219338448841033 2.7854819753850944e-06 2941.8244878766272 0.11584345159366206 3.2267984638054136e-07 0.07790584570383602 9.902288751611992e-05 -5.9932140732750545 198.19638717574992 0.0004230818475208263 0.022694923045993125 1.9834096491379967
20240326082442 BLSM 136.5175710279964 3.811468 0.0035765036858773653 7.665135783415643e-05 1.977923731817473e-06 912.4525928400329 0.20800544970522328 4.114189153193269e-07 0.13466075464166335 1.3473290254016168e-05 -6.743046089968778 42.24243789979393 0.00024871688813596766 0.007021282126703799 0.4227174314149088
20240326082442 IMSR 91.97836902042928 3.811468 0.03353635788483567 0.0004158540804745493 8.358034705208373e-06 2365.9210545986753 0.1291753788104855 1.079652299156476e-06 0.07791210534373054 0.0001464633566398027 -5.121534664630157 146.7464174458845 0.00047163766680181245 0.020037453349652144 1.4677365853178586
20240326082442 ISSR 97.07064624935582 3.811468 0.0025321602076337083 4.7222376887926815e-05 1.503095990409717e-06 1083.8854329894473 0.19084824849270773 2.868632370861063e-07 0.1171754234735368 7.98137620303847e-06 -7.167786875868579 43.21879929564425 0.0001933936922930176 0.006238924431899899 0.43253087610790486
20240326082442 MNAI 130.22428476293967 3.811468 0.003975719750179418 4.0050007504372935e-05 9.96775791144903e-07 1651.7809721927638 0.1545979172895011 1.5409946131559673e-07 0.06329460689289078 2.254806064567416e-06 -7.235231039394163 12.555981672049043 8.718962689122888e-05 0.00347113554826731 0.2513355503057032
20240326082442 NBSR 51.3658133046868 3.811468 0.005165055499497715 4.7070993054377914e-05 7.718654551940648e-07 3005.3764997031044 0.1146120881881321 8.846511162007487e-08 0.05726090880966932 1.184958514871237e-05 -6.952909898005024 77.11532513347052 0.00014777063542342807 0.008066995844882565 0.7716025644636497
20240326082442 ULSM 84.6673771815809 3.811468 0.003964077410624809 6.0248146841034025e-05 1.4738710234045114e-06 780.8515893205366 0.2248514119551068 3.314019806522226e-07 0.09549517625507645 8.926777970827606e-06 -6.900275182098686 50.95040798515965 0.00025918792870748323 0.006620908658721228 0.5096842562891037
20240327045128 CLJR 71.75145860335383 3.332646 0.0030783312548548366 4.8024369512213673e-05 8.517500302777778e-07 2331.195317201169 0.1301339275464418 1.1084157672784794e-07 0.09802259338718683 1.0353703248964449e-05 -7.057869981656978 46.36308882310131 0.00015551541465087356 0.007411246269026466 0.46380366793050376
20240327045128 ESJR 54.74797390275527 3.332646 0.0058973401134433424 9.266376936552931e-05 1.7859782399448998e-06 3016.0263996983003 0.11440955569260844 2.0433297690876283e-07 0.09872648058031412 3.574583431216749e-05 -6.507453585607094 95.96512735310141 0.00023804049126179797 0.013441311970526814 0.9597225954928283
20240327045128 KCJR 128.5767613605128 3.332646 0.0007248682416918411 1.0368582804794992e-05 2.4767234153411353e-07 1276.778707949744 0.1758417723900033 4.3551143507340747e-08 0.08987526751524957 6.509400569493171e-07 -8.348851185397603 12.606568350591171 5.5737935603176955e-05 0.0018820971970406235 0.12627132564849292
20240327045128 MLJR 65.7768722321726 3.332646 0.005873557408517038 8.751325731743545e-05 1.5778237520787871e-06 2745.668878143279 0.11991010625739251 1.891970137672051e-07 0.09361652135433313 2.8740146105520087e-05 -6.504360478588886 91.17713492970526 0.00023815967227219193 0.012128425704678609 0.9118297445649967
20240327045128 RSJR 52.83004560419487 3.332646 0.005215319398941276 7.243823511216239e-05 1.5852009753511065e-06 4237.409557778996 0.09652274126027117 1.5300794358934437e-07 0.08727037017659059 2.1927512783452492e-05 -6.657993062652147 94.87794343006584 0.00015246648521843005 0.010392454021077047 0.949403054249923
20240327045128 SPJR 93.77953479159669 3.332646 0.0017417274738658964 1.8784190744638063e-05 5.163643533520127e-07 1342.8278973946365 0.17146271284889555 8.85372328442018e-08 0.06776292678670573 2.9256980111519487e-06 -7.812251458268318 32.5772842301612 0.00011690579553720614 0.004097674774058392 0.32586501967154224
20240327045128 SUPJI 86.22899867748397 3.332646 0.014428756673828029 0.00020924451294285324 5.863590819315558e-06 1121.7409787132758 0.18760032032440183 1.1000115159548204e-06 0.0911181801073149 0.00020413969214892587 -5.717781713791143 231.85209214573996 0.0009859805789140799 0.03271499343640087 2.31909581706915
20240401003521 CILJI 57.24379905153675 3.013508 0.022252652984443507 0.0001770210684805714 4.190160375971743e-06 3274.729845691715 0.1097974185132333 4.600687924381365e-07 0.049983081896613366 0.00012739644257254195 -5.6415672669233325 342.7215937019199 0.00044815028200314644 0.02598605012461744 3.4274707759225427
20240401003521 SPJR 55.959008626997594 3.013508 0.019590337413816196 0.0001892277919463878 2.7425596031063017e-06 2886.0290967679293 0.11695788757275413 3.2076397772168403e-07 0.06069080164127563 4.33106474838209e-05 -5.684403811135043 137.32638213260032 0.00026140318819187425 0.013064091383329542 1.373586009078439
20240401003521 WLJI 27.57460911448972 3.013508 0.016084987058323758 0.0001926819348881377 3.2962765630999117e-06 2261.434318134751 0.13212587581999677 4.355234278445047e-07 0.07526622793405251 0.0001442291278392446 -5.781276533253935 256.212587712291 0.0006106610385874334 0.028095107955473715 2.563084246009242
20240401013149 CGJR 106.8856676296591 3.276218 0.0011562580981893098 1.0916342476889142e-05 2.504664524349863e-07 1330.7068168503965 0.17224184843611232 4.3140804738637644e-08 0.05932014899298061 4.809774158826552e-07 -8.172793760145684 12.598454555113555 4.65986697443625e-05 0.0016232778513293271 0.126020299324826
20240401013149 CILJI 57.448879209149524 3.276218 0.04647812155653274 0.00037503870220960276 8.891028554685204e-06 1829.610535377556 0.1468928111422624 1.3060281783438359e-06 0.05069993331122193 0.0002169967404373147 -5.128741240547245 450.4327298069277 0.0006867375083842008 0.030636415188232263 4.507302939762627
20240401013149 CSJR 46.1455260875961 3.276218 0.0018143972445149052 2.8860007391791326e-05 6.428710303460989e-07 1856.7808179752953 0.1458141088312794 9.37396663833628e-08 0.09994105478135158 3.4619243224616742e-06 -7.442986487133892 34.764807518438516 0.00010057425295246589 0.004280753215740389 0.34775048781936346
20240401013149 ESJR 6.6509226845626035 3.276218 0.009876605041997532 0.00014242334064614313 3.25706607993028e-06 2772.4369441393396 0.11932983212524793 3.886651485389197e-07 0.09060524720205808 7.115320535774086e-05 -6.101024418404165 129.8447477265152 0.00034507574548205805 0.017977796029960198 1.2985708431767176
20240401013149 JSJR 9.014767256627362 3.276218 0.01400875317509636 0.00019668353222933557 3.249852765869848e-06 3374.8263288966677 0.10815688083581153 3.514939383321176e-07 0.08821620771107942 0.00018396199468043303 -5.74454405876811 217.2380350110092 0.0005042053618064217 0.029200172074544464 2.172617800281575
20240401013149 RSJR 5.938077070237289 3.276218 0.01347236898677865 0.0001764828508366607 3.399489229643874e-06 1952.771263692213 0.14218513039113354 4.833568193801682e-07 0.08230731035011636 5.7425416675505e-05 -5.92793581112867 143.3715299574229 0.0003478423686255602 0.01602737279508133 1.4338587868591233
20240401013149 CGJR 106.8856676296591 3.264173 0.0011562580981893098 1.0916342476889142e-05 2.504664524349863e-07 1330.7068168503965 0.17224184843611232 4.3140804738637644e-08 0.05932014899298061 4.809774158826552e-07 -8.172793760145684 12.598454555113555 4.65986697443625e-05 0.0016232778513293271 0.126020299324826
20240401013149 CILJI 57.448879209149524 3.264173 0.04647812155653274 0.00037503870220960276 8.891028554685204e-06 1829.610535377556 0.1468928111422624 1.3060281783438359e-06 0.05069993331122193 0.0002169967404373147 -5.128741240547245 450.4327298069277 0.0006867375083842008 0.030636415188232263 4.507302939762627
20240401013149 CSJR 46.1455260875961 3.264173 0.0018143972445149052 2.8860007391791326e-05 6.428710303460989e-07 1856.7808179752953 0.1458141088312794 9.37396663833628e-08 0.09994105478135158 3.4619243224616742e-06 -7.442986487133892 34.764807518438516 0.00010057425295246589 0.004280753215740389 0.34775048781936346
20240401013149 ESJR 6.6509226845626035 3.264173 0.009876605041997532 0.00014242334064614313 3.25706607993028e-06 2772.4369441393396 0.11932983212524793 3.886651485389197e-07 0.09060524720205808 7.115320535774086e-05 -6.101024418404165 129.8447477265152 0.00034507574548205805 0.017977796029960198 1.2985708431767176
20240401013149 JSJR 9.014767256627362 3.264173 0.01400875317509636 0.00019668353222933557 3.249852765869848e-06 3374.8263288966677 0.10815688083581153 3.514939383321176e-07 0.08821620771107942 0.00018396199468043303 -5.74454405876811 217.2380350110092 0.0005042053618064217 0.029200172074544464 2.172617800281575
20240401013149 RSJR 5.938077070237289 3.264173 0.01347236898677865 0.0001764828508366607 3.399489229643874e-06 1952.771263692213 0.14218513039113354 4.833568193801682e-07 0.08230731035011636 5.7425416675505e-05 -5.92793581112867 143.3715299574229 0.0003478423686255602 0.01602737279508133 1.4338587868591233
20240401103254 APSSI 153.2457164182789 4.191902 0.010553593047805582 0.0001703719348564839 5.4913433231599384e-06 960.5143298893078 0.2027346324869296 1.1132854704803848e-06 0.10143260527452332 0.0002668502894779956 -5.975561879377074 186.9340659326999 0.0012180651173651193 0.03667146868019489 1.8702268244354856
20240401103254 ISSR 120.74058531861918 4.191902 0.0017162528068058785 4.228350109683952e-05 1.3439187928344146e-06 508.85683591981984 0.27853646645402047 3.743303917572506e-07 0.15479949793773237 7.150063468423931e-06 -7.332151836123853 32.068016525361244 0.00027371746967565165 0.0059804907180445585 0.320955902838699
20240401103254 KPSR 152.48415719599058 4.191902 0.0017059874928140601 2.1141874187455192e-05 4.823848642095822e-07 1014.2542477975818 0.19729062596019023 9.517001181362983e-08 0.0778659361926144 2.4509996334097943e-06 -7.724721463302447 28.83564601266641 0.00012275724887136913 0.003737216165633615 0.2885231720335565
20240401103254 ULSM 173.98103634298835 4.191902 0.0013701914509355938 3.8117621341635615e-05 1.4023571672378935e-06 598.0639515533104 0.2569248167009257 3.6030035814182523e-07 0.1747931489390512 4.570019852966486e-06 -7.482914263392776 29.891331704931723 0.00020897100057339378 0.005093138374779836 0.2992947215774199
20240402052009 CCJM 109.54469100667482 3.714357 0.0025904190646199917 2.4767334138696196e-05 6.757752173262047e-07 1191.6527712339066 0.18201408832262306 1.230006100926516e-07 0.060074353251832656 5.383716844838269e-06 -7.487874698822721 46.80954606032879 0.0001657329890344091 0.005562400167762631 0.468386207105121
20240402052009 LSJR 94.6204989001343 3.714357 0.002026719397567268 1.8038745746016215e-05 3.9169318567918177e-07 1878.5187493202588 0.14496798463286936 5.678297172233927e-08 0.05592327303294362 2.176896103913913e-06 -7.771172792828921 41.7866230441025 8.24657008480118e-05 0.003621353220557605 0.41810060943310845
20240402052009 RSJR 80.19211117794289 3.714357 0.001425377456641444 1.689902809426985e-05 4.820989938497427e-07 1326.777304416082 0.17249672394720067 8.316049705732225e-08 0.07449235606526156 1.8769645362228299e-06 -7.854520624715083 28.99497214752772 9.385418345991337e-05 0.0033801989748620787 0.29018492983379557
20240403230748 ISSR 149.98247049265257 3.779242 0.0013654614666495579 1.490727132084153e-05 2.619421647910999e-07 1619.9116805367294 0.15611124953229202 4.089211865073215e-08 0.06859596584814505 1.398582222680642e-06 -7.929821278530361 24.02014964276333 7.343493918551857e-05 0.0028194470368314625 0.2404803924379853
20240403230748 JMSI 80.05794972470147 3.779242 0.002463652730547521 4.594912090856778e-05 1.1501444404290976e-06 1103.732646859512 0.1891245571412515 2.175205579446256e-07 0.11718650026879776 7.702829274551997e-06 -7.152939730617028 36.55763076038901 0.00020634410136290593 0.00646376463737845 0.36569972791315963
20240403230748 PASMI 167.1438688708982 3.779242 0.0043202364928875735 6.118877435845847e-05 2.5195381174569695e-06 675.1847693296146 0.24180682232205233 6.092415059015556e-07 0.08899059314144778 3.0956778500614295e-05 -6.845692278193161 82.10015924891891 0.0005051967333827064 0.012902670138135116 0.8216359818368817
20240403230748 STSI 124.47713028141014 3.779242 0.0015160393336682222 2.8512290764317335e-05 1.2888823243146557e-06 575.0219842979932 0.2620219315797443 3.377154361959165e-07 0.11816844222037616 3.593147573456547e-06 -7.6324187514169655 27.142246015465116 0.00017221987790082415 0.0043189066444398495 0.2715077273563914
20240403230748 UMKSI 101.94976755978286 3.779242 0.008327296724397849 0.000159356907320595 4.582809166598451e-06 1416.8387384295859 0.16692433589019404 7.6498237664594e-07 0.12023937801336648 0.0002531840210738867 -6.019109581249421 214.6117556325077 0.0010367635023120852 0.0391729869953941 2.1462446354397735
20240406160036 CCJM 120.99089158750448 3.154815 0.001796017228605347 1.862203571261337e-05 4.5817442134753124e-07 1975.3123936935185 0.14137153515760698 6.477282131584875e-08 0.06514731558010932 1.5743741062405533e-06 -7.746601153823164 34.36546530673356 6.788295026432616e-05 0.002982862678862885 0.34385278763984894
20240406160036 CGJR 78.94593107700334 3.154815 0.0019578203027504418 2.7837321234126577e-05 6.815749952260591e-07 1431.968184997441 0.16604017553094427 1.1316883184483735e-07 0.08933764121445897 1.3480110391648669e-06 -7.5462924241127896 16.12102159979181 6.297412432368016e-05 0.0021709757866372366 0.161282885854579
20240406160036 JSJR 106.37856401561895 3.154815 0.0007763898897524332 1.1338371073413406e-05 2.5138345148256615e-07 1476.5754638069866 0.16351290885939035 4.1104439391027817e-08 0.09175942071906389 8.103929038907272e-07 -8.255532991036215 15.733699654890309 5.745210576302034e-05 0.002132235316910768 0.15736633047966242
20240406160036 TSJR 85.22442274027608 3.154815 0.00244228852889023 2.462561418529473e-05 5.718137243277654e-07 1014.9557466056609 0.1972224342869364 1.1277449467060107e-07 0.06335340620038236 2.299404385814879e-06 -7.613592393910899 29.390154222139948 0.00012212696036189598 0.003585246195316379 0.2941753266763896
20240408133132 BSJR 103.12836625284322 3.399204 0.001281382805732982 1.980121963808752e-05 4.6585580347417575e-07 1144.071934575738 0.1857604277172595 8.653757330793048e-08 0.09709411718155461 2.68836663240037e-06 -7.862606243328089 24.57618978538984 0.00011955807768053779 0.004037015896276643 0.24582618372893575
20240408133132 CCJM 74.396234983777 3.399204 0.002475567267301858 3.605503505872256e-05 9.099903777061767e-07 1146.5623429516202 0.18555857615158208 1.6885651879879854e-07 0.09151052751546472 8.048273120609633e-06 -7.319042230123459 47.498884511575795 0.0001956587195902026 0.00666513922388391 0.47518027090536347
20240408133132 CLJR 76.9793406523306 3.399204 0.004270650529152835 7.67254602719405e-05 1.7324808078521205e-06 1936.7609553626141 0.14277161024868848 2.4734907466199593e-07 0.11288216663396182 2.4200266938687905e-05 -6.724341407992356 58.19803378954295 0.00024462310246970657 0.010477490073299612 0.5821325232136554
20240408133132 CNJI 65.27470273586007 3.399204 0.003006589756004599 5.3727524852495594e-05 9.09206075622781e-07 1473.0961686574499 0.16370589494984347 1.4884239430366243e-07 0.11228003224255316 3.99879269732487e-06 -6.957675695586335 33.77857156430815 0.0001255081648442135 0.003936403461282924 0.33789250344743316
20240408133132 ESJR 9.692548958379911 3.399204 0.021231628187297506 0.0003124123485323263 6.76079846069845e-06 2757.7565198555108 0.11964702607839935 8.089094297379896e-07 0.09245379868013016 0.0002606874896063758 -5.422512629736893 197.86435175056732 0.000591119262442772 0.02996997399075614 1.9796755571550948
20240408133132 RSJR 2.3234180464528427 3.399204 0.0077004158401728666 8.926572335598226e-05 2.9054418663213255e-06 924.4899468885932 0.2066468416068078 6.00400385147491e-07 0.0728367263621018 6.122180968214012e-05 -6.390988815858518 125.7897795094682 0.0005349234122536883 0.01759569739707165 1.2581950274920863
20240408133132 SSJR 40.0181716999577 3.399204 0.008814824103271722 0.00014452998862798992 4.211405158388255e-06 862.4474830914469 0.21395061480492428 9.010327228297966e-07 0.10302062643055625 5.050854314673836e-05 -6.145434300467538 98.67063215235831 0.00046640172016052797 0.013639393324705235 0.9903184897052666
20240409005832 ESSN 142.18140952415126 4.682515 0.008208867255072206 0.00013537668134024614 5.852784497209211e-06 399.34636394671105 0.31441626264734646 1.840210627692849e-06 0.1036192630117376 9.684498086041681e-05 -6.175242270122824 131.4506231925077 0.0011433126621670554 0.02295726194225984 1.3160863699230956
20240409005832 KBSR 211.9511723226167 4.682515 0.006317916679897862 0.00016106378134818876 5.608015222214602e-06 761.6040507717757 0.22767494782221534 1.2768045731038987e-06 0.16017836824370488 0.00014863804070606646 -6.153236671532001 96.27874131841007 0.0010818561767634116 0.028851366277491963 0.9641362185758251
20240409005832 KTSR 193.378462411274 4.682515 0.0008262907831315885 2.0503351854607445e-05 5.982686562370313e-07 810.0327005817087 0.22076417192881267 1.320762844851317e-07 0.15590922923351422 2.8761566965702142e-06 -7.924351188826208 17.565125195381242 0.00014167641504322793 0.0040519949363821365 0.17575105588344217
20240409005832 LLSI 178.78978390245348 4.682515 0.003944729560264801 7.863417408389361e-05 4.430276979798064e-06 429.558090403149 0.3031579187208164 1.3430735485523253e-06 0.1252489124280946 3.824485345383466e-05 -6.746039779741442 62.24053367915725 0.0007061047609941739 0.014109172754023978 0.6229336889182056
20240409005832 NBSR 225.9283455441592 4.682515 0.0022438393567752405 4.8290075373961494e-05 1.6287125936886727e-06 822.4255550580649 0.2190945477210277 3.5684204908176174e-07 0.13522157509008428 1.1698395049203764e-05 -7.081282250365395 42.58560634975541 0.0002561723845887423 0.0075180457161779955 0.4258650435034815
20240409005832 PPSM 122.14758087042131 4.682515 0.00699008412703726 5.9141510028676534e-05 1.963775213850372e-06 887.2544607200707 0.21093846077563236 4.142357209189357e-07 0.053160600087669554 3.156252442591709e-05 -6.651673632039996 148.1866043030151 0.00046047819381014535 0.013785378948551483 1.4839954846016838
20240410130112 ESJR 107.90458279320508 3.496996 0.0013880175507644025 2.3523547142024516e-05 3.716251090339858e-07 2279.429813066569 0.1316032929571981 4.8907088094450325e-08 0.10648482484541894 1.4268010889624522e-06 -7.61863755450498 17.452346739917957 5.762494761502108e-05 0.002704479843144012 0.17479019204243942
20240410130112 RSJR 98.66122217377574 3.496996 0.0015835685093573862 2.7424461063100825e-05 7.14702125392504e-07 1402.095655260537 0.16779964843685738 1.1992676537793695e-07 0.10881308247214297 2.1268899603331397e-06 -7.61306280802519 26.90961693278198 9.017911280073408e-05 0.0033888716236996994 0.26943394187808567
20240410130112 TSJR 78.95006040916134 3.496996 0.0036863203133003157 3.675537223478711e-05 1.0164642885410867e-06 1181.3907067692978 0.18280290509777827 1.85812624873457e-07 0.06264805962528322 6.889965025790968e-06 -7.161277079790144 59.901759829897074 0.0001916625024497403 0.006323251820277358 0.5995124042913771
20240411014756 LESM 89.35833426537971 3.944904 0.004475948299529701 5.6508214445075e-05 9.440264223803953e-07 3929.129596071105 0.10023783815226123 9.462716773802426e-08 0.07932432614861853 2.810100204562983e-05 -6.829276191113354 107.08322835775328 0.00021070581718835935 0.013078650099225422 1.071307651788971
20240411014756 MKSM 68.0606079445297 3.944904 0.008623046612327897 0.00020883695157125406 7.792589060192903e-06 1084.7498759617695 0.19077218934220802 1.4866092756571393e-06 0.15216910271976883 0.0001577440552766915 -5.984979483382823 115.86403827337755 0.0007545764191069413 0.02516669500021914 1.1589964542854903
20240411014756 MKSR 71.3495376507107 3.944904 0.00875199055876288 0.00012534329366562845 4.26724651287476e-06 882.0948792432164 0.21155447574632644 9.027550989115595e-07 0.08998583074622239 3.6992713516638244e-05 -6.100082965218901 88.14100200257934 0.0003714836685752618 0.011253284155207747 0.8817416117604997
20240411014756 PPSM 128.30674248764413 3.944904 0.00316019980937731 5.314024516704006e-05 1.5786543451675593e-06 1280.295846193395 0.17560007623983534 2.772118233677708e-07 0.10565471419329567 6.330051620583276e-06 -7.081197904196754 66.45178045344448 0.0001604662930968943 0.005824461646933726 0.664855348094597
20240411014756 UMKSI 159.6148570747032 3.944904 0.007453897721005779 0.0001645775829179998 5.268914912508535e-06 1008.1559409841013 0.197886429031785 1.0426467569086338e-06 0.13872895625699244 0.00018850359548621396 -6.088038086475342 155.82872986761424 0.00105360700040084 0.03388327085823302 1.5588488812245131
20240411192302 SSSR 109.01932526169159 3.333721 0.00031217899768683503 6.159998645676288e-06 1.945709938609055e-07 823.3133143389804 0.21897639362641305 4.260645453996804e-08 0.12398147623494538 3.3318683273081106e-07 -8.906746223445067 6.837102541536812 4.84068628843845e-05 0.0014197417379232218 0.06841645579249273
20240414161612 LPJR 116.67185152602627 3.228003 0.00044867370088512556 7.066252241692879e-06 1.907098421038475e-07 1223.9733790176356 0.17959485142488724 3.42505057579042e-08 0.09895514752534366 4.925327674601694e-07 -8.751745888994037 10.854664045440831 5.0066410764353614e-05 0.0017378241999625285 0.108667043117148
20240414161612 MGJR 173.40814620622686 3.228003 0.0007304918748085325 6.712090885474232e-06 2.120233883854346e-07 738.880118212706 0.23114945723262212 4.9009091145914645e-08 0.057732758277591605 2.8954660656699985e-07 -8.772553292935322 8.741496050285068 5.0302941676695924e-05 0.0012614615062554967 0.08744643215661331
20240415084523 BTSR 105.06897746853919 3.143752 0.0017001901359817715 1.7841076018843903e-05 2.95842946215163e-07 1578.8416646662854 0.15812865575736718 4.6781247400302804e-08 0.06593308850197678 1.3006723326081516e-06 -7.7402315316421 24.796175654522564 7.287775844283873e-05 0.00256388364371551 0.248175994307325
20240415084523 KBSR 48.991270671199004 3.143752 0.001584463592726788 3.6332516315160565e-05 1.9772727047460723e-06 405.25350568970714 0.3121163202866084 6.171390808084936e-07 0.14407647719529704 1.7105765122159968e-05 -7.546034429429669 30.257976227582212 0.0005189675733637976 0.010730377887310821 0.30261213131537984
20240415084523 MNAI 193.91001747931583 3.143752 0.00043245284091702774 5.420746211424146e-06 1.3670941185035148e-07 749.64744271572 0.2294834320923841 3.13725450307499e-08 0.07875899919479178 3.2992654100081474e-08 -8.995799821416844 2.963309074905678 1.659714379275347e-05 0.00043450351466118117 0.05930091602416308
20240415084523 SSSR 143.31765181478022 3.143752 0.0010093136531823584 1.6423211599614853e-05 3.5425720925817155e-07 936.0315308209833 0.2053688773884418 7.275340537211301e-08 0.10223787372145797 7.324555792588466e-07 -7.9463028351199885 10.669425470864848 6.912962784954625e-05 0.001871451447570363 0.10671967189870449
20240415084523 UMKSI 99.29764630546443 3.143752 0.005941807166659773 0.00013685096005409573 6.398779852834068e-06 697.4936395325307 0.23790838153842597 1.5223233586084408e-06 0.14471353872103035 0.00012736131975058236 -6.368394744060378 97.70048240150653 0.0008655123045596558 0.023473029753208505 0.9771700759190218
20240416031705 CILJI 69.28727608586821 3.182758 0.018921640604084876 0.00013573024855100527 2.057405397668173e-06 3784.9078193096266 0.10212973733420419 2.1012227285382442e-07 0.045071054951302696 0.0001158187198115455 -5.853552877624682 315.08525978295853 0.0004272673810348951 0.024687210098992905 3.1545494834011762
20240416031705 ESJR 51.93481062193885 3.182758 0.004324831733350936 7.285631534144201e-05 1.4573601571727621e-06 2406.467064853957 0.12808253284982538 1.8666238020510697e-07 0.10584683019191252 1.0830347975438413e-05 -6.735679777054548 47.12499454604773 0.00014395349799352898 0.006968630892893117 0.4715599855601761
20240424231251 PSSM 110.65078156409841 3.886929 0.002459570657704465 2.9817396144280078e-05 7.515862605335785e-07 1356.755384815727 0.1705803854393828 1.2820587401276222e-07 0.07617110928089672 7.637951417619735e-06 -7.426196607836004 56.64659467475839 0.00019283720778927516 0.006618204931606681 0.5670613573893789
20240424231251 SUPJI 154.26645595468386 3.886929 0.0019710989126118387 4.2279295951462447e-05 1.7156110927177928e-06 533.629425460819 0.27199441316969886 4.6663663239120186e-07 0.13477185209753065 2.019009201193152e-05 -7.262812035896283 47.54042740066251 0.0004977887963758919 0.011350300388258485 0.4757108526995171
20240425042634 JPSI 184.3695643579775 4.628568 0.0015296534920493116 3.065757762380661e-05 9.766560518255198e-07 640.51427812268 0.24826497882578577 2.424694940265382e-07 0.12592867749515757 6.830283507147916e-06 -7.436749867976556 31.887440853030864 0.00025499819692509075 0.00646031548746486 0.31895533693986317
20240425042634 JPSR 184.3912100610602 4.628568 0.0017033691014990912 4.0615774151030535e-05 9.764395430988854e-07 927.7328418554705 0.20628535788418878 2.0142518060042736e-07 0.14981863599667722 1.0248011355956092e-05 -7.317517048493108 35.38770418882591 0.0002600943892110421 0.00756754160935888 0.35401497182913255
20240425042634 SISMI 157.0109843980273 4.628568 0.009683786983168519 0.0002476554439355045 1.0391843452942e-05 638.6879640008262 0.2486196795529558 2.583616789234922e-06 0.16068765755413777 0.0004557947026140778 -5.857306260225692 187.59755614528012 0.00187724816506831 0.0486818811015334 1.8785126821333407
20240425042634 SIUMI 227.3841685050308 4.628568 0.005378162338052958 8.441413136014289e-05 3.255290338354924e-06 451.1062925407955 0.2958287822354063 9.630085766182209e-07 0.09861911867695554 4.160473033922612e-05 -6.626105997924055 63.634604049625615 0.0007271832721456142 0.015383451855940127 0.6367397024402246
20240425042634 SKSM 182.5749773261216 4.628568 0.00463155393182364 0.00010113752833683029 3.226550265629521e-06 551.3613938898878 0.2675849549935381 8.633763076128638e-07 0.13720359114985436 4.42142069598749e-05 -6.628810460698236 68.37180080723638 0.0006671196567089257 0.015336452446555241 0.6840399286189456
20240426095943 MBSR 37.37852560687675 3.813442 0.005070699988303939 6.581400777715956e-05 1.539056410274908e-06 1076.0713200049652 0.19153993693914134 2.947907677698371e-07 0.08155118773066433 1.0067655206417468e-05 -6.673335646281745 57.9048271743778 0.00021709435355663813 0.006794717292179548 0.5791576796569633
20240426095943 MKSM 85.70497096514684 3.813442 0.001418536575852456 2.076753754475241e-05 6.404865034981988e-07 1302.6866827977608 0.174084410683092 1.1149871551195809e-07 0.09198655077968242 4.583394480322486e-06 -7.726615459694666 34.09463031249908 0.00014877524375356166 0.0052768311629872965 0.34109647752061245
20240426095943 MTSM 95.61109534965517 3.813442 0.0070478124712029895 8.322575368362625e-05 1.2247127864963993e-06 3552.0501656510764 0.10542420216205375 1.2911436839404858e-07 0.07419647370876346 4.657973544391215e-05 -6.431142004266165 143.09378551837375 0.00029170794086140456 0.016606605049908234 1.4328021694618749
20240426095943 SSSR 17.510690348068618 3.813442 0.004809846865899571 6.76174040332071e-05 1.3411672664124034e-06 1780.8266745015019 0.14889120414500623 1.996880092560091e-07 0.08832977252210579 2.7971551887890213e-05 -6.723700416097032 72.97044582697731 0.0002986450985969607 0.01267142139282296 0.7298760005524049
20240426095943 ULSM 46.04348732623936 3.813442 0.003132513801372509 4.876732249495843e-05 9.376236297922591e-07 1658.6924533560862 0.15427548983170383 1.446523447639809e-07 0.09781732614763138 5.166179458011222e-06 -7.120808311980127 40.79178513676118 0.00013131683994102561 0.004864458620555845 0.4084481770028957
20240426095943 UMKSI 65.91196567605763 3.813442 0.016615742223732993 0.0002871920359795924 6.33722168354248e-06 1568.7914639763853 0.15863435954474814 1.0053011030618518e-06 0.10860067257353974 0.0005006318081343094 -5.549759250017085 253.59231538337127 0.001308195102617217 0.05067303353615417 2.536693956598061
20240426095943 UTSM 9.336630886544244 3.813442 0.004580608184995259 6.330973255584338e-05 1.7350195034579802e-06 1848.6246347591396 0.14613542275821328 2.5354780863157723e-07 0.0868414772298967 1.3495772364489079e-05 -6.86430241462835 77.58456129623488 0.0002026706625745375 0.008508329076569683 0.7763287931664461
20240427042244 ASJR 136.88366014897522 4.724402 0.005049244078003259 0.00015495008683104894 8.346917532625369e-06 181.17565752764136 0.46679903039414117 3.896333011009379e-06 0.19281700268053856 8.475931895939627e-05 -6.305022638009136 59.71079190411627 0.0014704732597525618 0.01970135499061148 0.597124824949013
20240427042244 BSJR 97.54228625909867 4.724402 0.005374801249174171 0.00012357312743082927 6.334451272677442e-06 203.10835198720306 0.44087551216324317 2.7927044491147746e-06 0.1444579664699071 0.00011723961729461242 -6.36627165396913 114.7278931483556 0.0018953966228540521 0.026180387327751135 1.1477171661227858
20240427042244 JACE 185.8268954200767 4.724402 0.0013154031484705958 3.376412120179546e-05 1.7499748878435502e-06 207.7449686323009 0.4359278455772872 7.628627826719936e-07 0.16127848750522755 7.278011167713978e-06 -7.592623344082086 34.11048743206597 0.00046767101263919044 0.006604711543532149 0.34164207856240403
20240427042244 JBJI 143.8608996770106 4.724402 0.001988268580025975 3.5448685550669845e-05 1.7879608654131931e-06 241.7410664147098 0.40411470279549555 7.225412737364296e-07 0.11202242113984837 1.1036360417145899e-05 -7.419892381798692 34.35364384259556 0.0005243094059902008 0.007964045551613955 0.3436934727366297
20240427042244 MLJR 84.43593263477672 4.724402 0.007073654015827887 9.264860748804943e-05 2.70360934092412e-06 1134.467863559507 0.18654506713784755 5.043449860172018e-07 0.0822952844452104 0.00010077377195119886 -6.43542234435666 178.09045361607735 0.0007517912864512324 0.025070199059380047 1.7819714834558522
20240427042244 RLSR 152.05560991952552 4.724402 0.000641205059035593 3.318510670952994e-05 3.212046021524312e-06 101.12781810881071 0.6248050768841956 2.0069026614340722e-06 0.3251817370376222 1.5477499890577833e-05 -7.801273209066727 15.740248266087331 0.0009655640383287878 0.009772546814714865 0.1575433938798041
20240427042244 SADLY 102.48507518673186 4.724402 0.003991353148191874 6.664077346067371e-05 2.735081817860742e-06 431.3987249013197 0.3025104905208601 8.273909423357388e-07 0.10490585851990353 2.7942817897414348e-05 -6.830719124882676 61.16378293354096 0.0006070150779948624 0.012351683245395487 0.6120314373669101
20240427042244 TASE 169.64424392171443 4.724402 0.0013552831847411847 4.339862235739527e-05 3.333135090804906e-06 192.33981046620679 0.4530491046773928 1.510073868657963e-06 0.2011989740726362 1.3794722997695628e-05 -7.435983880796183 31.643146803176627 0.0006429537401514305 0.009208891947563237 0.31650588714889205
20240427082712 ASJR 138.59072817284408 4.88712 0.0029308321693674597 0.0001579464476310067 1.2884289600812053e-05 81.81924758536361 0.694627747628783 8.949785065209027e-06 0.3386092214521227 0.00018539525385193148 -6.406397572153745 42.862071137752864 0.003458024936460863 0.030157302165693883 0.4287990777966717
20240427082712 BLJR 106.85537093346755 4.88712 0.0034939711807741433 0.0001065648820196828 7.574150427624886e-06 149.83351977843407 0.5133048615021328 3.887848236248312e-06 0.19163492379437547 8.02818918880894e-05 -6.625232411372794 72.73829649856404 0.0017623133370800181 0.021188769723635245 0.7277435395739122
20240427082712 BSJR 101.2778604106585 4.88712 0.004558278391283008 0.0002114252808161988 2.021446145251687e-05 97.70368210282162 0.6356592963867439 1.284951034374383e-05 0.29143112902692847 0.00042150377017889195 -6.124217927224785 90.40582507528165 0.004825520595260313 0.047956531695414736 0.9047736001530493
20240427082712 CCSR 142.5891138340085 4.88712 0.0015644073516227742 0.00010616191611529935 1.1421473216536438e-05 81.31687898746965 0.6967701187487626 7.958141249371905e-06 0.4263819080278286 9.767130930150487e-05 -6.795404001749339 28.096545726198762 0.002419007545085221 0.022425207717579637 0.2810654185696825
20240427082712 CPJR 78.42993514698742 4.88712 0.005999395004200464 0.00015484601058080437 1.1452324558291717e-05 177.1022750014536 0.4721367414588437 5.407063199080943e-06 0.16217071519303072 0.0002539125519869022 -6.275868325212936 114.05141704603615 0.002805456039995498 0.03913815264285975 1.141517865569163
20240427082712 MLJR 89.2876979999659 4.88712 0.00525376583678846 0.00010468321443146911 7.287934278398025e-06 176.9633978047954 0.47232196667673976 3.4422514513837815e-06 0.12519477556811034 0.0001306483130671104 -6.508404499414288 113.97884656297165 0.0020861865558794435 0.028027681988049023 1.140373264061047
20240427082712 RSJR 135.7469016333832 4.88712 0.002408471088993041 9.177512672323211e-05 5.740804616476518e-06 199.64810358356678 0.44467966900099076 2.5528190966541375e-06 0.23942165236164173 2.472566767324327e-05 -6.703472983539025 31.987070174828716 0.0007252036131486034 0.009895127414876321 0.32003336333260257
20240427232916 CSJI 40.07630200382629 3.424363 0.006478855912389735 7.919752539933799e-05 2.157114986341578e-06 1291.5529691444367 0.174833139888194 3.7713518616197674e-07 0.0768056482013284 3.3436962083514306e-05 -6.586868887288988 97.1899093520617 0.00034975146166538 0.01234090150120942 0.9721946422089336
20240427232916 ESJR 50.86338687676737 3.424363 0.010137638412352604 0.00015945835728740373 4.561717204944762e-06 1767.7543876029995 0.149440704559985 6.817062331103507e-07 0.09883035544002 8.902858150686973e-05 -5.992625815880185 100.12698294839913 0.0004111656117027066 0.017014243244547377 1.0022839120034615
20240427232916 KSJR 96.78661584750327 3.424363 0.0007513338683867966 1.5924003145285775e-05 7.012121689946399e-07 457.7887008397995 0.29366171702518523 2.0591916954592031e-07 0.1331677790710644 2.066211287161462e-06 -8.136612565698128 14.92746774037159 0.00016928746863034816 0.0035292835909135076 0.14930747629680213
20240428233810 ACBM 127.72589257780955 3.613136 0.0031758167527749306 4.643183435139341e-05 1.3135587254707713e-06 1057.954498407819 0.19317297735496808 2.53744049929786e-07 0.09186292601018564 1.0674873841801402e-05 -7.101712039763069 45.63357857160473 0.0002256066310164791 0.007249514327240282 0.45662590585468216
20240428233810 CCJM 152.30747945789037 3.613136 0.005521406795175289 7.467875977930461e-05 1.8441817500994632e-06 1400.286201031782 0.1679080290521912 3.096529228732215e-07 0.08498205323573231 2.0258097853779775e-05 -6.595763183268752 73.91531859625294 0.00026183187441987767 0.009702254237192056 0.7395544393067637
20240428233810 CGJR 84.19778375833391 3.613136 0.004954902626928326 4.051253641399757e-05 4.980496243981393e-07 3428.9310102891923 0.10730019092620544 5.344081978864525e-08 0.051372911380663876 9.655225497471591e-06 -7.01114206490201 83.79346757671273 0.00013275896054563272 0.007451136052508547 0.8383369619929635
20240428233810 GCJR 135.06478724530115 3.613136 0.002433297281889036 2.2663776369928174e-05 4.6769467677120237e-07 2113.913247653263 0.1366583862975303 6.391439980749754e-08 0.05852170540468733 2.89584955450224e-06 -7.396364275835426 45.17117597939458 8.731073373823346e-05 0.0038345763571233935 0.45175618566162645
20240428233810 KCJR 164.31665831047766 3.613136 0.0011644287740404046 1.7526788701133315e-05 3.402616220095536e-07 1499.887352434155 0.16223723903001 5.520310610270286e-08 0.0945734627175924 1.7616469141136377e-06 -7.883348006116962 21.293298480450567 8.34619803838212e-05 0.0030743324150249293 0.21298034509107644
20240428233810 LSJR 175.72686673672203 3.613136 0.002008813295065581 1.7784067720316257e-05 3.730105382868158e-07 1988.568615655005 0.14089954085575868 5.255701357897174e-08 0.05562517595669832 1.7730492524111233e-06 -7.786368166828572 30.62035522143573 7.36640823533921e-05 0.0031224197104908298 0.3064065245594257
20240428233810 MGJR 86.44609231400328 3.613136 0.005727156820451967 6.429888635480628e-05 1.192413386128191e-06 2146.04816063722 0.13563136619741797 1.6172865663265584e-07 0.07054142756660998 3.28947061524959e-05 -6.710392608075622 126.85801944706513 0.00030778210534265456 0.014192702150158321 1.2687398551647648
20240428233810 PBJI 128.02665430348566 3.613136 0.0012811924648448959 2.1958505854322655e-05 8.43905219630064e-07 662.7230859366325 0.24406967261991835 2.0597167067735002e-07 0.10768823977449785 1.431906096033714e-06 -7.855860291324612 22.018332523503698 0.00010613463169737205 0.002754318968905195 0.22053886945893486
20240428233810 PGJR 60.260661903783586 3.613136 0.010449195927690471 0.00014906965742192285 3.470094583345703e-06 1349.7736178145688 0.17102098392058612 5.934589899412785e-07 0.08963678045098526 7.056569908310689e-05 -6.062740577492824 137.3307988918151 0.0004485275276534354 0.016820890303885436 1.377282190271592
20240428233810 SCJR 145.42428680530608 3.613136 0.006536298069982968 6.88982733034434e-05 1.4942737523015788e-06 1999.3837417362918 0.14051794512495142 2.099722771275685e-07 0.066230244379196 1.4800310874692183e-05 -6.560289682053957 74.48858226805939 0.00018320034126349883 0.00827085596960423 0.7451510994351744
20240428233810 SICJI 124.97398107620118 3.613136 0.008950429229526206 0.00013264488963665174 3.739594527519677e-06 815.3345172306375 0.22004522767886267 8.228799292346962e-07 0.09311647522870654 7.837048516195358e-05 -6.073008777607716 165.1814491504303 0.000730210107852172 0.021055939684737825 1.6524931894301995
20240429220350 ASJR 132.0975840130749 3.522049 0.0008726757752402295 2.4831129459512436e-05 8.212895662795129e-07 348.68627621893 0.33648246825022515 2.763495404098874e-07 0.17878184797525065 2.414368020657235e-06 -7.7745646003814795 11.393945399497408 0.00020326449066363818 0.003467984668871462 0.11399200391767879
20240429220350 BSJR 94.48217585568756 3.522049 0.000988567943804914 2.5644444558926496e-05 1.3085562305296068e-06 435.42924513633886 0.3011071519368588 3.940156397240015e-07 0.1629921324813117 6.429596136248142e-06 -7.7497912627053696 24.238072108020667 0.00029416010390633966 0.006091835271184186 0.2424575030383036
20240429220350 ESJR 129.99376763087238 3.522049 0.0004330540889707791 8.061813761562546e-06 2.1649425298206595e-07 1070.9885520074906 0.19199391037549385 4.156557820384826e-08 0.11696892158726602 4.172089739411024e-07 -8.690290911884095 7.8889914664590854 4.733377569081314e-05 0.0015045168992233147 0.07900990014711665
20240429220350 PASJI 121.78877719818755 3.522049 0.00997577682969547 0.0002018706744300765 6.057340608800013e-06 1001.1659211659512 0.1985760370362924 1.2028426930745094e-06 0.12714707608071166 0.0002366991225159679 -5.897735581275364 162.6275687016469 0.0011436469941440122 0.034509694198228774 1.6272441562690858
20240429220350 TPJR 83.58537235259566 3.522049 0.001148682385514605 2.4377432429937372e-05 1.1853561148293356e-06 335.5515166193662 0.3430048534938793 4.065829005051103e-07 0.1333422773797711 4.898580810097098e-06 -7.791409300652558 20.81345160638653 0.00028844760219719695 0.00544544461323394 0.20815891777114479
20240430220141 CIJI 93.06656667043593 3.499657 0.0024149681544996617 5.0030145220349005e-05 1.3548308833300157e-06 979.6849809454324 0.2007412588482401 2.7197045704614046e-07 0.13016679858856578 4.99055956531049e-06 -7.002093301286479 33.55794674990263 0.0001584127040952685 0.004851235184197868 0.3357037724088435
20240430220141 CNJI 123.62003221108036 3.499657 0.0009905928944582971 1.089764400239279e-05 1.9081470735550674e-07 2027.1280321644515 0.1395530326626874 2.662877108810417e-08 0.06912215609637679 5.972087722809436e-07 -8.281982142746731 23.693370554251963 4.454972203963949e-05 0.0018087563044985747 0.23711612644102598
20240430220141 PGJR 55.15487760146172 3.499657 0.006034916024788171 8.120893960800227e-05 2.456361703490097e-06 907.2079100259098 0.20860583603687866 5.124113867655231e-07 0.08454977899622791 2.6739807797768986e-05 -6.572855458135121 69.66530333981521 0.0003476905997634968 0.010019682383908018 0.6976227314317073
20240430220141 TSJM 153.2204147081206 3.499657 0.009995641624733051 0.0001285314464866862 2.407704664082924e-06 2223.5863655576604 0.13324559704821864 3.208160454815099e-07 0.08079390262225951 2.738422307122065e-05 -6.200229231521746 88.69714119510131 0.0001757155535119908 0.008500922595693178 0.8870987767111376
20240501030611 CGJR 43.790151436737844 4.171044 0.0026622760130200008 8.360815447067981e-05 7.863342756931391e-06 115.12213024777937 0.585599179720278 4.6047670683184115e-06 0.19732196254687512 7.326177815312699e-05 -6.796431864738823 57.30887267658245 0.0019152547234862723 0.021103391258027376 0.573321724171338
20240501130428 LPSM 38.02717751228027 3.195725 0.008727670853499517 8.192843684614237e-05 2.319458040551514e-06 1022.6148310858787 0.19648247713855463 4.557328614264996e-07 0.058981549519075346 2.7573124068237382e-05 -6.497501292414834 122.05955447896261 0.00033815155782034956 0.011134184690134392 1.220897664507833
20240501130428 RASM 40.406508365238565 3.195725 0.012320390161430756 0.00014136407652666006 2.5376239342930533e-06 3911.7912704171135 0.10045973582273465 2.549290300565287e-07 0.07209322732131507 4.867619595388331e-05 -5.93977182940625 118.16141771758487 0.00020888106131391684 0.012778869919554077 1.1821781459757843
20240501130428 SKSM 70.25655667162691 3.195725 0.003310779511576483 4.5556673454004784e-05 7.713921479690539e-07 3204.460728361908 0.11099473830525547 8.562046959455404e-08 0.08645728907325596 5.197755225036085e-06 -6.94581989353501 47.6107977225262 9.661964131149741e-05 0.0052808423295258216 0.47635925357579323
20240506182748 CLJR 115.97655808961683 3.219265 0.0010968674720041132 1.8705194712329618e-05 4.979105656752217e-07 1737.497188193602 0.15073628692915408 7.505318989267763e-08 0.10714895608099684 1.99211721203636e-06 -7.8940859033777 20.082030530102895 7.797771189132539e-05 0.0031827080045546295 0.20092793219667343
20240506182748 GBJR 169.58097451923027 3.219265 0.0001838508664091175 2.72869567756985e-06 1.5950727780498104e-07 259.9142404836095 0.38973089153184454 6.216491358475286e-08 0.09325439103952507 5.522918983646488e-08 -9.582863093160775 2.7107576809461746 3.5406829333411406e-05 0.000568945815421992 0.027119743003470673
20240506182748 SPJR 54.41320561286965 3.219265 0.0021572819543261706 2.6530521346478668e-05 3.9189282038277663e-07 1345.724227479694 0.1712780984607268 6.712265707557314e-08 0.07727139309802315 2.230157414377892e-06 -7.490875519697652 39.50432578409434 0.00010363019680975333 0.0035346011852033492 0.3951816422557973
20240506182748 TPJR 70.3708268867187 3.219265 0.004335839604105711 6.120997278918246e-05 1.1678133634848283e-06 1983.720061280633 0.14107162717180852 1.647453314197874e-07 0.0887010675666306 4.6016255430094225e-06 -6.8056215882330555 34.96638164842405 0.00010462335671588207 0.004443102471350805 0.34989642600575
20240507011606 CNJI 85.63967450138881 3.645027 0.0031613414336462376 3.686893324514561e-05 8.080896493422678e-07 1818.757781339204 0.14733042313488892 1.1905618996852033e-07 0.0732772288345007 6.881600732249913e-06 -7.2149021750948705 49.56231958180922 0.00015184057689288945 0.006116869874597546 0.4960782244207662
20240507011606 ESJR 126.1612283973436 3.645027 0.0025585863990368047 3.618991989641508e-05 5.552797758414464e-07 2825.7269996453274 0.11819926275100306 6.56336601250012e-08 0.0888725012556789 3.662597853707259e-06 -7.23878492101965 28.030246801897228 8.481547773609742e-05 0.0041614858609172675 0.28041493445809507
20240507011606 LPJR 135.51950078599947 3.645027 0.002631303333416818 3.581898095184006e-05 6.33461852439142e-07 2832.750318399678 0.11805264441216996 7.47818468146725e-08 0.08553072995294086 1.0636109582831395e-05 -7.295927295881604 51.75160520099672 0.0001485672402823147 0.00794319054538659 0.5177155144568556
20240507011606 PBJI 109.65800248449501 3.645027 0.0015280778613931823 2.0362960683700735e-05 5.041287045713122e-07 716.3226641631422 0.23476076833328646 1.1834964202402564e-07 0.08372888490240571 1.7099423581288503e-06 -7.731651726630773 22.849265862668908 0.00012066121703737195 0.0030117201671383685 0.22854474457712656
20240507011606 PGJR 65.5032947816869 3.645027 0.0028582039496582085 3.7416736076024306e-05 1.3013761241039832e-06 756.6778950714311 0.2284148549590453 2.9725363863437586e-07 0.08225315285272268 5.034228832970091e-06 -7.269947368920735 41.748884732798594 0.00017124570112320874 0.005064117990228167 0.4178510284700134
20240507011606 RSJR 118.42701849011195 3.645027 0.002731134056074505 2.901744183271983e-05 4.5791552812788206e-07 2671.7095995024433 0.12155847496379193 5.566351326146471e-08 0.06675687111358324 2.6546450872639157e-06 -7.411654186917963 32.91217003282731 7.319759432695145e-05 0.0035731264811909623 0.32923862807410853
20240507011606 TSJR 95.68764209739354 3.645027 0.004468348754571817 4.4239190454139175e-05 1.125997800255279e-06 1083.8812318027353 0.19084861836180644 2.148951244571533e-07 0.0622071030553663 9.324221547626948e-06 -6.9944027672271485 61.17388248939426 0.00022150918129785956 0.007167777478390673 0.6122860515004886
20240508141026 CCJM 115.40928164555304 3.295486 0.002750282473458209 3.2293989798807705e-05 8.825516347258663e-07 1420.0030810582314 0.1667382446093506 1.4715511035130374e-07 0.07377755709541275 4.6289619364203054e-06 -7.318352024481352 45.455727155567295 0.00012800219627654406 0.004731738793449886 0.4548874953976751
20240508141026 LSJR 117.91784514381852 3.295486 0.002385176118545023 1.837609033684336e-05 4.1387775426002387e-07 1918.4163376902038 0.14345260402706264 5.937184159747314e-08 0.04840748652065607 1.5478246374325278e-06 -7.693969621838556 30.091075814584975 7.140205960092723e-05 0.002830308555771478 0.3009949796574059
20240508141026 TSJR 89.32563898683192 3.295486 0.0025921069619337577 2.6758404605259002e-05 6.382910501584638e-07 914.2621220069587 0.20779950310383963 1.3263656305855677e-07 0.06486152659915834 3.3012684698138974e-06 -7.402263000465098 38.05629434867028 0.00015596535515373735 0.00431411205917699 0.38075141244797134
20240510152047 APSSI 109.02880962725288 4.749758 0.028518606417886425 0.0006318136746833572 2.9646412951014946e-05 436.2824365212712 0.30081258615968637 8.918014150152826e-06 0.1392004342524891 0.003036288289603884 -4.904391821182409 625.6270245127697 0.0061320201350489175 0.12979949023547604 6.262992032393313
20240510152047 BEPA 90.52379535261205 4.749758 0.015550427315506772 0.00023053303078528374 9.099136578407416e-06 588.1143466698796 0.2590890039683005 2.357486233071107e-06 0.09314739218807568 0.0004198408521475537 -5.6854749710959736 329.2661885597841 0.002007940859514061 0.049509982107497505 3.292919370463888
20240510152047 BLSM 166.7759215501781 4.749758 0.0034681171685193085 8.357093872129522e-05 3.20859392092429e-06 458.26660850937753 0.2935085531323033 9.417497593195923e-07 0.15140540782393241 4.124954613599493e-05 -6.809417092447594 78.76628406403256 0.0007172917507446168 0.015290588228957128 0.7879286625348805
20240510152047 BMSI 182.92169179467285 4.749758 0.004298546355313831 0.00012268191406702956 9.531866033039164e-06 115.60892020690818 0.5843649993887394 5.570088888570477e-06 0.17932415663488901 0.00015476884876564564 -6.425869812896691 83.97779278109704 0.0029510262461838873 0.030682107896173094 0.8398612106510929
20240510152047 KRJI 160.5654384957655 4.749758 0.005831733892155102 0.00019682129581449867 1.2379548507814187e-05 160.7799680572405 0.49552309356755103 6.1343521735616465e-06 0.21205780251140693 0.00022235216343803265 -6.160573189489601 95.84417377147693 0.0028101351517900415 0.03444133876421457 0.9589686431267078
20240510152047 LLSI 152.12618097808118 4.749758 0.005790478947112025 0.00012932235740881385 7.5241725741094465e-06 154.23680745273566 0.5059246673008908 3.806664506270809e-06 0.14032627411004492 6.964665471748665e-05 -6.3352816084507895 68.69880358899395 0.0014230046914085503 0.017592608218079446 0.6873924190437382
20240510152047 MKSM 229.68539811247058 4.749758 0.003251893987892957 8.557744089735611e-05 2.7626125248068892e-06 563.5748500354405 0.2646696032098943 7.311795607633236e-07 0.1653494613521198 4.34974171069539e-05 -6.724854222860937 60.486367277636596 0.0006790597982565211 0.015744315253392017 0.6054435424097401
20240510152047 MKSR 227.3465800593231 4.749758 0.0006976764027371415 1.698804808882179e-05 7.701773167313219e-07 391.2393416174243 0.31765713064704804 2.4465231652231444e-07 0.15299220918262965 2.0993511809102806e-06 -8.023872065311082 12.257781314464987 0.00016458127717569655 0.0032299150202091337 0.12265760746788332
20240510152047 MNAI 179.2398886284548 4.749758 0.002864776459821122 5.768774565912459e-05 2.179596204230983e-06 549.3649452789665 0.2680707296538714 5.842859448190081e-07 0.12652393686324725 6.453303340316176e-06 -6.955465567719902 15.31690826365871 0.0002611171416422507 0.0060774871376638034 0.306415445677067
20240510152047 PASMI 163.6668104843464 4.749758 0.013544597178190843 0.0003779270854746809 2.0123533425223633e-05 250.1185128183669 0.3972893740224418 7.994865997626782e-06 0.1753160968465873 0.0009464723738723986 -5.464043769122143 270.6665084033385 0.004621218576151068 0.07111886644407575 2.7073134337469718
20240510152047 RASM 161.49123772826476 4.749758 0.006085181218030443 8.629977972043922e-05 2.6605580854675138e-06 715.7734004990003 0.2348508253484965 6.248342622596613e-07 0.08910786524247531 5.9592861931225674e-05 -6.53393436286114 119.46929024325809 0.000713154213222233 0.018366082005241417 1.1959218796597642
20240510152047 SSSR 126.92700337521687 4.749758 0.006710925819361195 0.0001393297774064438 3.4777335853792682e-06 1150.250764294303 0.18526082900668853 6.442878070917664e-07 0.1304491859717951 0.00010292264041106801 -6.2379493190551125 108.1519978902906 0.0006979498618660409 0.02294391784318934 1.0824845445463942
20240510152047 STSI 139.4624674080809 4.749758 0.0037510339008137673 6.858919829613397e-05 2.8916024342140636e-06 510.86517560397164 0.2779884288008227 8.038320174038018e-07 0.11489062865360983 4.4950933398363675e-05 -6.796592452083894 74.95011647647064 0.0007374832309326312 0.01615429453179466 0.7498064186947817
20240510152047 ULSM 138.41319103604903 4.749758 0.0032003349469327583 3.9223454225765115e-05 1.674488458367855e-06 593.0178107088511 0.2580156207566065 4.320441790355552e-07 0.07700701188303978 1.870961338008965e-05 -7.116771534547709 67.69570614238825 0.0004357234238911198 0.010662302627535172 0.677575773413419
20240510152047 UTSM 142.55320444419448 4.749758 0.002476720705466545 4.806175393207008e-05 3.4699962826382292e-06 245.22360602500572 0.4012349273135554 1.3922837062426573e-06 0.12192771896998321 1.5920748268490094e-05 -7.164979597802413 51.661981568551624 0.0005799985715167652 0.009324155509401367 0.516668764998896
20240511055948 PASC 89.44734125684107 3.253983 0.0016338390476607568 1.9153546182139163e-05 5.115361936601423e-07 1256.8402085359685 0.17723106014262718 9.066010190371127e-08 0.07365797758616821 1.9495200841929187e-06 -7.7677634419826465 35.905256035540134 9.656157004760016e-05 0.0033611393639439123 0.3590887677816554
20240511193142 CCJM 119.98363293731921 3.421591 0.0026153153565765083 3.760445258523322e-05 7.58895359531324e-07 1658.1083270248314 0.15430266189252462 1.170995740735678e-07 0.09034311803887302 6.194626144947039e-06 -7.19242749680039 51.66607039847588 0.00014319589745372192 0.005608253556628399 0.5168239539269486
20240511193142 CGJR 67.08870498943973 3.421591 0.0018122511789266619 2.3728505615221506e-05 5.451116841958538e-07 1594.8872337953767 0.15733120809242598 8.576307981983068e-08 0.08226817539232593 3.429010876617143e-06 -7.638751213776111 36.15981223413429 0.00011248818519046661 0.004454809902561039 0.3618042223850628
20240511193142 DSJR 143.2980464402801 3.421591 0.0007028869319551385 1.4472763932189706e-05 5.060561128985122e-07 616.4344880591647 0.2530675170821307 1.2806636399546088e-07 0.12937366389793245 1.3194891904862776e-06 -8.17749534800665 10.193915777834327 0.00010847289789791356 0.0025637299440445706 0.10197474413015639
20240511193142 GCJR 99.06833721000274 3.421591 0.002103579265108432 2.5485209840299184e-05 4.462785280135294e-07 1539.1626127634415 0.1601539356626 7.147326266307862e-08 0.07612182658146822 1.9932096427317618e-06 -7.601078373877952 29.218061443830024 8.360436858894784e-05 0.0032047412959987703 0.29221267610247326
20240511193142 PBJI 113.37312483945833 3.421591 0.0009778397191618797 1.0763945411810063e-05 3.8027473812392186e-07 985.6126826778628 0.20013669639485604 7.610692981054073e-08 0.06916456995297383 7.995203468353865e-07 -8.29120327887874 19.30414411433387 6.672040006286533e-05 0.002113134037511185 0.19319480211968446
20240511193142 PGJR 70.04622026348467 3.421591 0.0027755879011579975 3.010447850004203e-05 6.177045854367529e-07 1376.0419913661979 0.16938073958135882 1.0462725952407386e-07 0.06814845132912277 2.6903214837470606e-06 -7.218378070903808 27.31332505575736 0.00010092889879238068 0.003598488612104494 0.27322054576397925
20240511193142 RSJR 118.30801259633782 3.421591 0.002082125509025277 2.3162634662044337e-05 3.436696107894068e-07 2806.9593363987133 0.11859375159891085 4.0757068454053276e-08 0.06989738378079627 2.2485113314338434e-06 -7.586076636983055 31.27976921138299 7.045523241279641e-05 0.003346157617126447 0.3128266858163409
20240511193142 TSJR 95.9467713453347 3.421591 0.004471144496334174 5.361017289422785e-05 9.384315124778114e-07 2003.4641370041902 0.1403747778512892 1.3173211509272213e-07 0.07533700843722274 9.849802891815437e-06 -6.906423253484009 56.877461004090506 0.00016082332475025266 0.00680511961860992 0.5693266893367195
20240514153623 APSSI 159.61284422137618 3.921309 0.0012469995901623105 2.7305551740919056e-05 9.278796302686922e-07 287.59756876012733 0.37049919028159545 3.4377865169333665e-07 0.13758291731326347 4.271195759175564e-06 -7.650264788896885 20.300930677486214 0.0003106366634886724 0.005061819481297127 0.2031759875805713
20240518151027 APSSI 89.80537991293805 3.061131 0.003665405718887502 4.9600577067916265e-05 1.0542544013086417e-06 2174.6733914498436 0.13473575119750175 1.4204575871359233e-07 0.08502458962587908 2.0760613933534847e-05 -6.973092137682934 72.95539214423182 0.00024091798749958742 0.010722542725552625 0.7306386646772901
20240518151027 MTSM 110.06788914342009 3.061131 0.004033048795970921 4.177825757219411e-05 5.651425527350579e-07 4625.969321886574 0.09238011407460728 5.220793349007941e-08 0.06508736874183532 5.550428821213411e-06 -7.029182361976281 51.62484192353877 8.446739344749416e-05 0.0053050852799345505 0.516711498921238
20240520134225 ACBM 153.44975688041617 4.705078 0.0026746828082900393 6.188536690784638e-05 2.2746439430903293e-06 523.2886973449654 0.2746687121116016 6.24773522361076e-07 0.14537694970021026 3.945919455566641e-05 -6.946923045093698 67.90368312770615 0.0006849433294542973 0.015170480177005879 0.6794194121670982
20240520134225 BLJR 82.22988656557348 4.705078 0.026046566831572526 0.0003269827027881214 6.798321934003324e-06 1027.8097938616652 0.19598529749901328 1.3323711467297086e-06 0.07887768576739357 0.00020630104757605395 -5.329921741332794 221.47736297486458 0.0010261517340041135 0.0288672233976684 2.2156169297045256
20240520134225 BSJR 130.38928007252235 4.705078 0.004910240146084326 9.64889285154902e-05 2.7551993421421625e-06 651.2523746789665 0.24620972803196933 6.783568807026827e-07 0.12346805857092147 5.933678308713629e-05 -6.522787378823125 91.1198216730921 0.0007505033000525248 0.01860219305990309 0.9115229677918806
20240520134225 CBJI 118.98824070159216 4.705078 0.0033584458811209217 0.00012286556892877285 6.6648077197471015e-06 378.9614071006591 0.3227619838754871 2.151146561774236e-06 0.22986439703886674 7.780162812447531e-05 -6.611060490854114 59.581112390892244 0.0010327104576051452 0.020678899056027884 0.5961288956305519
20240520134225 CGJR 116.65295790355863 4.705078 0.0032122771812148057 5.684567372821842e-05 2.632996923606291e-06 456.0776014398403 0.2942120772779938 7.74659494360774e-07 0.11118962710770582 2.026696122340389e-05 -6.964266907762046 69.18945298364402 0.000490325122179824 0.010723742185415469 0.6924536417341207
20240520134225 CLJO 120.31542962835319 4.705078 0.009414010074486204 0.0001614716203168989 5.012750118610847e-06 428.74688951357615 0.3034445747485224 1.5210918280624737e-06 0.107770875989528 6.374979611080951e-05 -6.064239697159348 96.8297594596796 0.0009190640507653215 0.018428436415063525 0.9684606400643149
20240520134225 CNJI 85.10877422441237 4.705078 0.008688170377946138 0.0001630467022284171 9.334649674992734e-06 293.68839917250256 0.3666371533921852 3.422429384752623e-06 0.11791350759259091 0.00011683423723740671 -6.050217275362016 147.81472127720406 0.0013799964755900518 0.024386516243703197 1.4797219999658981
20240520134225 CPJR 119.63587238823469 4.705078 0.004890598156847262 9.195315299746244e-05 3.302472721783886e-06 508.4247857638873 0.27865478893940776 9.202498392668402e-07 0.11813661260506146 4.5616932789558354e-05 -6.628913680361566 89.37556512330013 0.0007397615963579824 0.016863128077295304 0.894123236708023
20240520134225 CSJR 86.38728481634276 4.705078 0.010376276268446616 0.00016011488330877778 6.175829296668016e-06 427.3408194201964 0.30394337329209764 1.8771023893054395e-06 0.0969549630560381 0.0001333473568228296 -6.110743951007232 161.4614908941329 0.0014086610336153352 0.027479225610755983 1.614963676433403
20240520134225 JABI 153.52994095987287 4.705078 0.004424001430651234 0.00010897555568483513 4.9784785113748954e-06 311.107145773273 0.3562253937004753 1.7734604677438782e-06 0.1547724658443191 6.803588980682816e-05 -6.565860770443781 82.0603040426069 0.0010818524222641459 0.018786903920669423 0.8208803768350843
20240520134225 JARU 151.89800023858268 4.705078 0.005500592464801451 0.0002000131572925972 9.680628762892018e-06 212.42025829142304 0.43110385069666085 4.173356336847601e-06 0.22846988559600712 8.127887578460433e-05 -6.046602849781017 57.02972368706742 0.0012162231272436462 0.01781527945859717 0.5704389855490973
20240520134225 JSJR 48.224442674891876 4.705078 0.040447472433118706 0.0007151788500187801 1.7271909758175482e-05 1156.1233450972181 0.1847897095983929 3.1916711884228956e-06 0.11109720761597444 0.0018175027838468133 -4.759810460951527 627.4648331050729 0.0028437193717777308 0.09405439036684327 6.277614211913775
20240520134225 JTJM 76.96289353474074 4.705078 0.013410895404909593 0.0002339406099394597 6.897284337931635e-06 434.80044128599934 0.3013248022812079 2.0783228394045218e-06 0.10960432981873314 0.00016486424129232333 -5.81671312356948 141.43940423292918 0.001416798390081827 0.02831895866512644 1.4150101678430873
20240520134225 LPJR 216.802526642344 4.705078 0.00404742052341559 6.3097201627746e-05 1.414249025216745e-06 1935.428747993946 0.14282073855488178 2.0198409028197714e-07 0.09795162323707322 3.0550901347623096e-05 -6.839564824928305 72.99430721855427 0.0002903055721804897 0.012748409225222235 0.7300074262079528
20240520134225 PASJI 167.17808302900093 4.705078 0.011431270859870824 0.0003145276675374949 1.2248322948300421e-05 259.880999356777 0.38975581578522606 4.773855102715736e-06 0.17287978244926175 0.00045390828437377685 -5.636643545359858 193.71955028062462 0.003172726861744488 0.0492409609102504 1.9394921863564099
20240520134225 PGJR 142.09873632221743 4.705078 0.0010664159014306528 1.3111718459565567e-05 6.314752026830583e-07 346.7461665806226 0.33742249633965027 2.1307393926590417e-07 0.07725255846850758 1.7901985736967175e-06 -8.134416321964055 20.27897205229716 0.0001737056900377656 0.0033459578711529927 0.2030410442260216
20240520134225 PSJM 76.56784433935582 4.705078 0.002628907917829382 0.00010231054674837771 7.765340053620788e-06 131.76472758130882 0.5473691089267126 4.2505072656633214e-06 0.24452591881943486 9.345621160291521e-05 -6.701466584301514 51.08663193140437 0.002027949283494853 0.022594288852534408 0.5111710633805489
20240520134225 SADLY 125.88982494760411 4.705078 0.001544832776928447 3.092135834009426e-05 1.5598822466063933e-06 286.25909307652483 0.3713643607502228 5.792846733566046e-07 0.12576417804055567 6.930141142601448e-06 -7.487556474048555 29.81638174011256 0.00038222312900980767 0.006307967692402399 0.29837458758224916
20240520134225 SPJR 144.65743522564736 4.705078 0.003296397245793561 7.363456772652052e-05 3.383823617426487e-06 251.7513760840265 0.39599886558372754 1.3399903138363142e-06 0.14035311873597175 3.682080963726694e-05 -6.910141752916335 53.14272556153386 0.0009583521420114968 0.014636003234277392 0.5317797203722686
20240520134225 SSJM 102.51728098087486 4.705078 0.004764832957510244 0.00013439384892523475 7.214516847468668e-06 241.03766807522334 0.4047039188656156 2.9197432408925766e-06 0.17721952993365403 9.864179702389405e-05 -6.496078460603207 90.05189984039527 0.0014939740527672273 0.023205963649641462 0.9012131241438753
20240520134225 SUPJI 138.8334323121033 4.705078 0.02602829496766628 0.0007820489299743533 4.151408802574404e-05 216.52078102724457 0.4270021638750661 1.7726605418292677e-05 0.18878525667603288 0.005429005488972736 -4.8325453025429015 523.611619059084 0.011770034554618176 0.17713823620705788 5.236667192606636
20240520134225 TSJR 39.93204286927325 4.705078 0.12916217354865084 0.002594478327977803 0.0001557523730620936 374.9697257857637 0.3244753919922891 5.053781230305207e-05 0.12621023371061307 0.025195028433094617 -3.7374491805739147 2191.150847430362 0.012814428677333163 0.3086628142415336 21.929637377948136
20240520134225 WLJI 108.90933446903415 4.705078 0.0073880648798059535 0.00011587440560598776 3.955000847526703e-06 496.87828227256705 0.2818738977371161 1.1148115044459494e-06 0.09854547498246015 5.999709060614837e-05 -6.283950743133697 124.45514086147566 0.0008470571794589195 0.018497574193321348 1.2450449276829607
20240520134225 WSJM 81.31522611714975 4.705078 0.04534509556038577 0.0007593614721272438 3.0488548349792257e-05 446.97464267617414 0.29719289698780205 9.060980009027432e-06 0.10521995346011283 0.0010908773468530405 -4.746099759534386 337.0071166550439 0.003222203647491728 0.06692631962851706 3.3708770831007002
20240521005359 APSSI 135.34606108266956 4.937759 0.028014377907199663 0.0007719768654113317 3.112836214585133e-05 583.532135447028 0.2601042685440833 8.09661986692199e-06 0.17314229551349297 0.003907139045363224 -4.871577321663898 658.2609189170682 0.006037951946697312 0.144934993868381 6.585182802630122
20240521005359 BOSM 118.32255368530213 4.937759 0.02367277471790256 0.00039916144756688555 1.284098538697361e-05 1545.2703097919386 0.15983711724444932 2.0524660868319615e-06 0.10594471380864823 0.0008559676599723599 -5.26829466391184 383.0942057669515 0.0015192848456366858 0.06092935679378683 3.8335290298305527
20240521005359 KBSR 223.88807265004593 4.937759 0.002194429415674475 7.117234305782729e-05 3.554752624153569e-06 407.64548853951015 0.31119925469583803 1.1062363672646652e-06 0.20378373393296792 4.515446343671462e-05 -7.039388154514545 46.38675633274592 0.0007726341144529165 0.016272512097234123 0.46496986268706353
20240521005359 KPSR 109.02576379370407 4.937759 0.010937448088815784 0.00012674705459927012 2.8738731007150694e-06 1827.0351381570288 0.146996305078303 4.2244872706904093e-07 0.07281179528529746 0.00013684703338771647 -6.126772647140992 236.0857464636256 0.0006644014117091373 0.028292892246214084 2.3608917253499406
20240521005359 KTSR 191.49217889644896 4.937759 0.0012785493327593343 2.68445056230531e-05 1.1645529990228296e-06 530.956876210358 0.27267809019136674 3.175480877001737e-07 0.13192217068797 7.426704680518617e-06 -7.645846746868845 28.230812801996287 0.00028910105530170375 0.006473876501608294 0.2826374269534079
20240521005359 MKSM 68.1790902893589 4.937759 0.011253393116897397 0.0003362621266656472 1.544946125902029e-05 301.23277231308015 0.36201682819720815 5.592964962346171e-06 0.1877475737032691 0.0005529093406426615 -5.561287303719123 273.34181275332907 0.003122068288288625 0.056022615651901655 2.7347885691270575
20240521005359 MKSR 71.90885566007402 4.937759 0.01296387741278279 0.00015658412871106744 7.432436333267929e-06 265.24458792816534 0.3857950070506874 2.8673968275968862e-06 0.0758914224138522 0.00011078017736018162 -6.083435029636963 153.13271015215452 0.0014997170652298012 0.023534200107226955 1.5319461916800043
20240521005359 PPSM 119.85775673869028 4.937759 0.009292084712033834 0.00012262587764033233 4.309302090023237e-06 881.5096397564813 0.21162469023093552 9.119547199126905e-07 0.08291800349946404 0.00010046434930854738 -6.230483859222361 190.34724826426418 0.0008118218204894455 0.023553347684359086 1.9037209760978415
20240521005359 SSSR 117.08623029360176 4.937759 0.00415170730957237 9.004830209790582e-05 2.6170518645488932e-06 878.1461497329667 0.21202958709920378 5.548924262575032e-07 0.13627891527264419 5.165237323267334e-05 -6.622550622695441 99.63878732807314 0.0005906461165390249 0.01739066233580959 0.9966397579399403
20240521005359 ULSM 143.92633501758795 4.937759 0.0030044688786410225 9.926331771494806e-05 6.837072799786543e-06 178.2257091354511 0.4706463475167703 3.217843340925795e-06 0.2075873788682968 4.7827817935431436e-05 -6.698126163766022 69.57266129672166 0.0011383996251481908 0.015486708741685297 0.6966292328830967
20240521005359 UMKSI 167.91541492896894 4.937759 0.014515586493109973 0.00044384957656054346 3.3334682628754734e-05 231.21414738059931 0.4132117536976342 1.3774282667981806e-05 0.192123765675388 0.002064685934081421 -5.359680724867003 349.982344652057 0.006974667850390423 0.10616576489852825 3.5002982534264646
20240523201752 APSSI 109.23103956713413 3.761026 0.0026318878585780596 5.657016484543923e-05 2.089587519866372e-06 561.3757883038024 0.2651874879622784 5.541324652706907e-07 0.13505166165158203 1.3556728966950439e-05 -7.071199678712675 45.75799834162477 0.0003531409470842608 0.008547120283966016 0.45773443243127954
20240523201752 MNAI 154.7654655154323 3.761026 0.00043385071696730394 3.8561312779668806e-06 1.912189348318868e-07 456.9987936975913 0.29391539968393027 5.620218965824942e-08 0.05584590837521443 3.9483611010130914e-08 -8.926120136205375 2.476166981258763 2.357512102992766e-05 0.0004970294265251633 0.04954079002335937
20240523201752 PASMI 212.48251466915366 3.761026 0.003097296894790577 9.643382550785922e-05 3.0982582675907326e-06 606.2580650102533 0.2551826269031536 7.906216835482169e-07 0.1956259332339755 1.786222027859286e-05 -6.720489454187394 35.53777320039531 0.0003838517960682861 0.008482719090741634 0.3554492295874143
20240523201752 SSSR 116.9117008917556 3.761026 0.00032081515329538464 6.530844733110108e-06 2.7416808028744137e-07 534.7585128270152 0.27170711738577163 7.44934187740915e-08 0.1279070120256036 3.668885186555516e-07 -8.854579895994258 5.999076963390841 6.186061140801054e-05 0.001419499869706966 0.06005321733038302
20240524100042 BBJN 110.48634418808516 3.919825 0.0030111280631377572 4.1538985923072486e-05 1.639969700308835e-06 387.9480038953486 0.3190017808462715 5.231532549324445e-07 0.08667753099647833 1.0284699937513124e-05 -7.221242830289086 57.819550433727244 0.0004051474872789015 0.007748567742371046 0.5786309306023757
20240524100042 CCJM 144.65992091718948 3.919825 0.005326216596497743 8.386981923350068e-05 2.464371461069205e-06 1137.0061317632708 0.18633672790492325 4.5920291439791063e-07 0.0989388257830612 4.6729970397282514e-05 -6.565486920997227 85.6290299781839 0.0004416507774123385 0.014749272498848739 0.8566410246918921
20240524100042 CNJI 119.63865615737677 3.919825 0.003778928667548526 4.365098858353061e-05 7.21049188870492e-07 2374.0518044865607 0.12895398652464862 9.298216738521425e-08 0.07257804373688445 1.1623117834078294e-05 -7.029371323086288 65.89452691224011 0.00017548016215327203 0.008156961349759555 0.6591794093451127
20240524100042 ESJR 176.68102008938195 3.919825 0.0017409303108533937 2.722483307001845e-05 4.768371886299271e-07 2697.294197829565 0.12098059309816238 5.768804589170891e-08 0.09825704686140188 3.684610670457963e-06 -7.529940106121184 30.10987801303885 8.879944247672125e-05 0.004623609371441038 0.30115889339378926
20240524100042 KCJR 156.69398521047935 3.919825 0.0014219641051269592 2.034054577854592e-05 4.805261564676652e-07 1698.979376916689 0.1524353929928058 7.324919350447105e-08 0.08987809039269852 3.940692707364583e-06 -7.785684599575388 31.798271981239616 0.00011909525825467438 0.004841411175452724 0.3180640506251368
20240524100042 LPJR 89.33325532837192 3.919825 0.012701312464144666 0.00021495812857194892 3.7912767153331067e-06 2608.991482883659 0.12301088348583548 4.6636829829240184e-07 0.1063371804224835 0.00020653612192668473 -5.749742089911078 233.97299300918291 0.0006598326403566407 0.03367388375488392 2.339938845352142
20240524100042 LSJR 168.13891732261442 3.919825 0.0031933764410584146 3.361553574204514e-05 7.661659882828826e-07 1740.870172704045 0.15059018824738285 1.1537708040426142e-07 0.06614085253205657 5.545877078889661e-06 -7.133768530151104 45.02003334019717 0.00013316700097272267 0.005373617568646068 0.4503847391339498
20240524100042 SSJR 146.3976364874235 3.919825 0.002158068128396506 2.2625688465506875e-05 5.26862217025875e-07 1749.1788278769736 0.15023210842208767 7.915162171173274e-08 0.06587437693031711 3.7410535999329496e-06 -7.593691379465681 43.35759491713168 0.00011630128195552266 0.004776938599774831 0.43394148137008326
20240527142110 BPSM 31.568635431708245 3.4633 0.008209805720963565 0.0001244001102030384 2.989355682421045e-06 1602.6527053592336 0.15694958000207668 4.691781188328043e-07 0.0952067529007878 2.5562703067548157e-05 -6.2330403633285325 89.54327421653497 0.00022695297095101386 0.009036143747007013 0.8964090701258058
20240527142110 JPSI 22.849630741899155 3.4633 0.014254162267833286 0.0002672490107463468 4.652466330258406e-06 2373.303073765341 0.1289743261514225 6.000487098872594e-07 0.11780243736028197 0.00010550604447188012 -5.550697892360204 112.32706006960593 0.00027834041758180157 0.014728586596068651 1.1253071330270004
20240527142110 PDSI 53.89208464342419 3.4633 0.001376317918493265 1.2614489561059607e-05 2.034925247569757e-07 1975.4499927203378 0.14136661148844773 2.8767048688122715e-08 0.057587839555550954 7.637616162831958e-07 -8.07086821873062 25.15272076469342 4.946870968929791e-05 0.002146287235990229 0.25193465200687293
20240531140156 KCJR 153.35566457825533 3.306954 0.0005465623801985709 6.513489838263935e-06 1.7373308629984625e-07 966.362894185194 0.20212021216646367 3.5114968263259465e-08 0.07487793732780312 2.8019249550898143e-07 -8.72168065568404 8.335523218912748 4.2638962253199756e-05 0.0012186620270460003 0.08336265494746128
20240531140156 PGJR 49.243230824911294 3.306954 0.004726688383194111 8.314360582792429e-05 2.239061105879666e-06 1312.153265760265 0.17345530442973545 3.8837702575713755e-07 0.11052276777571762 1.5575161897716546e-05 -6.653470292826045 66.46353340965238 0.0002095176868635708 0.007584725413229275 0.6649390263002016
20240531140156 SICJI 122.92285757708801 3.306954 0.004227739481527814 5.7849175473036696e-05 1.8254013829486882e-06 617.4187089362638 0.2528657304574859 4.6158145407742497e-07 0.08597433473674804 1.7993705089597313e-05 -6.866036889210247 74.95550111149359 0.00041567763323057457 0.010105459712898574 0.7502360549052414
20240531212939 MNAI 132.72718445801652 3.324496 0.0008467377627555522 9.28400944578064e-06 1.9531171016607246e-07 1543.99839278843 0.15990293910566675 3.123091649730912e-08 0.06889163836464658 1.1391596845604836e-07 -8.212942950579299 4.215696650674066 2.2257177977299904e-05 0.0007849942660902005 0.08447738553538281
20240531212939 SSSR 79.74082769750224 3.324496 0.0012207440676181701 1.5263260066619264e-05 3.310116376494342e-07 1639.9843830846974 0.1551529409528006 5.1357429070912496e-08 0.0785601945028167 1.5902010543441307e-06 -7.947898436832168 18.2630858982888 7.735012614623022e-05 0.0030055625400828073 0.18273641275499458
20240601212248 APSSI 171.72138912047825 3.88619 0.00156089068145439 4.5493486407687104e-05 2.5841473742558222e-06 305.7059289086743 0.35935851305068905 9.286353579164147e-07 0.18312877946251377 1.5210466979532673e-05 -7.3370418197300955 40.29864969895276 0.0005095012491981553 0.009146360804615231 0.40340544936836253
20240601212248 MNAI 224.15324174658403 3.88619 0.00025861822845673363 2.226921239568382e-06 1.207552812488633e-07 297.86098163880155 0.3640600799579503 4.396217734680595e-08 0.0541035289592631 1.1900578211944594e-08 -9.576689805383538 1.8308227535446913 1.5960616763423133e-05 0.000272535102108013 0.03669421038282685
20240603103652 LPSM 59.31940096319081 3.988945 0.010452746934199616 0.00015713940443971673 5.611411957991977e-06 632.4183607041033 0.24984901021084585 1.4020057235896e-06 0.09445708418752423 0.00011653337974046531 -6.020741058951488 190.31814629088524 0.0009327032011177197 0.023595363373969894 1.90429348613042
20240603103652 LPSR 40.980238872694656 3.988945 0.013675227874994814 0.00020159465173862545 9.315091324242352e-06 647.9546923665835 0.246835459315895 2.2992948455888696e-06 0.09262416432023056 0.00021082629973132586 -5.778208897801043 248.58781567483655 0.001077746601605643 0.031385577887867465 2.4860387224084635
20240603103652 MKBI 61.79784642488616 3.988945 0.015362840809182095 0.00013637662895703452 2.8077521617252826e-06 4405.687147227373 0.09466142573525778 2.6578582274016734e-07 0.055776118619505564 7.73486701051397e-05 -5.877955968699407 209.53097571026626 0.00029285504713002445 0.01979148325149239 2.0969641725360653
20240603103652 PPSI 98.03017540556189 3.988945 0.0006942813566890087 1.6854063756649704e-05 1.3265989621889237e-06 134.05911794488446 0.542664847010932 7.198986228611135e-07 0.152527796896445 1.7250705523657843e-06 -8.089190997669546 13.563733112931345 0.0002618716500351509 0.0029463592354604298 0.1356912620100454
20240603103652 SIUMI 229.54618413766113 3.988945 0.0025936249890305967 3.584269287647828e-05 1.1076854722903021e-06 765.7581230642047 0.22705656434355131 2.515072577115e-07 0.08683070305218361 1.4111896471690143e-05 -7.330988994589388 51.832503292397675 0.0003528245628965686 0.009588014210133132 0.518546189880507
20240603103652 SKSM 77.08002453462967 3.988945 0.021239304860622053 0.00025119198505949746 5.174349465619531e-06 1871.3565671177932 0.14524513533295919 7.515490883939337e-07 0.07430967256999409 0.0002514213900363994 -5.451875726191835 252.45585402536597 0.0008475732419754827 0.03633576277697728 2.525582009450853
20240603103652 SSSM 94.6072688105392 3.988945 0.0030681697133793464 6.109818146456708e-05 2.9428447622281275e-06 1039.074119750641 0.1949200905104114 5.736195674115967e-07 0.12512058716945423 3.031060847782336e-05 -6.93033054405543 67.51212154164418 0.00038992444230572963 0.012915205938132415 0.6756390917316166
20240606195752 ACBM 97.77290667575193 4.000632 0.004617879126599694 9.351108538829442e-05 2.951444444401961e-06 830.5229045825096 0.21802387854935887 6.434853650914731e-07 0.1272331868510337 6.0881991750428e-05 -6.59468861834713 84.81681806055991 0.0006380247664384375 0.01808404983002211 0.8482527827432903
20240606195752 BSJR 197.2653434306377 4.000632 0.0008060939772493898 1.7537327333668266e-05 5.414095994685738e-07 930.4328077887734 0.20598583701820442 1.1152270951622496e-07 0.1366965645942454 2.136618649932238e-06 -8.032400274078528 17.95516038868382 0.00011525878671734253 0.003397729046975497 0.17959079482610496
20240606195752 CBJI 128.84434613303216 4.000632 0.0031310239146926473 0.00011535575736084274 5.007107267041634e-06 455.92240309238804 0.29426214867470074 1.4734021430443799e-06 0.2314902790576001 3.504466379841497e-05 -6.584569432247599 32.67469130008836 0.0005403309750395368 0.011268971386521887 0.32676277870244613
20240606195752 CLJR 170.92242811912698 4.000632 0.0014016048164651538 2.7086282236273765e-05 5.742094633709451e-07 1480.8251998560163 0.1632781120805534 9.37558371179956e-08 0.12142376265678728 5.701906021887436e-06 -7.6261283702281375 31.87857294375747 0.00015203099017040438 0.0058507380773127025 0.3190697950266832
20240606195752 CPJR 195.24925377077332 4.000632 0.0008395350142965704 1.2065490208988145e-05 3.964283603561666e-07 525.2147879020015 0.27416461098667033 1.0868662720113198e-07 0.09029964148493902 9.58249006992107e-07 -8.25256937546596 12.402023657698495 0.00010722924354773154 0.0024298636281657755 0.12409802702905012
20240606195752 GBJR 145.02655476404905 4.000632 0.0005219481768232766 1.6386405212002572e-05 8.334114257714095e-07 336.0595667656099 0.34274548046094944 2.8564799954766664e-07 0.19725870313827304 1.9608560041444693e-06 -8.27257303349539 9.992282324203913 0.00018957183582812642 0.0034035647323505122 0.09995389803499546
20240606195752 JTJM 98.34353543022004 4.000632 0.0023325465992673445 4.374907108150637e-05 1.5296084383368881e-06 690.5229906329304 0.23910617769798767 3.657388270653214e-07 0.11784695778786043 1.3110456681287684e-05 -7.166861345038371 52.12073228149735 0.0003374024689536216 0.008762135821338937 0.5216676635124319
20240606195752 KSJR 127.61653231627835 4.000632 0.0013753484187408517 4.481437135816652e-05 1.6812678860596054e-06 656.9257036694517 0.24514426683167292 4.121531832757186e-07 0.20473139448250413 1.2166592951178468e-05 -7.30268332325514 31.163095991790335 0.00030529449353442867 0.00793205600928043 0.3118800395894422
20240606195752 PBJI 83.3378770639201 4.000632 0.003447091516414978 6.772466913991893e-05 2.1567938395375958e-06 400.4907952135284 0.313966707710665 6.771614610102632e-07 0.12344512585383602 2.2959958036505997e-05 -6.764751825070011 59.14827024689282 0.0005993585778888443 0.011574861678767687 0.5918862566908543
20240606195752 PCJR 152.1535832019029 4.000632 0.002447392845477313 3.47515790285194e-05 1.2687816326572676e-06 502.4151665056555 0.28031639405401565 3.55660292108452e-07 0.0892176387443425 6.470429333251318e-06 -7.307057857998707 46.198777968315994 0.00028000609953079747 0.005918149720691896 0.46206717385561036
20240606195752 SICJI 173.2439833388544 4.000632 0.0035407499230721714 6.210870635338111e-05 2.3559748318941117e-06 594.3992852012744 0.2577156125340179 6.071714969163209e-07 0.11021408449792439 3.409078196233438e-05 -6.884096612254728 77.31688466500731 0.0005955539904818195 0.014165796903488785 0.7738707195793634
20240606195752 SSJM 107.91688335560978 4.000632 0.002417860485091419 4.527885701125033e-05 1.460651681991165e-06 700.6687340905471 0.23736872615497132 3.4671302911035906e-07 0.11766412944550718 1.4578789825762933e-05 -7.140085749365393 50.99813760622648 0.00036094208801426954 0.009486635882744492 0.5100705186492668
20240606195752 SUPJI 223.6742639048712 4.000632 0.004611264868069108 7.759705461839707e-05 3.642556097943049e-06 443.2623937547804 0.29843477285712433 1.087065401708967e-06 0.10573165658620706 4.916244958411389e-05 -6.740247958200665 94.08836852430818 0.0008444588695304632 0.01720340202320685 0.9414717891791532
20240606195752 TSJR 74.32076545687046 4.000632 0.011010009280827382 0.00010095951760015008 1.975112199425703e-06 1735.5904984142787 0.1508190623436503 2.9788456994088935e-07 0.05761551524846052 6.33128540161916e-05 -6.180234307890186 185.91419470733274 0.0004767091728612121 0.01909540910558547 1.8592245581617692
20240606195752 WLJI 186.75858899748758 4.000632 0.0012439831602007786 1.5898821894675083e-05 8.837356354982291e-07 278.932490512104 0.37620998335143957 3.3247016871786263e-07 0.0803027302346798 2.6090455504686457e-06 -7.872401783479348 29.392314487453007 0.00024780091282248194 0.004127988698370217 0.2941269915317327
20240606195752 WSJM 110.48875698563155 4.000632 0.0030615808755610876 4.190450686391113e-05 1.6134096915945413e-06 646.7285313245728 0.24706934160851815 3.9862407024706564e-07 0.08599929008364982 1.8438368818382334e-05 -7.246609773141546 58.78211349390982 0.00044259004239875966 0.010800200993855699 0.5882755708987402
20240608052857 LPJR 51.867974030429735 3.008995 0.005029357760066144 7.172469714752968e-05 1.265021791999706e-06 2961.768045933808 0.11545276721776958 1.460502664771478e-07 0.08960578761319561 1.850141282742533e-05 -6.691780059816064 58.012803950912115 0.0001684933031062871 0.008892209570199839 0.5803210546175461
20240608170157 CBJM 138.66054998432182 4.109786 0.0014445613650210978 1.6530534956296904e-05 6.872048814284602e-07 524.3668598264923 0.2743861905571457 1.885595295474302e-07 0.07190031304464958 1.4607689343651974e-06 -7.798193266698202 32.09189171680197 0.00012803744135294064 0.002905777319057846 0.3212007006842489
20240608170157 CIJI 92.03221193831078 4.109786 0.007138011772138951 0.00025760602720955656 1.2206939650843532e-05 478.55655422148146 0.2872190451341692 3.5060655505257076e-06 0.22675591703584017 0.00014677193882962385 -5.9706568155860555 69.61818058268568 0.0009436533997972861 0.01970509032549841 0.6964741004161178
20240608170157 CMJN 99.89915297861397 4.109786 0.003242360777169658 5.51680914185817e-05 2.7229498093058737e-06 399.7313596809944 0.31426481333311423 8.557273135369494e-07 0.1069070856849423 2.266361665357406e-05 -7.002113248010746 49.17627670358446 0.0005866703681225304 0.011398852579336767 0.4920679967513992
20240608170157 CNJI 117.00636079458343 4.109786 0.0020999575467703425 2.5753396966304963e-05 9.11695078049932e-07 799.8164720496859 0.22216963233043172 2.0255096028781763e-07 0.07705554127868616 6.018636863291618e-06 -7.567253322796326 45.82108784520834 0.00021768777031213091 0.005975071604155424 0.45849872452974555
20240608170157 ESJR 174.61594008913627 4.109786 0.0008907386653995557 1.3214441884211211e-05 3.365022238453825e-07 1694.5166750564326 0.15263598895512706 5.13623497222395e-08 0.09321340850541214 2.081440389567255e-06 -8.132898680098437 21.974842591452965 8.69326434709006e-05 0.003551254822365931 0.2198524445568385
20240608170157 JSJR 163.37742120490256 4.109786 0.0027657027305894107 4.737762064385355e-05 1.1838055588508065e-06 1655.2275018070554 0.1544368808299402 1.8282323801806278e-07 0.10763353798878758 9.149509762939032e-06 -7.10296406987344 44.965716405123146 0.00017275954610288744 0.007017769897339815 0.44977121055547786
20240608170157 PCJR 97.16665309483123 4.109786 0.00398800793057854 0.00010889183737916464 4.052190465590944e-06 466.2412128507659 0.29098763743202594 1.17913733000689e-06 0.17156124175342377 3.340242967573897e-05 -6.443092424896055 72.14528083567305 0.0006011182583934256 0.01273265498218568 0.7218989198627809
20240608170157 SICJI 124.07323391470706 4.109786 0.007945346039814718 0.00014828555961195428 6.1262851790232805e-06 380.8935681359515 0.3219423047525251 1.972310370105991e-06 0.11726432615418983 0.00023768661989719052 -6.161776406486156 156.2540291778223 0.002003663308507731 0.038055764818419914 1.5630310562213503
20240608170157 SSJR 143.94334730483047 4.109786 0.0019626001542959637 2.7764229788033837e-05 6.799966893676953e-07 420.90463726676177 0.30625840267307086 2.0825469990872673e-07 0.08888606285262982 2.5391558488274416e-06 -7.430621432653679 24.16799020088561 0.00018825155030079464 0.0036520665901692453 0.2417299848501836
20240609002712 CBJM 135.81299697733724 3.950466 0.003797550672519285 4.5277753880649456e-05 1.262600377083284e-06 1647.3569789780336 0.1548053652134735 1.9545731249304713e-07 0.0749136858090326 1.5165961390110163e-05 -6.957076854830906 88.23900570228399 0.0002334083510725348 0.009425108404475434 0.8830518771775812
20240609002712 CGJR 85.69108920338212 3.950466 0.004176616978120054 0.00011581661597812379 3.944033314287135e-06 587.9735987169396 0.25912001221847886 1.0219779605881702e-06 0.17423126507725717 2.252562736057221e-05 -6.472538668386701 54.258352511024505 0.00039931398705104175 0.009593051737544822 0.543029461656354
20240609002712 CLJR 174.2764253502571 3.950466 0.0008840376660477305 1.5284018558636556e-05 4.094927080651996e-07 1263.546588873633 0.17676009997880163 7.238197201819491e-08 0.10862921856216519 1.8221573123537176e-06 -8.109441890095487 16.806931110414553 9.181525081432e-05 0.003071859809822579 0.1680868121916797
20240609002712 CSJI 97.12849512699192 3.950466 0.004158011179397655 5.186441991589091e-05 7.841127004305174e-07 3447.5529044318814 0.10701000852962812 8.39079067612594e-08 0.07837250722065767 1.6726881415476734e-05 -6.974326403300037 90.45723571549334 0.00017600110032678546 0.010189977130959428 0.9050647165294738
20240609002712 GCJR 100.08034620451286 3.950466 0.002662100807236123 4.02847383399274e-05 1.2908860218831064e-06 732.0287723138927 0.23222864742499935 2.997807148417519e-07 0.09508147676188096 6.989456389123706e-06 -7.181211524638707 58.727562186657096 0.00023363868075935054 0.006308188162189125 0.5878871886081919
20240609002712 JSJR 99.47120007254645 3.950466 0.008196470451405181 9.512500331706155e-05 1.4841988401644e-06 4026.7307312234952 0.09901558866568257 1.4695882185580138e-07 0.0729201705454455 3.638441918062057e-05 -6.4154437851673976 105.34207869552208 0.0002239160351276299 0.01360961348849676 1.0536466788152956
20240609002712 JTJM 115.96489583555984 3.950466 0.0017894558289409425 2.4282378427007838e-05 8.296920913200107e-07 930.8523718963105 0.20593940967526342 1.7086629949867775e-07 0.08526093848667192 4.483086122260715e-06 -7.541198951365144 41.00672674746214 0.00017388464690221177 0.00524251627077683 0.4102110860226443
20240609002712 SCJR 111.69783317487985 3.950466 0.014563644537718265 0.0002503161268946732 6.030234204881334e-06 1571.0903548855174 0.15851825655015805 9.559022127469177e-07 0.10799375160395976 5.8059544628753806e-05 -5.686785829300853 95.81868676721368 0.00034680055697420187 0.012655389778549664 0.9597400484824008
20240609002712 SICJI 214.50685464885004 3.950466 0.003785425473295684 9.719427736325108e-05 4.657169950998761e-06 334.3255017811598 0.34363319953601085 1.6003582110446711e-06 0.16132655622963177 5.189713084644129e-05 -6.739890871164847 69.6349973243289 0.0009327887111934536 0.016856414234035846 0.6967357751778602
20240610213406 SASI 209.69209276041056 3.611441 0.0005063369542997478 8.46815928978151e-06 2.8707825416733477e-07 548.1720898527374 0.26836224016665633 7.70409633914787e-08 0.10508222553496133 3.25757620118598e-07 -8.549961762744546 7.656889049763699 5.8276576024131763e-05 0.0013091558145706655 0.07659414209040616
20240610213406 SIUMI 78.83997457040782 3.611441 0.004984434154962527 7.551666907844434e-05 3.5037553176724216e-06 560.6712014803529 0.26535406415167406 9.297357133374169e-07 0.09519339825733773 3.1297126554068523e-05 -6.7993652122614865 69.23229551342499 0.0005537302118458433 0.013554127313041134 0.6926772439003493
20240611175804 CBJI 36.180791978761015 3.12835 0.001476210710509882 4.629598810432163e-05 1.5888803627492522e-06 446.4476392943563 0.29736825402268874 4.7248257932168145e-07 0.19704928989301446 6.099226561538821e-06 -7.288402254003447 19.230557192170203 0.00026032095346879315 0.0053290937503020965 0.19234918879472818
20240611175804 CLJO 30.37156603133072 3.12835 0.0046658815957439145 0.00010223649410722978 3.637569042988188e-06 504.2775603101123 0.27979828412275426 1.0177855766061442e-06 0.1376740546133985 5.448129519150581e-05 -6.604783545804221 96.87068290228265 0.0008158682550650361 0.017584098761144525 0.9694166972485916
20240611175804 CPJR 81.4099061487964 3.12835 0.000287927439749363 5.9412879182064505e-06 3.92427561323501e-07 192.5939704549819 0.4527500689155363 1.7767160543357094e-07 0.12965146005498404 3.42958925208399e-07 -8.980690059923322 5.4335687806031325 0.00010145295658770726 0.0014128734788746685 0.054346969156968856
20240611175804 JARU 51.34417286740083 3.12835 0.005963935100791238 5.278178307184322e-05 9.052465451373837e-07 701.0908205663768 0.23729726236570492 2.1481252692711367e-07 0.055607198649721544 5.272675707584723e-06 -6.7985594207328015 54.509515942318785 0.00022007676842585765 0.0054739182114078066 0.5453387678602575
20240611175804 PASJI 91.13495193958529 3.12835 0.0021806558435732214 2.796181143834541e-05 1.2697465604771131e-06 277.55729710100996 0.37714082221747985 4.788732618261555e-07 0.08056715749499183 8.353922071329458e-06 -7.4814986586256955 39.7532204507437 0.0004493397607116277 0.007432490268653314 0.3976808281772852
20240611175804 SSJR 59.730569564662616 3.12835 0.0010119409133636484 2.5045280630499743e-05 7.920678737991335e-07 338.92356633371446 0.3412942602425233 2.7032821905014357e-07 0.15550724078214584 2.1825170780245603e-06 -7.753787390698921 12.863413084038527 0.00019385721179072913 0.003222302573758944 0.12877616121820284
20240611175804 TPJR 94.27563940369589 3.12835 0.0002690041981150563 7.488141628331527e-06 3.5389288683792013e-07 265.2372063888832 0.385800375342009 1.365320085729367e-07 0.17490203419460723 3.496355394569645e-07 -8.865651664481069 5.344635524831258 8.900855162331816e-05 0.0014316567017377438 0.053461268991123176
20240611175804 WSJM 28.249810648616588 3.12835 0.011208177356458954 0.00024612344899711315 6.190820572262086e-06 474.4748186241159 0.288451820416684 1.785753463942056e-06 0.1379741941360213 0.00013671139990616507 -5.717068132474785 93.34542892217705 0.001318526769552949 0.02592600851837628 0.9338963232054425
20240611220932 BBSR 206.9918852060362 4.428431 0.00210656393831678 2.9145943639951633e-05 7.095774025647713e-07 846.589010019794 0.21594520005503012 1.532298341513782e-07 0.08693273511021714 4.939933370026892e-06 -7.452624086533936 32.822821319064104 0.00019844981718618852 0.00562886386413391 0.32828962612081014
20240611220932 KTSR 234.29848223678002 4.428431 0.0011140385821041467 2.0910374905224095e-05 5.319584200792066e-07 1133.470811539789 0.18662709582778758 9.927785504052056e-08 0.11793465907075583 3.3416134766228365e-06 -7.827319008887615 18.582484781922865 0.0001318284850569621 0.004240265947866399 0.1858478521804243
20240611220932 SUPJI 240.27806627408557 4.428431 0.004941318739480193 6.894856089158737e-05 2.879079008118689e-06 409.5042377081129 0.3104921811344505 8.939315208891821e-07 0.08767226070317646 4.1735560298461144e-05 -6.78769359875207 108.77968556256067 0.0008111496111365757 0.01585985521951415 1.088672364138978
20240611220932 UTSI 244.80189233481147 4.428431 0.0011463775693100016 1.7342525729042864e-05 5.253192762338699e-07 1065.095985834258 0.19252427401906463 1.0113671228514628e-07 0.0950527171564359 2.0851928434855578e-06 -7.902744696548912 19.864278346172686 0.00010863445699744438 0.0035973239065025366 0.19886228882928222
20240613150227 LPJR 97.96040412717662 3.264477 0.0013458368481035514 2.2046212846930536e-05 4.5882259454815426e-07 2827.4697702749863 0.11816282983176553 5.4215776162562704e-08 0.10292513601034184 4.253892192434169e-06 -7.757729528302563 29.69816715031879 9.212265906620479e-05 0.004791807831339666 0.29702531113881536
20240614234745 BBSR 170.06284522474544 4.825996 0.010824011691628287 0.0003027174550785729 1.1668422309585154e-05 530.1047377672164 0.2728971659350419 3.184279379219004e-06 0.17572319027034955 0.00030653054319907454 -5.62255944679986 123.02284299745722 0.0016974361967790276 0.038545086635152395 1.2310678534251727
20240614234745 ISSR 203.22297205513362 4.825996 0.0007141679849258311 2.4698249189247355e-05 1.797614011904476e-06 203.48405522640505 0.4404683183780283 7.917920209163455e-07 0.21729296145227717 5.6243800589566375e-06 -7.96321255263642 17.49234708134409 0.000393045380899914 0.0057369569632538635 0.17519725369195327
20240614234745 KTSR 213.92528219593154 4.825996 0.0020784948814133062 8.519908487204163e-05 4.4488102824901054e-06 316.90667271484693 0.35295080479906366 1.5702111696032325e-06 0.25755254104314074 3.2954466358972405e-05 -6.861806407380318 38.59014964212577 0.0007214026684038255 0.013031711740668413 0.386117793608208
20240614234745 MKSM 176.33924365554043 4.825996 0.0017780836088170107 5.112590289370472e-05 2.7339087934168506e-06 261.54987080599824 0.3885103682916079 1.062151912206046e-06 0.1806627766462219 3.0002297647828912e-05 -7.248786036222976 46.77650111962883 0.0008297286165347458 0.013227336678859808 0.46795587777162495
20240614234745 MNAI 188.93208741948936 4.825996 0.0022380145895646354 5.334932881384702e-05 2.840630439227127e-06 429.74334236365905 0.3030925696543805 8.609739792638015e-07 0.14977727156652 4.849778114002588e-06 -7.144539747672208 10.013466988158106 0.00024235012479751817 0.005099038664860854 0.20042362951117026
20240614234745 MTSM 191.96029699727026 4.825996 0.007407978047559783 0.00016626797971849944 4.723859327284857e-06 673.8767005220421 0.24204139536563035 1.1433695030869748e-06 0.1410226272965043 0.00013857898512349514 -6.1273168149096 125.29273300797229 0.0011060210655968261 0.027759023442097748 1.253687091851774
20240614234745 SSSR 222.4057522905579 4.825996 0.00126943667583418 3.348335510671727e-05 1.3329118721604618e-06 663.3698133567393 0.24395067034025247 3.251647447180256e-07 0.16572872743207528 7.6076835290808195e-06 -7.595095834105348 25.0232476743585 0.00024944016294065405 0.0065012326110692065 0.2502762382062447
20240614234745 UTSI 211.3030846927807 4.825996 0.002392587849662486 7.116728213011741e-05 2.668707307563035e-06 608.2816181617652 0.25475781891761284 6.798740530042537e-07 0.18689270761570445 4.209836005088694e-05 -6.951335760004991 56.17384789350013 0.0006206366884461827 0.015342253093381008 0.561789027572408
20240615205615 CGJR 35.8871762271005 3.424735 0.0044661796148987454 5.698035224961011e-05 1.2850483440428415e-06 1143.9107159790321 0.1857735174540477 2.387279509713379e-07 0.08016204965388171 1.1728468211878021e-05 -6.809368922727106 72.65708457786107 0.00024178120158251397 0.008071062913406075 0.7267532574444813
20240615205615 CLJR 168.3459533065156 3.424735 0.00031714999157546493 6.303137270808875e-06 2.1352834036719796e-07 726.2033856818067 0.233158221377164 4.978588805363357e-08 0.12487397301304595 3.324764073035199e-07 -8.92077339332659 6.8936793210875855 5.3731750309306396e-05 0.001380875608794684 0.06896036743201334
20240615205615 CNJI 53.60982203571652 3.424735 0.002828712126964451 4.9237895763142714e-05 1.070089770168389e-06 1129.2872732908706 0.18697246403011586 2.0007732106180405e-07 0.10936808318752833 6.89232835610474e-06 -7.051382555532893 48.34834399036865 0.00018561527322786056 0.005915173287986707 0.4837674813502293
20240615205615 DSJR 109.59159973532404 3.424735 0.0006223310834961762 1.6946028658598562e-05 6.438232384272484e-07 659.8244310091054 0.2446051927011498 1.5748250730097542e-07 0.17109066396714043 2.142224817265193e-06 -8.176150753957529 11.50161053181167 0.000133581757966192 0.003367953948021825 0.11508656531242042
20240615205615 GCJR 64.19167806421264 3.424735 0.0024941258000082296 1.9661138168654927e-05 6.954948257140777e-07 992.7336308496763 0.19941760725350302 1.3869391400109348e-07 0.04953020992899107 2.5655942483510036e-06 -7.687139337856312 47.51958816417474 0.00011662640627547168 0.003844266723475798 0.4755306171672272
20240615205615 MGJR 60.548007452530825 3.424735 0.008655687443149533 0.00011443200992296659 2.6920285567662595e-06 939.7075904947377 0.2049667905968876 5.517764534755515e-07 0.08306648410555265 3.124149521332253e-05 -6.208791311523796 73.70788198980298 0.0003952050004127824 0.012171030735585611 0.7387073446288677
20240615205615 PGJR 51.455555992614244 3.424735 0.0014553334925292405 1.8895878473310603e-05 3.890880120638542e-07 1420.6148536479445 0.1667023387226325 6.486188157998434e-08 0.08158013719825855 1.551543447366615e-06 -7.847191822981809 24.364054733137223 8.1927157252998e-05 0.002988607861156788 0.2436837475414964
20240621185404 APSSI 103.01368478275855 3.372955 0.011905504356327453 0.00013667882933322752 2.48407411601221e-06 2194.2439923715315 0.13413354707334219 3.3319767237379465e-07 0.0721328879958474 9.49604167083815e-05 -6.026436975580164 154.52769350086564 0.0005002767321447077 0.022360707986082695 1.546553712994835
20240621224900 JPSR 26.82073333042388 3.381234 0.01589813741646691 0.00020658978851136267 3.0634435590541588e-06 3744.560668999179 0.10267848040145784 3.145497294393147e-07 0.08164742131637706 4.857456748391171e-05 -5.723928161211055 117.58391025505583 0.00023000649524598693 0.01335940670503881 1.1780599384126256
20240621224900 LPSR 84.82682760426154 3.381234 0.000908209091536712 9.417685254989032e-06 2.939829733940386e-07 732.9055139513638 0.23208970355849998 6.82304211462688e-08 0.0651535666986846 7.662548742497841e-07 -8.336393307187354 17.729495458564948 8.229342351133366e-05 0.002157575093279073 0.17748231031709355
20240621224900 SISMI 141.6780006565299 3.381234 0.00338954802136397 8.712074523220832e-05 3.2891716447233884e-06 592.0154681620088 0.2582339517575576 8.493757918258258e-07 0.16149521497951005 4.222770258348519e-05 -6.798928186699536 58.90641957088434 0.0006330245942412998 0.014974243207058051 0.5892545840268968
20240625164331 KMJR 176.4606750365609 3.352151 0.0010199972594823986 1.5551432368768247e-05 3.887616725844079e-07 1171.3888267040481 0.18358167572616332 7.136951931115165e-08 0.09579685676275862 3.8263207965137263e-07 -8.005472166153682 6.988761347573865 4.431433262239231e-05 0.0012270745115980834 0.06991391174073683
20240625164331 LPJR 139.91505457243883 3.352151 0.00045222895964117625 7.599721225243665e-06 1.9199880684196725e-07 1219.768027767998 0.17990417646256138 3.4541387226698514e-08 0.10558911746607232 4.293504252622286e-07 -8.660247373777757 8.796398994562129 4.4960231582791236e-05 0.0015358493367804437 0.08797929532293068
20240625164331 TAGJI 187.5518680081942 3.352151 0.005456292039371612 7.801719993481605e-05 1.5507832562742725e-06 1616.7842137932316 0.1562621654241076 2.423287497288666e-07 0.08984059518818996 2.4359560712381973e-05 -6.543777237065593 68.68286088595787 0.00029434340097904546 0.010577766498082505 0.6874291547919491
20240627182546 BBJN 59.78680899771819 3.450659 0.0027191713870889605 3.11475912849054e-05 5.62511777573148e-07 668.621192584447 0.24299078241484626 1.366851769500652e-07 0.07197269316843904 2.3206012193136696e-06 -7.2447984165743415 34.561614757202314 0.0001493870153643211 0.0035741778376400107 0.3459290705564272
20240627182546 CIJI 46.41469258254572 3.450659 0.0013729187208251518 2.5007837050014344e-05 5.28449071375434e-07 1462.8915459215914 0.16427588037127264 8.681143643158092e-08 0.11444878122322769 2.7766918894279563e-06 -7.671149769236765 27.093397958167202 0.00010410122814345874 0.0037708160613880077 0.27108304123070387
20240627182546 CNJI 120.10594359987834 3.450659 0.003233920407500699 4.90250211618404e-05 9.70585000474883e-07 1509.0598257529932 0.16174342661999375 1.5698574380277584e-07 0.09525073404212324 4.683975598245e-06 -7.019236245587033 32.75740457868452 0.00013418607299738353 0.004184117589327668 0.32770958751546264
20240627182546 ESJR 186.20120127462914 3.450659 0.0003470417559162872 5.990623418746261e-06 3.746603465909569e-07 220.62751742725615 0.42300941071951653 1.584848524314105e-07 0.1084601388848204 2.849703644921798e-07 -9.00599293061662 6.854320069534275 8.074431814072649e-05 0.0013224968349155536 0.06855453884774357
20240627182546 JSJR 174.2579957085573 3.450659 0.0009273998401114389 1.340167742848158e-05 4.0207889355628896e-07 1177.029056392686 0.18314129312346228 7.36372485035497e-08 0.0907971072111436 1.422576120969112e-06 -8.141599497550208 19.899685810821964 8.722221820350526e-05 0.002884959522099153 0.19911692803488706
20240627182546 LPJR 38.7225478467799 3.450659 0.005520271163817203 8.50736404942784e-05 1.6238139769677117e-06 2832.5743261070115 0.1180563117533315 1.9170148909431726e-07 0.09683101284689512 3.562528109263343e-05 -6.577812083480542 80.69781848413254 0.0002530242081050875 0.013277349375792172 0.8074649938467655
20240627182546 LSJR 172.16645840188806 3.450659 0.0003504368746074654 3.935899690762804e-06 1.4005390512366429e-07 475.8410424645048 0.2880374246407406 4.034076614269889e-08 0.07056902084072719 1.023750433939157e-07 -9.210268305612487 6.511349815539509 3.612858760516364e-05 0.000766102076619076 0.06512993151270588
20240627182546 PGJR 45.680815363246325 3.450659 0.00889156986159566 0.0001588937198631607 3.5540295442093876e-06 997.8672004662483 0.19890398970259004 7.069106558641249e-07 0.1122814870250772 1.7300639343470195e-05 -6.036582322058472 44.35717097022828 0.0002584700002567829 0.006768691507094561 0.4437344653910169
20240627182546 SCJR 130.87056043976298 3.450659 0.0024804973787743065 3.112477856220629e-05 6.34718366414656e-07 1739.568853742277 0.1506465037049932 9.561810273771271e-08 0.07884013626650417 2.9083330273028234e-06 -7.367628820339519 22.817902756560112 9.371282199440372e-05 0.0032420375119553762 0.22820926473074224
20240627182546 SICJI 79.47627376068269 3.450659 0.010712083092582614 0.00011204549785237912 2.221724598716871e-06 1522.614029455744 0.16102190295088398 3.5774632271817963e-07 0.06572042241990861 4.127760859505326e-05 -6.243766988269803 115.11487660548329 0.0003944882224247323 0.014473221043081042 1.151416214550877
20240628162946 BEFA 91.907937243641 4.081717 0.007248392746554197 9.486957671223494e-05 1.7481039418372794e-06 2618.6299732041343 0.12278428938105854 2.1463970026271764e-07 0.08223659386834858 4.9006701041603096e-05 -6.433892006874713 155.0797937950679 0.0003483451224808781 0.016833223950010127 1.5516420645027247
20240628162946 ISSR 146.50282116625442 4.081717 0.0013415859712108044 1.5906856705362287e-05 4.062757700665125e-07 1439.8501833053601 0.16558508500472233 6.72732079218225e-08 0.0744981913043863 2.2670157283148446e-06 -7.940003345171225 32.22387336898445 9.72520145272388e-05 0.003698160270513142 0.3222942178626521
20240628162946 JMSI 87.06178768394744 4.081717 0.004057513498283606 0.0001007204301987509 3.539024592793963e-06 645.608520627427 0.24728355841802802 8.751425946350038e-07 0.1559687053229281 7.396233738358475e-05 -6.599654774253966 73.47426369063551 0.0008053244240867352 0.019895015926785678 0.7351511997776223
20240628162946 KBSR 18.320059204036518 4.081717 0.10306619466209108 0.003579316351265738 0.00013491858282951093 605.9814715637589 0.2552408578832556 3.443673482579745e-05 0.21820450421938814 0.051361079987989756 -3.5705830430015686 1267.973108565433 0.014787524873415558 0.393610363285435 12.685053970691378
20240628162946 KSI 107.97414862327868 4.081717 0.002008455750261186 3.18102876572017e-05 8.021581353763403e-07 1505.7481068950133 0.16192119690995985 1.2988640539119864e-07 0.09951423226471089 6.995515697166857e-06 -7.496228991798219 43.155644540292016 0.00016598512366989638 0.006393317919744595 0.4319356884494884
20240628162946 LLSI 140.02339615959087 4.081717 0.001985935079412271 5.4484982137445185e-05 2.4260011186310033e-06 281.6601910469449 0.37438387372572507 9.082556964560173e-07 0.17238188839951993 8.671316421154307e-06 -7.154369652385985 27.970585533292002 0.00036137976011721033 0.00623939170933404 0.2797566900468953
20240628162946 MKBI 113.93879319312464 4.081717 0.0029475737548303824 3.3286602205115845e-05 1.3953801069652517e-06 885.2527964980519 0.2111768048757097 2.9467191257604787e-07 0.07095526941721965 8.89368920653226e-06 -7.37828817042112 60.42503554725013 0.00023364905553647074 0.007177445446887446 0.6045219264457736
20240628162946 MNAI 180.11689459075245 4.081717 0.001154131606441617 1.616633660823988e-05 3.674513067051677e-07 1517.7715724425095 0.16127856894241155 5.92620209014286e-08 0.08801083696250944 4.778756053517641e-07 -7.830361959400031 6.935284280230402 4.535140654482997e-05 0.0016642762535314195 0.13884351825505076
20240628162946 PASMI 167.6075805927715 4.081717 0.005261674662335984 8.050250851105657e-05 4.352633184862044e-06 455.7060334897334 0.29433199834063783 1.2811192233442203e-06 0.096131405137696 7.306089772419958e-05 -6.633838152867606 97.7068752347232 0.0009552886016452088 0.02047452559943333 0.9778217653749006
20240629043225 BBSR 114.26463854282211 4.714636 0.010866464239771797 0.0002086666391487687 8.1393787965828e-06 573.187771510807 0.26244083453752565 2.136105363992231e-06 0.12065480843340279 0.00031355877593353327 -5.909897022829321 168.70483073691022 0.0017168282220456287 0.042222552644431546 1.6876095078734221
20240629043225 KPSR 130.40678989413954 4.714636 0.005042307705482012 7.801658448052517e-05 3.5047986738040914e-06 367.5801260021972 0.32772068746059824 1.1485950307900698e-06 0.09721593483702547 4.132371001895788e-05 -6.625092566715025 81.52920850188745 0.0007684974717849364 0.01495069072553825 0.8164310457659015
20240629043225 LLSM 156.79496208320447 4.714636 0.005836568001318549 8.666471512983642e-05 2.888805415840569e-06 607.6041631595359 0.2548998018804595 7.363559281689595e-07 0.0932963454947628 4.525724347193558e-05 -6.5611613741814 73.86464360894101 0.0006462778964823338 0.014813903175921884 0.7388775551778511
20240629043225 MKSR 202.23803722887823 4.714636 0.0007134141813652664 2.2191900362472896e-05 9.585437087518416e-07 459.99636815373356 0.29295618199387974 2.80811305190193e-07 0.1954486270921102 2.8590150512787663e-06 -8.021937063639431 13.156534435685305 0.00018504809696119113 0.003914638168116814 0.13170267462546834
20240629043225 MTSM 206.21258183908645 4.714636 0.005579690519883823 0.0001031393393993969 2.5808794584112717e-06 1523.5148835030136 0.16097428980185483 4.1545523788195016e-07 0.11614328421928183 7.660487120687983e-05 -6.447456464989302 116.03855389694556 0.0005435758689355827 0.020735151064180918 1.1606260018268597
20240629043225 PSSM 132.06562801705817 4.714636 0.008523611435708216 9.704300764894628e-05 3.812830896147454e-06 536.8587903162922 0.27117511569772207 1.0339448593986353e-06 0.07153531157813894 6.452040752269242e-05 -6.431562906811285 109.54509911052646 0.00080635613274104 0.018583532555062475 1.0957557796282384
20240629043225 UTSI 154.89094091897465 4.714636 0.0068283236484811905 0.00018649059771913516 6.198077309058202e-06 750.4993639463668 0.22935314729187167 1.4215485379908334e-06 0.17160214480704059 0.00014960933683201552 -6.058465790695156 105.64682628833657 0.0010044158710365587 0.027063786571559584 1.057436180201026
