20240101134648 BALE 33.991943139486665 4.501648 0.006644457583306089 0.00015325402778513752 6.066067863900177e-06 352.1637965228509 0.3348170108093017 2.0310227095574233e-06 0.14492130374418696 8.927563280075562e-05 -6.20892326079576 52.826431188149286 0.0007753393808527297 0.014501753309482831 0.529154165478107
20240101134648 CBJN 67.41375935489931 4.501648 0.005885756003843498 7.326679582509273e-05 2.3948680655029748e-06 523.3548660964827 0.27465134811879893 6.577537427570521e-07 0.07821405690819219 2.1200277065508476e-05 -6.571059254993019 63.872180264357226 0.000340124272381275 0.007645744060165848 0.6399240244438595
20240101134648 CCJM 89.44196832998452 4.501648 0.005007409595056513 0.00012473989571374147 5.6032739793672565e-06 499.9717900057893 0.281000516376383 1.5745228816005496e-06 0.15652082480759172 7.299896221439324e-05 -6.3556120074105396 41.33110383779001 0.0005966112209558017 0.013170857675589478 0.4154663128788283
20240101134648 CIJM 45.74780064476522 4.501648 0.015603336085370375 0.0005681208283820412 2.2674668197589694e-05 314.9616074139041 0.35403896238282345 8.02771600104946e-06 0.22877213065605803 0.0005740807126600143 -5.16123027270483 107.03332676359376 0.0021874267091051285 0.03414495302542861 1.0714487181218177
20240101134648 CILJI 177.41158012847688 4.501648 0.007449521459298114 0.00029496562161599826 1.7031716606746582e-05 218.36527272703685 0.4251949346820515 7.241799630128825e-06 0.2487842568125647 0.000523064946573821 -5.829805210769401 104.38543335789569 0.0027928541068815106 0.040828858011930806 1.0444085369687395
20240101134648 CSJR 122.60675074551953 4.501648 0.0018932366045925138 6.652725093813023e-05 3.05820045013707e-06 363.76782280696165 0.329433475428187 1.007473602844701e-06 0.22078753633198267 2.003103555027209e-05 -7.071781689485553 19.092558360247256 0.00037268090838692895 0.007170803386526896 0.19113862717673916
20240101134648 IBJN 70.25635737833653 4.501648 0.014150479111381153 0.0004849126892235939 1.846495616932005e-05 322.3500891828348 0.34995803635993894 6.461959802487585e-06 0.21531400175306462 0.0003709384082038559 -5.316504060403684 91.83162991512805 0.0016305989094980177 0.027414031759311362 0.9190146205013447
20240101134648 JCJI 38.229500325022315 4.501648 0.0022627060816699193 6.776261436619415e-05 3.987521724340821e-06 221.71541752895357 0.42197033575127024 1.6826158808355802e-06 0.1881663139595775 3.0968875936142046e-05 -6.908507181542779 31.08514671118286 0.0006541739448563777 0.009691466872043773 0.31142891199669254
20240101134648 JPJI 64.24698061937227 4.501648 0.0033733746728400542 7.70995482930355e-05 3.2528282291002263e-06 461.40940320947175 0.292507258795326 9.514758686261619e-07 0.14360419342839847 3.350523027923952e-05 -6.83628557841883 36.65496309733033 0.0004436256298925339 0.009616407454251246 0.36663513710129264
20240101134648 KSJR 139.2704739954051 4.501648 0.0036904530775464075 0.00011331461947871234 4.589637901024159e-06 662.6531185624644 0.24408255753879887 1.1202505570589814e-06 0.19292394110878328 9.345971335319576e-05 -6.558438554586584 46.69096638854727 0.0006309183516889208 0.01600354637933128 0.46713537234784497
20240101134648 LBJN 38.237413779379764 4.501648 0.006115865025743772 0.0001407952562304022 8.089110484322547e-06 237.22521182137194 0.4079429637922282 3.2998957054173267e-06 0.14464718916190658 0.00013520229999209723 -6.224257202518188 73.91194861611629 0.0013183079104657665 0.02034130336241497 0.7407574318639564
20240101134648 LPJR 92.79727941629278 4.501648 0.0028376113959869267 5.936858393463593e-05 2.766870691858905e-06 759.5781254940222 0.22797836972580268 6.307866695720969e-07 0.13145697638996973 1.7715232786645644e-05 -6.982216861064115 30.87580306037914 0.000237426093101714 0.006643507494607708 0.3092941128013919
20240101134648 PBJI 58.08298973277692 4.501648 0.0043617186976774745 0.00019874414733449112 1.2720709699777988e-05 191.33124197549122 0.45424161895594595 5.778275768295759e-06 0.28629684603111644 0.00010955403211863649 -6.17358221077084 35.28796963175414 0.0011555743205683765 0.014043883756969178 0.35298053307335575
20240101134648 PGJR 94.81214609596178 4.501648 0.0011335868806519147 5.29672745207364e-05 4.148826121360616e-06 194.17935190573286 0.4508980371436463 1.870697554571789e-06 0.29358420312578665 1.121244632355841e-05 -7.417277412931932 10.153290874290043 0.00038278414106158987 0.005288315355765209 0.10157978273726209
20240101134648 PKJM 56.70927790803264 4.501648 0.0018559859638714181 4.066655671902832e-05 2.4865508667231572e-06 192.11941472791614 0.45330889484990344 1.1271756253823439e-06 0.13767103665892055 6.721758113109423e-06 -7.341584326237442 19.81739592628642 0.0003160552239053218 0.003935538087493878 0.19834395734016452
20240101134648 SCJR 92.9719247936402 4.501648 0.0012171389001363164 7.02729641346295e-05 4.43741977589007e-06 197.49299691641264 0.44709932918097783 1.983967405094855e-06 0.36276718761779037 1.8015881073158757e-05 -7.083626797298859 14.487123583143799 0.00046256312239462003 0.006607199552914543 0.14505858943594596
20240101134648 SICJI 121.5593393833669 4.501648 0.00777460179707531 0.00036815262546486356 1.9026865766918172e-05 265.3371087881283 0.3857277394187952 7.339189920498208e-06 0.2975292146783132 0.000407895461612583 -5.602336610193389 75.36823732285428 0.001977169444663911 0.03209514370731827 0.7541196817415527
20240101134648 TSJM 15.735819957319288 4.501648 0.06538465953614239 0.0019520487577207389 0.00010904114609290618 534.1782200833653 0.27185465884823723 2.9643343571507806e-05 0.18758351210239754 0.027237123506545828 -4.055308245575006 768.0794292789891 0.011056777177320268 0.2653127011841246 7.70006201300695
20240103005347 ACBM 181.42430790945855 5.346815 0.009138663978168383 0.0003091684687831325 1.4939186186164509e-05 347.7652579848865 0.33692774213036064 5.0334262709694815e-06 0.2125652923821286 0.00047370032219108595 -5.68116625241943 114.77711817298335 0.0019196796423952337 0.035865086203843634 1.1498118404383697
20240103005347 AMGS 155.69303938403542 5.346815 0.0007172430489941807 1.7174386621389616e-05 7.74092616347551e-07 576.4659960779551 0.2616935514155544 2.0257504589654886e-07 0.1504508880646014 6.753623815064929e-07 -8.022275928134077 6.460291615429197 4.9319493169884426e-05 0.0012519454608405532 0.06473601646785505
20240103005347 ASJR 162.577411102996 5.346815 0.0020947201532551278 0.00010656335961570888 6.7648671581032735e-06 183.11262087922591 0.46432356905565525 3.1410872630378996e-06 0.31964047053285183 2.6803064992320388e-05 -6.724569997933036 20.2582476714016 0.000513013621187225 0.0068915414988001775 0.202667645487784
20240103005347 BALB 129.1463627072558 5.346815 0.0038209248881198 0.00011985122401515253 8.315761546420218e-06 226.2996456144495 0.41767447119369394 3.473281306473919e-06 0.19708512253692975 6.373746483413398e-05 -6.456713498196297 41.200657606376566 0.000826493856587375 0.012357054292136273 0.41387878310759507
20240103005347 BALE 182.85785787712788 5.346815 0.0032890090514249844 0.00017153675404433535 1.3805849960981017e-05 112.21460042247406 0.5931372300342311 8.188763604124478e-06 0.3276966392615076 0.0001725592491565839 -6.405155173633782 34.65378891632847 0.001993994145246246 0.020959549041756318 0.3473393007230856
20240103005347 BLJR 66.45369273511673 5.346815 0.07475735647394191 0.0011248601350112297 3.6398674279929525e-05 604.0746823084227 0.2556433801866558 9.305080127234273e-06 0.09454192879864855 0.0037368522895069476 -4.276284461495349 572.0099601989318 0.004171713958542068 0.09974890067632565 5.726485827965098
20240103005347 CBJI 128.49389812694682 5.346815 0.007167094687733083 0.0002366811124891265 1.326918621620763e-05 308.7147490096492 0.35760302101906644 4.7451010773804034e-06 0.2074915085221184 0.0002200124121725041 -5.924858609824012 57.74067482636252 0.0012694443117034796 0.02194194910942284 0.5795959833891237
20240103005347 CBJM 151.86815578415573 5.346815 0.007716657429341559 0.00012262275899860395 8.565716037825427e-06 196.97856050154923 0.4476827789720463 3.8347235596991125e-06 0.09984394470282881 8.285335132343602e-05 -6.1970686254828165 71.54088045185348 0.0009762322869257655 0.013954995450543458 0.7154493887835948
20240103005347 CCSR 165.54286124321507 5.346815 0.0013170502942617872 4.212475531265912e-05 3.1377291767142093e-06 164.42640545771084 0.48999775132404416 1.5374802408538069e-06 0.20096244221059764 8.903049987246844e-06 -7.3498869719117215 13.089627703014578 0.00037471692992198857 0.004827800013028517 0.13120297880181492
20240103005347 CGJR 151.80601529261136 5.346815 0.014808543103173399 0.00046834077102753384 2.687470821206203e-05 240.72856350051234 0.4049636630765284 1.08832802816695e-05 0.19871447385278293 0.0005539257310667514 -5.304440815659403 141.63788781837 0.002304495196424956 0.03380044353314581 1.4164417531087878
20240103005347 CIJI 230.67482479090208 5.346815 0.005623037673739033 0.00031960150209415334 2.8328134935316786e-05 122.06601048283308 0.5686990372537378 1.6110183064908633e-05 0.35712288955290167 0.0004999763300494638 -5.809529936052088 56.4942615754226 0.003267559675516306 0.03583746813906588 0.5650980896828779
20240103005347 JABI 152.38030458018716 5.346815 0.009237259960642364 0.0002169303793469075 8.785393985733716e-06 436.197294673321 0.3008419427032859 2.6430149940818953e-06 0.14755606944059615 0.00013027682660862418 -5.902057902353671 76.15196311739302 0.0008464502228141393 0.017548809230902046 0.7626710875472043
20240103005347 JARU 145.3847420766685 5.346815 0.00832819214490868 0.00016346842649965994 8.219863528517007e-06 256.8705302115086 0.3920330914375819 3.2224585102795523e-06 0.12332837639899237 4.78658346900893e-05 -6.069911817443592 47.250005470962996 0.0006877776658304198 0.010906735984416153 0.47255394306875437
20240103005347 JAUI 150.085941346197 5.346815 0.002638905034877888 7.199809877309556e-05 4.511414353209292e-06 313.875317442065 0.3546510793159549 1.599977969607166e-06 0.17142617501463514 2.8092447507235527e-05 -6.976577143179436 33.90516123766353 0.0004866634572360409 0.008700894194761428 0.34020033156394236
20240103005347 JBJI 121.30443036509965 5.346815 0.003628371628405117 8.197316477394949e-05 4.4220857735044915e-06 166.75106925707595 0.48657025334151605 2.1516553951119944e-06 0.1419514419246759 3.08100336414959e-05 -6.687705081164935 31.07316825378402 0.000738130395169996 0.00918364963896591 0.31084425185425446
20240103005347 JPJI 180.91389486637348 5.346815 0.0035685700850347835 8.219752316335606e-05 4.825145151751624e-06 258.9293123805854 0.39047142678317615 1.8840813118403816e-06 0.14472527021184128 3.5470546183341255e-05 -6.7183669829266845 27.35783731060284 0.0005931949496987399 0.009427388982347781 0.27385823524565767
20240103005347 JTJM 91.5253868363655 5.346815 0.01973157160426218 0.0006334315412821433 2.460047162377683e-05 400.88751912485986 0.31381131632812576 7.719906382550113e-06 0.20170556269468048 0.00117129015288316 -5.105655763812142 187.3007336957472 0.002744100435060926 0.054349337309444044 1.8751977316701525
20240103005347 KJJR 212.26372983853537 5.346815 0.002319664691684741 0.00017235851978298947 9.568065954966151e-06 144.77296772076522 0.5221991129763687 4.996435554582716e-06 0.4668608023175806 0.00011515267720570746 -6.413446364275188 27.24237915751635 0.0015705981380762794 0.018260349089751774 0.2726267154537532
20240103005347 KSJR 97.37545186141865 5.346815 0.014202112402780864 0.00032103589073387967 1.359030323915262e-05 675.7369589075806 0.24170800391776842 3.284885068572762e-06 0.1420301385124552 0.0005597198939428581 -5.555519459208586 167.74078206762655 0.0015157604388703009 0.040368791917569036 1.6787865402104614
20240103005347 LPJR 252.21552767465815 5.346815 0.019339233347073582 0.0006112091332127459 4.30279257181051e-05 141.71883171823382 0.5277959903905629 2.2709966668838853e-05 0.19857768798251854 0.0009502549371066211 -5.0424534556301115 168.74950256566393 0.004022440633704194 0.046142650965919005 1.687588655704402
20240103005347 MGJR 174.49028742898614 5.346815 0.014817661645174089 0.0004142268078398609 2.4140032614876368e-05 207.76745703837915 0.4359042528841867 1.0522742881587583e-05 0.17564605368803032 0.0009745722073909597 -5.360581317006085 155.99206259637708 0.0035643741704578964 0.05126791674057812 1.5618966780723427
20240103005347 PASJI 145.46732450297512 5.346815 0.026630828987935683 0.0005569235081248405 2.155930023225045e-05 483.0180700540846 0.2858894829407301 6.163577195962043e-06 0.1313985984085641 0.0011954288641674309 -4.959949913400817 268.5647865961845 0.002494583561311095 0.0560759095312809 2.6911053259553617
20240103005347 PBJI 157.7894585946905 5.346815 0.004425761244338763 0.00019518514892235484 1.6007580688228223e-05 130.41789736819538 0.5501881994290408 8.807181996071373e-06 0.27710136001062774 0.00022154362208744085 -6.23297144437061 43.89874787216821 0.0020848776672425023 0.02377539924140786 0.43913488576949944
20240103005347 PSJM 77.70502823439867 5.346815 0.00362049816258403 0.00019408602115111143 1.5586865684987185e-05 140.86424268642102 0.5293945743269566 8.251602124395238e-06 0.33682614426608104 0.00011605426519626809 -6.16871620218845 35.71262194623429 0.001396069234363887 0.01602843899167425 0.3578087790129374
20240103005347 PSLI 187.34385717155683 5.346815 0.004098476186411359 0.00018762390103600868 9.8034213546597e-06 212.721019072898 0.4307989795690831 4.223303915873157e-06 0.2876375717818662 6.759551080901831e-05 -6.181139537007214 40.12441529346757 0.0008561013921979931 0.012539551641443634 0.40172144329605475
20240103005347 PSSM 240.72357294059924 5.346815 0.005807040191345521 0.00016074972820998836 5.348398401900485e-06 612.5937161944873 0.25385960475506664 1.3577423043790871e-06 0.1739303151246287 7.805076058010572e-05 -6.203243189646559 58.93790772358771 0.0005533869659096146 0.013076961159305152 0.5897010040052102
20240103005347 PTJI 155.69175962329362 5.346815 0.005507435247637086 0.00013504700567702445 7.068880455271938e-06 425.2331687773128 0.30469568363540556 2.1538573628560402e-06 0.1540690582267908 4.442392057720769e-05 -6.246698541698612 47.5151119401418 0.00043540679875471786 0.010137486394625844 0.47649795808875406
20240103005347 RLSR 193.17153231508334 5.346815 0.0014646195965763548 6.380732394736501e-05 3.523229270665066e-06 137.59090362751888 0.5356548073222847 1.8872346961303293e-06 0.27373199242567364 1.509370185002226e-05 -7.089424371641249 14.26432085863637 0.0005755384474372682 0.006245156745702182 0.1427250938932786
20240103005347 SBJI 156.0159968051991 5.346815 0.007473278864857063 0.0002454673156353098 1.242013891882831e-05 173.30985267277896 0.47727451151877737 5.927815735479138e-06 0.20637750295192436 0.00013130518703148583 -5.983339288054654 81.32887778176432 0.00133075044889839 0.016824886705592318 0.8135597780513082
20240103005347 SCJM 143.54178417466866 5.346815 0.007744606674979872 0.0004467599877182009 3.487843921471736e-05 126.05716127617691 0.5596237108102152 1.9518801580608657e-05 0.3624555653336686 0.0007845475040463601 -5.583938868889623 76.0352151845002 0.004023507016589671 0.045081688195781025 0.7603764943651532
20240103005347 SCJR 121.73168013716564 5.346815 0.011597736563555523 0.00017635042204023198 9.067867514981485e-06 331.06063641603396 0.34532346942322045 3.131347470543523e-06 0.09553953692654076 0.0001805268492744022 -5.919637815662777 101.65850050395838 0.0011753396585510092 0.021832332378556127 1.0185431484001686
20240103005347 SPSJM 190.60362782616812 5.346815 0.0023985123797869382 0.00012428597048906744 8.946738395201752e-06 196.49351977297434 0.4482349868576299 4.01024116699191e-06 0.325581719004858 8.23612945082344e-05 -6.605203888223442 30.222365566194547 0.0009897140692441998 0.01437486796026694 0.30299815969413796
20240103005347 SSJM 117.03858685508675 5.346815 0.012688691926267176 0.0002306454831827699 1.2371190565139722e-05 278.19323215946514 0.37670951357354127 4.660345180119368e-06 0.11421100926103465 0.0003264454445182379 -5.855032553920248 117.53727787566547 0.0017996567893436741 0.0301582632994563 1.1777235651261053
20240103005347 TASE 142.90026531539118 5.346815 0.004444888322384122 0.00018176550391257843 1.240392517822562e-05 189.10204633156894 0.45691114772225866 5.66749168944409e-06 0.2569392661192963 8.301554895522174e-05 -6.382999444192133 40.48234209009002 0.0008385835309474171 0.012818522794957802 0.4060070014781108
20240103005347 TSJN 233.28883440480183 5.346815 0.012199335333651059 0.00046089831937102643 3.1163143922873646e-05 164.32668007983978 0.49014641190487923 1.527450317747186e-05 0.2373825679164358 0.000718709081728321 -5.366149705841019 79.70010706125039 0.0032085104999592905 0.04093469122869728 0.7974766417985243
20240103201116 BBSR 147.35672143078287 4.617466 0.0020346811190054596 2.0778052783132516e-05 5.618337945251236e-07 1394.9206153698653 0.16823064964070364 9.451766424306316e-08 0.06416354618879708 1.468985244462867e-06 -7.733464300500874 14.422001472783453 5.413880986844443e-05 0.00195007137218166 0.14426545688503958
20240103201116 BEFA 155.0685487842219 4.617466 0.007116428987960045 9.661548713923818e-05 2.316179561978867e-06 2407.8266245426407 0.12804636736458003 2.9657837907547807e-07 0.08530303755806519 3.541376460251438e-05 -6.3907338196111 71.92060082472535 0.000201229742264015 0.009735930795789462 0.7193424599394622
20240103201116 BEKI 166.7181213651592 4.617466 0.006991290006811073 0.0001342883643259295 4.1534253807345665e-06 969.2999008044659 0.20181376482190178 8.382184129928836e-07 0.12068712309686061 7.439975191195892e-05 -6.2736697821224965 63.69144807273406 0.00042760593472745956 0.013150774536867152 0.6373526870688418
20240103201116 LESM 83.77439354560518 4.617466 0.008081901065254967 9.497192570329894e-05 1.8401432076307783e-06 2823.7638827449637 0.11824034243486571 2.1757916299945544e-07 0.0738348815897926 4.38983506483397e-05 -6.333252066558717 83.53686660443046 0.0002108181254502284 0.010940560862806323 0.8355232126513479
20240103201116 LHSM 120.52510119395366 4.617466 0.011166877910044965 0.00028858823073381584 9.317447177824903e-06 1136.3910416658598 0.18638714997222103 1.7366524244914977e-06 0.16237782357596875 0.00020130772007582486 -5.616972301800014 100.45621878801359 0.0006047483902446283 0.02100371329492611 1.0049301944789064
20240103201116 LLSI 202.84995693756883 4.617466 0.002333101430101959 4.493873656767197e-05 1.3116782674394794e-06 991.1668178845865 0.19957516232191058 2.617784031383565e-07 0.12102277495619689 7.926420725069938e-06 -7.219208341560075 23.57097008887644 0.00013546088357345643 0.004204360215008511 0.2359879673498289
20240103201116 MKSM 73.41257540209278 4.617466 0.006076832772777723 0.00011617911670581939 3.6561259021069034e-06 794.4164544972643 0.22292344857126187 8.150361945083867e-07 0.12012424010697845 6.84909189804159e-05 -6.337952291217948 70.22946174895719 0.0005174345050381125 0.014002398075188442 0.7023162035543336
20240103201116 PPSM 118.11209950612023 4.617466 0.003901537056405077 3.163648657189536e-05 1.1009429308925061e-06 888.8584745743717 0.21074804745060072 2.3202157304013732e-07 0.05094861453974592 4.799165080001346e-06 -7.251032504190841 34.084314798650524 0.00012394620727052073 0.0034400909552310156 0.3414172403213354
20240103201116 ULSM 150.68278476008598 4.617466 0.007827502215005647 0.00011155502388914706 2.9588518257391334e-06 1293.106871320606 0.1747280614650944 5.16994443673854e-07 0.0895459199869228 4.5612305083371946e-05 -6.265611107273069 61.926710923685135 0.0002949097100359396 0.010224629396800695 0.6194849506070444
20240103201116 UTSM 116.48251303172651 4.617466 0.00470764811728166 6.810777427213008e-05 1.6020949079730341e-06 1614.2059188939297 0.15638691072098576 2.505466733397248e-07 0.09090181677777005 2.48311261306727e-05 -6.692349487294618 54.66540314723955 0.00021323631403835094 0.008394150757130568 0.5475286214114976
20240103224429 CLJR 79.84888795800346 3.140824 0.00033181579080644144 6.2924327279470005e-06 1.9788817955647954e-07 1147.4033828301535 0.18549055701666883 3.670638865294597e-08 0.11915201734843128 2.2247110314251762e-07 -8.836752756301028 3.629486870460135 2.428064005252916e-05 0.0007510745925213163 0.0363259426950521
20240104065457 CCJM 145.05396404221426 3.522026 0.004576661867988397 6.0950552078555754e-05 9.760637337261303e-07 1779.9843615034883 0.14892642865764116 1.453616860060754e-07 0.08367749777695321 7.017110751223587e-06 -6.7422638692542165 32.71686769060906 9.924181877527476e-05 0.0038565855644661644 0.3274660313266672
20240104065457 PGJR 53.32868512088233 3.522026 0.0069182328629539295 0.00010220088747366181 1.654481293287341e-06 1803.0247633126958 0.14797182242009888 2.4481661212768994e-07 0.09281952881259967 1.225109022176285e-05 -6.376721484440671 55.58773498110236 0.00012337282990069532 0.005414859756493425 0.5564692963782454
20240104192424 KBSR 52.35799699128441 3.253228 0.0008620877164190557 2.4589614162264266e-05 8.646780351930693e-07 475.6812080561772 0.2880858125356832 2.4910147435035345e-07 0.1792173806342136 3.628145041878883e-06 -7.827662517928932 11.177601529090065 0.00016798150754688182 0.00353061411778453 0.1118486285659239
20240104192424 LLSI 77.6100147072567 3.253228 0.0018285812268282456 2.2441639285785978e-05 6.858772514542368e-07 1265.2099927182815 0.17664386625665937 1.2115600947436734e-07 0.07711168427232186 2.0428246672661792e-06 -7.590359944861216 17.204624977461656 6.852521819273071e-05 0.0023764780251076347 0.17212373058258357
20240106204955 BMSI 108.10877639518208 3.391759 0.0011589887696992478 1.722337635133111e-05 3.871571563574637e-07 1844.0353217129023 0.14631715584066135 5.6647733981582314e-08 0.09337248820693056 1.831419662101262e-06 -8.02630674528133 13.957915556043659 5.79483062057663e-05 0.002368054880390529 0.1398308081572336
20240106204955 JASI 123.20124003828357 3.391759 0.0011177577310636272 2.1143697853946258e-05 4.545445136926546e-07 1852.4890818148206 0.14598291782924877 6.635573439213064e-08 0.1188538159954783 1.4331541483495224e-06 -7.821669077342599 14.090417371217642 4.883795756337501e-05 0.0020232945863805107 0.14133330217176882
20240106204955 KRJI 141.81276183492562 3.391759 0.000772107367827044 1.829123320558412e-05 1.0469630701544187e-06 262.9889725355547 0.38744592648582177 4.0564157671241916e-07 0.1488487385516904 1.490163225987248e-06 -8.145499788535904 9.08914700583945 0.00014387923591854557 0.0021833642100241102 0.09100466701817808
20240106204955 RGRI 83.07669101557808 3.391759 0.0016434742279167248 2.186609802482904e-05 7.21826999467619e-07 952.8579222741712 0.20354750989160655 1.4692608831416386e-07 0.0835965319694176 1.2159153085428826e-06 -7.657578540421416 17.552205365938704 5.3417053256511445e-05 0.001601283700567001 0.1759306515397005
20240107231908 LPSR 50.707244659018315 3.348261 0.002393419339041934 3.9087533268604446e-05 1.0858413466973467e-06 1074.8200657527595 0.19165139533905443 2.0810300921138446e-07 0.10261227972925882 3.009111175533216e-06 -7.377386303564326 21.468162764762194 7.841903022789526e-05 0.0026048400951836767 0.2149924922432352
20240107231908 PASMI 91.78724564044927 3.348261 0.00787019107625761 0.00010651310306459695 5.051809538209294e-06 816.655823393467 0.21986714481597214 1.1107269393201723e-06 0.08503498297728937 6.353905742778643e-05 -6.309990210509607 76.67456950575357 0.0004589973161859856 0.013163078805750968 0.7674227484045346
20240107231908 RASM 40.527777096945414 3.348261 0.007435473411630218 8.718795335091368e-05 1.252037385610972e-06 3846.852301797032 0.10130412093462866 1.2683654672661023e-07 0.07367628624703959 1.3519204544489796e-05 -6.423759516385269 53.96171969403846 9.601911884455558e-05 0.005568941084338185 0.5400315116234453
20240107232124 CLJR 97.25774977291536 3.551724 0.0014495156452789168 2.2341697946122624e-05 5.171290814230362e-07 1481.762218609194 0.1632264780039263 8.440915863408785e-08 0.09684409321812498 2.253842344964739e-06 -7.723977757313837 14.667588895916973 6.403144383061942e-05 0.0024147650063673434 0.14670137812138048
20240107232124 PASJI 117.9612409819842 3.551724 0.014234972925354809 0.000300224683853478 6.174494321597435e-06 1152.8483161535735 0.18505200015256795 1.1426025241422786e-06 0.13251639692836237 0.0001559029906684785 -5.5609506250643825 109.92313543991784 0.0005609580901432111 0.019316994492981632 1.0994512693217322
20240108070202 KCJR 93.87251979876889 3.001512 0.0001903410663339268 3.239656261855112e-06 1.062059544065537e-07 634.2054113776671 0.24949675224566165 2.6498040693585964e-08 0.10694150777263035 5.141127283983383e-08 -9.471657570284677 2.1001397467690763 1.6408333430762116e-05 0.0003893100203280199 0.02107305344364184
20240108070202 KJJR 5.110678681533063 3.001512 0.014848875921407788 0.0002633553370072152 9.732674516710286e-06 812.9618887560431 0.22036609462748724 2.1447514735279127e-06 0.11143674395349003 0.0002612202225878439 -5.663586511925923 161.4457600650984 0.0009044425614429211 0.026926573959479384 1.6160040043192074
20240109115058 LLSM 116.9216198209346 4.325602 0.004402579065908949 0.0001263030396118514 4.037739739336609e-06 1204.4502216608416 0.18104454360926017 7.310107483211695e-07 0.1802546622924678 3.6923750221537324e-05 -6.336465867705129 42.67493310837921 0.0002593048389472239 0.00919558607087093 0.4276803957574177
20240109115058 MNAI 221.0636607251171 4.325602 0.0003876667317019048 7.3328344789216365e-06 2.1509500240802293e-07 985.5610900940497 0.200141934748043 4.304952993657668e-08 0.11884836662581723 6.121643169970901e-08 -8.803262612073352 1.5347148602429974 1.3006672422936882e-05 0.0003861347329640552 0.030763121776376304
20240109115058 PPSM 90.26942550600285 4.325602 0.005657163746084771 0.0001218946122990856 2.9896909697465373e-06 956.1852829516079 0.20319304605445745 6.074844149043037e-07 0.13538346623818764 3.772740533418278e-05 -6.340365332060674 68.73140184054182 0.00032260448955143844 0.00963472067120972 0.6883678092559298
20240109115058 PSSM 93.44615778129507 4.325602 0.007227889327577762 5.478112013167143e-05 1.9854134241931346e-06 780.6767046314759 0.2248765957905031 4.464730120693182e-07 0.0476210845964222 1.4904966999253391e-05 -6.7625758588952385 48.66301263613491 0.00023520511122210246 0.006349808741356265 0.4879118183246788
20240109115058 SUPJI 194.30251361973046 4.325602 0.003709352452664424 9.598197424189346e-05 3.7368724124791615e-06 747.6872384534033 0.22978405241385083 8.586736862929849e-07 0.16258161983975616 3.906805616175186e-05 -6.693579203906655 36.346389909573304 0.0003756534668060416 0.009957728336712001 0.3638382461419505
20240109115058 UTSI 115.78497391119745 4.325602 0.0032982167680386336 9.104578454856781e-05 2.7276890938572476e-06 1196.7088275815931 0.18162917949780416 4.954279320424008e-07 0.17344449318787125 4.657544613457146e-05 -6.656208661427633 45.71675497208367 0.0003203889545762407 0.011156798541382401 0.45770759021154084
20240109155238 JMSI 41.08707924550387 3.225879 0.001111075923140046 1.7339142343711936e-05 3.884477402315686e-07 1374.7829848902834 0.16945828005485988 6.582568595083861e-08 0.09805364524974432 1.0564037588341869e-06 -7.982995579865907 13.279159679616978 4.5958374888951e-05 0.0016498536287077067 0.13287542777435501
20240110091632 BLSM 95.09874381842181 3.425378 0.008547259397811601 9.912115267708609e-05 1.9105204451097315e-06 2786.0910767883174 0.11903706593402517 2.2742274819283025e-07 0.07286506014908471 1.9081773213426746e-05 -6.373797957342795 52.91657550271975 0.00013087312196881625 0.006190586784756711 0.5297138878746763
20240110091632 IMSR 109.33973452693238 3.425378 0.0018344567352583964 2.503626874019395e-05 5.6877801661758e-07 1337.6097131987644 0.1717968361360087 9.771426371861444e-08 0.08575155405495476 1.4127880603490345e-06 -7.571349121952654 14.607905791276249 5.3689286441949865e-05 0.0018603650849145963 0.14615195440379114
20240110091632 MNAI 123.57242640635778 3.425378 0.0009770020067828202 1.3263071720027898e-05 6.179278512292473e-07 497.4362657188941 0.28171576180018526 1.7408001534659896e-07 0.08529597358122207 1.72378462977021e-07 -8.146234627498474 2.2956228311096374 3.0342598182085583e-05 0.0006563878748193034 0.04596120845929014
20240110091632 NBSR 62.61725077387525 3.425378 0.002933300143759059 2.9483961768644708e-05 5.117413078815387e-07 2849.9391573387306 0.11769610051752522 6.02299564113954e-08 0.06315521300346336 2.2064360477878878e-06 -7.245435821762429 22.62549818401889 4.546391687871199e-05 0.0021785764173101554 0.2262713400081044
20240110091632 SSSR 76.50822444091301 3.425378 0.0012605251316027955 2.3750883182151183e-05 4.5003224737573827e-07 1289.6159210940452 0.17496439335397074 7.873961915182013e-08 0.1183881197615466 1.986519557757268e-06 -7.693155715634618 12.54406895621414 6.78086292514227e-05 0.002351866336428927 0.12556060061453547
20240111044504 SUPJI 21.266247552219053 3.171138 0.009538171659479662 0.00015755226478174198 4.592656067658948e-06 663.6302249157728 0.24390280196012412 1.1201616833411827e-06 0.10378614587059265 6.737239458036654e-05 -6.08194856982177 109.1771439226619 0.0005367203128297004 0.013471510089082782 1.0942222435218305
20240111180131 PASMI 196.1555631021009 3.541501 0.006317913976388699 0.00011197662023121888 2.908452944748761e-06 919.7538104168013 0.20717820714077712 6.02568066646362e-07 0.11136110077057133 3.56955262449086e-05 -6.366305031120951 51.3728322251033 0.00033457387513593183 0.009428761963741514 0.5142365938969797
20240112144628 BBSR 63.950781647716724 3.393876 0.0018811822854651718 1.2354094689182651e-05 2.854093333128275e-07 1356.6212658403253 0.17058881723301492 4.868764059709857e-08 0.04126291579201398 4.33403180145313e-07 -7.968512643618536 16.28781857713329 3.196822454582762e-05 0.001115887310746543 0.1629147642175604
20240112205208 APSR 106.13444365103702 3.341528 0.0008499939163941848 1.3487186554509577e-05 6.461001444389006e-07 370.6343168079937 0.32636761245643764 2.108661615482835e-07 0.09969776343103297 9.123569464033495e-07 -8.230921055037818 11.105301389687021 8.734317615850947e-05 0.001784355897343544 0.11127894161084653
20240112205208 JPSI 60.37037894918729 3.341528 0.002887752098776974 1.481357217220002e-05 2.2291520002109948e-07 2388.6618747520442 0.12855901297372088 2.8657758091552112e-08 0.032231443640412014 8.473887324417727e-07 -7.708063134225136 26.671823904507328 3.660759965533921e-05 0.0015758799310899307 0.2674694656715928
20240112205208 PDSI 104.4161214648816 3.341528 0.0007507637002949682 5.866181402416198e-06 1.8361500812370476e-07 640.3746708219059 0.24829203932359367 4.5590144817452875e-08 0.04909441517008655 1.0443021385949375e-07 -8.830974691067555 7.5458399029792815 2.27220604089498e-05 0.0005771866870818748 0.07550778353990577
20240115111218 PGJR 49.616827824808084 3.180969 0.0020641674065152377 2.0880467867013903e-05 4.49577031983806e-07 1307.826235574042 0.1737420116904436 7.811041794668536e-08 0.0635587251765322 1.2070982953427037e-06 -7.607272145263863 19.578298224316764 5.028560118488966e-05 0.0017578608105574389 0.19584846784901927
20240115220427 CILJI 27.305355265148144 3.128122 0.08504421814025846 0.0004930847545378105 1.7730400447929795e-05 1242.9297016362466 0.17822005987334635 3.159913029408455e-06 0.0364297885577199 0.0005424909442270389 -4.748401742234375 476.83799648766615 0.0008621661973837391 0.03364495910894717 4.772672081520132
20240115220427 CLJO 25.525583428667947 3.128122 0.012951534578417807 0.00014863004542924862 2.8069127547627062e-06 1176.2762217812729 0.18319989035097023 5.142261088972675e-07 0.07210497813924482 3.4114869729776316e-05 -5.890933064677858 73.21867780327614 0.00029143607970773234 0.00904589803063224 0.7332064730122785
20240115220427 DSJR 42.71479741281618 3.128122 0.0032010432186328187 0.00011136668896072566 3.707576412020804e-06 952.8914274441075 0.2035439313339329 7.546546786236718e-07 0.21859671863041322 2.5360058442201133e-05 -6.540810545725193 27.004074792569327 0.0002365749858103197 0.007201875734530825 0.27042119328637726
20240115220427 GBJR 18.229013490262446 3.128122 0.008969461744350808 0.00014277269925677273 4.46978182482761e-06 403.71348515046446 0.31271105893489787 1.397750207649802e-06 0.10001350714289181 3.562085817003062e-05 -6.109195462210337 44.11467826626686 0.0004719764680619691 0.0091088565699748 0.4411526333656871
20240115220427 JARU 50.7319531452115 3.128122 0.002463173021150797 2.954103034063153e-05 9.50338397078455e-07 459.95624287430695 0.2929689600488452 2.7841965188656147e-07 0.07535474211571398 2.682470227642205e-06 -7.31972126381305 25.519090065149676 0.00014623731606695832 0.0029682286720789453 0.255505626462427
20240115220427 KCJR 64.34063594348645 3.128122 0.0008560300489780548 1.6811181472762617e-05 3.8575320103344985e-07 1136.020480350186 0.18641754653516904 7.191116530474356e-08 0.12339259416429624 6.827188832488126e-07 -8.064718567458748 7.30516715150992 4.274480036926089e-05 0.0013085762605919188 0.073064920050815
20240115220427 KSJR 15.678367550673535 3.128122 0.006201740840641543 0.00014473614842857582 7.224052579736556e-06 369.161482306542 0.32701801480347314 2.3623953334613576e-06 0.1466368983470966 8.219852765726807e-05 -6.140689142199914 68.24387521848598 0.0006871606062145616 0.013982694075733899 0.6845554323737104
20240117110228 MKSM 68.4036661097512 3.488088 0.004466936485134576 6.852849714568674e-05 2.2091597932313638e-06 1016.6947291526731 0.19705369477172452 4.353230995973792e-07 0.09639206821538342 1.2618177040287275e-05 -6.782202827359452 25.365901047852667 0.00015867639756850547 0.005044402941982128 0.25375006863882066
20240117110228 MKSR 71.72034039216976 3.488088 0.0018030454888674202 2.5612237699554868e-05 9.396405871604164e-07 572.7257463546123 0.2625466703794264 2.466995075123365e-07 0.08925256550178326 1.8385546707478155e-06 -7.557977311595391 15.10309550937227 9.19071280969877e-05 0.0021728576602351632 0.15120336749513985
20240117110228 MNAI 70.00966130133476 3.488088 0.00327770000509618 5.4385984512102175e-05 1.2117670969056528e-06 1347.8103485080428 0.17114549627045583 2.0738848116412748e-07 0.10425518451097836 1.2922516931790267e-06 -6.981277739801365 5.362021169127541 4.382578460567434e-05 0.001585495957424256 0.10757270387529551
20240117110228 SSSR 109.04801963738508 3.488088 0.0007604021457103304 1.184175742196038e-05 3.030993327785922e-07 1771.2391264477992 0.149293627237225 4.5250798803698756e-08 0.09784816713706371 7.336714664963676e-07 -8.262446859987689 8.57601306982301 3.5627056430853e-05 0.001370418488126646 0.08580378323144457
20240118005313 KCJR 132.223097873266 3.353345 0.00053718316628148 8.614949719899856e-06 2.807322189796426e-07 634.7445546505143 0.24939077018531042 7.00120243071643e-08 0.10076511867797866 2.465236342653658e-07 -8.565653685379866 4.73663414515648 3.393064833954859e-05 0.0008140420084731866 0.04741655668004771
20240118005313 TSJR 79.65447682427776 3.353345 0.006552194410665504 7.257647716300649e-05 9.852790756633809e-07 1889.734979349491 0.14453712682038436 1.4240940671262915e-07 0.06959675283980779 3.91432340988095e-06 -6.651899512744081 27.538562051114496 7.823769520797795e-05 0.0026113077288043088 0.27584051312839075
20240118191301 SIUMI 47.51009076397255 3.507339 0.00489518587167302 0.00012092583427107135 5.732357971588103e-06 499.7438265390885 0.28106459975766196 1.6111628989520532e-06 0.1552136006820827 7.588367639272593e-05 -6.453941980143883 53.1128273277814 0.0005868299574833868 0.013672240066418527 0.5318122380138037
20240120211311 CPJR 64.99643286008816 3.099883 0.0007630988206450756 1.0446921820734765e-05 3.848636413547786e-07 652.9272403983671 0.24589374104633518 9.463556056544154e-08 0.08601762172008945 3.666787023963559e-07 -8.397762777021216 6.756851493557266 4.017495217767321e-05 0.0009704263723198654 0.06764319779458022
20240120211311 PASJI 112.77175811397436 3.099883 0.003550243272476913 7.960622375191531e-05 1.780202436805665e-06 1647.5701402567663 0.1547953505937021 2.7556706033309576e-07 0.14088630469796562 1.4261964640073286e-05 -6.708227659633663 34.7413871110666 0.00014336182603797608 0.005766639842277081 0.34788189488819443
20240120211311 TPJR 74.69680652888653 3.099883 0.0004926497283255723 6.0837092693955495e-06 2.4990545602443e-07 486.1574669025264 0.2849649119414657 7.121428626969353e-08 0.07759077189494959 1.644613583168606e-07 -8.737409689837339 4.995186688874127 3.308180737810756e-05 0.000712584491245541 0.05004737040755519
20240120211311 WLJI 62.188808529185565 3.099883 0.001562245439024149 2.1736063668285352e-05 6.554816416147641e-07 915.5453670640543 0.20765382425578496 1.3611326961076565e-07 0.08742014056498035 1.916571609978032e-06 -7.763630031804784 17.549580875994355 7.619264813730692e-05 0.002267983297593364 0.175582776012785
20240123155545 BBSR 227.85547519448093 4.020262 0.00020597780768938638 3.478913799450556e-06 1.7100855250165307e-07 334.1205008987463 0.34373860208807006 5.8782240782022567e-08 0.10612143276432384 5.916557389397451e-08 -9.471408714470323 1.9777612606250343 2.2260399635550215e-05 0.00042831499596629853 0.019813964590238202
20240123155545 BTSR 139.76391895938926 4.020262 0.0033182829044186434 4.253992103768553e-05 1.1495120657821282e-06 1257.952773065264 0.17715266904065063 2.0363913054773598e-07 0.08054955364916166 6.287320875162701e-06 -7.141560721686262 27.23019197720634 0.00011618661623578893 0.004240542815819271 0.27236504069719536
20240123155545 MNAI 113.5775565026899 4.020262 0.0019879446519588183 2.8785088060015778e-05 6.527610284928886e-07 2443.622426185732 0.12710505335112193 8.296922535212183e-08 0.09097941544114396 1.1218240554984655e-06 -7.384020326597698 6.587684475636996 3.651834089079483e-05 0.0018176893272558775 0.1324396220232968
20240123155545 MTSM 156.7408184008334 4.020262 0.006842305025210644 8.849972234550793e-05 1.561273474932288e-06 3560.095077682086 0.10530501881234809 1.6440993264896466e-07 0.08126795766659785 2.1284641119797925e-05 -6.5338889066807635 47.404533863546405 0.00010862314740198072 0.006254727471645688 0.474177440429195
20240123155545 UMKSI 168.8631510530813 4.020262 0.004786611349941834 9.480876134388819e-05 2.6870759744092177e-06 1212.280157102221 0.18045892671806946 4.84906846351798e-07 0.12445151125024033 2.9531452365881135e-05 -6.641977366066315 37.565894850717086 0.0002473972963082636 0.0084764079807298 0.3766568136191003
20240123155545 UTSM 123.6282146778547 4.020262 0.0023551589439717445 2.5498538598600214e-05 4.058561200093431e-07 1800.1334511187524 0.14809060835775845 6.010347971790304e-08 0.06802600032042616 1.600389887172864e-06 -7.555377496356734 19.414895762250453 5.2642052763379415e-05 0.0019654665867685685 0.19424128157325765
20240126075923 SISMI 34.53474711568745 3.092034 0.014666878621818907 0.00032433613033930266 1.052079253008852e-05 610.8391309466324 0.25422393874797244 2.67463731574935e-06 0.13894326538598334 0.0002550335992709119 -5.510858489824971 125.2218836123216 0.001033198937898965 0.025224851174256376 1.2525468916235163
20240128104331 LPJR 82.36028434190028 3.042453 0.0018132291473291638 2.648406852590369e-05 4.837044750574409e-07 2833.334201790576 0.11804047985180753 5.709670834224699e-08 0.09177235567904052 2.8840576715601784e-06 -7.611765005564134 18.91903596324106 5.6813356630448364e-05 0.002770387532629964 0.1895581462862186
20240130013849 BEFA 37.70324281397463 3.582914 0.002875362867859543 8.303617818982375e-05 3.302714711386105e-06 549.6866901295224 0.267992264045007 8.85101992999114e-07 0.18144899226407216 1.2219899088465644e-05 -6.876788434336223 34.89777037205688 0.00022054347551256242 0.004918600505224132 0.34957189427230856
20240130013849 BLSM 107.27349081070712 3.582914 0.006218574615591178 9.992962796791905e-05 1.997680795194717e-06 1832.430666503558 0.14677973278525933 2.932190533089249e-07 0.10096789200305531 1.3630033146408676e-05 -6.466434688189676 34.95765038616752 0.0001327281867949323 0.005288699762009463 0.3506911629148386
20240130013849 LLSI 59.70714054729953 3.582914 0.009095121294073041 0.00012167167764137683 2.944717492347776e-06 2258.5223222077825 0.13221102575857663 3.89324120232523e-07 0.08405448069773158 2.014885990154994e-05 -6.179680556399067 39.19215026103228 0.00013526997429039818 0.005404469687378375 0.3922222261321288
20240130013849 SSSR 60.53191921957302 3.582914 0.0015994627444622296 3.33887622778193e-05 8.808248371162828e-07 1344.9974656564318 0.1713243667904237 1.5090675747222524e-07 0.1311614048500023 5.640232152562014e-06 -7.467217990605007 17.84917323145919 0.0001072264601745861 0.00391133359726795 0.17853833792038448
20240130013849 ULSM 46.432387137980456 3.582914 0.001880754834152379 3.7733748577439605e-05 1.2796331153581812e-06 838.7505426693923 0.21695190168472875 2.776188378357113e-07 0.12606009584094904 3.6564745765771146e-06 -7.330887129161795 21.154335971342448 0.00011095801180009927 0.0030848151780149833 0.21176342422190697
20240130185751 CGJR 105.5548236003198 3.295378 0.0013213826059391837 1.3966428424194826e-05 2.813721567528914e-07 1018.2693199094151 0.19690127980530872 5.5402537766224255e-08 0.06641048359063621 2.4892868779113226e-07 -8.069010219104431 7.127462921459433 2.635920999484143e-05 0.0008109577829019036 0.07135338611201043
20240130185751 LPJR 112.26510511314792 3.295378 0.001894995957274461 2.6118061593348907e-05 6.316994237903911e-07 2507.9651075002994 0.12546399823990512 7.92555353945867e-08 0.08659892926176478 3.267970370458702e-06 -7.592597777284458 20.072523949490865 6.134799453644203e-05 0.003126136059386006 0.2007296011798649
20240130185751 SSJR 171.36092137846785 3.295378 0.0003263380470952359 3.429412207415004e-06 1.1744412124122349e-07 450.4692222525411 0.2960378943481134 3.476791035581634e-08 0.06602856328181671 4.817245461968201e-08 -9.192520645433031 3.3677917752073236 1.8484225860780838e-05 0.0003693229132888028 0.033697339735472544
20240202102136 CGJR 27.02793451161085 3.09642 0.0014675354703053167 2.1992338633605066e-05 5.295210748505393e-07 766.0755007861343 0.22700952579426104 1.2020632809988833e-07 0.09415918168195074 1.2320327685400653e-06 -7.716277284637167 11.482527878895967 6.631140938352192e-05 0.0017953769545200832 0.11546477361440098
20240202102136 MGJR 15.200841878334169 3.09642 0.005558933786054167 0.00012218005425253313 4.79688726943629e-06 642.6265390017296 0.24785662965599722 1.1889403114422382e-06 0.13809841082040197 4.847478768937485e-05 -6.4273903997830315 50.077307680493675 0.0004158384571748461 0.01079399013267063 0.5009401036933058
20240202130308 LLSM 75.40359465452957 3.893638 0.007740935086652688 0.00014791806430767955 5.695261085127807e-06 1059.9940430985778 0.1929870448853404 1.0991116066692926e-06 0.12006257615142257 4.904379152931496e-05 -6.244793320629391 58.75572192579547 0.0002849705434166586 0.009748671234046588 0.5877223730366623
20240202130308 MKSR 198.88291887424484 3.893638 0.00029213742041161994 7.545746690824417e-06 3.565302310785355e-07 488.54940236625663 0.2842664625898569 1.0134958759503954e-07 0.1622911733549392 2.569171938811972e-07 -8.933322790769694 3.0524073439404864 3.637816595906046e-05 0.0008011950129861542 0.030605769962883406
20240202130308 MNAI 239.84506256578373 3.893638 0.0003343217800513541 4.511729085442819e-06 1.5804774084422784e-07 463.0235578790709 0.2919969562817748 4.614945927372527e-08 0.08479265064715397 1.985714812431754e-08 -8.99196576041929 1.571887687733935 1.2447878359530442e-05 0.0002451872730924639 0.031491852233170504
20240202130308 PPSM 87.68348319518041 3.893638 0.006490201066931649 2.5232317474223243e-05 7.021337995551663e-07 1510.7659587384642 0.16165207105690083 1.135013828571435e-07 0.024427490733362183 3.1896422395753128e-06 -6.920584218594257 62.528122688670884 8.448791820799996e-05 0.0029427150024828007 0.6256257284141418
20240202130308 PSSM 48.29807848384609 3.893638 0.03212127491287861 0.0002648386375731875 6.43015520360338e-06 1413.820701906244 0.16710240485452652 1.0744943981099722e-06 0.05180461363649485 0.00017237702002323638 -5.417402369273765 222.26892250829854 0.0004981317343117986 0.018772503007328308 2.2232880193232027
20240202130308 SUPJI 157.06051046409874 3.893638 0.004775772410459943 7.589425942664338e-05 2.871573256722136e-06 736.1125972825911 0.23158356936409677 6.65009184482196e-07 0.09984933425310284 2.2061858580744845e-05 -6.734287520201346 35.75654783800424 0.0002734297939490257 0.007303605929049635 0.35871224377444066
20240203010955 KTSR 125.1767480841758 3.673048 0.0007853212881746484 2.227812995499578e-05 7.485602479778647e-07 824.9450266973669 0.21875972261441284 1.637548322078138e-07 0.17824248611676133 1.598976788478236e-06 -7.894091565929527 8.305892494011342 6.953615176847908e-05 0.0019332605588651686 0.08318823726200486
20240203010955 PSSM 87.05667684676096 3.673048 0.003005121726305632 4.253402988444118e-05 6.920185633628174e-07 1474.5571692401572 0.16362477443239176 1.132313813332688e-07 0.08893123672351302 2.7868145039261703e-06 -7.131792963005965 24.12911196061859 7.237584365956494e-05 0.002512373603012501 0.2417942507105141
20240203031134 CBJM 106.16815263287805 3.619267 0.003155425793197938 3.1903581376895345e-05 5.313434314681255e-07 2737.1747582607095 0.12009601726855734 6.381222992113052e-08 0.06352743714836669 1.9617978686555513e-06 -7.133437957114579 24.09831666594818 4.374307600393394e-05 0.0019939995632352065 0.24122387616841068
20240203031134 LSJR 76.70665401233893 3.619267 0.006851460608161414 5.611740675597452e-05 5.45798114524732e-07 4764.603304601556 0.09102621710146519 4.968193766629862e-08 0.051462904885733345 2.946846818831221e-06 -6.781944425625507 31.943229672774784 4.219293153316973e-05 0.002324467506147206 0.3195533635096132
20240203031134 SSJR 63.688457251774594 3.619267 0.010008108955480127 8.644501215700707e-05 1.544635230842058e-06 1644.9440936517965 0.1549188616899714 2.3929313168827785e-07 0.05427099491822135 6.513576760090649e-06 -6.3594222486665615 33.197028595606255 9.351272822180092e-05 0.0029385557175702548 0.3324024156839206
20240203075836 CILJI 126.56905829634029 3.425205 0.01900260500353449 0.00014691554331221934 2.3824598222152194e-06 3296.0873584620003 0.10944111563532895 2.607390608995811e-07 0.048577423093515135 6.860070660565723e-05 -5.88621007745001 151.53882544799447 0.00023330025064614604 0.01275369891410047 1.515854144944417
20240203075836 CLJR 110.91406854297449 3.425205 0.0029989643098072304 4.32179331224243e-05 1.307459604655303e-06 1906.0433225076356 0.14391745969051886 1.881662649499613e-07 0.09054668690570078 5.033851754478291e-06 -7.164270090256498 22.5679883221447 7.378614657540562e-05 0.0033835637365164793 0.22570563873945876
20240203144448 RSJR 66.98457727470804 3.123352 0.0013697656211034512 1.6318766710407648e-05 2.1924928582726236e-07 2511.9272194401597 0.12536501078145393 2.748618908156082e-08 0.07485502165219027 6.712285979528436e-07 -7.941388159234048 11.049591375925862 2.773171296576542e-05 0.0012651787823736303 0.11050852502645728
20240204185528 CSJI 80.19779462959846 3.303855 0.0010275444787639003 1.1311328415127095e-05 1.971208223722329e-07 2005.730116665994 0.14029546102806678 2.7655156652944074e-08 0.06916603025117281 4.467240221260205e-07 -8.201596132927335 10.977632186448375 2.5664430441636196e-05 0.0010708328507788435 0.10985816972906295
20240204185528 LSJR 96.77099072839005 3.303855 0.000705357603031833 5.950796641163224e-06 1.6892998117152634e-07 1118.7702610091856 0.18784922670942708 3.17333663311093e-08 0.05300851349876636 1.2001248666819596e-07 -8.590192517721992 5.757141018565628 1.7742302417508652e-05 0.000554759330712231 0.05762726354739877
20240204203357 SMSR 77.14697563934267 3.361218 0.00033893649890591026 5.489118114764639e-06 1.780278227629343e-07 481.37732402755364 0.2863762871465539 5.0982946891633874e-08 0.10175695565214642 9.785347471318035e-08 -8.969757400606065 2.395284750712783 2.5112382993136496e-05 0.0005104386039978235 0.024000295560958926
20240204203357 TRIYO 40.08692741920014 3.361218 0.005212618487162698 0.00011021482374699908 2.8262737455526326e-06 971.9885789054457 0.20153444672084592 5.695915155916027e-07 0.1328507280757219 1.1966558426998862e-05 -6.402164486116386 19.902868359051617 0.00016200650994940846 0.004250426816750577 0.1991040117558738
20240205012524 CSJR 35.41263612795131 3.371671 0.00327981760126943 5.569353037399232e-05 1.0955622588562307e-06 1216.1233161829737 0.18017356044740443 1.97391352869928e-07 0.1066927537724627 4.409089901108126e-06 -6.953258987459647 17.250534566143585 9.89377522718483e-05 0.003177215669109672 0.17269206037094542
20240205012524 KCJR 14.323425142239824 3.371671 0.0046333665192400935 0.00011050594946686848 3.1119782948540623e-06 1094.950803461491 0.18988146118169608 5.909069857926124e-07 0.149854183812774 2.0750177395989973e-05 -6.389900823489583 42.78278752453391 0.00018422615406462622 0.006507697535105263 0.4285801018469997
20240205012524 SCJM 17.05760159695158 3.371671 0.002948886782353319 6.430134676498381e-05 2.6098334629369307e-06 346.1938480375699 0.337691551422783 8.813187110542664e-07 0.13700671034348272 1.3274656064412644e-05 -6.835165178635612 29.763940850840115 0.00031892623671177104 0.005623716310056004 0.29769297302163533
20240205012524 SSJM 17.619785514960085 3.371671 0.0032335967350163026 6.0191253518348926e-05 2.8150345906303493e-06 553.4060561947808 0.2670901761954345 7.518680848077029e-07 0.11695731741432032 1.4581337685841098e-05 -6.849229244252437 32.792839685701466 0.0002496008624499394 0.006105813034336722 0.32805554428557565
20240206014206 LPJR 127.45250892635583 3.295106 0.0029110317249303307 4.672080790117041e-05 8.860734961135355e-07 2794.493170378943 0.11885797916838338 1.0531690514271923e-07 0.10084242340272656 5.513446015075545e-06 -7.064049687849179 20.02397563784833 6.343919814142765e-05 0.00326229671944834 0.20041214220302003
20240207183103 ACBM 115.81218177539074 4.65155 0.004963867338824102 0.00013012707315424797 5.799932431185546e-06 544.6797902040204 0.26922118877956686 1.5614647039649359e-06 0.16471280521826748 7.040015324701625e-05 -6.394464736168641 57.425928698084874 0.0005700859673585493 0.013405032312074586 0.5746089438950956
20240207183103 CBJI 111.82160434031121 4.65155 0.007234555394259269 0.00021061549578769935 8.265998983125466e-06 676.721335024927 0.2415321426271336 1.9965044453480016e-06 0.182918799633175 0.00020358510862423712 -6.012829120346958 65.53262318888119 0.0007867074467786163 0.02118119803043938 0.6553972941232271
20240207183103 CPJR 155.05036715374462 4.65155 0.0035515409498955456 7.001083159181745e-05 1.8107637936195103e-06 892.2140510242232 0.21035136721650122 3.8089663969400243e-07 0.12385920213423682 1.725151928655771e-05 -6.805861533823157 35.13134928625984 0.00020918163105134103 0.0065600614447544805 0.351758860599333
20240207183103 JAKO 169.09013821998983 4.65155 0.004795552597278348 9.402569708253842e-05 2.741003892122427e-06 686.8907473574768 0.23973753479512327 6.571215159612686e-07 0.12319349364275844 3.382348356962529e-05 -6.600774344527593 47.547466990333795 0.0003924541034268125 0.009811670735003664 0.4757066459046504
20240207183103 JARU 161.12920084403305 4.65155 0.003627133727206778 8.622438837515835e-05 3.6283427013722543e-06 239.13509113858944 0.40631065691331986 1.47423430650121e-06 0.149364167660989 2.282861920789527e-05 -6.686603148994905 33.45426618006337 0.0005154466027059491 0.007678787449166894 0.33500189549407244
20240207183103 JBJI 142.7823656183925 4.65155 0.0024556133702345094 5.285247414884245e-05 3.399844664112072e-06 204.51074673344976 0.43936130056416994 1.4937601733404334e-06 0.13523378437558442 1.1966332760747244e-05 -7.023926654825129 23.847022296205495 0.000393865301091186 0.005743706317159408 0.23909169422418053
20240207183103 JPJI 143.07004531910164 4.65155 0.003386951252476245 8.727047620670147e-05 4.480382441494817e-06 256.6121580707467 0.39223040271540655 1.7573422093465485e-06 0.1618968012756653 3.125434234279604e-05 -6.784346837905981 31.245558595681985 0.000599745600292866 0.008680530992906034 0.3125309440427474
20240207183103 KSJR 99.77714195543334 4.65155 0.00992013265342816 0.0001788927739708644 7.948651431871085e-06 642.460313072628 0.24788869197415783 1.97038080640504e-06 0.11330659460344018 0.00015750150218291742 -5.962051669703569 86.78596709473766 0.0007669421908406891 0.019313406249558233 0.8683903806787734
20240207183103 PSJM 89.38996897180064 4.65155 0.002745209319578225 5.5559016477964725e-05 3.322634607621256e-06 228.1609862387563 0.41596728506392644 1.3821072969916584e-06 0.1271624693702156 1.6752954158788226e-05 -6.993674540778254 25.17109879082411 0.0004324726680539937 0.006660228464664492 0.25196291733038917
20240207183103 PTJI 160.32323133403798 4.65155 0.005465129760166083 8.520636280300512e-05 3.286518732352383e-06 366.2844288635768 0.32829981650195184 1.0789634967615147e-06 0.0979605956923858 2.952600713869905e-05 -6.568551591402617 44.992462371707546 0.0004956935299490398 0.008859615327906542 0.4503418539765193
20240207183103 SCJM 102.72503067098671 4.65155 0.0056358757422762 0.0001253404729183765 6.386313728132816e-06 187.65446276858194 0.4586700891188916 2.9292110868238793e-06 0.1397364764322529 4.897586384601774e-05 -6.324762391761813 42.089447572253846 0.0008583469732817064 0.010376459971157527 0.42109327089112847
20240207183103 SICJI 213.6970699689549 4.65155 0.008111878843923098 0.00012134796816542655 3.7625893518640246e-06 762.8745752169183 0.22748527894620577 8.559336882688113e-07 0.09399200669821203 5.776706066924876e-05 -6.286666981689076 82.3233633184744 0.00044824682298025644 0.01208854514336118 0.8234480482685872
20240207183103 SPSJM 140.6410205830265 4.65155 0.002420144054381298 6.598923762988159e-05 2.5289591251836754e-06 553.0471318544841 0.26717683211572846 6.756792876167383e-07 0.17132145814107383 2.5064242617350275e-05 -6.97156114986989 23.962503157636746 0.00033279492944388316 0.0076985531170621485 0.2398450525923535
20240207183103 TASE 151.98043908397742 4.65155 0.005127429251993651 0.00014078617228093234 4.941831568553182e-06 430.96390165746385 0.30266306180336855 1.4957098734548496e-06 0.17252029538694516 5.67398905107066e-05 -6.3035674190118876 47.23563716868624 0.0005986025411198479 0.012053404885019886 0.4730588472837081
20240207183103 TSJN 153.50550224065853 4.65155 0.0031137598934840717 6.129439704981745e-05 2.5020911639132336e-06 619.2905639850354 0.25248328784393903 6.317362035500814e-07 0.12368457046471842 1.6746854535055803e-05 -6.964538781227096 41.87021404529274 0.0002714459395599349 0.006587171260750856 0.4187963457406018
20240207183103 UIDS 150.51611942026122 4.65155 0.0014954971781683296 2.7548329848784487e-05 5.640825249339071e-07 857.9427726733884 0.21451156350251366 1.2100222436801806e-07 0.11574161681483078 1.0150026063133536e-06 -7.624803804869381 6.62839851689981 5.3801835420583266e-05 0.00128199729223949 0.0663765703022613
20240207183103 WLJI 145.76086486719254 4.65155 0.004798302095698086 9.960929664159206e-05 2.964934664192023e-06 715.2522067007526 0.23493637594336264 6.965710049141247e-07 0.13043440296892972 2.864342932560214e-05 -6.451357825317531 57.043647436095014 0.00033257453151832336 0.008890475193735623 0.5705653833804156
20240207183103 WSJM 82.7340336650201 4.65155 0.014788767782943735 0.0002986024681110445 1.2824544543045648e-05 443.1271464223272 0.29848031218817694 3.827874058879446e-06 0.12686483876545254 0.00018668018627395627 -5.550171372872206 117.62184202730427 0.0009360629435281476 0.02023737833463475 1.176378800339767
20240208030444 KTSR 89.10857572003002 3.059468 0.001727108176502146 3.6943072338265364e-05 1.0676896578793236e-06 1322.904398396277 0.17274903823525348 1.8444236153237997e-07 0.13439816479125627 3.550134928941512e-06 -7.408360460761635 11.090936169944719 7.864834269408427e-05 0.002682908075615102 0.11093255027671894
20240211200054 BLJR 115.38183259399464 3.713663 0.000858350064561768 1.359498795307808e-05 3.155929018030109e-07 1201.83518311345 0.18124140138622774 5.719849979032386e-08 0.09951630702291017 5.742818146357279e-07 -8.181181654075246 9.818890064902666 3.851904497968523e-05 0.0013000105161261061 0.09840988823220334
20240211200054 KTSR 158.19343019130477 3.713663 0.00018101629802140968 5.433276954308206e-06 1.8824191850611054e-07 625.7713608336027 0.2511724643995205 4.728118657447349e-08 0.1885923328578351 1.1574316506147118e-07 -9.111945981638407 2.38360594634859 2.4221676956015533e-05 0.0006084093086296136 0.023923032309525718
20240211200054 LSJR 167.70548013564232 3.713663 0.00015593585242305893 2.6117292087960305e-06 1.0351928281548233e-07 273.92052913679606 0.3796361648176345 3.929966351274177e-08 0.10523544352403442 2.185784168605664e-08 -9.591694475426626 1.3202006433903666 1.6471868743658475e-05 0.0002540088289928267 0.013208829735444828
20240211200054 PASJI 107.45896382528228 3.713663 0.01642754559956995 0.0006113792514790314 2.386602619674389e-05 647.8474547607038 0.24685588769622493 5.8914690825785715e-06 0.23383950491715974 0.0007941041306597165 -5.129302255139445 146.6292073925127 0.0015259657226746512 0.0402369387410247 1.4663857042274941
20240211200054 SPJR 44.1203219963881 3.713663 0.005573012362547135 3.58125431990521e-05 1.1752412872019095e-06 1391.789879397201 0.1684197550154119 1.9793384967454293e-07 0.04037616114997721 7.557208703427286e-06 -6.981186750031048 69.13681604233132 0.00012260116541777362 0.0048398951359974775 0.6914533980648951
20240212070238 CCJM 76.09049689647063 3.586867 0.020894370720544585 0.0002703757666362178 4.570030053975867e-06 2879.777402529989 0.1170847703918747 5.350809195537311e-07 0.08130520258625058 0.00012045077241418428 -5.456799188921567 128.44703046408026 0.0003002650886127159 0.01503120518161432 1.2860293370207934
20240212070238 JSJR 53.050256057009115 3.586867 0.005931147335652755 6.858541028641736e-05 8.955136378901346e-07 5082.4859715364755 0.08813365355825832 7.892488871850471e-08 0.07265623627457476 1.7697899839736117e-05 -6.70190315856406 52.81259158921518 9.795281455857277e-05 0.0065677861906965835 0.529087690710065
20240212194401 BBSR 121.8357166945256 3.633412 0.0008492926738696588 1.663049912314067e-05 8.792175438038108e-07 354.26574133863414 0.33382225770268176 2.935023854843946e-07 0.12303474521389424 8.762488013003435e-07 -8.04042379417484 8.700313431799582 7.988052236124862e-05 0.001469015639900172 0.08717208010257363
20240216065528 APSSI 55.23723939562193 3.992455 0.06950042992711733 0.0009984021705599787 2.272917438956371e-05 2886.0684035872387 0.11695709111585086 2.658338120068267e-06 0.09026053299666051 0.002404127216467667 -4.515943344544643 472.38878630307755 0.0012932835903006071 0.0705924668350055 4.726959033000488
20240216065528 MBSR 43.13931056572059 3.992455 0.0049059272472322234 4.119774072391788e-05 6.870703929484352e-07 3908.1559251621225 0.10050644851054634 6.905500507199274e-08 0.052763326107526765 6.8454674458321035e-06 -6.987521354460938 44.13014473005214 7.00315123648721e-05 0.0043360816400467034 0.44157975386184645
20240216065528 MKSM 96.04392540699574 3.992455 0.001682752969218564 2.834332237646953e-05 8.642269136290562e-07 1221.4723025580017 0.17977862585628465 1.5536952696024972e-07 0.10583035654674101 3.704598124493952e-06 -7.474355187316988 22.806642965589646 9.657771108438771e-05 0.003074363545341986 0.22830605733895298
20240216065528 MKSR 95.37985749924114 3.992455 0.0017151664417197922 1.4684761437132186e-05 3.9987291153347476e-07 1373.3368928474265 0.16954747440950235 6.7797442235275e-08 0.05379482425548766 8.556355232061046e-07 -7.989720003087942 14.837344193615689 4.223609075910311e-05 0.0015059107006884466 0.14844646558102242
20240216065528 ULSM 80.92691507037983 3.992455 0.004778663474971642 6.290518934485393e-05 1.6500487974916624e-06 1559.9772562246344 0.15908188744050358 2.6249287707390693e-07 0.08271035688263895 7.842050637436468e-06 -6.741212066540273 36.83791731406619 0.00011598146572005033 0.004350819063787783 0.3685120297067221
20240216065528 UTSM 45.60913186085608 3.992455 0.013582161365176343 0.00014117573651597966 2.5655135906474006e-06 2971.6040730279638 0.11526153416908821 2.9570503238966557e-07 0.06530870084357471 2.795715413260475e-05 -6.045182784365301 73.31864615064089 0.00014549322155735404 0.007183500811034915 0.7341221446230815
20240216115118 ISSR 56.60712787819393 3.832375 0.008309794059889018 0.00012002237778031332 4.340827717162248e-06 544.0176635629055 0.26938497419181145 1.169353762558852e-06 0.09075108662946746 2.4703103327904606e-05 -6.3142131595012 70.4474544247615 0.0003340310989529637 0.007902863508772248 0.7045895091777579
20240216115118 KBSR 125.07406427895285 3.832375 0.002132905381862033 6.549334676122492e-05 2.900931521567226e-06 466.0538011594107 0.29104613819293235 8.443049165142884e-07 0.19293253117909032 1.9917474751334995e-05 -7.094147225275884 20.142941420760437 0.0003616799495307541 0.007535044841889444 0.20146541261263912
20240216115118 MNAI 83.01706726092819 3.832375 0.002117498678041561 2.1964232716378647e-05 4.3359740051164004e-07 1454.2983578862395 0.1647605038869319 7.143972619236163e-08 0.06517375699835729 4.2899998248576035e-07 -7.751907340945794 5.658261273881673 3.0199074487831627e-05 0.0010803379617535737 0.11336213961530496
20240216115157 ACBM 72.42508070925638 3.043251 0.002070672211368596 3.568635094261588e-05 1.2545454689524966e-06 849.2522973344658 0.2156063280113922 2.7048794188417786e-07 0.10828558700814322 5.424541030090203e-06 -7.358820506577179 21.87547033941306 0.00014073461433665983 0.0037351690220842437 0.21893568628874563
20240216115157 CMJN 9.599732392420881 3.043251 0.08879838602066933 0.0012885153633704002 2.1009052033233674e-05 2069.71180037847 0.13810993805126648 2.901558874825737e-06 0.09117261204859722 0.0009173722711244804 -4.155952984209536 243.98586393869348 0.000928121119316725 0.03679362090428081 2.4424890826048644
20240216115157 SICJI 61.10298890356527 3.043251 0.004235402175868398 6.959077178070582e-05 2.4936018784449256e-06 551.0381229390958 0.2676634339191327 6.674460416117686e-07 0.10323735423736176 2.183782978345853e-05 -6.733217401738107 38.503484309991066 0.0003386980991360038 0.007684259982285115 0.3853099041364837
20240216230749 RASM 50.0684044126933 3.238988 0.0026857120869330704 3.427247322511881e-05 7.964585329217297e-07 2076.1465087337087 0.13789574631815912 1.0982824380870802e-07 0.08017996465685144 2.9075184519028654e-06 -7.340532474651061 26.685288328533705 6.349856718357461e-05 0.002779772793336471 0.2672218181500601
20240216230749 SISMI 174.91319481084108 3.238988 0.0027116485683039153 5.920019375640373e-05 1.967426491983239e-06 620.4246993059305 0.25225241277024046 4.962880795508621e-07 0.13717330185787244 1.2081753834212285e-05 -6.968682456740168 30.687132704001648 0.0002423289521704037 0.005846247123334697 0.30694638994060663
20240216230749 SKSM 70.90808032178477 3.238988 0.001714131962442049 2.8217440423819526e-05 5.314008910520136e-07 2564.3051890579977 0.12407806521054392 6.593519441289288e-08 0.10343159742764094 2.9678744756750114e-06 -7.481661662261988 22.371413129928595 5.6352174096075276e-05 0.002751992604407755 0.22396704460057937
20240220042714 BKJI 92.03684172519938 3.601933 0.0016627462988091151 2.3703180105155114e-05 6.649850595462409e-07 642.8726819248741 0.24780917547270825 1.6478939930782374e-07 0.08956957118281313 2.4394756319236135e-06 -7.64631505205511 15.160030652935284 0.00011284223794337438 0.0027672079094840157 0.1517818966170324
20240220215127 BSJR 80.95684456217424 3.295967 0.0008880468821454903 2.1161709712210827e-05 9.407991556899044e-07 288.80617734503977 0.36972313699526416 3.478352151241674e-07 0.14972513975537957 2.579830064611179e-06 -7.90675028809659 11.824093567765129 0.00017390499081864757 0.0028009444317841593 0.11833660048105686
20240220215127 CPJR 58.98778933546084 3.295967 0.0018885937184916725 2.3004686430503938e-05 9.73560283196811e-07 470.9885668503441 0.28951741065374503 2.818626523064674e-07 0.0765345698024746 1.936513671713276e-06 -7.679052309825577 13.77906690056148 9.619213324142976e-05 0.0022264072757526175 0.1379417222603399
20240220215127 TPJR 68.52791857219808 3.295967 0.002256975641864938 2.456937167167308e-05 1.0433019013324044e-06 527.1399324571629 0.2736635208090632 2.8551367158541565e-07 0.06839857383951718 2.443679445850879e-06 -7.684802115158021 19.03907340940575 0.00011933354746411793 0.00253299651254263 0.19046545159299177
20240220215127 WLJI 56.577984779898145 3.295967 0.0020640519801428717 3.559567469892055e-05 1.6174172614946831e-06 606.3847210609279 0.25515597541402796 4.126936790081618e-07 0.10835687396395927 3.363826473838578e-06 -7.540952539914164 25.02059525453355 0.0001186811126639142 0.0030049313849066454 0.2504915328125858
20240220233414 CGJR 107.13046063103774 3.081689 0.0009760393086546725 1.3948453154652843e-05 2.790368373646874e-07 1583.0636653753138 0.157917651917818 4.40648421552055e-08 0.08979219908673289 4.188111049849015e-07 -8.080165186463338 6.791497841988445 2.7547817040057368e-05 0.000941404570142764 0.06808022578621968
20240220233414 CILJI 56.30646797868795 3.081689 0.03959204741493585 0.0001694437523440218 2.95521238923701e-06 6362.200650186027 0.07877278270523805 2.3279030338519434e-07 0.026890412712521232 0.00011307366016616698 -5.488904842488299 389.42948316294303 0.00020414612288635153 0.017598283343925138 3.90136728276061
20240220233414 CLJR 73.60522443814249 3.081689 0.0014230533568963268 1.739377931999802e-05 3.455582238560193e-07 2039.6106789302153 0.13912533714396272 4.807590439683763e-08 0.07679848273440223 1.4198764284275498e-06 -7.8643703846455955 13.175700072092356 4.5605029392052385e-05 0.0019497721723350605 0.13184113636611589
20240220233414 CSJI 7.025384168876632 3.081689 0.004241882933796626 9.392344969035807e-05 2.573450148230154e-06 1424.2110549424572 0.16649173999104228 4.28458192959044e-07 0.13912181177661248 1.2519360059458287e-05 -6.500009470208043 47.579695298700294 0.000123648792265011 0.005594910453564099 0.47592071454371054
20240220233414 CSJR 45.091058672832425 3.081689 0.0023792802595256554 3.253027778688943e-05 6.466056641537629e-07 2523.294779226915 0.1250823044323098 8.087892653133685e-08 0.08590571144813475 1.7245302638194929e-06 -7.331183986057276 19.583808797931955 4.4293232640322484e-05 0.0021744878115950326 0.1959753337025606
20240220233414 JSJR 8.548877347012464 3.081689 0.007663544814133105 0.00010828988093994685 2.1364482019074105e-06 3358.1535384077283 0.10842504074487778 2.3164448334113186e-07 0.08878468193769776 2.7438594370995893e-05 -6.3131614356408745 63.97383895242377 0.00014253775919497092 0.008086821598191355 0.6399799736274043
20240220233414 PASJI 133.29941234671568 3.081689 0.0027367793021971275 3.740115806787868e-05 8.728371936137252e-07 1321.7210078839412 0.17282635554866208 1.5084927115958207e-07 0.0858667729089212 5.172095188036448e-06 -7.2465966791960525 27.346263174208925 0.00011163840331554191 0.0038168650450713 0.27391064599085224
20240220233414 WSJM 38.373071497108114 3.081689 0.003961920774039645 5.3679273983433074e-05 9.92964016597292e-07 1922.3323171467894 0.14330641602775784 1.4229811446308497e-07 0.08512962394472132 4.091623402184437e-06 -6.896959410786674 30.897429671396736 7.047989989460027e-05 0.0031338748821134396 0.30922487592294173
20240221042650 NBSR 26.680780839810083 3.157271 0.002726956430462022 1.9530239778231976e-05 4.7483366797976977e-07 2978.8049469093385 0.11512213498260356 5.4663865619451816e-08 0.044999661252193394 1.1198498744412749e-06 -7.556456235393866 22.34748218336329 3.2359792642084245e-05 0.0015715662030709196 0.22357291098006704
20240225022529 MNAI 152.8207141870774 4.339227 0.0008899086053508849 1.0440045354963337e-05 3.986447642547447e-07 859.3891932497675 0.21433096744330668 8.544191798892835e-08 0.07371177128322046 1.7601171290891616e-07 -8.296271748225829 2.561039444275557 2.490627596725846e-05 0.0006992047097636096 0.05146498315017323
20240225022529 MTSM 178.7106313541891 4.339227 0.01574796746977545 0.00022368994179778316 3.5392853944618294e-06 3525.020860742586 0.10582761839681823 3.7455414412253875e-07 0.08924868294052482 6.476934862234085e-05 -5.696763721755573 85.91390861371966 0.00021890122358609034 0.011200846231833263 0.8594759605018666
20240225022529 SSSR 172.0281385413299 4.339227 0.0006233828845007984 1.1367931127196618e-05 3.9672978640327715e-07 1013.5815187956467 0.19735608744906105 7.829703841905247e-08 0.11457936944904973 4.649587561049416e-07 -8.343993424877146 6.430605037802696 3.711263060087792e-05 0.0010965748551536347 0.0643478531731257
20240226004434 CILJI 88.92208973205126 3.820672 0.016372885683112674 0.00017483773989715858 3.9441508535275234e-06 1131.6258797912194 0.18677916641824574 7.366852086496833e-07 0.06709494830195799 0.00012111919066278102 -5.837706920334018 149.16725340064554 0.000569622109563368 0.018814908463904285 1.4929616490779993
20240226004434 CLJR 91.8871329477369 3.820672 0.0012528664785987442 2.3644444384361377e-05 8.249189739000702e-07 841.3822759392613 0.2166123374193528 1.7868762711806828e-07 0.11857801935797853 2.417221636313591e-06 -7.723490225349847 15.197107558131783 8.704030971138239e-05 0.002620858330899265 0.15216605988216447
20240226004434 PASJI 147.08433328247312 3.820672 0.0029702745390617806 7.160234303197222e-05 3.0508128497906066e-06 661.2242348167043 0.24434614239118874 7.454543510038038e-07 0.1514643793971406 2.1770819477165494e-05 -6.938746234275445 31.966246886498087 0.0003041123797366828 0.00763162256513682 0.32010236325119523
20240226004434 SUPJI 95.22569814402803 3.820672 0.010266293684196248 0.00026646096296267585 1.4214677003494089e-05 450.73037497076314 0.2959521198953163 4.206863792811277e-06 0.1630796525917897 0.0003412740567767292 -5.753163098158166 82.55801427710182 0.0012738664263841173 0.025785727407355262 0.8270858380757857
20240226004434 TSJR 85.44156737428035 3.820672 0.004875574454477189 9.157455101529343e-05 4.331865632998315e-06 333.2036930812746 0.34421117451727823 1.491076557385383e-06 0.11801273446301158 3.073373319619505e-05 -6.554402847409203 45.77109361501442 0.0004958534806374269 0.009271482779972418 0.4579545433429283
20240226235536 BSJR 110.61026832430476 4.279953 0.008397049842443213 0.00018390155484396536 7.613373240863335e-06 301.3525222234016 0.3619448928605722 2.7556215619718273e-06 0.13760636998039805 9.858220049221164e-05 -5.985707091962745 55.91384732904912 0.000842381643089053 0.014352441580155074 0.5593841487702399
20240226235536 CCJM 147.5488110098578 4.279953 0.004768260377984647 0.0001223772142979048 4.70358890773016e-06 738.1812243263611 0.2312588549777191 1.0877465850875774e-06 0.16125770277988766 7.801540101500068e-05 -6.369747315070204 61.92606452627281 0.0005436206083058865 0.014784841537850124 0.6198350867920155
20240226235536 CCSR 168.2996561169783 4.279953 0.0005313345081131733 1.8119297480355975e-05 9.83443915648617e-07 351.18148497679283 0.33528495254001256 3.297339465840107e-07 0.21426596986759153 1.6533208999980335e-06 -8.169793772305244 5.08136346216971 0.00010030159936620176 0.0018712327908483937 0.05108360452370346
20240226235536 CILJI 92.24509217745975 4.279953 0.09714405571230834 0.0017786313509576524 4.3825370799907036e-05 1593.713882947296 0.15738911395078808 6.897636278762109e-06 0.11504018737206322 0.006763720545123525 -3.9167383316983164 696.9608219598277 0.002953386563943522 0.11554072149642391 6.974500896927259
20240226235536 CSJR 119.12963317044046 4.279953 0.0029475144319060387 4.6908576717105094e-05 1.2631983853573907e-06 949.1013006684495 0.20394994102759512 2.576292361997932e-07 0.09999451633525258 1.201684261468367e-05 -7.136219035249455 33.18937726044673 0.00019449094908652027 0.005822566484866456 0.33253865854703013
20240226235536 GCJR 140.7119401785141 4.279953 0.0011833741582423763 2.627233762278126e-05 9.385770360845966e-07 513.1267425183172 0.2773751459245456 2.6033794234539247e-07 0.13949431343160237 2.6354972285811054e-06 -7.67645529298108 12.030716974344049 0.00011078293945662221 0.0024822350874220242 0.12046606943856462
20240226235536 JARU 157.55040268385164 4.279953 0.004354701962589814 0.0001071857193556083 3.7230491723148394e-06 688.8716188891702 0.23939260032104095 8.912704224835487e-07 0.1546530033008528 3.5371400791060446e-05 -6.548864032616226 37.035578333095145 0.0003415590291476847 0.008582113355781233 0.3712452377039386
20240226235536 JBJI 133.3609535357595 4.279953 0.003524480718624193 7.333825365786933e-05 2.638102444239847e-06 730.5138942814618 0.23246931080307526 6.132778570403455e-07 0.13074205099275163 2.2137028728891846e-05 -6.773217797179327 34.108510583883955 0.00029311900120118027 0.007612774861133483 0.34159444755335244
20240226235536 JSJR 84.90587789994845 4.279953 0.0042441469394648825 6.786793293864836e-05 1.8359790070581508e-06 1557.240571551319 0.15922161082865824 2.9232753495139924e-07 0.10047408941089357 2.144308080697263e-05 -6.765617815393729 43.617144349895334 0.00018996902726976876 0.007547002752876371 0.4371352379334874
20240226235536 MLJR 86.46904642654943 4.279953 0.010291283711102939 0.00021820406680051664 7.5821560249702565e-06 601.7502248305709 0.25613665745834935 1.9420681005635665e-06 0.1332211437343519 0.00017448445503732296 -5.854528328619199 102.4082807663678 0.0008405911064545163 0.01984950039907507 1.0244669257525452
20240226235536 SPJR 105.38966421821199 4.279953 0.006323953548964376 0.0001099398824100934 4.214963773145626e-06 560.3075591745887 0.26544015821819955 1.1188206508277544e-06 0.10923113974252274 4.7188153291058486e-05 -6.381421306264628 54.35724660813554 0.00045665134588525986 0.01140108069485003 0.5440598511365362
20240226235536 SSJR 113.33908045917846 4.279953 0.003547930402933447 5.114941454732122e-05 1.8660775303422384e-06 933.7830872524 0.2056159811887795 3.836953623756538e-07 0.09058273795022778 1.4257663853995883e-05 -6.971047364026315 40.38564232301305 0.00020453911413290669 0.006438601102742985 0.4039637028320418
20240226235536 TASE 156.60095854573987 4.279953 0.0038332081454149555 8.291030868201433e-05 3.0828096958515147e-06 754.8523602484008 0.2286908873943308 7.050104850121299e-07 0.13590204694406524 3.495300958369433e-05 -6.7671177622244665 40.65454001224872 0.0003808659031549708 0.010120949980988319 0.40740103797567995
20240226235536 WLJI 79.87651188844761 4.279953 0.016758554196311146 0.00032651428675740783 9.079249283782851e-06 679.7578699194919 0.24099206673455115 2.1880270492970225e-06 0.12241806453625632 0.000277967999076678 -5.453264181152299 134.5205773908093 0.0010721366958927332 0.026428495088591304 1.3466890660153779
20240229131248 LLSM 136.69125446644426 3.791134 0.0013192255388234132 2.1930113426946114e-05 1.0107597838960766e-06 717.5388758373706 0.2345617269389572 2.370855604311109e-07 0.10444837703177136 2.0778160250461216e-06 -7.8585190639125 17.765232561767426 8.501327258919481e-05 0.002401458497174197 0.17775652418860177
20240229131248 MNAI 154.06421561722982 3.791134 0.0005626235894666302 6.233213350876743e-06 1.7999529714228228e-07 1425.9322354672536 0.16639122719676894 2.994963838115142e-08 0.06961036699487211 6.605345640463783e-08 -8.539528430593736 2.054885940894848 1.2761355498354836e-05 0.00044477459474539166 0.04113307818561571
20240229131248 PSSM 127.34503188468138 3.791134 0.004618801229336087 6.841329294743107e-05 2.1197334605148944e-06 679.5582963686654 0.2410274515661816 5.109139539874682e-07 0.09306600906158921 7.22919465201556e-06 -6.65526560163614 34.19243687493892 0.00014990934224429038 0.0038101235111373368 0.34247204941558984
20240229131248 UTSI 112.93276262863327 3.791134 0.0028193742151044004 6.725081234608217e-05 1.8983254858191072e-06 1262.6465409633943 0.17682308839725114 3.356677751857467e-07 0.1498734413349766 1.657352867388335e-05 -6.919864813736494 31.60199705381562 0.00018462668415282252 0.006513020734596726 0.316242724937698
20240303150743 APSSI 145.9458017513795 4.890205 0.06287431412087197 0.0019473633686129682 7.93325422693119e-05 630.8756832953235 0.2501543010114169 1.9845376658838404e-05 0.19460482514189306 0.011566199631420578 -4.130504430455601 559.9035305041658 0.006171663960746507 0.15655346521219873 5.599213650506588
20240303150743 BTSR 164.99482091187207 4.890205 0.0026051691113421465 5.206325954402236e-05 2.3531866543459865e-06 608.0257847629852 0.2548114093293396 5.996188078088943e-07 0.1255669376650752 1.4865816167357159e-05 -7.137069030263785 32.370056962276195 0.0002669955993766345 0.0065701504017123945 0.3239405149101861
20240303150743 ESSN 170.7632548965819 4.890205 0.005011577221068873 0.00013183282658889588 6.147974981824817e-06 247.18218876125292 0.39964214527374514 2.4569899108257843e-06 0.16528331151817272 7.766073253060609e-05 -6.370886114776684 41.83740303973511 0.0009240381253813322 0.014253391850609844 0.4189961476186377
20240303150743 KBSR 233.71342505852394 4.890205 0.004852764102925002 0.0001633614114250822 6.475072465278332e-06 615.84586870759 0.25318842790466817 1.639413418052625e-06 0.2115145097218955 0.00015389493780687414 -6.255957855724193 62.76165512973884 0.0008769508709225752 0.02145116570099586 0.6279426002956289
20240303150743 KSI 171.07012765919552 4.890205 0.0029713240198413525 0.00012119054135307216 6.782322174828478e-06 327.4654403206778 0.3472139232494762 2.354916691064116e-06 0.2562704786532906 6.408240234764268e-05 -6.576734158091686 31.831716396415935 0.0006443056205533733 0.011830463897122985 0.3198237819581006
20240303150743 KTSR 187.78129739471632 4.890205 0.0023610652002660866 8.957114637790593e-05 3.2524755327951348e-06 483.2067078927689 0.28583367365904117 9.296670300249806e-07 0.238363646546256 1.3737742825166951e-05 -6.761990965519125 17.320925140847766 0.00024304411260631477 0.005105772484073863 0.17343071098143384
20240303150743 LLSI 207.1417597105968 4.890205 0.002000335491597072 7.075639793764139e-05 4.881084065153692e-06 207.16599376001014 0.4365365728307356 2.130771709500908e-06 0.22225049836804642 1.934876450922147e-05 -7.049067362205959 24.262403914604477 0.0004927679136417533 0.007385490306798375 0.2429982076717746
20240303150743 LLSM 208.70043008998132 4.890205 0.0012000259354366075 2.09368556674669e-05 9.037215545274507e-07 323.78538307602525 0.3491815181110669 3.1556286435958853e-07 0.10962275066205596 2.03165728569969e-06 -7.756339132598121 13.683089488439922 0.00014591939372518947 0.0024452229242310267 0.13690613270903357
20240303150743 NBSR 248.93967019971902 4.890205 0.0017846905418951616 4.8292567269922135e-05 1.8686292492849198e-06 501.27663346071864 0.2806345501812598 5.244019288286187e-07 0.170018914760507 7.509896670635132e-06 -7.173663010600286 14.8249578304492 0.00018317427365093463 0.004205972972011261 0.14845633602267752
20240303150743 SSSR 127.84013838489177 4.890205 0.00461614574271807 0.00011575880146148301 4.012980523083952e-06 652.7347451542971 0.24592999611536775 9.869122844530827e-07 0.15756304957807538 5.459139450986399e-05 -6.536121241184298 45.2798333446826 0.0004790404589359504 0.011826638155128804 0.453636105006771
20240303150743 ULSM 155.0357680828706 4.890205 0.005247613953138251 0.00012549110451816136 7.027869560272933e-06 292.9669310395975 0.36708832098664423 2.579848836993737e-06 0.15025569165938912 6.747962993295943e-05 -6.555712515179261 50.49455867736061 0.0007480815445805901 0.012710431680045563 0.5058953377627566
20240303150743 UMKSI 178.87101140087884 4.890205 0.028011687064208177 0.0008192074953786275 4.245015526222999e-05 461.63494214463935 0.2924357955789322 1.241394492655942e-05 0.18375303446364846 0.00432329446420854 -4.847193344947776 354.3065048166298 0.005161910768018471 0.11189630131956507 3.5504990473885703
20240303150743 UTSI 174.92997772786066 4.890205 0.0023146621033981437 5.140743192472517e-05 2.4034766532462213e-06 540.8032047392511 0.27018438141834766 6.493818528107708e-07 0.13954625190219763 1.8056468509919006e-05 -7.209444348163041 23.260955102321354 0.00027681965555159145 0.006581620874123632 0.23281393864881467
20240303150743 UTSM 120.85479040502943 4.890205 0.0038842923658002184 9.717397857464703e-05 5.108389749239304e-06 272.22401013651694 0.3808172869833746 1.9453631251589927e-06 0.1571874763589331 4.80674648482727e-05 -6.627221324175322 38.75603110958755 0.0007096226853761605 0.011674366299071435 0.38794660628159194
20240304024826 APSSI 198.99888525349914 5.174926 0.022856944702809755 0.0008301668506750329 3.8545012347219436e-05 256.3438522436229 0.392435615711508 1.5126435653088737e-05 0.22820601031719318 0.0026161131587532685 -4.82693344631625 256.6416342888061 0.005419789244133038 0.07806750934061646 2.5669891703517758
20240304024826 BBSR 225.33590354808013 5.174926 0.0018558130074909115 0.00010358726234152463 1.0220670707795349e-05 70.88592515699374 0.7462766656175749 7.6274480561887315e-06 0.35071311717725 7.014971223567436e-05 -6.908484489646996 21.273203031158285 0.0016920938488255671 0.013720006600668548 0.21350498464223885
20240304024826 ISSR 172.21967946511896 5.174926 0.003107664380800039 0.0001162667640480101 9.232009911139952e-06 96.26484948331286 0.6403921509611125 5.912106684689222e-06 0.23507223884701017 8.571950602304383e-05 -6.570886106932049 40.54809383533462 0.001623863966981202 0.015782576007297232 0.40574545594098316
20240304024826 KPSR 199.5959038115287 5.174926 0.003033923152333143 6.804324322630536e-05 5.720019725776132e-06 105.27301815096209 0.612380469281096 3.5028283639679137e-06 0.14091599708568478 3.0147431572604962e-05 -6.9341554905422935 28.345654063953358 0.0009117588905547393 0.009290814429871667 0.28372677928544043
20240304024826 LESM 186.23734590882225 5.174926 0.004886389528545128 9.308798943465815e-05 5.852223031438791e-06 183.58314729934676 0.4637281530839661 2.7138405778045596e-06 0.11969759759715211 4.3927056706776856e-05 -6.577476369265051 48.48945561914088 0.0008452495011410245 0.011276728499068434 0.486132279367148
20240304024826 MBSR 159.84777598840154 5.174926 0.003550178910641115 0.00017631777880039277 1.599605518243163e-05 103.42791962096526 0.6178185925107174 9.882660298533676e-06 0.3120511120813085 0.00015815134297652835 -6.333934891388705 43.867294434426455 0.00212489033224193 0.02057479182485228 0.438872310212266
20240304024826 MKSM 179.58148436362492 5.174926 0.005804769613416217 0.00019416595934993553 1.3278874336706257e-05 102.91086669120718 0.6193686944741623 8.224519062012213e-06 0.21016866890328867 0.00016035938779210843 -6.181084151759229 58.60021216186183 0.0021426860116202807 0.0208766788148042 0.5862070079583854
20240304024826 MNAI 170.982902822447 5.174926 0.00563641605507194 0.00012481852464754287 7.812011889829903e-06 234.35618934143426 0.41043241639092154 3.2063029168174966e-06 0.13914124018995339 2.0091364405639417e-05 -6.409295622798613 13.080182069062193 0.00045119205166154445 0.006994758970932973 0.26173629514304037
20240304024826 SSSR 187.2719347162082 5.174926 0.008879488881744623 0.00030746798366163507 9.449407227679094e-06 338.80169516543344 0.3413556386107936 3.225608438697846e-06 0.21756638733369835 0.00025073768609044206 -5.70686686119137 77.19875013220168 0.0014951967673099453 0.024936727220986044 0.7731178037498069
20240304024826 UMKSI 237.92229780140127 5.174926 0.007157582567090164 0.000406818172363827 3.0329203302276625e-05 143.37091704959028 0.5247462416908962 1.5915135446348777e-05 0.35711973132420466 0.0010446844863616744 -5.626828123546107 106.9608637364189 0.00437558679144026 0.05349804752944293 1.0729573062544302
20240305004509 CILJI 85.31944681179934 3.940026 0.0356369560486244 0.0005723472890297127 1.3540197088306535e-05 1097.955522041902 0.18962146375001965 2.5675119913484392e-06 0.10091108994070137 0.0007858621853515138 -5.000184603386792 272.0021426405533 0.0013382673290227424 0.0427451328315867 2.721930840950997
20240305004509 KCJR 142.911368635024 3.940026 0.0007620646541250679 1.1060563140932135e-05 4.1023951212738235e-07 511.0846928020423 0.27792872265445134 1.1401734358794867e-07 0.09119379496222045 4.6928001837711086e-07 -8.370615707801425 4.950110498061899 4.800705092750532e-05 0.001045078739164273 0.04954853609531556
20240305004509 WLJI 75.33400152690078 3.940026 0.005000867582751002 9.77822384437141e-05 3.5245935803313183e-06 470.40708558427264 0.2896962950315099 1.0210617017138274e-06 0.12285546732167213 3.86710968787217e-05 -6.486718317636043 47.76570405501901 0.0004856367119437626 0.010116011640410875 0.47837745417833466
20240305161353 KPSR 156.27511005229678 3.133566 0.00034833353088244666 3.770717100271857e-06 1.7131484392931527e-07 337.81059083438606 0.3418560244414293 5.856501147347965e-08 0.06801560051350442 7.707330123592763e-08 -9.176640240107712 4.828662498083098 2.8303862046452186e-05 0.0004862786175795317 0.048355210670655416
20240305161353 MTSM 97.91292016246716 3.133566 0.006525655599198614 7.919010631575631e-05 1.0133036671083226e-06 4932.29550658851 0.08946544452711415 9.065566301880098e-08 0.07624768192459516 1.4245465976516198e-05 -6.505762616024001 59.270354450726416 8.928720045540137e-05 0.005911574062216207 0.5931790214764001
20240305161353 NBSR 183.62285197252754 3.133566 0.00033532437405063006 3.456584459568354e-06 1.5808275351378007e-07 267.5069494315994 0.3841601691562345 6.072909733053708e-08 0.06476821361666348 4.5186540346957816e-08 -9.221821481274466 2.7944348076436585 2.302306329768907e-05 0.00034544274827820617 0.02800964789776769
20240306034158 BEFA 57.21181599221973 3.771786 0.006815450724265519 0.00011972186750836869 3.818346660483223e-06 806.1483912872782 0.22129539289302838 8.449825244334176e-07 0.11037196354431121 2.885617274170314e-05 -6.352849654174986 61.37595802571606 0.00030490129410122417 0.008626259071185693 0.6146985966672598
20240306034158 BEPA 56.03041680781225 3.771786 0.009035322431652892 0.00012027642211268455 4.657951397530052e-06 722.0600590208916 0.23382621898774195 1.0891511635131206e-06 0.08364051797101177 2.537535601663225e-05 -6.2016697511188275 108.35635786272303 0.0002695427499215661 0.007861746857402624 1.0861316217210897
20240306034158 IMSR 76.38495226929084 3.771786 0.005212812573024625 7.929135284870485e-05 1.2756964029819534e-06 2705.581298143537 0.12079517135436607 1.540979655943535e-07 0.09557264072441092 9.831219738274817e-06 -6.609055469262493 38.39579496898561 9.881174907618313e-05 0.004710473336974908 0.3841406293775275
20240306034158 ISSR 112.67240745676082 3.771786 0.0012877101536423812 2.195637801027726e-05 1.0607036704545245e-06 273.5442430253383 0.37989718790085736 4.0295834160179157e-07 0.10713279795366724 1.7630430609284627e-06 -7.769266874102656 10.610336670519862 0.0001371479827794733 0.002076328946909126 0.10614155847741953
20240306034158 KBSR 21.718727881942872 3.771786 0.006442118367091453 0.0001106027656415966 3.3166014760783827e-06 840.7280855350836 0.2166965966225257 7.186962522194306e-07 0.1078740924045554 3.198188812752404e-05 -6.349994746586078 41.803625883766436 0.00033791383641886897 0.009115975976730226 0.41821364265517735
20240306152157 MKSM 74.34266968214678 3.710368 0.0013199779527457692 1.7682098642174613e-05 7.108398914689477e-07 942.7653613355935 0.2046341253752759 1.4546209947260415e-07 0.08416799853172224 2.044053235571449e-06 -7.793648446510722 16.979256463278865 7.973954266405925e-05 0.0024822039018164432 0.17013777808098401
20240306152157 NBSR 219.07736497622741 3.710368 0.0004833656059736448 4.9387103159249245e-06 1.5137749417288582e-07 924.7406784673149 0.20661882488676034 3.1277439960304076e-08 0.06419743504697699 1.1518477861803571e-07 -8.896149340425369 3.896318593996038 2.0307792237036628e-05 0.0005407750030308939 0.03897367151493408
20240306152157 UMKSI 151.87820094913468 3.710368 0.004296808930837111 9.592230761297605e-05 2.920894056791265e-06 907.8568852659116 0.20853126248501946 6.090977252476727e-07 0.1402663333478022 2.9648818976914854e-05 -6.535104354383908 44.190197939449575 0.00030232585929061435 0.008791675059891507 0.44258160257368667
20240308000200 CBJM 131.36702629642988 3.506291 0.0024208406672419657 2.5504039276547738e-05 4.0412527682807833e-07 4695.018650055034 0.09169828377265948 3.7057594314285695e-08 0.06619461041965345 2.4221772019111094e-06 -7.521820737901184 25.20225210157439 3.857507642835445e-05 0.0024831120040278007 0.2524310431571608
20240308000200 ESJR 131.4315344563967 3.506291 0.0011618528653785335 1.5281692409218057e-05 3.9427444913274493e-07 2479.2128015254525 0.12618942617890744 4.975326649306591e-08 0.08264188011719883 7.847546431447726e-07 -7.984080987328213 8.081745304603459 2.678062616484525e-05 0.0011741896113733998 0.08092202828632206
20240311124111 MBSR 56.28588216801 4.014865 0.0027546780349339173 2.3324555276948038e-05 5.728577766486174e-07 715.9203207462004 0.2348267262199125 1.3452231628001265e-07 0.05320131832253626 1.8208878588414487e-06 -7.583527644735887 21.142762909230683 9.244549762530969e-05 0.0021969875506261576 0.21158360908434704
20240311124111 MNAI 66.61289478136901 4.014865 0.0025207414201266036 3.901333334423218e-05 8.507179637069898e-07 2351.6946620236968 0.12956550785219248 1.1022370500667918e-07 0.09724440630656499 1.6069181672108978e-06 -7.18061212206645 7.197618611274553 4.209373083792411e-05 0.001987842297755928 0.14405845813450496
20240311124111 SSSR 99.93067801769202 4.014865 0.0006623299292886937 1.272564370029648e-05 3.498962252310497e-07 1014.8914236759354 0.1972286840805033 6.900957206705534e-08 0.12072167357433991 5.42599979093725e-07 -8.287926950668917 6.380966941336709 3.994002772093739e-05 0.0011541741838974715 0.06384952585800348
20240312204441 BLJR 71.97527557504229 4.166112 0.0022131437567268946 5.904971294527207e-05 1.7622804365419728e-06 758.8964652804509 0.22808073474531165 4.0194221679378174e-07 0.16764400759922715 8.636453966375986e-06 -7.049323659367317 23.271049992002236 0.00016787579427023346 0.004701693349924314 0.2327494872457166
20240312204441 BSJR 105.37673156292762 4.166112 0.0013793805531428405 3.094659207391582e-05 1.4702530106539015e-06 361.92254546241577 0.3302722229162472 4.85583730077969e-07 0.1409641249349792 4.712464436935096e-06 -7.5986536949376635 13.430407482963629 0.00019247237212625978 0.00369538416122757 0.1344273603141239
20240312204441 CCJM 143.08466262079673 4.166112 0.0016533962117013625 2.680094185536028e-05 8.223099827619906e-07 693.862039614712 0.2385301625648188 1.9614573386689095e-07 0.10184811292805221 3.042889779271822e-06 -7.609832899195978 18.584761674933343 0.00012210902963488113 0.0030994251749650757 0.18592298743149765
20240312204441 PASJI 143.60883245160585 4.166112 0.003716000481118196 7.575426769666859e-05 2.6987203319778414e-06 625.4358227096212 0.2512398307334987 6.780260394031643e-07 0.12808881596393898 2.673291243217718e-05 -6.787476027635998 34.124515065714995 0.0003436264848300007 0.008264065246778647 0.3414830923059325
20240312204441 TSJR 86.51048709660584 4.166112 0.00538322321050567 7.197852711102735e-05 3.26234211877167e-06 331.6551186369867 0.3450138394378097 1.125553179957093e-06 0.08401182828418371 1.890895347665221e-05 -6.665523479959476 39.595911325193626 0.0004018179426549193 0.007499383104375839 0.3964319338476618
20240313093420 BEFA 52.91226150452442 3.748314 0.006356636931253145 7.729995212305514e-05 1.6784958433417672e-06 2318.0991493231836 0.13050100750443983 2.1904539864811502e-07 0.07640674285443526 2.7040850986943902e-05 -6.562108647276861 80.86120787252545 0.00019555279069777086 0.008401525804156823 0.8096231906656681
20240313093420 BLSM 161.2288178668718 3.748314 0.0018495147032205682 3.245419834250486e-05 9.416552806977052e-07 832.138784865192 0.2178120919538097 2.0510390658811905e-07 0.11025364752539638 2.7945232019873256e-06 -7.417085172137812 18.911708347997894 9.043790388752393e-05 0.002482397280159242 0.18933012145281672
20240313093420 IMSR 94.83401949924605 3.748314 0.0024413830576600947 2.4819003426060187e-05 5.467610638082358e-07 1498.7886470581516 0.16229669313375297 8.873751259036956e-08 0.0638746128659227 2.6528946481187537e-06 -7.523200698564995 24.24325811241811 7.614784294805098e-05 0.002769624202245119 0.24267577418699565
20240313093420 MNAI 137.23292974026012 3.748314 0.0009133356278377918 1.1330541358059727e-05 2.4607147071591973e-07 1367.8782200383341 0.1698854367662086 4.1803959278277334e-08 0.07794713007297158 1.352797937831201e-07 -8.363419227733468 3.017715153733767 1.8603477201835557e-05 0.0006159110302412983 0.06052761835158333
20240313093420 NBSR 63.99695702865344 3.748314 0.00712889688743403 8.542473816865133e-05 2.091082447699792e-06 2317.66649065997 0.1305131878066638 2.729138362158612e-07 0.07529067515018117 1.638432577391184e-05 -6.5091111000396715 59.23281859347651 0.00012507927234580693 0.006323866126629404 0.5925472334080539
20240313093420 ULSM 102.65361300697883 3.748314 0.0024722109641781647 2.5758684824333783e-05 4.1804340226534515e-07 1662.7904051026715 0.15408526636312747 6.441432898940375e-08 0.0654663345344099 1.268813439045161e-06 -7.510134781845038 18.950284404275344 4.600036874583223e-05 0.0016683672406383092 0.18974096653021633
20240313110844 BEKI 53.398058794438626 4.074612 0.021376453076638647 0.0005415808380843359 1.970782347052154e-05 654.1650535992226 0.24566099043079892 4.841443433003667e-06 0.15918696859117049 0.0006315939727251708 -5.059916306424208 178.39532662462128 0.0014845353928404496 0.03737166662986309 1.786372925335784
20240313110844 IMSR 124.91441611593525 4.074612 0.010448358968548534 0.00015105160230412647 5.39026707136786e-06 661.0750212963229 0.2443737169400612 1.317239599529782e-06 0.09083581556492662 7.099321821464094e-05 -6.052959776007177 83.74534438663574 0.0005293420305779594 0.013059214557558256 0.8377807482266252
20240313110844 ISSR 66.27501004760299 4.074612 0.0044120637630462745 7.119725233035528e-05 2.274324239724075e-06 690.1758324071221 0.239166305303844 5.439417254777811e-07 0.10139144712740497 1.8012738352727493e-05 -6.76144949601582 40.721189502394424 0.0002611582926637651 0.006855764279361996 0.4073634726124433
20240313110844 MKSM 150.9350086031498 4.074612 0.002211819094119871 5.2310712126189024e-05 1.5944972970732264e-06 1260.315189809759 0.1769865579206153 2.8220458822271513e-07 0.1486007145490168 1.2322146788508816e-05 -7.12503332148166 27.19168275018962 0.00016812810607590818 0.005527087423832702 0.2720881724122055
20240313110844 MNAI 100.48790181422896 4.074612 0.002349786469304326 5.8218306936202756e-05 2.382986048000416e-06 732.0051882824259 0.2322323884118821 5.534065414793285e-07 0.15567219214549213 3.887436244848947e-06 -6.991373146904963 8.029446740086533 0.0001173507196777386 0.003296116592332428 0.1611426668836496
20240313110844 ULSM 69.93623128829786 4.074612 0.00585815946343252 9.872055631332489e-05 3.5523962050701193e-06 982.4703726231243 0.2004564971316003 7.121008996919461e-07 0.10588300861667435 3.3959249904073765e-05 -6.457388690581718 54.45038043139638 0.00027246681707130684 0.008968446221065103 0.5451150409946941
20240313110844 BEKI 53.398058794438626 4.167735 0.021376453076638647 0.0005415808380843359 1.970782347052154e-05 654.1650535992226 0.24566099043079892 4.841443433003667e-06 0.15918696859117049 0.0006315939727251708 -5.059916306424208 178.39532662462128 0.0014845353928404496 0.03737166662986309 1.786372925335784
20240313110844 IMSR 124.91441611593525 4.167735 0.010448358968548534 0.00015105160230412647 5.39026707136786e-06 661.0750212963229 0.2443737169400612 1.317239599529782e-06 0.09083581556492662 7.099321821464094e-05 -6.052959776007177 83.74534438663574 0.0005293420305779594 0.013059214557558256 0.8377807482266252
20240313110844 ISSR 66.27501004760299 4.167735 0.0044120637630462745 7.119725233035528e-05 2.274324239724075e-06 690.1758324071221 0.239166305303844 5.439417254777811e-07 0.10139144712740497 1.8012738352727493e-05 -6.76144949601582 40.721189502394424 0.0002611582926637651 0.006855764279361996 0.4073634726124433
20240313110844 MKSM 150.9350086031498 4.167735 0.002211819094119871 5.2310712126189024e-05 1.5944972970732264e-06 1260.315189809759 0.1769865579206153 2.8220458822271513e-07 0.1486007145490168 1.2322146788508816e-05 -7.12503332148166 27.19168275018962 0.00016812810607590818 0.005527087423832702 0.2720881724122055
20240313110844 MNAI 100.48790181422896 4.167735 0.002349786469304326 5.8218306936202756e-05 2.382986048000416e-06 732.0051882824259 0.2322323884118821 5.534065414793285e-07 0.15567219214549213 3.887436244848947e-06 -6.991373146904963 8.029446740086533 0.0001173507196777386 0.003296116592332428 0.1611426668836496
20240313110844 ULSM 69.93623128829786 4.167735 0.00585815946343252 9.872055631332489e-05 3.5523962050701193e-06 982.4703726231243 0.2004564971316003 7.121008996919461e-07 0.10588300861667435 3.3959249904073765e-05 -6.457388690581718 54.45038043139638 0.00027246681707130684 0.008968446221065103 0.5451150409946941
20240315012919 BKJI 88.15483040279862 3.947188 0.007914813681538948 0.00010925946787955384 2.41930565455738e-06 1309.7940196988993 0.17361145097890693 4.200191650491809e-07 0.08673577305455797 3.162567236796187e-05 -6.328616443176279 61.899818766943696 0.00026910071353818447 0.009376594561960822 0.6197624635759946
20240315012919 CCJM 158.29964223789182 3.947188 0.00698123742298314 9.090489961700666e-05 2.1202636206186487e-06 1596.080134746778 0.15727240289064487 3.3345895437631354e-07 0.08181534232653911 2.9516182150115737e-05 -6.49028361700468 53.89094071958979 0.00022313745516211973 0.008560973893193326 0.539020942003247
20240315012919 CGJR 91.67662555923182 3.947188 0.007495305616520291 9.366618812597169e-05 1.8679997580468876e-06 2796.764291389755 0.11880970987403137 2.2193650929831153e-07 0.07851874855048896 2.1591507883646635e-05 -6.381538573658155 61.852973299265855 0.0001407248383508038 0.0069860592679948765 0.6188684097297537
20240315012919 CIJI 81.70642129814308 3.947188 0.011316224553705968 0.00016333326764179007 4.4446904429401615e-06 1663.3306791211598 0.15406023976190705 6.847500753068181e-07 0.09068865526218611 6.05129330828707e-05 -5.966400549757325 76.42629847469578 0.00028192144401099076 0.011149904152080229 0.7645434924824638
20240315012919 CNJI 137.49589005447112 3.947188 0.006023568628078792 8.243628048591947e-05 1.663479343317243e-06 3025.452466308149 0.1142311900756188 1.9002122505333753e-07 0.08598929609819482 2.0333535647078115e-05 -6.597261915288645 54.69553370951165 0.0001331300775404459 0.00703569391421132 0.5471010816920477
20240315012919 KCJR 169.48696102465874 3.947188 0.0013238334567117784 2.2598687334581476e-05 6.048919423078476e-07 1672.9723873260932 0.15361565673833372 9.292087297334627e-08 0.10725800855258322 2.2418317898907935e-06 -7.748166748440217 12.991008380663178 5.990733089850548e-05 0.0022773004354421835 0.13020125788009004
20240315012919 KMJR 233.5420545152958 3.947188 0.0006537975435159237 1.3157130733012923e-05 5.007298658851264e-07 889.4156644554233 0.21068202372235822 1.0549478148290345e-07 0.12644386832923962 6.044704400092127e-07 -8.324763222730313 6.509318819958029 4.438738509816524e-05 0.0012851537503062358 0.06511876502932151
20240315012919 MBJI 178.13762799991233 3.947188 0.0005798651556707096 1.2251194215784453e-05 5.346044754067886e-07 560.6345875542504 0.2653627288823999 1.4186410246668927e-07 0.13274900679794147 7.873257048381661e-07 -8.325010317744777 6.173258415476344 5.756886732033402e-05 0.0014012091260229547 0.06179520116970735
20240315012919 PBJI 128.92040750109857 3.947188 0.0017572948050701743 2.6068146846182432e-05 7.31717121715469e-07 885.8085862411682 0.21111054433121282 1.5447319986182097e-07 0.0932063287143176 2.6105896138545618e-06 -7.604592537599844 17.300923475938394 9.104792369427341e-05 0.0025705548249161303 0.1732257223942769
20240315012919 PCJR 70.05773002656375 3.947188 0.007626128453136052 9.987381040521931e-05 2.6248471141117976e-06 1239.506193294524 0.17846601150574226 4.6844599526789044e-07 0.08228626910317248 3.3791736018686796e-05 -6.317259353383284 72.22484469644007 0.00027452448007740096 0.009767721281861916 0.7240081089502497
20240315012919 PGJR 63.08294153772207 3.947188 0.01368646883283954 0.00017102657427755757 3.0976957380998343e-06 3079.802673662915 0.11321876741698403 3.507172933005078e-07 0.07851489465709481 3.099786647179371e-05 -5.900295901204061 69.24933133559733 0.00015152854915891222 0.007992949355312652 0.6925805425935513
20240315012919 SCJR 152.54327288975196 3.947188 0.00541373854403545 7.315997912546936e-05 1.745616208140201e-06 1745.5800530140862 0.15038689168819847 2.625177956227441e-07 0.08490947654300025 1.7133482043572085e-05 -6.648337180782027 46.721719717436514 0.00015338203461982158 0.006289099841971405 0.46728168147410204
20240315033739 BKJI 96.63120006155414 4.101477 0.010047657752695819 0.00024034857257334563 1.0069782079559318e-05 335.2646671488742 0.34315155807338465 3.4554614100602276e-06 0.1502991699124358 0.0001326790550557253 -5.760674610888353 95.77137528450706 0.0010717472504047443 0.018658385411566444 0.9588796141142892
20240315033739 CBJN 164.4579176717511 4.101477 0.0022429626693842497 4.0056759819724185e-05 1.8296681344613848e-06 334.9561037953233 0.3433095782144354 6.281425955143309e-07 0.11221053662101577 3.565640712631729e-06 -7.2469878503495915 23.501846767975493 0.00015944362605213987 0.0027505580712420983 0.23537492318570968
20240315033739 CGJR 110.87080757984512 4.101477 0.00200862485223197 2.254533730462943e-05 6.940758775973118e-07 1087.3830570909292 0.1905410646218367 1.322499566457274e-07 0.07052413592336454 3.1172750233264816e-06 -7.7031493159173685 19.678950022881246 9.412567533943663e-05 0.0030679267713491967 0.19696172561614989
20240315033739 CIJI 96.52040960918535 4.101477 0.016110449433063466 0.0003984636541630516 1.4032096809364038e-05 520.6436786633707 0.2753655260066864 3.863955718887274e-06 0.15540354647985138 0.00016610842563425653 -5.319549654605656 84.3057812053907 0.0007686678725043852 0.017725289846953953 0.8435685053315602
20240315033739 MGJR 105.38540428115789 4.101477 0.006162885868660599 0.0001597249238096762 4.998643835470787e-06 1103.173100360682 0.1891725145145175 9.456060235185008e-07 0.16284275189562256 0.00010108088853448297 -6.173364368963651 73.14485870158337 0.0004730625427334318 0.015957188734124213 0.7316654281995134
20240315033739 PCJR 71.39711411178735 4.101477 0.008207082826999796 8.67838348943162e-05 2.730515985406511e-06 1000.6814780250787 0.19862409786345653 5.423462743031152e-07 0.06644004060916738 3.724749703845246e-05 -6.442289228857065 96.44053520742663 0.0003373163445048821 0.010522401962037152 0.9646173138011561
20240315033739 SAKJI 217.29487694334438 4.101477 0.010191255062727602 0.00016536533908552222 5.237433301189061e-06 1617.395602014243 0.1562326284705827 8.18257971084128e-07 0.10195221908034928 0.00014175405738486307 -6.00471347713132 113.53788091092098 0.0005029044663034774 0.020056341946951252 1.135533987385008
20240316114255 CBJM 114.97742820591822 3.181722 0.006128738784033982 6.145369740147485e-05 8.697089869600734e-07 3735.9408976946834 0.10279686491468044 8.940335724761824e-08 0.0630023536964414 4.827825300106877e-06 -6.682555073319083 28.11205175283815 5.6935362207748206e-05 0.002613293364388283 0.2812650767222811
20240316114255 CCJM 100.02610262753979 3.181722 0.011693831114635114 0.00011133832866017598 1.4728474371661046e-06 3564.1564372241196 0.10524500412782793 1.5500983460420746e-07 0.05982293945463553 1.313524757567148e-05 -6.237099965011723 45.575503106951615 9.528900394455486e-05 0.0044723845889826025 0.45618610618755906
20240316114255 CSJR 105.91867630367129 3.181722 0.0011537927055690587 1.4600615604243013e-05 3.077254305358186e-07 837.7006387220736 0.21708781380084705 6.680344096594528e-08 0.07951027337714939 3.4733767748253823e-07 -8.010799451543965 7.257052785653786 3.593049632486178e-05 0.0009664005606453033 0.0726032488075335
20240316114255 KCJR 111.79744907044012 3.181722 0.0010174611689989707 1.4625652460988755e-05 2.932312494434729e-07 1684.3458343049106 0.1530961378676403 4.4892571791898344e-08 0.09031861603250282 7.019562334508442e-07 -8.032194335191777 10.018421005796386 3.618581808226588e-05 0.0013884773700719726 0.100263948537218
20240319085612 MBSR 34.3972139888245 3.228866 0.004381731172995742 3.3985694042738056e-05 3.9903410518380933e-07 4560.890395063754 0.09303686129455631 3.712488069578346e-08 0.048733800644743495 2.2497171990212877e-06 -7.102657286019566 34.40703852507039 4.112934246373724e-05 0.0023986552598098967 0.34469412090045315
20240319154534 PGJR 46.76802329108615 3.11505 0.0006970059170386989 1.0898332229796489e-05 2.013961296378538e-07 1214.7124925955727 0.18027816106086658 3.6307323895888176e-08 0.09824341410177316 1.6268611400704072e-07 -8.210264760176598 5.778509383833901 2.0538207856669775e-05 0.0006222691196455807 0.05786645173293346
20240319195925 KTSR 193.9879736781551 3.830728 0.00020297278779852763 2.755728269823698e-06 1.0379167479322246e-07 408.17915800983 0.3109957510899472 3.2278769859201757e-08 0.08530577701244582 3.053930181079704e-08 -9.62644807441837 1.6958458516245796 1.5198860390968787e-05 0.0002940533482718717 0.016977971310041935
20240320082457 APSR 136.9822898656873 5.037394 0.015983826430585296 0.0002342344006793852 8.060007229216446e-06 763.6102051318913 0.22737567767451988 1.8326496058046187e-06 0.09207670961494775 0.00023930100736685792 -5.714420675926163 144.3468773382186 0.0008857364960971712 0.024325413721244995 1.4444746864230344
20240320082457 BKASI 213.95330702682014 5.037394 0.024583173301008232 0.0006908911577630063 5.464770961021351e-05 179.8807014211398 0.468476253776847 2.5601154275677825e-05 0.17658408530760256 0.0017805034041069804 -4.909066994654511 170.8655674297692 0.004626636752721609 0.0645220210069141 1.7096579394801115
20240320082457 IMSR 153.07971635806126 5.037394 0.0075505477813317306 8.425821494623219e-05 3.828433398118098e-06 610.6397274806538 0.2542654435784593 9.734383161830865e-07 0.07011543976561269 3.4595490077004555e-05 -6.526370475079019 74.10333554868362 0.0003938371439936298 0.00990088124905053 0.7418822942720218
20240320082457 KBSR 208.26484773437434 5.037394 0.0022447416731372558 6.012335592413133e-05 3.2881193355374338e-06 317.15629533305383 0.35281187984611884 1.1600875639293332e-06 0.16828938094817114 1.943889090074774e-05 -7.140399454026098 24.168763387036147 0.0004435234347497916 0.007958693470703382 0.24194803197298798
20240320082457 LBTSI 184.66660376236808 5.037394 0.024028359118437488 0.0007476526157359828 2.9217925605905085e-05 332.88131429712433 0.3443778097740968 1.0062005226304095e-05 0.19550398372655045 0.0022195350669096886 -4.933898993205802 288.19528019326725 0.004532755647980749 0.07776726732787942 2.8833866469288765
20240320082457 PASMI 96.21964480352402 5.037394 0.09762984739643214 0.0031779996084897416 0.0002520052516716885 125.51390551483468 0.5608334992650217 0.00014133298712819552 0.20452721149101116 0.05911738466679774 -3.663533499348519 1064.6293507502146 0.03444099945408912 0.3778285068584502 10.65942505680944
20240320082457 PSSR 99.71147267916226 5.037394 0.012407189534427732 0.0003591095604617065 2.0561423407370727e-05 192.4680790716008 0.45289811428358334 9.312229888184533e-06 0.18185842230424065 0.00047270511720462764 -5.511722096744044 100.52999257725058 0.0024163600957016196 0.03506022266428307 1.0060055461095456
20240320082457 SASR 204.54665804411 5.037394 0.003634944096593916 7.276214829887784e-05 2.9206562877104245e-06 414.292400076057 0.3086927182947997 9.015853286581296e-07 0.12577306526907114 2.1510140480417483e-05 -6.770952858991398 37.776650597818474 0.00038458886821615137 0.007414116417571124 0.37830711527895783
20240320082457 SIUMI 195.00308169856228 5.037394 0.008286772693611253 0.0002879594678448676 1.8186153614274084e-05 188.250370711331 0.45794355191632646 8.328231781816612e-06 0.21833622862866983 0.0004141850935571979 -5.727409535532647 99.92619669172386 0.002347264269867317 0.033536888966077795 1.0009559535197
20240322204508 BTSR 80.54493906481645 3.048951 0.001550734712466296 1.526329652789054e-05 3.508569313472101e-07 1620.1041413104954 0.1561019766147445 5.4769460492283214e-08 0.06184302170591373 6.328024141676621e-07 -7.900829701694626 11.766943098704953 3.483356742682682e-05 0.0012307328148279154 0.11772383735093328
20240322204508 UMKSI 80.52329752907256 3.048951 0.011589611682889155 0.00022211589510109903 4.369729252056596e-06 1156.7781967908054 0.18473739750201132 8.07252409813346e-07 0.12041778161133024 9.831070903855221e-05 -5.799734816529875 72.3939103068787 0.0004897640828224763 0.01573653771429096 0.7241261101807008
20240323050512 BEFA 94.11053273889935 4.951719 0.011192310658428224 0.00018916459246932048 7.20383855653987e-06 598.4801735232411 0.25683546006273167 1.8502011898865623e-06 0.10619399553092479 0.00014744953852729287 -5.857313472828645 115.89225572595586 0.0008261236412317166 0.01914906357660093 1.1593940342336624
20240323050512 KPSR 223.61040023361232 4.951719 0.0013604273262680334 1.777697563513798e-05 6.20127171469529e-07 857.2986460914676 0.21459213440785252 1.3307441332995057e-07 0.08210363755570574 1.1037778356944144e-06 -7.880551682240867 11.967305122587902 5.3516543480099636e-05 0.001661692039258745 0.11980861881991822
20240324153406 ACBM 127.65071780605734 4.68843 0.0036284137891200285 9.924680876724123e-05 3.900181174639932e-06 555.4317484742678 0.266602684514944 1.0397987712536534e-06 0.17186190078448185 7.112039944449287e-05 -6.6018796802884445 44.894630630120886 0.0006053968966060073 0.014513026155723443 0.44913183130237766
20240324153406 ACJM 103.86518908854268 4.68843 0.010418854343212892 0.00025090751328817854 1.0140070811008744e-05 377.35014359373076 0.3234503374458936 3.279809325546034e-06 0.15131206839264638 0.0001337729252031689 -5.820546935177232 56.78997043289199 0.000902708584509377 0.015325535259117914 0.5685266304518939
20240324153406 BTJI 86.12656243541456 4.68843 0.012525072185680816 0.0005828413635607375 3.492467639287837e-05 277.7234348198426 0.3770280001048469 1.316758089471589e-05 0.29238157175078056 0.0012647043526881237 -5.261894687824947 114.88907361360978 0.0031732346174885356 0.05503705879345679 1.1491860693654137
20240324153406 CBJN 111.97410025199575 4.68843 0.004630101838817537 0.0001285603351004559 8.205084196275825e-06 191.87291579189824 0.45359998412304064 3.721826061158926e-06 0.1744601818079149 3.758646359573323e-05 -6.37984651904081 38.17091464488088 0.0006864382759602843 0.008786175987645238 0.3821378722745842
20240324153406 CGJR 124.07572516378389 4.68843 0.003068393447039417 4.728206003712574e-05 1.6637774692093653e-06 744.7221067612454 0.23024104376892263 3.830698611099808e-07 0.09682002977978435 9.888828547276235e-06 -7.102760351859552 29.80535907856769 0.00017937545514370404 0.004921070502337442 0.29813298475017813
20240324153406 CILA 46.11047419719152 4.68843 0.025450041766509807 0.00048576818234297414 2.1133288767527247e-05 401.5161722775818 0.31356555318439133 6.626671382995165e-06 0.11992795666092461 0.00048741552449432535 -5.17694115951961 150.60380292828376 0.0015091871782586033 0.03129654865361697 1.507222792187024
20240324153406 CMJN 52.29398034286978 4.68843 0.008101064661385497 0.00021668666864912135 1.4630968028001639e-05 256.586290716962 0.39225017327069284 5.73899974410161e-06 0.16806216832307092 0.00020549390342354786 -6.02235498454215 75.97620566956024 0.0013550722559931216 0.02317500926062143 0.7607175286319204
20240324153406 CNJI 168.25331515811354 4.68843 0.0028170239684620563 5.016864405656643e-05 2.428366176843199e-06 528.9125020976974 0.2732045651655704 6.634407254072247e-07 0.11189783642111971 1.3785417715176961e-05 -7.105203797792756 35.37387539550596 0.00025717099887513016 0.005945614775877468 0.3547578403376655
20240324153406 CSJM 128.20196085415316 4.68843 0.0021086584202501244 5.0290416288530483e-05 2.8623570943192166e-06 197.97882125837197 0.4465504190630752 1.2781867599764124e-06 0.14985073053157577 1.3669868556643712e-05 -7.154891047718786 21.45298496469384 0.000450756537211171 0.006521162040411706 0.21479868142785072
20240324153406 CTJI 103.76746698007749 4.68843 0.002271492214811021 5.154592865059205e-05 2.8891980333825236e-06 110.05556995895714 0.5989269488801352 1.730418562844282e-06 0.14258143586429686 7.860590647027096e-06 -7.101537240781386 19.101749482299127 0.00044237459119867177 0.004378365946314639 0.191019630037293
20240324153406 GBJI 175.16859680889172 4.68843 0.0018370817761233223 3.50038467046011e-05 1.5532830533008539e-06 393.3096621051909 0.3168199788315785 4.921111040662261e-07 0.11972012251584824 4.215739598977878e-06 -7.426527859958625 16.96412515256088 0.00016182965021896667 0.003144043653103827 0.16967415774884465
20240324153406 KBJN 118.19125999936486 4.68843 0.004550666748860184 0.00015866101463495703 8.195792845280485e-06 367.9859990930361 0.32753990652618853 2.6844492224511748e-06 0.21906604262469062 0.00011071687793790094 -6.247022642666367 53.03089718815709 0.0008836475039029033 0.016737249689963082 0.5308028159156915
20240324153406 KCJR 187.76764562126596 4.68843 0.0007239317346489592 2.425547371122211e-05 1.7007349423551795e-06 187.61653023720524 0.4587164540052925 7.801551019600635e-07 0.21051934698640107 2.1207903940162484e-06 -7.954577000621854 6.783901798101035 0.0001585401834317065 0.002124465586065355 0.06791531017703266
20240324153406 KJJR 122.58130635820395 4.68843 0.003406058313157197 0.00016304069466782038 1.103139773425819e-05 184.42188131078785 0.4626724545927724 5.103923867298385e-06 0.3007625833216095 0.0001218473297922932 -6.379295890890204 40.156121235987335 0.0013284000121009385 0.018322761966822962 0.402414214093122
20240324153406 KKJN 84.65550083697596 4.68843 0.002728554267095101 0.0001521498944157352 1.303481259627274e-05 84.52738985868535 0.683409700672195 8.90811737473691e-06 0.35036355795101837 7.786432453812939e-05 -6.4669672903723265 29.252892347574367 0.001612663462841907 0.015096988827975388 0.2927010193228793
20240324153406 KKJR 173.3715949068068 4.68843 0.0023302923152537978 5.607597462354451e-05 3.574122093865266e-06 260.2933752776189 0.38944695348283803 1.39193096083153e-06 0.15119808683832717 1.4462188394589352e-05 -7.076900397488077 21.136304061391648 0.00037269856757962515 0.00579999178478186 0.21155630484841373
20240324153406 KPJI 58.180056269199554 4.68843 0.0019061196363786505 6.076320028046953e-05 4.082601110586877e-06 219.25290589740575 0.4243333728031037 1.7323838990650262e-06 0.20029511261150182 2.6190843344914057e-05 -7.087555784058337 23.222719188050068 0.0005740314625246515 0.008762766487523268 0.23233819181335613
20240324153406 MGJR 105.98829043020935 4.68843 0.012017559925699525 0.0003792176374540388 1.5545121103227857e-05 634.0947112842467 0.24951852983499664 3.878795763784396e-06 0.19826776006160657 0.0005704461184014639 -5.522594598894122 139.81052627066663 0.0015737976040148044 0.03916488953524205 1.3994905649307157
20240324153406 PBJR 193.6484596112439 4.68843 0.002955325120276088 3.713792664856634e-05 1.3670419017223514e-06 488.9127959758711 0.28416079976107594 3.8845972010032556e-07 0.07895729422676381 7.023651037934188e-06 -7.239231054409054 30.67459862959066 0.0002034244763781726 0.004550376571506375 0.3074026884598855
20240324153406 PCJM 92.55302063088295 4.68843 0.009480876177112556 0.0002890434075584887 1.8812780383074095e-05 214.22216371742388 0.429286931360531 8.076080761009473e-06 0.1915554277454684 0.0001714033630144385 -5.7267325939653935 70.2399767620078 0.0012340473765591242 0.016962580583587072 0.7028364080958129
20240324153406 PCJN 126.70688353344673 4.68843 0.0035472936976571013 6.487004904478997e-05 4.072315004810433e-06 164.06984816206662 0.4905298949710246 1.9975922515985894e-06 0.1149018304583708 1.6086638991038764e-05 -6.757130543420088 35.8838980129963 0.0005343078208984778 0.006552040879549893 0.35935466541945726
20240324153406 PCJR 8.48335378028833 4.68843 0.033332726779020376 0.0009412742107201045 4.4321983501073304e-05 352.54367464093775 0.33463657367992306 1.4831756697497252e-05 0.17742923733878324 0.0014023622020473804 -4.663649809510155 215.85406350982413 0.0028693265179106026 0.04880769650042112 2.159614695990302
20240324153406 PGJR 95.98812438376675 4.68843 0.004062707787913688 8.879550532462334e-05 4.0193967335326735e-06 386.50440791069553 0.319596962272595 1.2845869862054334e-06 0.13732678881287858 3.639660297338897e-05 -6.670036479166104 44.58907843705702 0.0005296019644605208 0.009993145700063969 0.4465317398447488
20240324153406 PKJI 125.45360988535145 4.68843 0.002383564531892512 0.00014374727022723182 1.1451325152862835e-05 157.85892082130601 0.5000866990118685 5.726655395006756e-06 0.3789243899856982 6.748697888580207e-05 -6.539941575485569 25.950282162197816 0.0009850455318844609 0.012123338223389506 0.26021555135510244
20240324153406 PKJM 106.040140661469 4.68843 0.002879832810532665 0.00016547964501385692 1.1890019108896953e-05 161.86897222651066 0.49385341783037706 5.871926574997255e-06 0.36104154046222053 7.286056991871128e-05 -6.448634756750698 33.52868470678379 0.0010724346743679015 0.013019076495546452 0.33576626980267055
20240324153406 SAKJI 171.58599002465482 4.68843 0.02988554081386608 0.0005898072759008316 2.692057104617114e-05 429.41117555181734 0.30320977413848443 8.162580266588576e-06 0.12400205280167789 0.0016080884405252115 -5.000759556745813 263.5949520473317 0.002883914988288606 0.060235093975476446 2.637593478352027
20240324153406 TKJN 162.63685340635308 4.68843 0.00518146222566181 8.719469645956052e-05 2.7267013088503556e-06 786.9463596616478 0.22397900086884118 6.107238348240642e-07 0.10573471576138303 2.1922939448720142e-05 -6.5467396556348225 53.91005119903137 0.00027268537932505774 0.007278524676009772 0.5393242944276009
20240324153406 TOJI 119.7086322684432 4.68843 0.0033872978550709464 0.00015116374330894613 7.776273385156728e-06 290.74524252047814 0.3684881785333914 2.8654648154740923e-06 0.2803974883741494 4.692313650302576e-05 -6.359045025567937 31.61437890880095 0.0006196790288759437 0.010288936143577902 0.31637189980774005
20240324153406 WGJR 219.62984401253846 4.68843 0.0020619857526195384 2.2371512478697303e-05 1.126922945119084e-06 485.59465337592013 0.28513000402120753 3.213195438733955e-07 0.06816941306551864 2.241857138644855e-06 -7.549795559161649 15.275989448453299 9.886567693371921e-05 0.002333289225511706 0.15281188423652559
20240326082442 BEFA 41.88236907607908 3.811468 0.012274550499108798 0.00015219338448841033 2.7854819753850944e-06 3122.4389602186725 0.11244312054937637 3.132082855463412e-07 0.07790584570383602 5.99840192453474e-05 -5.9932140732750545 105.43268883650073 0.0002116747118108168 0.011503518258730052 1.0550129688270447
20240326082442 BLSM 136.5175710279964 3.811468 0.0035765036858773653 7.665135783415643e-05 1.977923731817473e-06 969.2412317460902 0.20181987271537147 3.99184315796115e-07 0.13466075464166335 1.2411614484188539e-05 -6.743046089968778 29.156804164366218 0.00017024633285356435 0.005178164049274111 0.2919053590688439
20240326082442 IMSR 91.97836902042928 3.811468 0.03353635788483567 0.0004158540804745493 8.358034705208373e-06 2447.6391420987056 0.1270007171946969 1.0614764018996305e-06 0.07791210534373054 0.00013790527105930569 -5.121534664630157 109.97713082625098 0.0003375443389872406 0.014712801617383912 1.1002074532309676
20240326082442 ISSR 97.07064624935582 3.811468 0.0025321602076337083 4.7222376887926815e-05 1.503095990409717e-06 1118.9495532606757 0.18783417631686797 2.8233279728379606e-07 0.1171754234735368 5.823616379127123e-06 -7.167786875868579 26.16932260942675 0.00010619954987909421 0.0036493546091423837 0.26213183167008897
20240326082442 MNAI 130.22428476293967 3.811468 0.003975719750179418 4.0050007504372935e-05 9.96775791144903e-07 1721.405691604777 0.1514391805898787 1.509509090428122e-07 0.06329460689289078 1.723182891099593e-06 -7.235231039394163 8.277658798321989 5.277163325828664e-05 0.002190581023717406 0.16576899241843018
20240326082442 NBSR 51.3658133046868 3.811468 0.005165055499497715 4.7070993054377914e-05 5.736818269020203e-07 3986.2277581532294 0.09951735251133523 5.7091296597155144e-08 0.05726090880966932 5.804247029398472e-06 -6.952909898005024 38.57003188325341 6.310560712659275e-05 0.0036537882731905664 0.38631032179620145
20240326082442 ULSM 84.6673771815809 3.811468 0.003964077410624809 6.0248146841034025e-05 1.4738710234045114e-06 778.7921641685084 0.22514851235525393 3.318398683230414e-07 0.09549517625507645 7.167206774568569e-06 -6.900275182098686 31.08681613509982 0.00017184367900129868 0.004200364474610518 0.3110514323689805
20240327045128 CLJR 71.75145860335383 3.332646 0.0030783312548548366 4.8024369512213673e-05 8.517500302777778e-07 2461.112066108574 0.12665261862445656 1.0787637174814073e-07 0.09802259338718683 6.981005049031313e-06 -7.057869981656978 25.356369050181293 8.28405423924008e-05 0.004072913322623337 0.2537150139531585
20240327045128 ESJR 54.74797390275527 3.332646 0.002814438766617245 3.737107007655063e-05 5.311071840678635e-07 3706.9181558094647 0.10319849639019484 5.480946281783396e-08 0.08343026012990354 7.110817785671312e-06 -7.200990583571596 33.07473344031923 7.44896004160651e-05 0.004499137389216659 0.3313796444815231
20240327045128 KCJR 128.5767613605128 3.332646 0.0007248682416918411 1.0368582804794992e-05 2.421279260046854e-07 1387.2929709520054 0.16869250038182118 4.084516524999497e-08 0.08987526751524957 3.3823135913988896e-07 -8.348851185397603 6.228047778193414 2.7229724247448438e-05 0.0009052800610495862 0.062411822228853824
20240327045128 MLJR 65.7768722321726 3.332646 0.005873557408517038 8.751325731743545e-05 1.5778237520787871e-06 2925.1352275438453 0.11617345201356097 1.833012319479817e-07 0.09361652135433313 2.2108730660236225e-05 -6.504360478588886 56.439611691967045 0.00014215877794071673 0.007465563183407067 0.5647760864032352
20240327045128 RSJR 52.83004560419487 3.332646 0.0032538175879295505 3.567189572609321e-05 4.421551636520296e-07 5564.16929439217 0.08423250195479397 3.724383568664183e-08 0.06888312729542106 4.7570622392217825e-06 -7.167077139355041 35.09051261184925 5.127240690742538e-05 0.0036198396151846416 0.3509690716444272
20240327045128 SPJR 93.77953479159669 3.332646 0.0017417274738658964 1.7802785455925036e-05 5.163643533520127e-07 1605.0861292042339 0.15683056155516 8.098171150326322e-08 0.06422256161307535 1.6160104381578508e-06 -7.812251458268318 17.683875761024684 5.570070951405872e-05 0.0020945257218289784 0.17715623293559735
20240327045128 SUPJI 86.22899867748397 3.332646 0.014428756673828029 0.00020924451294285324 5.863590819315558e-06 1096.2747029704065 0.18976677281326032 1.1127147068789745e-06 0.0911181801073149 0.00011505036414526625 -5.717781713791143 112.07019262775746 0.0005001533565164293 0.01583565103548939 1.1221961924327226
20240401003521 CILJI 57.24379905153675 3.013508 0.013063001717328089 7.556109374972187e-05 9.865608563869269e-07 4014.7180359253725 0.09916361346610925 9.783093942354693e-08 0.03634420053798938 2.4345939697940343e-05 -6.42576047349099 125.20939836807572 0.0001447411744533253 0.008484773265210027 1.2534215174520709
20240401003521 SPJR 55.959008626997594 3.013508 0.019590337413816196 0.0001892277919463878 2.7425596031063017e-06 3444.66417076834 0.10705486901779641 2.9360435908404485e-07 0.06069080164127563 2.1131490172261753e-05 -5.684403811135043 61.18224532255206 0.00011635585922501557 0.005821042621662751 0.6124351078322434
20240401003521 WLJI 27.57460911448972 3.013508 0.016084987058323758 0.0001926819348881377 3.2962765630999117e-06 3910.0027192609296 0.1004827098264392 3.312188013976607e-07 0.07526622793405251 8.867442843541715e-05 -5.781276533253935 153.49591871378547 0.00025471802630028034 0.015269306903717373 1.537517861882412
20240401013149 CGJR 106.8856676296591 3.276218 0.0011562580981893098 1.0916342476889142e-05 2.504664524349863e-07 1415.9585663869084 0.1669762086328921 4.1821938617324616e-08 0.05932014899298061 3.3977954763884235e-07 -8.172793760145684 7.082296035071522 2.671391732387845e-05 0.0009473916225279681 0.07098255993238106
20240401013149 CILJI 57.448879209149524 3.276218 0.04647812155653274 0.00037503870220960276 8.891028554685204e-06 1578.184390938669 0.15816158061469493 1.4062191294993984e-06 0.05069993331122193 0.00014192653508195694 -5.128741240547245 226.30741199213128 0.000404211640934315 0.015859603941942142 2.265464652859169
20240401013149 CSJR 46.1455260875961 3.276218 0.001117887574367408 1.5192873580106354e-05 3.027254944730627e-07 1724.9528852102246 0.1512833906699594 4.579733924612498e-08 0.08539288050176247 7.446602412510843e-07 -8.00690934515991 11.835741209466544 3.444604296074769e-05 0.0014383544980548662 0.11869481218996196
20240401013149 ESJR 6.6509226845626035 3.276218 0.008781965164017766 0.00014242334064614313 3.25706607993028e-06 2507.4026447368615 0.1254780695479654 4.086903640998107e-07 0.1018988602931185 2.5558634364508285e-05 -6.101024418404165 50.227861201879584 0.0001376517169477757 0.006895059994835655 0.5023196483589523
20240401013149 JSJR 9.014767256627362 3.276218 0.006651594905618816 7.886972053734478e-05 1.4291552341077045e-06 3195.3750584612903 0.11115242647826465 1.5885407208518372e-07 0.07450139046245813 2.1554939659071362e-05 -6.5788453070220685 61.75256053354512 0.00013684029526054756 0.007607094762851305 0.618551299614919
20240401013149 RSJR 5.938077070237289 3.276218 0.01347236898677865 0.0001764828508366607 3.399489229643874e-06 1647.0257736430976 0.15482092956780447 5.263120825892041e-07 0.08230731035011636 2.9462348486600644e-05 -5.92793581112867 62.33586126625472 0.00016479924493626835 0.006907781693878344 0.6241221377531381
20240401013149 CGJR 106.8856676296591 3.264173 0.0011562580981893098 1.0916342476889142e-05 2.504664524349863e-07 1415.9585663869084 0.1669762086328921 4.1821938617324616e-08 0.05932014899298061 3.3977954763884235e-07 -8.172793760145684 7.082296035071522 2.671391732387845e-05 0.0009473916225279681 0.07098255993238106
20240401013149 CILJI 57.448879209149524 3.264173 0.04647812155653274 0.00037503870220960276 8.891028554685204e-06 1578.184390938669 0.15816158061469493 1.4062191294993984e-06 0.05069993331122193 0.00014192653508195694 -5.128741240547245 226.30741199213128 0.000404211640934315 0.015859603941942142 2.265464652859169
20240401013149 CSJR 46.1455260875961 3.264173 0.001117887574367408 1.5192873580106354e-05 3.027254944730627e-07 1724.9528852102246 0.1512833906699594 4.579733924612498e-08 0.08539288050176247 7.446602412510843e-07 -8.00690934515991 11.835741209466544 3.444604296074769e-05 0.0014383544980548662 0.11869481218996196
20240401013149 ESJR 6.6509226845626035 3.264173 0.008781965164017766 0.00014242334064614313 3.25706607993028e-06 2507.4026447368615 0.1254780695479654 4.086903640998107e-07 0.1018988602931185 2.5558634364508285e-05 -6.101024418404165 50.227861201879584 0.0001376517169477757 0.006895059994835655 0.5023196483589523
20240401013149 JSJR 9.014767256627362 3.264173 0.006651594905618816 7.886972053734478e-05 1.4291552341077045e-06 3195.3750584612903 0.11115242647826465 1.5885407208518372e-07 0.07450139046245813 2.1554939659071362e-05 -6.5788453070220685 61.75256053354512 0.00013684029526054756 0.007607094762851305 0.618551299614919
20240401013149 RSJR 5.938077070237289 3.264173 0.01347236898677865 0.0001764828508366607 3.399489229643874e-06 1647.0257736430976 0.15482092956780447 5.263120825892041e-07 0.08230731035011636 2.9462348486600644e-05 -5.92793581112867 62.33586126625472 0.00016479924493626835 0.006907781693878344 0.6241221377531381
20240401103254 APSSI 153.2457164182789 4.191902 0.010553593047805582 0.0001703719348564839 4.8423989684638285e-06 1367.7394777675543 0.16989405306117758 8.226947872915853e-07 0.10143260527452332 9.782871221099679e-05 -5.975561879377074 77.92940625392946 0.00039642372370801975 0.013740659423064974 0.7793303693624642
20240401103254 ISSR 120.74058531861918 4.191902 0.0017162528068058785 4.228350109683952e-05 1.3439187928344146e-06 568.9691097143492 0.2634119807895339 3.540043112407924e-07 0.15479949793773237 3.449604542902715e-06 -7.332151836123853 15.11220988607441 0.00011993831367066442 0.002713371601283545 0.15145127552487556
20240401103254 KPSR 152.48415719599058 4.191902 0.0014728411145718825 2.1141874187455192e-05 4.571348926117044e-07 909.5351863145747 0.20833877964409528 9.523892565945704e-08 0.09019188284913579 1.1832188941194072e-06 -7.825221072286059 12.647732304128926 6.3815867666103e-05 0.001728276517672108 0.12649330278625773
20240401103254 ULSM 173.98103634298835 4.191902 0.0013701914509355938 3.8117621341635615e-05 1.4023571672378935e-06 619.9611845715418 0.25234669356299616 3.5388019434685206e-07 0.1747931489390512 3.504907753681697e-06 -7.482914263392776 16.46660193888453 0.00012938991559226627 0.0032069793540850148 0.16508023571818198
20240402052009 CCJM 109.54469100667482 3.714357 0.0025904190646199917 2.4767334138696196e-05 6.757752173262047e-07 1407.222407130244 0.1674937081275617 1.1318809701067491e-07 0.060074353251832656 2.9309266528932656e-06 -7.487874698822721 25.07695999410091 7.605844587904828e-05 0.0027387965005792932 0.25095955826914923
20240402052009 LSJR 94.6204989001343 3.714357 0.002026719397567268 1.3102988702356288e-05 2.961650684451951e-07 2451.3801413295078 0.1269037736445246 3.758446480738417e-08 0.0406215612253016 9.250789840787514e-07 -7.879412026799114 21.301263179355402 3.326626220310349e-05 0.0016698419591760446 0.21310346498556276
20240402052009 RSJR 80.19211117794289 3.714357 0.001425377456641444 1.542724698131503e-05 4.820989938497427e-07 1024.9986809843024 0.19625386348724175 9.4613790126324e-08 0.06800461948628439 8.825013579951361e-07 -7.854520624715083 14.305700425732631 5.099580485350222e-05 0.0015898050167523733 0.14331425236659695
20240403230748 ISSR 149.98247049265257 3.779242 0.0013654614666495579 1.490727132084153e-05 2.619421647910999e-07 2036.0464994644199 0.1392470560857257 3.64746753118827e-08 0.06859596584814505 9.564979091151378e-07 -7.929821278530361 13.983487049581042 3.744933910129984e-05 0.001636786378382454 0.140128985143265
20240403230748 JMSI 80.05794972470147 3.779242 0.002463652730547521 4.594912090856778e-05 1.1501444404290976e-06 1028.2830853714224 0.1959401888831786 2.2535951890061514e-07 0.11718650026879776 5.093943138190536e-06 -7.152939730617028 18.782754323020367 0.00012169120326824064 0.003631386168719393 0.18811773890806655
20240403230748 PASMI 167.1438688708982 3.779242 0.0043202364928875735 5.9959805495419036e-05 1.740093512584959e-06 789.0563583285574 0.22367933168128148 3.892229539579372e-07 0.0872032282330815 9.573042597574358e-06 -6.845692278193161 34.62139161442823 0.00017967832785976723 0.004739620832883797 0.34696197235167925
20240403230748 STSI 124.47713028141014 3.779242 0.0015160393336682222 2.8512290764317335e-05 1.2888823243146557e-06 535.6771388949651 0.27147404383978607 3.498980966153222e-07 0.11816844222037616 2.406363346296591e-06 -7.6324187514169655 15.262789547825925 9.78921589656191e-05 0.002353863805576825 0.15264567768731568
20240403230748 UMKSI 101.94976755978286 3.779242 0.008327296724397849 0.000159356907320595 4.582809166598451e-06 1359.026753098268 0.17043777864366297 7.810838143028563e-07 0.12023937801336648 0.00012174250672613015 -6.019109581249421 107.35974577124307 0.000500596586880457 0.018603461589986756 1.0748010812322801
20240406160036 CCJM 120.99089158750448 3.154815 0.001796017228605347 1.862203571261337e-05 4.5817442134753124e-07 1910.1073684023388 0.14376427495033967 6.586911348581926e-08 0.06514731558010932 9.955994685879705e-07 -7.746601153823164 19.65841736518653 3.872671460635255e-05 0.0016120308804175496 0.19677431225093844
20240406160036 CGJR 78.94593107700334 3.154815 0.0019578203027504418 2.7837321234126577e-05 6.815749952260591e-07 1509.616971713477 0.16171357699107056 1.1021993046567786e-07 0.08933764121445897 1.118774219323708e-06 -7.5462924241127896 9.619194265571025 3.730406780747354e-05 0.001324854063484226 0.09629187990392603
20240406160036 JSJR 106.37856401561895 3.154815 0.0007763898897524332 1.1338371073413406e-05 2.5138345148256615e-07 1955.41656445018 0.14208892333955345 3.571880396653869e-08 0.09175942071906389 5.056569570494872e-07 -8.255532991036215 7.948206206874875 2.7042146608401735e-05 0.0011380720185629534 0.07959120916259294
20240406160036 TSJR 85.22442274027608 3.154815 0.00244228852889023 2.462561418529473e-05 5.718137243277654e-07 1158.8997741241662 0.1845682222958074 1.0553864258352055e-07 0.06335340620038236 1.8619295810746282e-06 -7.613592393910899 19.67450692777713 7.500231929927876e-05 0.0024087482742825078 0.19682639333667168
20240408133132 BSJR 103.12836625284322 3.399204 0.001281382805732982 1.980121963808752e-05 4.4540382985979077e-07 1118.7388472580658 0.18785186405747584 8.366993969750051e-08 0.09709411718155461 1.3250363049505717e-06 -7.862606243328089 12.181288173275307 6.0876647022614256e-05 0.0019765109488939954 0.12194983900533865
20240408133132 CCJM 74.396234983777 3.399204 0.002475567267301858 3.605503505872256e-05 9.099903777061767e-07 1066.7475115082498 0.19237518440867205 1.7505956672134286e-07 0.09151052751546472 3.601760673876867e-06 -7.319042230123459 21.807260072488333 9.024225196180557e-05 0.002821292351307434 0.21851771589447375
20240408133132 CLJR 76.9793406523306 3.399204 0.004270650529152835 7.67254602719405e-05 1.7324808078521205e-06 1917.3385422602391 0.14349291794023086 2.485987263941492e-07 0.11288216663396182 1.741273620518945e-05 -6.724341407992356 30.90781220259351 0.0001414114943325634 0.005850269691789018 0.3092632942734139
20240408133132 CNJI 65.27470273586007 3.399204 0.003006589756004599 5.3727524852495594e-05 9.09206075622781e-07 1682.1838572740637 0.15319448741830122 1.3928535871263716e-07 0.11228003224255316 3.229125000461042e-06 -6.957675695586335 19.67377288699253 7.464815354759949e-05 0.002378266593178411 0.19683197461241925
20240408133132 ESJR 9.692548958379911 3.399204 0.007153256313778697 0.0001109011518371483 2.6610576389557256e-06 2374.3523950914478 0.1289458235443369 3.4313226875409474e-07 0.09741192782792546 2.4119297208046044e-05 -6.386199969869684 53.05945767381908 0.00014752225551729528 0.0075597691892394445 0.5308896105880486
20240408133132 RSJR 2.3234180464528427 3.399204 0.005466410385871035 8.715368919317776e-05 2.544347133660554e-06 984.9833204135458 0.20020062558416757 5.093798878621266e-07 0.10017593644642067 1.3176349692009013e-05 -6.566125377461643 44.85563706224635 0.0001507599957906088 0.005429943424427362 0.4492436749524245
20240408133132 SSJR 40.0181716999577 3.399204 0.0043951649953765095 6.522260199236708e-05 2.31482666385489e-06 549.7457806212802 0.26797786082374897 6.203222975576089e-07 0.093240116119772 1.075765121073048e-05 -6.743647380075439 39.00200138525266 0.00021007492453996751 0.004815737109157816 0.39044937152497045
20240409005832 ESSN 142.18140952415126 4.682515 0.008208867255072206 0.00013537668134024614 5.852784497209211e-06 407.28027039446323 0.31133875340812234 1.8221986293274999e-06 0.1036192630117376 6.934607288368316e-05 -6.175242270122824 76.27949473711004 0.0006706252835940207 0.013696913863178069 0.7643260536350867
20240409005832 KBSR 211.9511723226167 4.682515 0.006317916679897862 0.00016106378134818876 5.608015222214602e-06 814.6183580993036 0.22014193110914207 1.2345593007077868e-06 0.16017836824370488 0.00010097994840556637 -6.153236671532001 55.228749091521735 0.0005935118796092916 0.016496872864767243 0.5524249537970709
20240409005832 KTSR 193.378462411274 4.682515 0.0007135525432787901 1.1697260154453129e-05 5.308088915579654e-07 788.5168645171101 0.22375583795959775 1.187715883269578e-07 0.10300019785368725 9.144539869923422e-07 -8.328326828127073 6.815558656644954 5.608151350480641e-05 0.001546250712388017 0.06825041004682575
20240409005832 LLSI 178.78978390245348 4.682515 0.003944729560264801 7.863417408389361e-05 4.430276979798064e-06 463.004827898422 0.29200286231309647 1.2936535589408549e-06 0.1252489124280946 3.0198709513421246e-05 -6.746039779741442 39.65090355841308 0.00042338599705710157 0.009017433035947525 0.3967878027680335
20240409005832 NBSR 225.9283455441592 4.682515 0.0022438393567752405 4.8290075373961494e-05 1.6287125936886727e-06 804.6865908341216 0.22149630522899497 3.607538217819743e-07 0.13522157509008428 9.228503051721736e-06 -7.081282250365395 24.451414149461716 0.0001631933510059188 0.004730012099020671 0.24471082286030546
20240409005832 PPSM 122.14758087042131 4.682515 0.006281489285598662 5.598270630530804e-05 1.963775213850372e-06 866.7686856596791 0.21341663202098346 4.191022921862329e-07 0.05599782180956751 1.246937545653036e-05 -6.841811813542883 63.132472936242834 0.0001926728192254449 0.0057822458072168655 0.6315114376742137
20240410130112 ESJR 107.90458279320508 3.496996 0.0013880175507644025 2.3523547142024516e-05 3.716251090339858e-07 2500.8214892990254 0.1256430649524332 4.6692117712312145e-08 0.10648482484541894 9.810795953014622e-07 -7.61863755450498 9.639032105461542 3.071429718853945e-05 0.0015064711956248866 0.09647098993727203
20240410130112 RSJR 98.66122217377574 3.496996 0.0015835685093573862 2.7424461063100825e-05 7.14702125392504e-07 1296.463510599289 0.17450172297429475 1.247167522943824e-07 0.10881308247214297 1.4344919445610085e-06 -7.61306280802519 13.604704353107493 5.416956682661442e-05 0.0018898714905075783 0.13612529921053312
20240410130112 TSJR 78.95006040916134 3.496996 0.0036863203133003157 3.675537223478711e-05 1.0164642885410867e-06 1273.8008956633505 0.17604718837200098 1.7894568007820464e-07 0.06264805962528322 4.835729809314896e-06 -7.161277079790144 35.391141704220075 0.00011078996648225859 0.0038301689815769683 0.3544645570583903
20240411014756 LESM 89.35833426537971 3.944904 0.004475948299529701 5.6508214445075e-05 8.409194097608363e-07 3820.6231053068377 0.10165126076073437 8.54805182003616e-08 0.07932432614861853 1.3986486386976849e-05 -6.829276191113354 54.19527279096289 0.00010508058384643306 0.006483331059931496 0.5423827227447695
20240411014756 MKSM 68.0606079445297 3.944904 0.008623046612327897 0.00020883695157125406 7.792589060192903e-06 1106.2920110265593 0.188905664260655 1.4720642127260536e-06 0.15216910271976883 0.0001440465960075777 -5.984979483382823 82.07405035388378 0.0005338675504205747 0.018437348934988974 0.8211469780325426
20240411014756 MKSR 71.3495376507107 3.944904 0.00875199055876288 0.00012534329366562845 4.26724651287476e-06 879.9428379762937 0.21181301296083463 9.03858340938618e-07 0.08998583074622239 3.4024785779047656e-05 -6.100082965218901 56.160653355181026 0.00027138850570626263 0.00816509893138576 0.561959420980624
20240411014756 PPSM 128.30674248764413 3.944904 0.00316019980937731 5.314024516704006e-05 1.5786543451675593e-06 1242.2147284941784 0.1782713409536638 2.814288270153488e-07 0.10565471419329567 4.599879712726669e-06 -7.081197904196754 35.699285431768466 9.744069638839923e-05 0.0034705312631662377 0.35745916488776847
20240411014756 UMKSI 159.6148570747032 3.944904 0.007453897721005779 0.0001645775829179998 5.268914912508535e-06 1085.4274826090186 0.1907126327680492 1.0048486347953384e-06 0.13872895625699244 0.00012263831621691428 -6.088038086475342 88.51679252916466 0.0005608418602930956 0.019000937091662944 0.887973758787407
20240411192302 SSSR 109.01932526169159 3.333721 0.00031217899768683503 6.159998645676288e-06 1.831719456941511e-07 1068.089604078743 0.19225428328740563 3.5215591137788604e-08 0.12398147623494538 1.1543874785465546e-07 -8.906746223445067 2.650482716705004 1.7201134261236426e-05 0.0005554267036862114 0.026535748584602115
20240414161612 LPJR 116.67185152602627 3.228003 0.00044867370088512556 6.3235187426217596e-06 1.4984716879576734e-07 1604.8118812645268 0.15684396145003968 2.3502623566000923e-08 0.0885539758067709 2.3401725647300567e-07 -8.844781272723411 5.146480738260746 2.094675241984149e-05 0.0008202194961172419 0.0515644574125504
20240414161612 MGJR 173.40814620622686 3.228003 0.0007304918748085325 6.712090885474232e-06 2.120233883854346e-07 1147.0317532569034 0.18552060334875586 3.9334706937313425e-08 0.057732758277591605 2.0287484999809971e-07 -8.772553292935322 5.416791121668048 2.364341978670971e-05 0.0007462130172014393 0.05420004375692086
20240415084523 BTSR 105.06897746853919 3.143752 0.0017001901359817715 1.7841076018843903e-05 2.95842946215163e-07 1859.7958782565177 0.14569586557117112 4.31030941219436e-08 0.06593308850197678 9.978843206772635e-07 -7.7402315316421 15.67585057163456 4.191565094879826e-05 0.0015945262059988286 0.1569630951403488
20240415084523 KBSR 48.991270671199004 3.143752 0.001584463592726788 2.965096420043102e-05 1.2413964891584445e-06 482.51552985710936 0.28603832122603323 3.55086967734773e-07 0.11758080366317422 6.019005741058089e-06 -7.651736755306148 15.65794554510978 0.0001968463703596012 0.004419000973492466 0.15690231655477999
20240415084523 MNAI 193.91001747931583 3.143752 0.00043245284091702774 5.420746211424146e-06 1.3670941185035148e-07 780.2851092221243 0.2249330172163009 3.075046048936548e-08 0.07875899919479178 2.0597690114598082e-08 -8.995799821416844 1.5820723628872866 8.898350780218967e-06 0.0002360059336493431 0.03173934951035067
20240415084523 SSSR 143.31765181478022 3.143752 0.0010093136531823584 1.6423211599614853e-05 3.5425720925817155e-07 1098.547305783162 0.18957038264719886 6.715667471460038e-08 0.10223787372145797 6.019134733626549e-07 -7.9463028351199885 7.254092353151531 4.0902166704848374e-05 0.0012322136449689736 0.07268523613292568
20240415084523 UMKSI 99.29764630546443 3.143752 0.005941807166659773 0.00013685096005409573 6.398779852834068e-06 701.5792092191144 0.23721465339946513 1.517884344969514e-06 0.14471353872103035 0.00011800939821956144 -6.368394744060378 67.90311192294897 0.0006640742794187936 0.01801334030268579 0.6795733527682868
20240416031705 CILJI 69.28727608586821 3.182758 0.018921640604084876 0.00013573024855100527 2.057405397668173e-06 4716.182310791017 0.09149230642616596 1.882367650863043e-07 0.045071054951302696 7.090629758830323e-05 -5.853552877624682 149.49551546746608 0.00020861172024403904 0.012743920930030461 1.495216469361531
20240416031705 ESJR 51.93481062193885 3.182758 0.0018679566731131876 3.0255405685497044e-05 6.026421670425815e-07 2362.797181839637 0.12926074249753777 7.789797397224928e-08 0.10176912730478184 1.8741257398788825e-06 -7.4422667789473325 16.571223186125955 4.8859126958422475e-05 0.002279557591526339 0.16590198965466119
20240424231251 PSSM 110.65078156409841 3.886929 0.0018957357948052077 2.496331711768357e-05 5.326924049949737e-07 1453.810913788079 0.1647881226108458 8.778138134817806e-08 0.08273787294732743 3.203033580774791e-06 -7.527061590105162 28.78816134794041 8.943357316017856e-05 0.003011334012690674 0.2881501133271749
20240424231251 SUPJI 154.26645595468386 3.886929 0.0019710989126118387 4.2279295951462447e-05 1.6020632526431576e-06 537.1564371128384 0.271099974097165 4.3431930629358e-07 0.13477185209753065 8.969468895275612e-06 -7.262812035896283 21.48023742611412 0.00023973296430952285 0.005124549497887588 0.21518246332377378
20240425042634 JPSI 184.3695643579775 4.628568 0.0013142577192303893 2.3923209257410148e-05 8.067898141020834e-07 908.4071217109956 0.20846809758997303 1.6818993770082933e-07 0.11437175122301266 3.6539759915107167e-06 -7.70898472740765 17.116239126413365 0.00010989820054497032 0.0033154715695735758 0.17129259369670746
20240425042634 JPSR 184.3912100610602 4.628568 0.0017033691014990912 4.0615774151030535e-05 9.764395430988854e-07 1171.9403174204788 0.18353847578588078 1.792142254374313e-07 0.14981863599667722 6.976954504860667e-06 -7.317517048493108 20.34971124664892 0.00012993221274652022 0.004280510436468248 0.2037470762285173
20240425042634 SISMI 157.0109843980273 4.628568 0.009278039698428935 0.00021030539798064238 5.794582277334916e-06 857.5879785239822 0.21455593188197417 1.243262000380365e-06 0.1424210102093312 0.00012669214994021842 -5.869229619819356 77.39845281433057 0.0005934464619300017 0.016872225999841575 0.7752871926453838
20240425042634 SIUMI 227.3841685050308 4.628568 0.005378162338052958 8.441413136014289e-05 3.255290338354924e-06 484.3564827111311 0.28549421332416947 9.293665542904085e-07 0.09861911867695554 3.1410341927032165e-05 -6.626105997924055 40.38016939703391 0.0004320113588804549 0.009557177389675839 0.40439619768534496
20240425042634 SKSM 182.5749773261216 4.628568 0.00463155393182364 0.00010113752833683029 3.226550265629521e-06 610.8518720247569 0.25422128744730255 8.202577625417729e-07 0.13720359114985436 3.54568340092882e-05 -6.628810460698236 45.023063149690515 0.0004078618657384129 0.010075648578266778 0.4510437165096007
20240426095943 MBSR 37.37852560687675 3.813442 0.005070699988303939 6.581400777715956e-05 1.539056410274908e-06 1037.613622400905 0.19505722256234836 3.0020406875500164e-07 0.08155118773066433 8.066620585829204e-06 -6.673335646281745 34.21546773096576 0.00014740620540242604 0.004299445161294421 0.34244771538681595
20240426095943 MKSM 85.70497096514684 3.813442 0.0012405834849157874 1.9969000033943122e-05 5.280984478625542e-07 1354.2489344549572 0.1707381679607981 9.016656149099357e-08 0.10113702877550163 2.112644794180709e-06 -7.740728273599748 17.23036764692449 7.158335665804599e-05 0.0025250205581643123 0.17241116820671204
20240426095943 MTSM 95.61109534965517 3.813442 0.006433938113796542 6.6713224002834e-05 1.1279754834786492e-06 2757.620742991495 0.1196499715701006 1.3496223452999086e-07 0.06515007471867679 2.385694360159101e-05 -6.64880716746571 72.76374323792328 0.00017839648659940098 0.008615636984577457 0.7288079086406447
20240426095943 SSSR 17.510690348068618 3.813442 0.004809846865899571 6.76174040332071e-05 1.3411672664124034e-06 1685.8646090488335 0.15302716111285933 2.05235019356584e-07 0.08832977252210579 1.8376824217006245e-05 -6.723700416097032 40.554577962253155 0.00017352691449346432 0.006998014815855894 0.406274822926354
20240426095943 ULSM 46.04348732623936 3.813442 0.003132513801372509 4.876732249495843e-05 9.376236297922591e-07 1965.3869768922434 0.141728056378129 1.3288757466466324e-07 0.09781732614763138 4.0814428792607835e-06 -7.120808311980127 24.29350105283335 7.416894649243404e-05 0.0030544670975560856 0.24315096855012136
20240426095943 UMKSI 65.91196567605763 3.813442 0.016615742223732993 0.0002871920359795924 6.33722168354248e-06 1644.8963177601736 0.15492111147706258 9.817694268909428e-07 0.10860067257353974 0.0004015772035901024 -5.549759250017085 167.46642384233343 0.0008137302688854994 0.03321678369869173 1.6750244274256554
20240426095943 UTSM 9.336630886544244 3.813442 0.004580608184995259 6.330973255584338e-05 1.7350195034579802e-06 1794.2828342037647 0.14833185133960944 2.573586550582521e-07 0.0868414772298967 1.0132293184670927e-05 -6.86430241462835 46.49334804123852 0.00012756953874488362 0.005192418849605722 0.4658349674930954
20240427042244 ASJR 136.88366014897522 4.724402 0.005049244078003259 0.00015495008683104894 8.346917532625369e-06 216.36766214867157 0.4271532274132521 3.5654127630131854e-06 0.19281700268053856 6.823870052827469e-05 -6.305022638009136 40.31189658191147 0.0007802383863883245 0.012699661581704859 0.40316899060593836
20240427042244 BSJR 97.54228625909867 4.724402 0.005374801249174171 0.00012357312743082927 6.334451272677442e-06 167.11257930203078 0.48604367638406726 3.0788199844478777e-06 0.1444579664699071 5.045383565039044e-05 -6.36627165396913 53.847376225020156 0.0009591038415377438 0.01171387868850957 0.540531129517641
20240427042244 JACE 185.8268954200767 4.724402 0.0013154031484705958 3.376412120179546e-05 1.7499748878435502e-06 237.16712919632613 0.4079929136899323 7.139773533755025e-07 0.16127848750522755 3.5100127259912417e-06 -7.592623344082086 19.78808773849017 0.0002047791319859991 0.003178972747368944 0.1986196944419107
20240427042244 JBJI 143.8608996770106 4.724402 0.001988268580025975 3.4539999528298984e-05 1.418918392875183e-06 310.35006919850525 0.356659622102051 5.060708977965123e-07 0.10915085603946065 4.3559838664421826e-06 -7.4815948481425645 16.90796578894159 0.0001955288370946193 0.003355930315131533 0.16914898919035068
20240427042244 MLJR 84.43593263477672 4.724402 0.007073654015827887 9.264860748804943e-05 2.4113988330355104e-06 1415.4078555999922 0.16700868925536566 4.027245583771789e-07 0.0822952844452104 5.7291179780132544e-05 -6.43542234435666 98.32785897652697 0.0003598586615390335 0.013403343912785292 0.9842990234822846
20240427042244 RLSR 152.05560991952552 4.724402 0.000641205059035593 3.318510670952994e-05 3.212046021524312e-06 98.85369595689421 0.6319510105300256 2.029855729171237e-06 0.3251817370376222 7.619851699371408e-06 -7.801273209066727 7.722769964438477 0.0004634914940859893 0.004710200263705658 0.07731092576607229
20240427042244 SADLY 102.48507518673186 4.724402 0.003991353148191874 6.664077346067371e-05 2.4161372229008375e-06 551.4290572185764 0.2675685374290524 6.464823029594694e-07 0.10490585851990353 1.5808262875914655e-05 -6.830719124882676 31.333410373820104 0.0002716992465789222 0.006127477429912742 0.3135459559561169
20240427042244 TASE 169.64424392171443 4.724402 0.0013552831847411847 3.6551744130338955e-05 2.2960885580686547e-06 213.14813730512947 0.4303671335022111 9.88161051003232e-07 0.16945637949119197 8.048057461153899e-06 -7.518803433224218 17.30774049833518 0.0003508306041494813 0.005059559536101714 0.17333806832606605
20240427082712 ASJR 138.59072817284408 4.88712 0.0029308321693674597 0.0001579464476310067 1.2884289600812053e-05 113.54377323772636 0.5896553009323139 7.597289661865913e-06 0.3386092214521227 0.00011137843459860583 -6.406397572153745 24.94608565451143 0.0015154994035244808 0.015585511712564285 0.24980790290993368
20240427082712 BLJR 106.85537093346755 4.88712 0.0029641650778095283 7.286437605037973e-05 4.651432377094445e-06 160.96814086097993 0.4952333740119392 2.3035445500968566e-06 0.1544517140573278 2.2540351405672076e-05 -6.908338029341495 33.432232874310145 0.0006353794294896941 0.007978505522697025 0.33523708345478165
20240427082712 BSJR 101.2778604106585 4.88712 0.004558278391283008 0.0002114252808161988 2.021446145251687e-05 88.1555887367421 0.6691984760392979 1.3527486797979423e-05 0.29143112902692847 0.00025223165250305615 -6.124217927224785 38.75892070043074 0.0025992994302855466 0.024234847331660665 0.3876991307184288
20240427082712 CCSR 142.5891138340085 4.88712 0.0015644073516227742 0.00010616191611529935 1.1421473216536438e-05 84.98085275852213 0.6815839043090056 7.784692307887642e-06 0.4263819080278286 7.346943388259115e-05 -6.795404001749339 15.333990286316556 0.0014319212432355088 0.013211342826182701 0.15345474480703783
20240427082712 CPJR 78.42993514698742 4.88712 0.005690185469044665 0.00011391235523701833 6.046328331464092e-06 246.00659986533145 0.40059588987033096 2.4221342783910515e-06 0.12578367447337718 6.76659304008392e-05 -6.371861860432628 52.17190004951142 0.0009051146552678449 0.013949713843431716 0.5223412441074853
20240427082712 MLJR 89.2876979999659 4.88712 0.00525376583678846 9.344148646019796e-05 6.368998797134526e-06 202.53537348258294 0.4414986965921989 2.8119046675321758e-06 0.11175035070969716 5.1650396108139536e-05 -6.508404499414288 48.855083786935964 0.0008324096925681892 0.011593112054691926 0.48918293345017055
20240427082712 RSJR 135.7469016333832 4.88712 0.002408471088993041 9.177512672323211e-05 5.740804616476518e-06 198.13572504857368 0.44637357228301366 2.5625434644354395e-06 0.23942165236164173 1.713320710103552e-05 -6.703472983539025 15.662119130313268 0.0004116341031110799 0.005128318535937228 0.15677218497739182
20240427232916 CSJI 40.07630200382629 3.424363 0.005281219744470993 7.825659423048682e-05 2.157114986341578e-06 1126.66305252342 0.1871900852811749 4.037905382545804e-07 0.09310362129386494 1.4771410133739668e-05 -6.586868887288988 47.55724458871508 0.0001797030625237657 0.005783955946893624 0.47582578037082246
20240427232916 ESJR 50.86338687676737 3.424363 0.010137638412352604 0.00015945835728740373 2.9669197511937017e-06 2481.086326604331 0.12614177291905934 3.7425251752414794e-07 0.09883035544002 4.686872576903892e-05 -5.992625815880185 53.549634020854484 0.0001915055770468434 0.0085048580601501 0.5357087922051613
20240427232916 KSJR 96.78661584750327 3.424363 0.0007513338683867966 1.5924003145285775e-05 5.858446768577576e-07 756.5132467043026 0.22843970983568798 1.3383018799016854e-07 0.1331677790710644 1.0929888724543108e-06 -8.136612565698128 7.717767364555014 6.928350496972368e-05 0.0017899000972193418 0.07737894533694184
20240428233810 ACBM 127.72589257780955 3.613136 0.0031758167527749306 4.643183435139341e-05 1.3135587254707713e-06 1157.9543161984482 0.1846435559601092 2.4254015403335206e-07 0.09186292601018564 8.842449853873119e-06 -7.101712039763069 28.52215847024182 0.00013757602912322503 0.004806477089260035 0.28550209612085276
20240428233810 CCJM 152.30747945789037 3.613136 0.005521406795175289 7.467875977930461e-05 1.8441817500994632e-06 1337.2111258798366 0.17182243827804375 3.1687180492995973e-07 0.08498205323573231 1.6400994211842376e-05 -6.595763183268752 45.72604967201441 0.00018135554827431846 0.006200493410287725 0.45818386766240526
20240428233810 CGJR 84.19778375833391 3.613136 0.004954902626928326 4.051253641399757e-05 4.980496243981393e-07 3430.3757097008474 0.10727759386096772 5.342956532879111e-08 0.051372911380663876 4.9061311041013565e-06 -7.01114206490201 38.968916313185204 6.717576223118636e-05 0.0035619953203522396 0.38979223135390567
20240428233810 GCJR 135.06478724530115 3.613136 0.002433297281889036 2.2663776369928174e-05 4.6769467677120237e-07 2065.58998903414 0.13824766611186007 6.46576975165595e-08 0.05852170540468733 2.2228429816952752e-06 -7.396364275835426 28.568995235822335 5.6284520124551866e-05 0.0023796709163648403 0.2860192726047249
20240428233810 KCJR 164.31665831047766 3.613136 0.0011644287740404046 1.7526788701133315e-05 3.402616220095536e-07 1784.9590255753183 0.14871875558064815 5.060328499711369e-08 0.0945734627175924 1.4225159928405645e-06 -7.883348006116962 13.606729864661043 4.923235110480483e-05 0.0020600426789049867 0.13617168319280237
20240428233810 LSJR 175.72686673672203 3.613136 0.002008813295065581 1.7784067720316257e-05 3.730105382868158e-07 1875.735490954378 0.1450754981374359 5.411468965247291e-08 0.05562517595669832 1.250092441002615e-06 -7.786368166828572 17.457421822551765 4.669999430306516e-05 0.00184572321916942 0.17483436355970042
20240428233810 MGJR 86.44609231400328 3.613136 0.005727156820451967 6.429888635480628e-05 1.192413386128191e-06 2037.490470771773 0.13919770508420293 1.6598120686072774e-07 0.07054142756660998 1.7493497009148782e-05 -6.710392608075622 61.49144603154026 0.00015662232645284515 0.00708783181280436 0.6164797843192983
20240428233810 PBJI 128.02665430348566 3.613136 0.0012811924648448959 2.1958505854322655e-05 8.43905219630064e-07 729.7703305716088 0.23258771225598698 1.9628198439464285e-07 0.10768823977449785 1.0819335894252065e-06 -7.855860291324612 13.564963253879561 6.197577621454989e-05 0.0017193698972883266 0.1357981043560601
20240428233810 PGJR 60.260661903783586 3.613136 0.009399780603482082 0.00014906965742192285 3.256827984902337e-06 1397.8799110203233 0.16805248412458307 5.473180332292979e-07 0.09964405774670435 3.122617809304497e-05 -6.062740577492824 63.55056988508376 0.0002058473653335651 0.007467520224063223 0.6364458209646057
20240428233810 SCJR 145.42428680530608 3.613136 0.006536298069982968 6.88982733034434e-05 1.4942737523015788e-06 1941.7126676058656 0.1425894475531493 2.130676688338536e-07 0.066230244379196 1.2876864187828433e-05 -6.560289682053957 50.07003022379199 0.00013345532327148056 0.005774582738998372 0.5007460872915843
20240428233810 SICJI 124.97398107620118 3.613136 0.008950429229526206 0.00013264488963665174 3.739594527519677e-06 906.9626154014097 0.20863404361125992 7.802067277429692e-07 0.09311647522870654 5.550622437326838e-05 -6.073008777607716 97.53463497899784 0.00040205080844198283 0.012284139387119104 0.9763873153632194
20240429220350 ASJR 132.0975840130749 3.522049 0.0008726757752402295 2.4831129459512436e-05 8.212895662795129e-07 525.847807752815 0.27399954050357134 2.2503296378096393e-07 0.17878184797525065 1.8938064142596814e-06 -7.7745646003814795 7.453080996221789 9.889199957079607e-05 0.0022455149198366796 0.0746492393115841
20240429220350 BSJR 94.48217585568756 3.522049 0.000988567943804914 2.5644444558926496e-05 1.3085562305296068e-06 389.78398513739864 0.3182496044947201 4.1644750282514915e-07 0.1629921324813117 3.203343324338313e-06 -7.7497912627053696 11.925672311580403 0.00015483514053044641 0.0029670011418811305 0.11928491446783829
20240429220350 ESJR 129.99376763087238 3.522049 0.0004330540889707791 8.061813761562546e-06 2.0939634545313665e-07 1262.191457435865 0.1768549623345782 3.703278278811281e-08 0.11696892158726602 1.3457191944644737e-07 -8.690290911884095 3.0179469817861646 1.7159767316683245e-05 0.0005489248243888028 0.030236773505215517
20240429220350 PASJI 121.78877719818755 3.522049 0.00997577682969547 0.0002018706744300765 6.057340608800013e-06 1084.4394315936602 0.1907994937319711 1.1557375215211521e-06 0.12714707608071166 0.00014993213792545052 -5.897735581275364 82.22204379437497 0.0005794103916932898 0.0178899161338461 0.822283641521614
20240429220350 TPJR 83.58537235259566 3.522049 0.001148682385514605 2.4377432429937372e-05 1.1853561148293356e-06 423.8072757435094 0.30520782518492573 3.6177996187671464e-07 0.1333422773797711 2.68098665184789e-06 -7.791409300652558 10.187745946472798 0.00013428118760555445 0.002768321248789997 0.10195780984983803
20240430220141 CIJI 93.06656667043593 3.499657 0.0024149681544996617 5.0030145220349005e-05 1.3548308833300157e-06 912.7673085038005 0.2079695872152483 2.817636195526136e-07 0.13016679858856578 3.550858525636262e-06 -7.002093301286479 18.238662574042188 9.5904404205748e-05 0.0027101431925846005 0.18248742715945349
20240430220141 CNJI 123.62003221108036 3.499657 0.0009905928944582971 1.089764400239279e-05 1.9081470735550674e-07 2278.6771588895085 0.131625025651943 2.5115990750436574e-08 0.06912215609637679 3.7211130931203804e-07 -8.281982142746731 13.08256689591142 2.397661263095513e-05 0.0009650771389108568 0.13101214188209434
20240430220141 PGJR 55.15487760146172 3.499657 0.005854248326792187 8.120893960800227e-05 2.456361703490097e-06 689.8392382867361 0.23922464654498424 5.876222603040539e-07 0.08715906597631881 8.45936280864732e-06 -6.625847054944101 29.893577442482957 0.00016710392125926816 0.004058129444523719 0.29916895939836297
20240430220141 TSJM 153.2204147081206 3.499657 0.009995641624733051 0.0001285314464866862 2.407704664082924e-06 2236.1273590491137 0.13287142746288177 3.1991515562573635e-07 0.08079390262225951 2.6788061967035244e-05 -6.200229231521746 73.11264121931261 0.0001422583033433597 0.007200520382314489 0.7318888440257929
20240501030611 CGJR 43.790151436737844 4.171044 0.0026622760130200008 5.995837630914324e-05 3.8033122037508786e-06 182.66203995354712 0.46489590056525687 1.7681442520935964e-06 0.14150658580310138 2.023028496799966e-05 -6.98316734759395 25.38484891151822 0.0005657839501813533 0.008025626735839508 0.25399065359749384
20240501130428 LPSM 38.02717751228027 3.195725 0.004168573728378651 2.7673561952632178e-05 6.070423931969159e-07 1232.4082636806809 0.17897920203891754 1.0864796313817883e-07 0.04171165707694744 3.2942308006982843e-06 -7.226222324038425 44.162914468870305 0.00010044965466117614 0.003239306327002313 0.4419265066904937
20240501130428 RASM 40.406508365238565 3.195725 0.0039970193654412884 3.513842488190914e-05 5.293296780217113e-07 3239.5037814042416 0.11039276792888357 5.843416830372144e-08 0.05523646866571283 3.912924150327513e-06 -7.315146197186636 33.93293033747131 6.57884749519448e-05 0.003268575022250214 0.3401676442724715
20240501130428 SKSM 70.25655667162691 3.195725 0.003310779511576483 4.5556673454004784e-05 7.713921479690539e-07 3196.055408079614 0.1111405952478611 8.57329824948068e-08 0.08645728907325596 3.512234025904348e-06 -6.94581989353501 25.777840771762833 5.523592905646031e-05 0.002951102448344591 0.2583204203867272
20240506182748 CLJR 115.97655808961683 3.219265 0.0010968674720041132 1.8705194712329618e-05 4.979105656752217e-07 1847.6772734590252 0.14617288203333278 7.278102237959417e-08 0.10714895608099684 1.4543107174854405e-06 -7.8940859033777 11.749798622990482 4.455088324048267e-05 0.0018932721762512051 0.11759369298717705
20240506182748 GBJR 169.58097451923027 3.219265 0.0001838508664091175 2.72869567756985e-06 1.5950727780498104e-07 340.88795681295886 0.34030947355188645 5.4281837737507604e-08 0.09325439103952507 3.946064062045553e-08 -9.582863093160775 1.691814218515353 1.8235940268528867e-05 0.0003435399868949632 0.016927940998348705
20240506182748 SPJR 54.41320561286965 3.219265 0.0020891367589254174 2.6530521346478668e-05 3.9189282038277663e-07 1353.920296320772 0.17075888840813436 6.69191823836916e-08 0.07979189548210913 9.240613941573797e-07 -7.490875519697652 17.304230968486245 4.5748211899433814e-05 0.0015664481400863499 0.17325152695267737
20240506182748 TPJR 70.3708268867187 3.219265 0.004335839604105711 6.120997278918246e-05 1.1678133634848283e-06 2171.4153586418847 0.13483679334921012 1.5746420916264978e-07 0.0887010675666306 3.284424261861191e-06 -6.8056215882330555 19.84935145870071 5.496695939758732e-05 0.0024860925225581483 0.19853686118362882
20240507011606 CNJI 85.63967450138881 3.645027 0.0031613414336462376 3.686893324514561e-05 8.080896493422678e-07 2014.7648282827242 0.13998054754825714 1.1311683158300976e-07 0.0732772288345007 4.996655488433525e-06 -7.2149021750948705 29.979191012722225 8.739450527767942e-05 0.0036944603808061784 0.30030846747575346
20240507011606 ESJR 126.1612283973436 3.645027 0.0025585863990368047 3.618991989641508e-05 5.552797758414464e-07 3191.216255559011 0.11122482998994773 6.176089866482116e-08 0.0888725012556789 2.841513500918919e-06 -7.23878492101965 17.39943978218343 4.89582939241209e-05 0.0025496370818406345 0.17424813739189227
20240507011606 LPJR 135.51950078599947 3.645027 0.002631303333416818 3.581898095184006e-05 6.33461852439142e-07 2821.993869714728 0.118277418018563 7.492423231975766e-08 0.08553072995294086 8.092633417916035e-06 -7.295927295881604 33.27481306918578 9.552937683625099e-05 0.005093049168221517 0.3329199069739498
20240507011606 PBJI 109.65800248449501 3.645027 0.0015280778613931823 2.0362960683700735e-05 5.041287045713122e-07 813.481491450372 0.22029570513005048 1.1105738844983612e-07 0.08372888490240571 1.3246178137726297e-06 -7.731651726630773 14.673031943063613 7.281899832445952e-05 0.0019476106422746803 0.1469763912863986
20240507011606 PGJR 65.5032947816869 3.645027 0.0026985521841863275 3.7416736076024306e-05 1.3013761241039832e-06 654.2642903013364 0.24564235919004787 3.1967310131850295e-07 0.08711941452648948 3.5204335156240396e-06 -7.269947368920735 24.046901449753282 0.00010667015705406141 0.0028913612079484756 0.2410967614470244
20240507011606 RSJR 118.42701849011195 3.645027 0.002731134056074505 2.901744183271983e-05 4.5791552812788206e-07 3080.1370391583314 0.11321262199614515 5.1841817592107086e-08 0.06675687111358324 2.0537108176646846e-06 -7.411654186917963 20.818754009725723 4.150514358782409e-05 0.0022209838448627272 0.2085310328715953
20240507011606 TSJR 95.68764209739354 3.645027 0.004468348754571817 4.4239190454139175e-05 1.125997800255279e-06 1154.845772922616 0.18489189507633755 2.081878671409859e-07 0.0622071030553663 7.089660548256153e-06 -6.9944027672271485 38.7221027238309 0.0001361400236359685 0.004467239384234704 0.387483931051647
20240508141026 CCJM 115.40928164555304 3.295486 0.002750282473458209 3.2293989798807705e-05 8.825516347258663e-07 1356.7150989750435 0.17058291799880665 1.505482331361552e-07 0.07377755709541275 3.6355713179903556e-06 -7.318352024481352 26.985899929141745 8.730118305906336e-05 0.0030071604792007104 0.27009502631114446
20240508141026 LSJR 117.91784514381852 3.295486 0.002385176118545023 1.837609033684336e-05 4.1387775426002387e-07 2325.6482158507106 0.13028903186248814 5.3923731911959284e-08 0.04840748652065607 1.2660125064530748e-06 -7.693969621838556 20.305362720440126 4.0684256034690586e-05 0.0019101624611714374 0.2031320609186331
20240508141026 TSJR 89.32563898683192 3.295486 0.0025921069619337577 2.6758404605259002e-05 6.382910501584638e-07 1283.4553659710841 0.17538380312326085 1.1194591187633143e-07 0.06486152659915834 2.434082429304656e-06 -7.402263000465098 24.326679990396748 7.96892799144163e-05 0.0026865244028929248 0.2434842518655905
20240510152047 APSSI 109.02880962725288 4.749758 0.028518606417886425 0.0006318136746833572 2.9646412951014946e-05 632.2416264647754 0.24988392865617703 7.408162138762982e-06 0.1392004342524891 0.0012749475876747656 -4.904391821182409 280.9924345079746 0.002012761301095758 0.05419441000415863 2.8142145065433
20240510152047 BEPA 90.52379535261205 4.749758 0.015550427315506772 0.00023053303078528374 9.099136578407416e-06 653.678324341023 0.24575243306965242 2.2361349529766944e-06 0.09314739218807568 0.0002202218174285664 -5.6854749710959736 163.93950369207283 0.0009314140862648511 0.0244695925534297 1.644988348509158
20240510152047 BLSM 166.7759215501781 4.749758 0.0034681171685193085 8.357093872129522e-05 3.20859392092429e-06 476.85975497961107 0.2877295938733166 9.232074257719384e-07 0.15140540782393241 2.596125609863079e-05 -6.809417092447594 43.770827621719434 0.0003719917712799856 0.008225663916114442 0.4381140429049116
20240510152047 BMSI 182.92169179467285 4.749758 0.004298546355313831 0.00012268191406702956 7.630567793983148e-06 175.97278522168926 0.47364953404237814 3.614214880098895e-06 0.17932415663488901 8.41060573015188e-05 -6.425869812896691 54.35718672004664 0.001243346377282222 0.015867227954235244 0.5438997537499998
20240510152047 KRJI 160.5654384957655 4.749758 0.005831733892155102 0.00019682129581449867 1.2379548507814187e-05 167.04537560405925 0.48614143619253425 6.018211491003933e-06 0.21205780251140693 0.00015840732838251454 -6.160573189489601 57.711161357936945 0.001617425092543155 0.0202449954035361 0.577287747314898
20240510152047 LLSI 152.12618097808118 4.749758 0.005790478947112025 0.00012932235740881385 7.5241725741094465e-06 148.86371035076434 0.5149741728135783 3.874754547458624e-06 0.14032627411004492 5.2173867998963704e-05 -6.3352816084507895 42.97583150424046 0.0008395257019423723 0.010206359151014923 0.4297793273187561
20240510152047 MKSM 229.68539811247058 4.749758 0.003251893987892957 8.557744089735611e-05 2.7626125248068892e-06 546.9162665100315 0.2686701687702004 7.422315732865364e-07 0.1653494613521198 1.766266212838975e-05 -6.724854222860937 26.617555353176975 0.0003013716736466264 0.006629785469474237 0.26715959992382615
20240510152047 MKSR 227.3465800593231 4.749758 0.0004617892406843738 1.2909540304075565e-05 6.245622465556712e-07 350.5922805845293 0.3355665737368243 2.0958221316206025e-07 0.17564946693171193 4.151270724235618e-07 -8.461755277462629 3.930885044692664 5.0404463709325455e-05 0.0009233499478270351 0.03934631220984676
20240510152047 MNAI 179.2398886284548 4.749758 0.0022445273755319515 4.6668834916177374e-05 2.0851894603938494e-06 468.4329561602328 0.29030609062515694 6.053432004597189e-07 0.1306417293213099 2.303433496702305e-06 -7.162174321781883 6.374394533582012 0.00011354058064847459 0.0024423376199258122 0.12823801389906786
20240510152047 PASMI 163.6668104843464 4.749758 0.012843528685692052 0.0003018363380351204 1.397052674797771e-05 263.0486118581793 0.38740200243254375 5.412210037203979e-06 0.14766141694594348 0.0003620771931732123 -5.628481322622958 109.76531662602979 0.0018864821184926802 0.028705640996564842 1.1001767611932545
20240510152047 RASM 161.49123772826476 4.749758 0.006085181218030443 8.629977972043922e-05 2.4107311870065452e-06 906.2428696425281 0.20871687662966823 5.031602837457387e-07 0.08910786524247531 3.4325298864981565e-05 -6.53393436286114 59.51146896625468 0.0003308966798137657 0.009275410355909812 0.5959416095886751
20240510152047 SSSR 126.92700337521687 4.749758 0.004251286722853506 8.94890422454818e-05 2.1060077941168274e-06 1065.8957772251322 0.19245203048668347 4.0530547619856466e-07 0.13226024778986892 2.750068235742634e-05 -6.566784850751771 33.55865929947814 0.00026248859871677756 0.007778564766024171 0.33639752435051684
20240510152047 STSI 139.4624674080809 4.749758 0.003283256719826458 6.858919829613397e-05 2.8916024342140636e-06 519.0033183784079 0.27580034242334595 7.975049415084194e-07 0.13125950229937397 2.0373073760997442e-05 -6.8586650507392966 36.919954281239725 0.0003307339824406688 0.007216674346850613 0.369482475827447
20240510152047 ULSM 138.41319103604903 4.749758 0.0032003349469327583 3.9223454225765115e-05 1.5476182806454461e-06 758.6911758250857 0.22811159012124035 3.5302966689873275e-07 0.07700701188303978 8.08953958847118e-06 -7.116771534547709 35.116990332517474 0.0001782400867398763 0.004625340893926152 0.3515460562258542
20240510152047 UTSM 142.55320444419448 4.749758 0.002476720705466545 3.5034933371111266e-05 1.9945930670490524e-06 265.01315641000446 0.38596342442493875 7.698399704924937e-07 0.088880017076417 4.328160698488588e-06 -7.4133315799752095 24.007006761530775 0.00021483375886863595 0.0033561091270051294 0.24010242093199877
20240511055948 PASC 89.44734125684107 3.253983 0.0016338390476607568 1.9153546182139163e-05 5.115361936601423e-07 1134.0201957655997 0.1865818839330634 9.544338671305772e-08 0.07365797758616821 1.373940691806527e-06 -7.7677634419826465 19.905943604199734 6.349273412514366e-05 0.0020400342905021853 0.19924843784220495
20240511193142 CCJM 119.98363293731921 3.421591 0.0026153153565765083 3.760445258523322e-05 7.58895359531324e-07 1791.2728114021902 0.14845642612356116 1.126628928777754e-07 0.09034311803887302 4.587156806571615e-06 -7.19242749680039 30.819303810151872 8.333670570471698e-05 0.003320993957338309 0.3083265902711138
20240511193142 CGJR 67.08870498943973 3.421591 0.0018122511789266619 2.3728505615221506e-05 4.860873258234663e-07 2120.5974895954314 0.13644283886901645 6.632313467360232e-08 0.08226817539232593 1.6520078006082964e-06 -7.638751213776111 18.46898639893267 4.699867161101587e-05 0.0021265588134257818 0.18488119072401138
20240511193142 DSJR 143.2980464402801 3.421591 0.0007028869319551385 1.4472763932189706e-05 5.060561128985122e-07 738.4211639816289 0.23122127975580856 1.1701094205264392e-07 0.12937366389793245 8.597562023332704e-07 -8.17749534800665 5.608798723475232 5.511048203182795e-05 0.0014136390097041966 0.056197775327580565
20240511193142 GCJR 99.06833721000274 3.421591 0.002103579265108432 2.5485209840299184e-05 4.462785280135294e-07 1545.2326007865056 0.15983906752104468 7.133274377234696e-08 0.07612182658146822 1.4219143539087005e-06 -7.601078373877952 16.56703049936751 4.780754624463386e-05 0.001864844082252271 0.16580560889232104
20240511193142 PBJI 113.37312483945833 3.421591 0.0009778397191618797 1.0763945411810063e-05 3.8027473812392186e-07 995.0697396782404 0.19918338498776553 7.574440956485884e-08 0.06916456995297383 6.419565540566482e-07 -8.29120327887874 12.446713421478393 4.358111186000952e-05 0.0013992463986060026 0.12469399621371016
20240511193142 PGJR 70.04622026348467 3.421591 0.0027755879011579975 3.010447850004203e-05 6.177045854367529e-07 1402.3364323265246 0.1677852424639106 1.0364171363857496e-07 0.06814845132912277 2.109884460513123e-06 -7.218378070903808 16.701761433467453 6.403263347712418e-05 0.002226212740698513 0.16715369022362123
20240511193142 RSJR 118.30801259633782 3.421591 0.002082125509025277 2.3162634662044337e-05 3.436696107894068e-07 3771.9538138972766 0.10230495889014715 3.5159105403603134e-08 0.06989738378079627 1.824874749995482e-06 -7.586076636983055 21.11177691980256 3.762468776382469e-05 0.0021941414427303647 0.21120119447296076
20240511193142 TSJR 95.9467713453347 3.421591 0.004471144496334174 5.361017289422785e-05 9.384315124778114e-07 2165.7687185684304 0.13501245366135206 1.2669994109276304e-07 0.07533700843722274 7.990226062183755e-06 -6.906423253484009 37.41937845761216 0.00010056405846483967 0.004361912133682581 0.3745777287102915
20240514153623 APSSI 159.61284422137618 3.921309 0.0012469995901623105 2.7305551740919056e-05 9.034014879919774e-07 401.0869248152638 0.3137332988986813 2.8342712905770047e-07 0.13758291731326347 2.6491484273543717e-06 -7.650264788896885 12.479346717396503 0.00014791754013659378 0.0027974678085054844 0.12485070973446386
20240518151027 APSSI 89.80537991293805 3.061131 0.0036270434586705 4.864077387099167e-05 8.981957101089499e-07 2302.6178457541396 0.1309389745006059 1.176088251825094e-07 0.08426118936774053 9.291595171648278e-06 -6.989597980142326 34.43487247586452 0.00011007477316839705 0.00496701209184931 0.3448773778110642
20240518151027 MTSM 110.06788914342009 3.061131 0.004033048795970921 4.177825757219411e-05 5.651425527350579e-07 4681.196972218537 0.09183355793171602 5.189905135627282e-08 0.06508736874183532 3.6784958059212978e-06 -7.029182361976281 28.55783647331449 4.841244501289608e-05 0.0029584371159694237 0.2858181120841483
20240520134225 ACBM 153.44975688041617 4.705078 0.0026746828082900393 6.102372553220104e-05 2.2746439430903293e-06 586.1622442492874 0.2595200688186062 5.90315752648628e-07 0.14335283962078965 2.1229806756403408e-05 -7.000455618129401 35.341070868448845 0.000315972614171456 0.007653395360361532 0.35371008449977154
20240520134225 BLJR 82.22988656557348 4.705078 0.026046566831572526 0.0003269827027881214 6.798321934003324e-06 1248.2596940313524 0.17783915846514747 1.2090078517183049e-06 0.07887768576739357 0.00015471292296485989 -5.329921741332794 134.3990157102693 0.0005324724478534188 0.016334168862924374 1.3458520439668633
20240520134225 BSJR 130.38928007252235 4.705078 0.004910240146084326 9.64889285154902e-05 2.6093264909442375e-06 874.0836449149615 0.2125217440501145 5.545386166516347e-07 0.12346805857092147 3.381388701887442e-05 -6.522787378823125 48.467032807769996 0.00033882107572662376 0.009490416207740224 0.4858847798790048
20240520134225 CBJI 118.98824070159216 4.705078 0.0033584458811209217 0.00012286556892877285 6.6648077197471015e-06 358.9443230656623 0.33163955506872034 2.210313866795501e-06 0.22986439703886674 4.320681400319039e-05 -6.611060490854114 29.947185425515357 0.000516832654036671 0.009937402731599114 0.29967964637038247
20240520134225 CGJR 116.65295790355863 4.705078 0.0032122771812148057 5.684567372821842e-05 2.632996923606291e-06 366.85541633565134 0.3280442279631183 8.637394430336912e-07 0.11118962710770582 1.195739072772103e-05 -6.964266907762046 34.00661429667021 0.0002973375916910881 0.005674925319320309 0.34143073950387043
20240520134225 CLJO 120.31542962835319 4.705078 0.009414010074486204 0.0001614716203168989 5.012750118610847e-06 536.9884641608247 0.27114237156512144 1.359168955223489e-06 0.107770875989528 4.5664577262688634e-05 -6.064239697159348 57.766993030127615 0.0004698339526425508 0.01045271010236697 0.5791230816780991
20240520134225 CNJI 85.10877422441237 4.705078 0.008688170377946138 0.0001630467022284171 9.334649674992734e-06 273.30346833003716 0.3800644918384512 3.547768885216077e-06 0.11791350759259091 8.261963460258172e-05 -6.050217275362016 78.86869887255372 0.0008285736437220687 0.013937512271846027 0.7898115638859433
20240520134225 CPJR 119.63587238823469 4.705078 0.004890598156847262 9.195315299746244e-05 3.302472721783886e-06 633.0867167692534 0.2497170913180946 8.246838822412231e-07 0.11813661260506146 2.353864615481039e-05 -6.628913680361566 48.30618546174538 0.0003311348029359837 0.00820197823480176 0.4830938954748384
20240520134225 CSJR 86.38728481634276 4.705078 0.010376276268446616 0.00016011488330877778 6.175829296668016e-06 491.7332298050694 0.2833446974313302 1.7498884834519435e-06 0.0969549630560381 8.60234171685334e-05 -6.110743951007232 92.26148033123728 0.0007212036562631763 0.015347558895680659 0.9236028466731809
20240520134225 JABI 153.52994095987287 4.705078 0.004424001430651234 0.00010897555568483513 4.9784785113748954e-06 317.6332699279931 0.35254688001415085 1.7551470664027135e-06 0.1547724658443191 4.3817195745312047e-05 -6.565860770443781 47.7988347538906 0.000583503740082456 0.010352837648074032 0.47853770089693204
20240520134225 JARU 151.89800023858268 4.705078 0.005500592464801451 0.0002000131572925972 9.680628762892018e-06 214.87096282849657 0.42863832919223993 4.149488538456375e-06 0.22846988559600712 7.166101599114548e-05 -6.046602849781017 38.2106066929917 0.0008403592220982717 0.012151323321967281 0.3824632939665745
20240520134225 JSJR 48.224442674891876 4.705078 0.040447472433118706 0.0007151788500187801 1.5815031392773086e-05 1237.850079097147 0.17858535604888565 2.8243330122026854e-06 0.11109720761597444 0.0007156556967277154 -4.759810460951527 276.6170940671948 0.0011899996158946761 0.03903471644977917 2.7678924738991357
20240520134225 JTJM 76.96289353474074 4.705078 0.013410895404909593 0.0002339406099394597 6.897284337931635e-06 482.0211199506351 0.2861849786323668 1.9738991708723233e-06 0.10960432981873314 0.00011025846908823477 -5.81671312356948 84.56188767019235 0.0007201815921313328 0.015231719824801062 0.8462371903068848
20240520134225 LPJR 216.802526642344 4.705078 0.00404742052341559 6.3097201627746e-05 1.414249025216745e-06 1983.65300488318 0.14107401157954855 1.995137833597923e-07 0.09795162323707322 1.566110723548457e-05 -6.839564824928305 34.34635267396368 0.00013260301589749766 0.005945171342100444 0.3437233114960763
20240520134225 PASJI 167.17808302900093 4.705078 0.009927626598885492 0.00019918334808965806 1.2248322948300421e-05 259.67408363465825 0.3899110691435179 4.775756695986903e-06 0.1260629490529262 0.00020988418771267445 -5.926260233694665 91.452982012855 0.0013947380488092175 0.021996545956567724 0.9167172340774399
20240520134225 PGJR 142.09873632221743 4.705078 0.0008183153761184175 1.1764917084096104e-05 6.214121521375634e-07 504.0688596560689 0.27985620085453966 1.739060440620617e-07 0.09033333152508391 7.901319678757502e-07 -8.288789485805623 10.133664112091147 6.321168149153265e-05 0.0015486833652225364 0.10140336594366087
20240520134225 PSJM 76.56784433935582 4.705078 0.002628907917829382 0.00010106603843464368 7.3229519225689435e-06 116.015798185649 0.5833393887133895 4.271766298088908e-06 0.24155149879563545 4.770722262105228e-05 -6.701466584301514 27.547828342323996 0.0011063018280903006 0.011479299685501971 0.27603739980992675
20240520134225 SADLY 125.88982494760411 4.705078 0.001544832776928447 3.053837582663699e-05 9.325430486293351e-07 342.9819740311871 0.33926903269854997 3.163829780582313e-07 0.12420650128913023 2.6346563010605986e-06 -7.487556474048555 15.979623019212388 0.00015684914749305046 0.0026932295997106 0.16023426475063535
20240520134225 SPJR 144.65743522564736 4.705078 0.003296397245793561 7.363456772652052e-05 3.383823617426487e-06 273.19678946366173 0.38013868907181975 1.2863222739787678e-06 0.14035311873597175 1.7737086151306632e-05 -6.910141752916335 27.15290645391393 0.0004298850579897851 0.006919140059232873 0.271764099247528
20240520134225 SSJM 102.51728098087486 4.705078 0.004764832957510244 0.00013439384892523475 7.214516847468668e-06 228.93513996959487 0.4152633841246076 2.9959246809038347e-06 0.17721952993365403 6.8811761184497e-05 -6.496078460603207 53.74322618755531 0.0009103836599834188 0.013067275349306625 0.5379880030910211
20240520134225 SUPJI 138.8334323121033 4.705078 0.02167306670853745 0.0006192045729824173 4.151408802574404e-05 228.55424535748958 0.4156092664345995 1.725363967108087e-05 0.17951207032316102 0.002987518889516319 -5.052114438245235 245.68961819849088 0.005834600488701418 0.0914718624388141 2.4626977677516195
20240520134225 TSJR 39.93204286927325 4.705078 0.12916217354865084 0.0015388110982032144 3.3684039967600164e-05 1705.7435493691767 0.1521328494095808 5.124448979897217e-06 0.07485655449359162 0.004317617143113004 -4.029819982161335 924.3995664228245 0.002404844371061582 0.09539826162000833 9.252520152242026
20240520134225 WLJI 108.90933446903415 4.705078 0.0073880648798059535 0.00011587440560598776 3.5615672471503193e-06 633.5865688936487 0.2496185678856589 8.890333156621313e-07 0.09854547498246015 3.236914816656282e-05 -6.283950743133697 63.59128897696803 0.0003873181539787925 0.008990243777438192 0.6364740460304944
20240520134225 WSJM 81.31522611714975 4.705078 0.04534509556038577 0.0007593614721272438 3.0488548349792257e-05 439.4123210501841 0.29973934449449835 9.13861749695555e-06 0.10521995346011283 0.0008652334909637266 -4.746099759534386 201.7755052675576 0.0019968852597008094 0.040139078768444754 2.019680872544672
20240521005359 APSSI 135.34606108266956 4.937759 0.028014377907199663 0.0007719768654113317 3.112836214585133e-05 651.229113194569 0.24621412521914124 7.664242455245415e-06 0.17314229551349297 0.0025804620813644546 -4.871577321663898 302.99648068138384 0.0030521552861746564 0.07987420516672102 3.0402025511199513
20240521005359 BOSM 118.32255368530213 4.937759 0.02367277471790256 0.00039916144756688555 1.284098538697361e-05 1451.7909652768667 0.16490272169191242 2.1175134395180235e-06 0.10594471380864823 0.0006966797264966417 -5.26829466391184 233.70134552883084 0.0010390931618830881 0.039037982602185675 2.3375510986503727
20240521005359 KBSR 223.88807265004593 4.937759 0.0014825329632104506 6.377100792547928e-05 3.4905446301219933e-06 279.5366939976563 0.37580318462123935 1.3117577880624111e-06 0.27027059091739447 1.4818422247284307e-05 -7.0983602586140115 16.013797148946995 0.00035444822620738273 0.006362290162437421 0.16030202851409248
20240521005359 KPSR 109.02576379370407 4.937759 0.010937448088815784 0.00012674705459927012 2.8738731007150694e-06 1465.405161764713 0.1641349283356209 4.7170295543153655e-07 0.07281179528529746 5.419937270203284e-05 -6.184930428591087 99.59644835120368 0.00030972295711041275 0.011998798901769225 0.9965225611720578
20240521005359 KTSR 191.49217889644896 4.937759 0.0009325442853612744 2.182839406716076e-05 9.785272664779054e-07 397.5721681302893 0.31511703486042775 3.083506107425972e-07 0.14707274178295665 2.12303885817701e-06 -7.911531970772082 10.021662677091989 0.00011905820938238387 0.00236139222269173 0.10061968512784508
20240521005359 MKSM 68.1790902893589 4.937759 0.011107070718020789 0.0003362621266656472 1.544946125902029e-05 214.5515083905173 0.42895731898908157 6.6271594814950236e-06 0.19022092388397457 0.00030596630058453943 -5.561287303719123 125.10784822462344 0.001980608103019959 0.02780818431427383 1.2549585152562233
20240521005359 MKSR 71.90885566007402 4.937759 0.01296387741278279 0.00015658412871106744 7.432436333267929e-06 242.8826931783607 0.4031638496217737 2.9964896441890384e-06 0.0758914224138522 7.601921438665383e-05 -6.083435029636963 81.62708565806854 0.0009023065823599375 0.012936803911038016 0.8175577939856458
20240521005359 PPSM 119.85775673869028 4.937759 0.008152190440602898 0.00010073867460452438 3.89039497872626e-06 857.9795880096223 0.21450696117853899 8.345168046708168e-07 0.07764290649876944 4.0744688989872115e-05 -6.230483859222361 75.42939197455475 0.00036556726207180763 0.010130912507533715 0.7552823939672779
20240521005359 SSSR 117.08623029360176 4.937759 0.0041112823504376875 5.317307991568071e-05 2.0829212199659763e-06 775.299122316135 0.22565513574748974 4.7002187064274933e-07 0.08126328624160854 2.043656293690274e-05 -6.935318689787762 45.22111849645642 0.0002717648919000074 0.007661785834317326 0.45300356356573
20240521005359 ULSM 143.92633501758795 4.937759 0.0030044688786410225 9.926331771494806e-05 6.837072799786543e-06 158.26083853949754 0.4994512876253806 3.414784813441855e-06 0.2075873788682968 3.218769886488402e-05 -6.698126163766022 33.930521736133876 0.0006756276862984249 0.008540787029997284 0.33969027354160664
20240521005359 UMKSI 167.91541492896894 4.937759 0.013948922405064788 0.0004400291865838612 3.3334682628754734e-05 200.87883320096546 0.4433153608076282 1.477777685697418e-05 0.1982077783205691 0.000881991991367745 -5.368422530403874 134.19790478723374 0.0031765746999686015 0.04523423253868401 1.3427829533426443
20240523201752 APSSI 109.23103956713413 3.761026 0.0017596403759100683 2.891962706219145e-05 1.0640838412041805e-06 774.2440648994844 0.22580883280721345 2.4027953019133227e-07 0.10326392729667688 3.47876326808873e-06 -7.494874261876999 18.556288563211467 0.00011454718772375058 0.0030632283761098463 0.18590838309009247
20240523201752 MNAI 154.7654655154323 3.761026 0.00029242268401396025 2.991902319567311e-06 1.0347118490044528e-07 634.547023844949 0.24942958411454585 2.5808774617557343e-08 0.06428597274595976 1.3197753813567186e-08 -9.268949682508415 1.0651938882315108 8.57162368973116e-06 0.00020017922787690063 0.021367977294460775
20240523201752 PASMI 212.48251466915366 3.761026 0.003097296894790577 9.643382550785922e-05 3.0982582675907326e-06 709.3258509949629 0.23591577098794445 7.309279879184407e-07 0.1956259332339755 1.492213377807085e-05 -6.720489454187394 23.512947099201405 0.00022087871017850648 0.0054257915401501045 0.2354246765731951
20240523201752 SSSR 116.9117008917556 3.761026 0.000230265773811704 5.9862536836067394e-06 1.9368812094448622e-07 522.3256264816079 0.27492181438987295 5.3249089635823304e-08 0.16334490605036564 6.420539652897339e-08 -9.040612363139209 1.960510998721508 1.8502631304790643e-05 0.0004095126102052148 0.019650513036982387
20240524100042 BBJN 110.48634418808516 3.919825 0.0030111280631377572 4.1538985923072486e-05 1.639969700308835e-06 453.15916435279877 0.2951579495960589 4.840500941428189e-07 0.08667753099647833 6.116769172651692e-06 -7.221242830289086 32.522492809415944 0.0001953607115493529 0.00405620500262079 0.326069882273581
20240524100042 CCJM 144.65992091718948 3.919825 0.005326216596497743 8.386981923350068e-05 2.464371461069205e-06 1054.9494998009554 0.19344790603237993 4.767274988297944e-07 0.0989388257830612 3.734801191991763e-05 -6.565486920997227 46.500140302659204 0.0003136954366528503 0.009458049483223423 0.46599491319697256
20240524100042 CNJI 119.63865615737677 3.919825 0.003778928667548526 4.365098858353061e-05 7.21049188870492e-07 2454.260862670487 0.12682927428057944 9.145014534504496e-08 0.07257804373688445 6.907721253393588e-06 -7.029371323086288 35.98391291977089 9.463386222301454e-05 0.00427047060834935 0.3602137502300704
20240524100042 ESJR 176.68102008938195 3.919825 0.0017409303108533937 2.722483307001845e-05 4.768371886299271e-07 2447.706979481985 0.12699895729122496 6.055782575367989e-08 0.09825704686140188 1.8287013547025122e-06 -7.529940106121184 13.768054187974847 4.43226826027363e-05 0.0021372079595882876 0.13771219614015248
20240524100042 KCJR 156.69398521047935 3.919825 0.0014219641051269592 1.8525427911610147e-05 4.490895501301294e-07 1951.6006794184273 0.14222776583620875 6.387300337539638e-08 0.08185768968693545 2.0974249793003067e-06 -7.785684599575388 17.47224619593537 5.679191441885203e-05 0.0024683443161485166 0.17481596787840262
20240524100042 LPJR 89.33325532837192 3.919825 0.012701312464144666 0.00021495812857194892 3.7912767153331067e-06 2410.0655048425965 0.1279868778819942 4.852336699821865e-07 0.1063371804224835 0.00012319287831952453 -5.749742089911078 119.33960750546251 0.00036177482158339315 0.017424940952203847 1.1940952320627487
20240524100042 LSJR 168.13891732261442 3.919825 0.0031933764410584146 3.361553574204514e-05 7.661659882828826e-07 1739.13336359151 0.15066536394984728 1.1543467747063493e-07 0.06614085253205657 3.827647105648503e-06 -7.133768530151104 24.971470556675 7.852032273199927e-05 0.0031371702565423125 0.2504703906500788
20240524100042 SSJR 146.3976364874235 3.919825 0.002158068128396506 2.2625688465506875e-05 5.26862217025875e-07 1895.2113607537992 0.14432814931946467 7.604104872969468e-08 0.06587437693031711 2.5377241497914033e-06 -7.593691379465681 26.1866349256595 6.642817462922312e-05 0.0028603616114391147 0.26223952511911913
20240527142110 BPSM 31.568635431708245 3.4633 0.0032956228570556723 2.559749529685236e-05 6.553835284442066e-07 1385.828689088594 0.1687815980300132 1.106166792533618e-07 0.04880224871770404 2.977016739802602e-06 -7.303378816128257 36.56777996600485 8.71658971555263e-05 0.002908395619305396 0.36637956023914275
20240527142110 JPSI 22.849630741899155 3.4633 0.003410012311003742 3.4267147844832286e-05 4.677538928020444e-07 3515.2331245846694 0.10597484800421299 4.9570147693075594e-08 0.06313960778464901 4.215334177853967e-06 -7.203143150144697 34.409425941710865 6.099009111085921e-05 0.00331249944287987 0.34454147183393574
20240527142110 PDSI 53.89208464342419 3.4633 0.001376317918493265 9.534752262366186e-06 2.034925247569757e-07 2139.8468525097674 0.13582775487816096 2.7639932772228595e-08 0.043528180893032314 4.727039231996102e-07 -8.161833632308209 14.06464333762046 2.628886625629876e-05 0.0011957054672350042 0.14080553937016868
20240531140156 KCJR 153.35566457825533 3.306954 0.0005465623801985709 6.513489838263935e-06 1.7373308629984625e-07 1351.4681579687135 0.1709137328463104 2.9693370298416912e-08 0.07487793732780312 1.9278083402400562e-07 -8.72168065568404 4.87545741245495 2.0814340623670377e-05 0.0006984344205805998 0.04876287533637257
20240531140156 PGJR 49.243230824911294 3.306954 0.004726688383194111 7.153133576435476e-05 1.3605187461521823e-06 1455.5609563796215 0.16468902921087558 2.2406251152700057e-07 0.09508658101421241 6.214173779562116e-06 -6.653470292826045 32.63051988924573 9.486617527880266e-05 0.003385297743142629 0.3268146442377984
20240531140156 SICJI 122.92285757708801 3.306954 0.004227739481527814 5.7849175473036696e-05 1.8254013829486882e-06 588.5670738717794 0.2589893388579749 4.7275949732031385e-07 0.08597433473674804 1.2267029424119655e-05 -6.866036889210247 42.54284611498883 0.00025501933529353154 0.005862608543913221 0.4266628010147868
20240531212939 MNAI 132.72718445801652 3.324496 0.0008467377627555522 9.28400944578064e-06 1.9531171016607246e-07 1718.133204603805 0.151583333264398 2.960600005254327e-08 0.06889163836464658 7.594838854883405e-08 -8.212942950579299 2.5430450432001415 1.252091997893698e-05 0.00044271721790961475 0.05103287156625186
20240531212939 SSSR 79.74082769750224 3.324496 0.0012207440676181701 1.5263260066619264e-05 3.310116376494342e-07 1713.8663866946358 0.15177190584909941 5.023826710428614e-08 0.0785601945028167 1.0287072398245386e-06 -7.947898436832168 10.249914241233226 4.325722951137233e-05 0.001703153853476354 0.10253499407555422
20240601212248 APSSI 171.72138912047825 3.88619 0.0015326208710619376 3.629229932279989e-05 1.7047037028636577e-06 309.51187842627286 0.35714223149812885 6.088216844838499e-07 0.14878516022738184 4.44182398329698e-06 -7.401785653096856 18.079064277357148 0.00019808241314977777 0.0034271614805961807 0.1813083459363521
20240601212248 MNAI 224.15324174658403 3.88619 0.00025861822845673363 2.226921239568382e-06 7.653615761666336e-08 367.2316817622698 0.3278761279042986 2.5094379004024675e-08 0.0541035289592631 5.324816623321822e-09 -9.576689805383538 1.289986492970629 7.3800001286493584e-06 0.00012564584282977325 0.025910904126757076
20240603103652 LPSM 59.31940096319081 3.988945 0.007648165935996351 0.00014766682769315985 4.446080125611703e-06 704.0478518876388 0.23679840864823729 1.0528246984674062e-06 0.12131248849514034 4.218324491881125e-05 -6.222287359490028 91.90591717304787 0.00039619729851988024 0.010225728984713649 0.9195500040319018
20240603103652 LPSR 40.980238872694656 3.988945 0.013675227874994814 0.00020159465173862545 6.394094947243446e-06 844.9490901492467 0.21615465714864324 1.382113401097279e-06 0.09262416432023056 8.071869827933465e-05 -5.871497044544251 117.51922030905632 0.0004402739504104614 0.013572743084612298 1.1755461160987215
20240603103652 MKBI 61.79784642488616 3.988945 0.015362840809182095 0.00013637662895703452 1.4661445857599602e-06 6399.396098477566 0.07854352209533488 1.1515615966659304e-07 0.055776118619505564 3.36684099473187e-05 -5.877955968699407 91.08940298963758 0.00011353513652783335 0.008563736937581268 0.9127963084989335
20240603103652 PPSI 98.03017540556189 3.988945 0.0006942813566890087 1.6854063756649704e-05 1.3265989621889237e-06 169.12332694117933 0.4831456922271707 6.409405738946137e-07 0.152527796896445 1.1382953981200095e-06 -8.089190997669546 7.928709267051101 0.00011264749684053096 0.0016191142319048834 0.07940739147312059
20240603103652 SIUMI 229.54618413766113 3.988945 0.0025936249890305967 3.4700930375677585e-05 1.1076854722903021e-06 853.2853286172369 0.2150961956179319 2.382589310308961e-07 0.08406472670646647 7.655996046174458e-06 -7.330988994589388 28.939616693666892 0.00017612706674194182 0.005075184795315274 0.2902567771650526
20240603103652 SKSM 77.08002453462967 3.988945 0.021239304860622053 0.00025119198505949746 5.174349465619531e-06 1856.4030667673405 0.14582894360906792 7.545699164354413e-07 0.07430967256999409 0.0002062502637645776 -5.451875726191835 164.1300495482522 0.0005768432686763757 0.02425531359886853 1.6434580949024653
20240603103652 SSSM 94.6072688105392 3.988945 0.0030681697133793464 6.109818146456708e-05 2.9428447622281275e-06 1005.714313188026 0.1981264932841997 5.830555130200333e-07 0.12512058716945423 2.0676108589840675e-05 -6.93033054405543 38.80955818517273 0.00022934732667872132 0.007435751284790125 0.38866327657297817
20240606195752 ACBM 97.77290667575193 4.000632 0.004617879126599694 9.351108538829442e-05 2.951444444401961e-06 911.5112322411073 0.20811283050252277 6.142334573954378e-07 0.1272331868510337 4.2930441898597085e-05 -6.59468861834713 53.26416930320345 0.00034243359475245844 0.010644918269591647 0.532796018323237
20240606195752 BSJR 197.2653434306377 4.000632 0.0007847444918401306 1.5872389136152507e-05 5.414095994685738e-07 993.6607729371331 0.1993245515499379 1.0791622561890496e-07 0.12708488335643814 1.053415384018845e-06 -8.178865765991896 8.578175294927087 5.413151242839308e-05 0.0016196269456898137 0.08589304416644554
20240606195752 CBJI 128.84434613303216 4.000632 0.0031310239146926473 0.00011535575736084274 5.007107267041634e-06 459.7235327793071 0.2930431004877629 1.4672982380086894e-06 0.2314902790576001 3.265972984752891e-05 -6.584569432247599 23.043451995933054 0.00040328397037899514 0.008532626259236982 0.23055000295356318
20240606195752 CLJR 170.92242811912698 4.000632 0.0010279243036532535 1.910809152101154e-05 5.505630536341451e-07 1391.804265068959 0.1684188846209051 9.272521540654227e-08 0.1167981722646008 2.350801706023065e-06 -7.936007070076667 14.316386454756934 6.986517426931581e-05 0.0025835234193775456 0.1432439779655874
20240606195752 CPJR 195.24925377077332 4.000632 0.0008395350142965704 1.2065490208988145e-05 3.56283769295183e-07 745.4276348333246 0.23013205936385694 8.199231754581777e-08 0.09029964148493902 4.302791622513899e-07 -8.25256937546596 6.5869421468552485 4.3463715767790673e-05 0.0011002449712444102 0.06606481595758709
20240606195752 GBJR 145.02655476404905 4.000632 0.0005219481768232766 1.6386405212002572e-05 8.334114257714095e-07 350.2541139222429 0.33572852765343036 2.797999909037815e-07 0.19725870313827304 1.4455679668703393e-06 -8.27257303349539 6.182441559732848 0.00011312797704046338 0.0020797273266591814 0.06186641302392979
20240606195752 JTJM 98.34353543022004 4.000632 0.0023325465992673445 4.374907108150637e-05 1.5296084383368881e-06 664.7419855532613 0.24369875662167675 3.7276367454072434e-07 0.11784695778786043 6.607889643642915e-06 -7.166861345038371 27.671291246193668 0.0001711479052756543 0.004185566106049421 0.2774196843572156
20240606195752 KSJR 127.61653231627835 4.000632 0.0011934188688723947 3.178524061816391e-05 1.19124450563834e-06 718.4145338036618 0.23441873256643023 2.792500271884634e-07 0.1673448962860075 3.4731871920113043e-06 -7.569131864793178 12.277770048510261 9.900975358075738e-05 0.0026758598674886105 0.12294380128822241
20240606195752 PBJI 83.3378770639201 4.000632 0.003447091516414978 6.772466913991893e-05 2.1567938395375958e-06 432.5286540427642 0.30211509596649744 6.515999778118512e-07 0.12344512585383602 1.5040499604937175e-05 -6.764751825070011 35.42175381743924 0.0003294824870822534 0.006468533685042534 0.35432876889745724
20240606195752 PCJR 152.1535832019029 4.000632 0.002447392845477313 3.47515790285194e-05 1.2687816326572676e-06 510.3215850768968 0.27813644493572015 3.528944127070312e-07 0.0892176387443425 4.120929100866886e-06 -7.307057857998707 25.312623839927237 0.00015312901967948764 0.003254824800835692 0.25348313545927115
20240606195752 SICJI 173.2439833388544 4.000632 0.003326760432278323 6.0365193539815585e-05 1.7858383410250181e-06 782.6891812883479 0.22458730459178494 4.0107661944747364e-07 0.11401052310059746 1.2795348068704496e-05 -6.884096612254728 37.114871130009035 0.00022516942391968942 0.006022241181230317 0.37161430523007877
20240606195752 SSJM 107.91688335560978 4.000632 0.002417860485091419 4.527885701125033e-05 1.460651681991165e-06 678.1760258869848 0.24127295975717766 3.524157544883082e-07 0.11766412944550718 8.09481939751571e-06 -7.140085749365393 27.067488953593717 0.00019555838300069624 0.00494927093012976 0.2709691776977361
20240606195752 SUPJI 223.6742639048712 4.000632 0.004611264868069108 6.248815602987906e-05 2.8089077484518345e-06 472.4248541565572 0.2890769737081053 8.119905513477042e-07 0.08514467831991762 2.269909399966975e-05 -6.881612380458048 47.054636979940305 0.00038021713218810516 0.008093328572339327 0.47095670136741563
20240606195752 TSJR 74.32076545687046 4.000632 0.011010009280827382 0.00010095951760015008 1.4725981973415887e-06 2537.26552257559 0.12473746371249286 1.8368816420397883e-07 0.05761551524846052 2.566185319401929e-05 -6.180234307890186 87.67304413647946 0.0001782409978137222 0.008227315060364834 0.8774890842541673
20240606195752 WLJI 186.75858899748758 4.000632 0.0012439831602007786 1.5898821894675083e-05 8.837356354982291e-07 246.85722819482106 0.39990510137131996 3.5341038889936716e-07 0.0803027302346798 1.4366677607106637e-06 -7.872401783479348 15.646957991871583 0.000141319543581968 0.0021731805786595736 0.1567364756361652
20240606195752 WSJM 110.48875698563155 4.000632 0.002899009445657391 4.190450686391113e-05 1.6134096915945413e-06 538.8226479009755 0.2706804859300354 4.3671851932503903e-07 0.09082198135861093 8.8529556943273e-06 -7.246609773141546 31.784621639682154 0.00024355275104237113 0.00532956041303833 0.31823333683188715
20240608052857 LPJR 51.867974030429735 3.008995 0.005029357760066144 7.172469714752968e-05 1.265021791999706e-06 2970.333233102509 0.11528618852329761 1.458395407985579e-07 0.08960578761319561 1.6108174706196567e-05 -6.691780059816064 38.93889269501411 0.00011654172209889792 0.006123460689683278 0.38968945134762767
20240608170157 CBJM 138.66054998432182 4.109786 0.0014445613650210978 1.6530534956296904e-05 6.872048814284602e-07 506.87545497630435 0.27908033631409007 1.9178536942573904e-07 0.07190031304464958 1.050488185256634e-06 -7.798193266698202 17.98999628177763 7.968624118712893e-05 0.0017555472774376671 0.18014947255973074
20240608170157 CIJI 92.03221193831078 4.109786 0.007138011772138951 0.00025760602720955656 1.2206939650843532e-05 483.4042520442676 0.2857752644289978 3.4884414065886286e-06 0.22675591703584017 0.0001408564243400319 -5.9706568155860555 50.49611452251314 0.0007249369950148111 0.015444139024572562 0.5052500939251621
20240608170157 CMJN 99.89915297861397 4.109786 0.003242360777169658 5.51680914185817e-05 2.7229498093058737e-06 399.2819968830149 0.31444160468154736 8.562087075054523e-07 0.1069070856849423 1.2459415199952287e-05 -7.002113248010746 27.788011713388578 0.00030461581838160694 0.005816660719976341 0.2781227065661732
20240608170157 CNJI 117.00636079458343 4.109786 0.0020999575467703425 2.5753396966304963e-05 9.11695078049932e-07 923.2229715584465 0.20678858780179613 1.8852813769579373e-07 0.07705554127868616 3.576879301460213e-06 -7.567253322796326 24.536434391760853 0.00010742617444256324 0.0031982648080395976 0.24549348701910087
20240608170157 ESJR 174.61594008913627 4.109786 0.0008907386653995557 1.3214441884211211e-05 3.365022238453825e-07 1909.4464244757899 0.14378915438710213 4.83853702161069e-08 0.09321340850541214 1.2377962278694808e-06 -8.132898680098437 11.951939240961787 4.333122889255041e-05 0.0019213215223259222 0.11967688814306304
20240608170157 JSJR 163.37742120490256 4.109786 0.0027657027305894107 4.737762064385355e-05 1.1838055588508065e-06 1784.6437046975846 0.14873189323306168 1.7606964198770308e-07 0.10763353798878758 7.0945304417941775e-06 -7.10296406987344 28.6441873802397 0.00010585152681849553 0.004476702040426741 0.2865626539203424
20240608170157 PCJR 97.16665309483123 4.109786 0.00398800793057854 0.00010889183737916464 4.052190465590944e-06 529.3170325892871 0.2731001469299365 1.1066538115409745e-06 0.17156124175342377 2.6114507870218226e-05 -6.443092424896055 44.34123285669859 0.0003426397831613209 0.008060264852571776 0.4436863092706694
20240608170157 SICJI 124.07323391470706 4.109786 0.007945346039814718 0.00014828555961195428 6.01066325237302e-06 393.7745339809934 0.3166329121487459 1.9031738095443216e-06 0.11726432615418983 0.00011866868906723271 -6.161776406486156 88.5773772452454 0.0009478767519750641 0.01818629182839477 0.8875843848941295
20240608170157 SSJR 143.94334730483047 4.109786 0.0019626001542959637 2.7764229788033837e-05 6.799966893676953e-07 460.76535787001956 0.2927116167712953 1.9904293034394639e-07 0.08888606285262982 1.8278608678394583e-06 -7.430621432653679 14.808182701395301 0.00010885325572609968 0.002148809890205036 0.14820382660811002
20240609002712 CBJM 135.81299697733724 3.950466 0.003797550672519285 4.5277753880649456e-05 1.262600377083284e-06 1373.3801753856098 0.16954480271560946 2.140673318412395e-07 0.0749136858090326 9.183303181240374e-06 -6.957076854830906 47.29752722406609 0.00014347859483437137 0.005130866167945038 0.47324335550984054
20240609002712 CGJR 85.69108920338212 3.950466 0.004176616978120054 0.00011581661597812379 3.944033314287135e-06 561.5788018980305 0.26513955031636804 1.0457192193828656e-06 0.17423126507725717 1.8245832629790455e-05 -6.472538668386701 29.53319199709331 0.00026254557802935516 0.005928398770342283 0.29570237165920876
20240609002712 CLJR 174.2764253502571 3.950466 0.0008840376660477305 1.4098820720841287e-05 4.094927080651996e-07 1212.644946945095 0.1804317817012308 7.388549890986593e-08 0.10020557562641931 7.59778244832467e-07 -8.109441890095487 6.944483090606945 4.0019208355997383e-05 0.0012825581461939379 0.06949842993949513
20240609002712 CSJI 97.12849512699192 3.950466 0.003167638481180512 3.247033729184769e-05 5.411472055542907e-07 3948.0006017220608 0.09999798831231232 5.4113631936258434e-08 0.06440670152336005 8.107469818274558e-06 -7.235134680592119 47.19748904062997 8.20859636392037e-05 0.005060937271111329 0.47286280580615886
20240609002712 GCJR 100.08034620451286 3.950466 0.002322819094418528 4.02847383399274e-05 1.2908860218831064e-06 576.7395158957848 0.2616314897229745 3.3773643296784137e-07 0.10896951753548793 4.042231079446965e-06 -7.321572974000699 28.463880096696677 0.0001420714696167686 0.0032960990352433796 0.28484707238641205
20240609002712 JSJR 99.47120007254645 3.950466 0.00342679844856398 4.057458899743845e-05 7.22991623479164e-07 3490.37595588646 0.10635153540443645 7.68912692415553e-08 0.07439528914821031 9.805561312663954e-06 -7.133886957291549 42.90864438603096 9.636615263008655e-05 0.0055467444468442866 0.4295349177879684
20240609002712 JTJM 115.96489583555984 3.950466 0.0016613013059605462 1.5364620513722172e-05 6.866987062111078e-07 790.4430559489753 0.22348304192223 1.5346551574811813e-07 0.05811032442810943 1.5776825982095055e-06 -7.938155897152788 19.75229253162 8.293738358191856e-05 0.0022257659217000065 0.1976927825264171
20240609002712 SCJR 111.69783317487985 3.950466 0.014563644537718265 0.0002503161268946732 6.030234204881334e-06 1570.6053698961018 0.1585427289741442 9.560497871951152e-07 0.10799375160395976 5.2997377620498606e-05 -5.686785829300853 60.53887258311359 0.00024774263440634355 0.008608526057547233 0.6055932773855521
20240609002712 SICJI 214.50685464885004 3.950466 0.003785425473295684 9.719427736325108e-05 4.657169950998761e-06 354.9672831287675 0.3334922187093423 1.5531299398650558e-06 0.16132655622963177 3.377522278248187e-05 -6.739890871164847 41.84850555409651 0.0004879450232135086 0.009314758453553524 0.41882563172742227
20240610213406 SASI 209.69209276041056 3.611441 0.0005063369542997478 8.46815928978151e-06 2.8707825416733477e-07 650.3405997567407 0.24638226010827713 7.073098908968636e-08 0.10508222553496133 1.7132449591904732e-07 -8.549961762744546 3.9044991206442257 2.570166052133931e-05 0.0006146683643928566 0.03909745677132019
20240610213406 SIUMI 78.83997457040782 3.611441 0.004984434154962527 7.551666907844434e-05 3.5037553176724216e-06 567.8588291596789 0.26366936728182117 9.238329477210037e-07 0.09519339825733773 1.7448620288117165e-05 -6.7993652122614865 40.0931372183648 0.000273638792210299 0.006986152493514781 0.40121370364737674
20240611175804 CBJI 36.180791978761015 3.12835 0.001476210710509882 4.629598810432163e-05 1.5888803627492522e-06 611.7552464370441 0.25403351476097813 4.0362886308389043e-07 0.19704928989301446 3.6927172953196927e-06 -7.288402254003447 10.882311453940748 0.00010724823120489297 0.002525005104167048 0.1089736331104115
20240611175804 CLJO 30.37156603133072 3.12835 0.004640028289842136 0.00010223649410722978 3.637569042988188e-06 569.3261156402025 0.2633293792871401 9.578787982041959e-07 0.13844114680041175 2.6583972125647646e-05 -6.604783545804221 50.82940196563453 0.00036129998430713356 0.008349914327381507 0.5090932478306404
20240611175804 CPJR 81.4099061487964 3.12835 0.000287927439749363 5.589953759750063e-06 3.092346875951124e-07 290.144168409384 0.36886966838558327 1.1406729666652856e-07 0.12198460612732408 1.4132759298625767e-07 -8.980690059923322 2.8515830976939736 3.6744082953156184e-05 0.0006256391809502603 0.02854035963904212
20240611175804 JARU 51.34417286740083 3.12835 0.005963935100791238 5.278178307184322e-05 8.33460768377437e-07 824.9971370605033 0.21875281360340462 1.8232188811061986e-07 0.055607198649721544 2.95641421765769e-06 -6.7985594207328015 28.064233222093236 0.00010915381325209088 0.0028703049591062963 0.28094211144945747
20240611175804 PASJI 91.13495193958529 3.12835 0.0021806558435732214 2.796181143834541e-05 1.2473943083976862e-06 347.23831747851233 0.33718329222634963 4.206005196099423e-07 0.08056715749499183 4.436118004483933e-06 -7.4814986586256955 21.70480163012294 0.00020004743660479013 0.0038231323746315583 0.21742532818982382
20240611175804 SSJR 59.730569564662616 3.12835 0.0010119409133636484 2.5045280630499743e-05 7.920678737991335e-07 656.0234666597519 0.24531278384856606 1.9430437511868014e-07 0.15550724078214584 1.5339103862645428e-06 -7.753787390698921 7.655989203066348 7.560421756985967e-05 0.001856703759384105 0.07666764355432168
20240611175804 TPJR 94.27563940369589 3.12835 0.0002690041981150563 7.488141628331527e-06 2.7981041775380124e-07 294.5831747059836 0.36607991272984697 1.0243297331221359e-07 0.17490203419460723 2.0349885876592735e-07 -8.865651664481069 3.3848371371393102 4.796436393838692e-05 0.0007980453358906538 0.0338699965840304
20240611175804 WSJM 28.249810648616588 3.12835 0.011208177356458954 0.00024612344899711315 6.190820572262086e-06 690.7724499216114 0.23906299948271267 1.479996135264258e-06 0.1379741941360213 5.788915119918353e-05 -5.717068132474785 49.33432162182286 0.00047928192377693095 0.011038664291847874 0.4937013768540783
20240611220932 BBSR 206.9918852060362 4.428431 0.00210656393831678 2.9145943639951633e-05 7.095774025647713e-07 1005.0431569945376 0.19819263553388847 1.4063301552960297e-07 0.08693273511021714 3.002782453801334e-06 -7.452624086533936 18.25878080413208 0.00010049053865836811 0.003127426360674969 0.1826403319437769
20240611220932 KTSR 234.29848223678002 4.428431 0.0011140385821041467 2.0910374905224095e-05 5.319584200792066e-07 1234.0989391829426 0.17885656217175153 9.514425423368333e-08 0.11793465907075583 2.327891342956883e-06 -7.827319008887615 10.9340848537244 7.151347592961074e-05 0.0024882734008223957 0.1094658867767711
20240611220932 SUPJI 240.27806627408557 4.428431 0.0049379783676436854 6.894856089158737e-05 1.9683043473021596e-06 596.3885798818342 0.25728543953755173 5.0641604913931e-07 0.08773156795984953 1.9477225334780996e-05 -6.78769359875207 45.625515333719875 0.00032474921579250164 0.007261127946777562 0.45695516152715143
20240611220932 UTSI 244.80189233481147 4.428431 0.0011463775693100016 1.7342525729042864e-05 5.253192762338699e-07 1033.7645083651728 0.1954200227485419 1.0265790491187042e-07 0.0950527171564359 1.354383133540257e-06 -7.902744696548912 10.78791393377707 6.263860533707439e-05 0.0020381564058882923 0.10797041591022068
20240613150227 LPJR 97.96040412717662 3.264477 0.0013458368481035514 2.008987315395077e-05 3.065354525370993e-07 2933.324563965774 0.116011170545166 3.5561536662421066e-08 0.09379175195111973 1.4585209169561024e-06 -7.774482266028406 11.816309309298495 3.728275594418809e-05 0.0018977898125338353 0.11824677651464285
20240614234745 BBSR 170.06284522474544 4.825996 0.010824011691628287 0.0003027174550785729 1.1668422309585154e-05 523.192932775782 0.2746938484673365 3.205243829762073e-06 0.17572319027034955 0.00022358373750753808 -5.62255944679986 72.33004095280766 0.0010056674646390514 0.021820113122873297 0.7244339603596246
20240614234745 ISSR 203.22297205513362 4.825996 0.0007141679849258311 2.1634394077214305e-05 7.995810875664548e-07 307.6567136548436 0.3582173939341777 2.8642385342711096e-07 0.1903374414211568 1.4777899765306866e-06 -7.96321255263642 7.743479184319641 0.00011757941476680991 0.002041386271031089 0.07748272693336947
20240614234745 KTSR 213.92528219593154 4.825996 0.0020784948814133062 8.519908487204163e-05 4.4488102824901054e-06 302.2254169166362 0.36142182594632766 1.6078971355863717e-06 0.25755254104314074 1.5902308879809735e-05 -6.861806407380318 16.848755243561897 0.0003230794907455514 0.005665078477445572 0.1687467385089314
20240614234745 MKSM 176.33924365554043 4.825996 0.0017780836088170107 4.8863349208988e-05 2.7339087934168506e-06 229.10263093947898 0.4151115622459138 1.13487715027311e-06 0.1726676272629062 1.3264347474016086e-05 -7.248786036222976 22.121483924009972 0.0003914132333133047 0.006058584027748866 0.22148895453674622
20240614234745 MNAI 188.93208741948936 4.825996 0.0022380145895646354 5.334932881384702e-05 2.840630439227127e-06 442.4879773459474 0.2986958101793645 8.484844104651107e-07 0.14977727156652 2.7556709957424062e-06 -7.144539747672208 5.0350443825646 0.00011894169749533391 0.002539169887187182 0.10084100879521411
20240614234745 MTSM 191.96029699727026 4.825996 0.007407978047559783 0.00016626797971849944 4.723859327284857e-06 663.7786580583481 0.2438755298543599 1.1520336963990548e-06 0.1410226272965043 8.738653034161284e-05 -6.1273168149096 69.76127448778487 0.0006026295824080278 0.014597315372378652 0.6987068280787324
20240614234745 SSSR 222.4057522905579 4.825996 0.0009522932394835526 2.426530782166764e-05 9.56698703413591e-07 741.6756374981696 0.23071342240817394 2.2072323207801216e-07 0.16010134195846643 2.448749961520475e-06 -7.891934965469495 10.048067006596384 9.724855312946399e-05 0.002544263317394201 0.10083948725705895
20240614234745 UTSI 211.3030846927807 4.825996 0.002392587849662486 7.116728213011741e-05 2.668707307563035e-06 649.0921888888314 0.2466190820435228 6.581541464340369e-07 0.18689270761570445 2.3094853329192578e-05 -6.951335760004991 29.790315977114794 0.00028568524782919384 0.007464926760411465 0.2980549131351925
20240615205615 CGJR 35.8871762271005 3.424735 0.0022958643218236106 2.6568981993491046e-05 7.442313654399768e-07 859.1223547205283 0.21436424985042787 1.595365983677003e-07 0.07271241410103138 3.3352987189775326e-06 -7.441027398589958 29.54576402650389 0.00010957494272150739 0.0031819997277287093 0.2957542160115374
20240615205615 CLJR 168.3459533065156 3.424735 0.00031714999157546493 6.303137270808875e-06 1.99604621023243e-07 803.3929619104613 0.2216745609447585 4.4247266727872304e-08 0.12487397301304595 1.559870477668343e-07 -8.92077339332659 3.2457278064296564 2.4334027758130126e-05 0.000646314577709013 0.03252006654157928
20240615205615 CNJI 53.60982203571652 3.424735 0.0023590395477765236 3.6444248973013415e-05 1.0508470784228774e-06 1170.0769462942778 0.1836845620091539 1.9302438533870525e-07 0.09706745692087265 3.7788545705365764e-06 -7.366163215855262 26.55370885570708 9.952840861756813e-05 0.00311955107462535 0.26577354023334165
20240615205615 DSJR 109.59159973532404 3.424735 0.0006223310834961762 1.6946028658598562e-05 6.438232384272484e-07 739.4805555761207 0.23105559475402088 1.4875896127126765e-07 0.17109066396714043 1.2738360966739795e-06 -8.176150753957529 6.113298062339977 6.577399338953997e-05 0.001748038555838889 0.0611795217370976
20240615205615 GCJR 64.19167806421264 3.424735 0.0024941258000082296 1.9661138168654927e-05 6.954948257140777e-07 779.4948137786713 0.22504701316702316 1.5651903320007253e-07 0.04953020992899107 1.3886189377590069e-06 -7.695385291753265 24.2165280503958 6.581724228600817e-05 0.0019138532768480073 0.242351463145846
20240615205615 MGJR 60.548007452530825 3.424735 0.0032924893304228384 8.032646058694726e-05 2.5107553574853976e-06 1042.1334464518047 0.19463377279786806 4.886777877998429e-07 0.15329010553629652 1.5852192577727863e-05 -6.8577475707305116 33.994781950373316 0.00019392646361155241 0.0064235898838645045 0.3402730616902099
20240615205615 PGJR 51.455555992614244 3.424735 0.0014553334925292405 1.8895878473310603e-05 3.890880120638542e-07 1610.626273462583 0.15656060060737914 6.091585285784819e-08 0.08158013719825855 7.814566841328036e-07 -7.847191822981809 12.368578676131499 3.91389653739188e-05 0.001493818373830111 0.12393115015920758
20240621185404 APSSI 103.01368478275855 3.372955 0.011905504356327453 0.00013667882933322752 2.48407411601221e-06 2074.370175858875 0.1379547753993484 3.4268988674979935e-07 0.0721328879958474 6.316847362622337e-05 -6.026436975580164 85.1007379585563 0.00029943105642985467 0.012399141331831067 0.8511747000352509
20240621224900 JPSR 26.82073333042388 3.381234 0.007010903036167716 7.291236893444964e-05 1.1004779910050292e-06 3677.0416583679125 0.10361689959754562 1.1402811750327684e-07 0.06534421070113798 1.641619472293868e-05 -6.602720399917129 59.42762891572764 0.00010536404940331026 0.006395001877414762 0.5946491057736807
20240621224900 LPSR 84.82682760426154 3.381234 0.000908209091536712 9.417685254989032e-06 2.8197687059967107e-07 783.5356958639728 0.22446595223669108 6.329420676787739e-08 0.0651535666986846 3.974658934158142e-07 -8.336393307187354 8.957688298428131 4.0329132547639686e-05 0.0010787330515637985 0.08980682712462151
20240621224900 SISMI 141.6780006565299 3.381234 0.00338954802136397 8.712074523220832e-05 3.2891716447233884e-06 625.8173529229281 0.25116323474280494 8.261189899130382e-07 0.16149521497951005 2.3332307307244338e-05 -6.798928186699536 30.54779638195746 0.0002987168703652386 0.007207651880591893 0.3060425850504323
20240625164331 KMJR 176.4606750365609 3.352151 0.0010199972594823986 1.5551432368768247e-05 3.887616725844079e-07 1638.2005095451477 0.15523739273973924 6.035034844914365e-08 0.09579685676275862 3.3099663938004343e-07 -8.005472166153682 4.793645868143395 2.3883993225795153e-05 0.0008273416460349317 0.04795219766176743
20240625164331 LPJR 139.91505457243883 3.352151 0.0002916621363325279 5.100895220703067e-06 1.736517155286134e-07 1245.8757511310146 0.17800922188638948 3.091160676048513e-08 0.10988697507050967 1.0805771763582836e-07 -9.073999093367242 2.976303572243143 1.5003950081090546e-05 0.0005173908179073249 0.029792373949998906
20240625164331 TAGJI 187.5518680081942 3.352151 0.005456292039371612 7.801719993481605e-05 1.5507832562742725e-06 1802.960003331852 0.1479744798740413 2.2947634574455757e-07 0.08984059518818996 1.9852283291407374e-05 -6.543777237065593 42.556742816521975 0.00017943098375557598 0.006776290605947109 0.42585914759828
20240627182546 BBJN 59.78680899771819 3.450659 0.0027191713870889605 3.11475912849054e-05 5.43975311486503e-07 1349.8691226850879 0.1710149338430038 9.302790190609171e-08 0.07197269316843904 1.6157854974724954e-06 -7.2447984165743415 19.666205230989384 6.188887107805193e-05 0.0020859319811439127 0.19668275529815601
20240627182546 CIJI 46.41469258254572 3.450659 0.0013729187208251518 2.5007837050014344e-05 5.28449071375434e-07 1702.6349253312758 0.1522716660635789 8.046782052808846e-08 0.11444878122322769 2.1131219232337165e-06 -7.671149769236765 15.794461121478847 5.6634102156011474e-05 0.002330019770616765 0.15812095442201407
20240627182546 CNJI 120.10594359987834 3.450659 0.003233920407500699 4.90250211618404e-05 9.70585000474883e-07 1777.0055492848232 0.1490511998235003 1.446668588514739e-07 0.09525073404212324 4.2400361895435215e-06 -7.019236245587033 21.822053020255755 8.601123578027234e-05 0.0030227298171411543 0.21840535719109888
20240627182546 ESJR 186.20120127462914 3.450659 0.00029020383368649565 5.990623418746261e-06 3.746603465909569e-07 126.98153768235787 0.5575830683369596 2.089042656363745e-07 0.12970261821618384 1.4601842929755714e-07 -9.064957281806393 3.01436912172509 5.971670733040675e-05 0.0006650088388203193 0.030215531567568277
20240627182546 JSJR 174.2579957085573 3.450659 0.0009273998401114389 1.340167742848158e-05 4.0207889355628896e-07 1251.341796037456 0.17762001116495268 7.141725756265986e-08 0.0907971072111436 8.76403396964718e-07 -8.141599497550208 11.41825975793933 4.754831013521185e-05 0.0015706552234875087 0.11435111668515494
20240627182546 LPJR 38.7225478467799 3.450659 0.005520271163817203 8.50736404942784e-05 1.6238139769677117e-06 2893.129970011398 0.11681426917946418 1.8968464300288253e-07 0.09683101284689512 2.7898258735834098e-05 -6.577812083480542 50.248299955658865 0.00015552282341652136 0.008299074853889851 0.5026464435856666
20240627182546 LSJR 172.16645840188806 3.450659 0.0003504368746074654 3.935899690762804e-06 1.2244741887768261e-07 566.9996854980259 0.26386905356413465 3.231008453062527e-08 0.07056902084072719 4.980222910667558e-08 -9.210268305612487 3.147663116557082 1.648069981828777e-05 0.00036303732867747193 0.03153571453441431
20240627182546 PGJR 45.680815363246325 3.450659 0.00889156986159566 0.0001588937198631607 3.5540295442093876e-06 1049.6555029744295 0.19393512519686806 6.892511646096155e-07 0.1122814870250772 1.6108887907735223e-05 -6.036582322058472 33.16887643925716 0.00017976700454416398 0.004918340656493972 0.3317059704486391
20240627182546 SCJR 130.87056043976298 3.450659 0.0024804973787743065 3.112477856220629e-05 6.34718366414656e-07 2183.341257581843 0.13446803471715854 8.534933133066413e-08 0.07884013626650417 2.6294785554438468e-06 -7.367628820339519 16.531515872245407 5.53516168568679e-05 0.002259372361925912 0.16559281072021256
20240627182546 SICJI 79.47627376068269 3.450659 0.010712083092582614 0.00011204549785237912 2.221724598716871e-06 1958.8527507969823 0.14196424364538865 3.154054522451952e-07 0.06572042241990861 3.2369188700229455e-05 -6.243766988269803 77.57657395977287 0.00021089518950509072 0.009069419361793476 0.7765267750547513
20240628162946 BEFA 91.907937243641 4.081717 0.0071874658163620314 9.486957671223494e-05 1.7481039418372794e-06 2461.219832994811 0.12664984579052044 2.2139709465949234e-07 0.08293369954396129 2.872369738589867e-05 -6.433892006874713 82.27334552820552 0.0001957001170114439 0.00875589457260676 0.824303977432448
20240628162946 ISSR 146.50282116625442 4.081717 0.0012795203063943501 1.515163320687378e-05 3.0922753320946645e-07 1907.1310010931122 0.14387641419751726 4.449054864932172e-08 0.07440328900560857 1.0392941441681522e-06 -8.02205394689034 15.473991138242202 4.170820065603739e-05 0.001704470369550147 0.15487800490790846
20240628162946 JMSI 87.06178768394744 4.081717 0.004057513498283606 0.0001007204301987509 3.539024592793963e-06 747.2073193797672 0.2298578338430442 8.13472526816882e-07 0.1559687053229281 4.731179928638012e-05 -6.599654774253966 41.01929267156654 0.00040743010927211167 0.010674621089831218 0.41098784724608367
20240628162946 KBSR 18.320059204036518 4.081717 0.03779127497547293 0.0009683428639290797 3.2288825008439663e-05 1086.9931996588698 0.19057523097668239 6.153450283949067e-06 0.16099688774459653 0.002132087135912312 -4.606267179189129 267.11973155424147 0.002038231527730118 0.06680728426537033 2.672513870732911
20240628162946 KSI 107.97414862327868 4.081717 0.0013821911387134577 2.224056597874959e-05 5.690608720278048e-07 1553.9951820597241 0.15938778464947598 9.070135172321076e-08 0.10110149997858396 2.1675580662171915e-06 -7.790019507656669 16.571354256083243 6.34051087587746e-05 0.00247182917059006 0.16574455304412591
20240628162946 LLSI 140.02339615959087 4.081717 0.001985935079412271 5.4484982137445185e-05 2.4260011186310033e-06 265.0001950542938 0.385972863187928 9.363705978551246e-07 0.17238188839951993 7.359315346006199e-06 -7.154369652385985 16.35825449550778 0.0002656423878772507 0.00425858393791772 0.16366065200280142
20240628162946 MKBI 113.93879319312464 4.081717 0.0029475737548303824 3.3286602205115845e-05 1.3953801069652517e-06 773.8512810077267 0.22586613246062034 3.1516910807272813e-07 0.07095526941721965 5.514553374305631e-06 -7.37828817042112 29.831994069513925 0.00013633457569406832 0.003920221503877803 0.29905300504079463
20240628162946 MNAI 180.11689459075245 4.081717 0.001154131606441617 1.1376026573972333e-05 2.668141725958901e-07 1293.5463726314947 0.17469837573534375 4.6612002575671664e-08 0.06193200378945107 1.7379957687646007e-07 -8.182283334735198 3.0936052353664256 2.171993641959147e-05 0.0006928459307146719 0.062169653301001396
20240628162946 PASMI 167.6075805927715 4.081717 0.004728586862794603 7.90952696517259e-05 3.4950967029509134e-06 513.9452786879378 0.2771541768150385 9.686806495953157e-07 0.10509910266286646 2.880581906398667e-05 -6.693062012834442 44.90152034805242 0.0003772591886959317 0.008500174726401492 0.44994088555342604
20240629043225 BBSR 114.26463854282211 4.714636 0.010866464239771797 0.0002086666391487687 8.1393787965828e-06 624.4896037830594 0.25143009643133946 2.046484795716013e-06 0.12065480843340279 0.00017785319800328603 -5.909897022829321 90.35806386524325 0.0008000068551514763 0.02047346624829176 0.904621631448786
20240629043225 KPSR 130.40678989413954 4.714636 0.0035088182947115134 6.171790079509548e-05 3.5047986738040914e-06 307.6720774304581 0.3582084499305241 1.25544850026192e-06 0.1105172667533626 1.864905944745876e-05 -6.927910827294987 38.547734798064525 0.000367598198309739 0.006761613700912308 0.3862842932293621
20240629043225 LLSM 156.79496208320447 4.714636 0.005836568001318549 8.666471512983642e-05 2.888805415840569e-06 722.9099144385708 0.23368873510979166 6.750812836060982e-07 0.0932963454947628 3.653434741437111e-05 -6.5611613741814 46.26299372711905 0.00037339428811428046 0.009556958896727155 0.4630026010912755
20240629043225 MKSR 202.23803722887823 4.714636 0.0007134141813652664 1.553339814301882e-05 7.370623637586341e-07 418.7911674898043 0.3070302113422038 2.2630041331719774e-07 0.13680582967387908 7.456629110183394e-07 -8.315053995159268 5.414202914825093 6.68383731555945e-05 0.0013248952773182825 0.0542836342432273
20240629043225 MTSM 206.21258183908645 4.714636 0.005579690519883823 0.0001031393393993969 2.5808794584112717e-06 1727.0566784160383 0.1511912205760722 3.9020631547691234e-07 0.11614328421928183 4.655676333146514e-05 -6.447456464989302 61.7062533517626 0.000282657015520259 0.01114878390060188 0.6174975273504748
20240629043225 PSSM 132.06562801705817 4.714636 0.008523611435708216 9.704300764894628e-05 3.812830896147454e-06 727.3421798786167 0.23297562283647785 8.882966528001191e-07 0.07153531157813894 3.370263410672212e-05 -6.431562906811285 59.158026012657956 0.00033081198109932014 0.008923523475856206 0.5924260455867623
20240629043225 UTSI 154.89094091897465 4.714636 0.0068283236484811905 0.00018649059771913516 6.198077309058202e-06 782.3751990135755 0.22463236568228692 1.3922887686154468e-06 0.17160214480704059 0.00010376253340290896 -6.058465790695156 59.83335456125864 0.0005352199310858867 0.015479280682592458 0.5990065149394163
