20230101024725 PDSI 56.150338450259696 3.179799 0.0007368732349628172 8.518294751982799e-06 1.7782412042943067e-07 785.1916075618592 0.22422913617215642 3.987334891446475e-08 0.07263396455237518 2.0928859252207015e-07 -8.42766747740443 16.62708728647203 3.7032017893643267e-05 0.0011342311342990548 0.1663762836608706
20230101040931 MNAI 66.9349185620892 3.938537 0.0031818191804387705 3.44765381805059e-05 8.094609072464085e-07 2190.8133871493715 0.13423852617591303 1.0866083918577531e-07 0.06808132890452266 2.3983067199839388e-06 -7.104927909594307 17.106294184346076 8.103592569124008e-05 0.003775301365276326 0.34260823839292465
20230103082858 MKSR 87.74431861026859 3.857831 0.001164173100336896 1.0700805253383345e-05 3.568050291539076e-07 922.8589948198936 0.20682936262025126 7.379775675960287e-08 0.05775356115305483 7.504428810477492e-07 -8.127677392571684 23.138775360845603 6.838719449623335e-05 0.002100864538726277 0.23150147054915265
20230103082858 MTSM 104.19916345344924 3.857831 0.009269818185245526 0.00010879142708738015 1.5712671508571787e-06 5077.210777385282 0.08817942686312609 1.385534368114431e-07 0.07374003271288768 5.243093019328705e-05 -6.28022051813023 153.85493192687923 0.00024484524822021613 0.01736004090817018 1.5395539598068781
20230105123143 KTSR 61.10981025177194 3.634394 0.001478301663939976 3.5962378601266297e-05 1.3708963098190046e-06 578.571650380787 0.26121691345118103 3.5810130271253435e-07 0.15284991849125093 6.203175102644329e-06 -7.490144030221596 24.6739850779363 0.00023057145707728422 0.005728977935962096 0.24678423980682124
20230105202817 CIJI 117.55787605316357 3.706471 0.0009898126000836554 1.3159639711734818e-05 3.143412200263099e-07 1245.7428727299834 0.17801871539848027 5.5958620185874726e-08 0.08353546406416833 8.782955648562181e-07 -7.97443699585545 20.572508333315746 6.531171721475926e-05 0.0022489360053442736 0.20586751612808382
20230105202817 CSJR 106.78888850892214 3.706471 0.0011205281460403916 1.388090026325892e-05 3.2286088520468297e-07 1436.6228873629877 0.16577096965598626 5.352096200437036e-08 0.07783496460372698 1.1988173730693414e-06 -8.010899641484913 21.632663287239176 7.379768953162541e-05 0.002727650496394914 0.2164486600237195
20230105202817 PGJR 55.317302226648806 3.706471 0.002680513157040411 3.956373205633904e-05 6.681391383238788e-07 1685.9348551536905 0.15302397306738186 1.0224130550813695e-07 0.09273830993914864 2.839630055304272e-06 -7.12873978827691 32.38312990416234 9.245174978946726e-05 0.003702281451497761 0.3240194036330105
20230105202817 RSJR 98.78109951569033 3.706471 0.0012745695089042446 1.2183408268869646e-05 2.3833640615467382e-07 2861.0065214224587 0.11746823529922486 2.799695703854885e-08 0.060059974204265315 1.3307606249695179e-06 -8.13070625419036 27.141078576588875 5.209259828098473e-05 0.002765150010845615 0.27152141061542395
20230105203838 KTSR 155.6785593472969 3.803187 0.0005824893898187003 1.2323808123735861e-05 3.828247873531589e-07 916.8596777112366 0.2075049358726073 7.943803295016176e-08 0.13293421560117777 1.0045441467151102e-06 -8.2628798503624 11.615755105765214 7.781978061537825e-05 0.0022814125194337365 0.1162497022101337
20230105203838 MNAI 116.99865932755688 3.803187 0.0011327579039409254 1.4053872005073972e-05 3.314606290290098e-07 1892.037418647192 0.14444915570988007 4.787920801430623e-08 0.07795406395669555 3.699543074382662e-07 -7.988197847567248 5.7421455808323465 3.365276516307072e-05 0.0013733170250807576 0.11512345877108233
20230105203838 PKSI 148.0856665552073 3.803187 0.001803774933758779 2.6341575118585267e-05 5.463588993111561e-07 1688.4361425291647 0.1529105844755308 8.354405862707657e-08 0.09175701172882361 1.569996909889266e-06 -7.593040796701579 20.151123847030988 7.085468596810878e-05 0.0026731524844663583 0.20169713632101077
20230107101648 KBSR 53.0571948252394 3.474124 0.004713437791046717 9.816339696995841e-05 4.143271238040508e-06 699.3542416851705 0.23759169821296017 9.844068496029583e-07 0.13085540552079955 5.8466312850011236e-05 -6.50423406549097 69.52952823664916 0.0006844892486925029 0.018063244960087786 0.6956797200209329
20230107171009 BBJN 143.37155736787167 4.048386 0.0028907197880920854 8.895561886794907e-05 2.752144845947837e-06 324.7702455463086 0.34865167141422254 9.595399005137513e-07 0.19335137212696174 1.4827145404986614e-05 -6.693855596619331 41.645201735797 0.0005143693335543144 0.00833439138543731 0.41671307592035656
20230107171009 BKJI 143.43045787230895 4.048386 0.003006336025370065 0.00010017572129593225 3.304561866154525e-06 344.36536450988393 0.33858688822515537 1.118881319208773e-06 0.20936535865289374 1.969911870957116e-05 -6.600117799134306 37.45780040893114 0.0005456353457042142 0.009360647184962559 0.37477084035399755
20230107171009 LCJR 187.6123072547533 4.048386 0.0004087981324423963 6.340429449305042e-06 2.0452238893852263e-07 1256.5395061642996 0.1772522654496647 3.625205677453058e-08 0.09745174939784193 3.254796097441981e-07 -8.756057786043415 8.879965209350228 4.033645605454244e-05 0.0013938577992338146 0.08881656601628825
20230107171009 MBJI 229.05241961134664 4.048386 0.00010128622300388742 3.2978904651750265e-06 1.8493674819682793e-07 172.50673669218514 0.47838421222647964 8.847082059786635e-08 0.2045811987152496 7.455956197020109e-08 -9.658980583413658 2.1778575872339907 5.353067880857457e-05 0.000674565703030202 0.02178467549347979
20230107171009 RSJR 186.6399533845514 4.048386 0.0005699127051426632 1.2051035371506993e-05 3.572439254675103e-07 509.71991051405354 0.2783005529734985 9.942118200403139e-08 0.13286050249327205 5.390088393516261e-07 -8.330637267765203 9.014136275299052 8.024359614712622e-05 0.0016788455747791147 0.09019641095829468
20230107171009 TOJI 189.11669731273017 4.048386 0.001306749555879407 1.912045908705367e-05 5.024118006534024e-07 978.5647322470103 0.20085612902665334 1.0091248945655302e-07 0.09193604624679197 1.5687815110420294e-06 -7.769163974778024 21.000832372758936 0.00010115619434857405 0.0029345266504335736 0.21028314178681967
20230107171009 BBJN 143.37155736787167 4.093514 0.0028907197880920854 8.895561886794907e-05 2.752144845947837e-06 324.7702455463086 0.34865167141422254 9.595399005137513e-07 0.19335137212696174 1.4827145404986614e-05 -6.693855596619331 41.645201735797 0.0005143693335543144 0.00833439138543731 0.41671307592035656
20230107171009 BKJI 143.43045787230895 4.093514 0.003006336025370065 0.00010017572129593225 3.304561866154525e-06 344.36536450988393 0.33858688822515537 1.118881319208773e-06 0.20936535865289374 1.969911870957116e-05 -6.600117799134306 37.45780040893114 0.0005456353457042142 0.009360647184962559 0.37477084035399755
20230107171009 LCJR 187.6123072547533 4.093514 0.0004087981324423963 6.340429449305042e-06 2.0452238893852263e-07 1256.5395061642996 0.1772522654496647 3.625205677453058e-08 0.09745174939784193 3.254796097441981e-07 -8.756057786043415 8.879965209350228 4.033645605454244e-05 0.0013938577992338146 0.08881656601628825
20230107171009 MBJI 229.05241961134664 4.093514 0.00010128622300388742 3.2978904651750265e-06 1.8493674819682793e-07 172.50673669218514 0.47838421222647964 8.847082059786635e-08 0.2045811987152496 7.455956197020109e-08 -9.658980583413658 2.1778575872339907 5.353067880857457e-05 0.000674565703030202 0.02178467549347979
20230107171009 RSJR 186.6399533845514 4.093514 0.0005699127051426632 1.2051035371506993e-05 3.572439254675103e-07 509.71991051405354 0.2783005529734985 9.942118200403139e-08 0.13286050249327205 5.390088393516261e-07 -8.330637267765203 9.014136275299052 8.024359614712622e-05 0.0016788455747791147 0.09019641095829468
20230107171009 TOJI 189.11669731273017 4.093514 0.001306749555879407 1.912045908705367e-05 5.024118006534024e-07 978.5647322470103 0.20085612902665334 1.0091248945655302e-07 0.09193604624679197 1.5687815110420294e-06 -7.769163974778024 21.000832372758936 0.00010115619434857405 0.0029345266504335736 0.21028314178681967
20230110233501 MKSM 115.01999078141158 4.09913 0.0033242438194065645 6.074599623891956e-05 1.6451149797899657e-06 1221.1810595502411 0.17980006254082045 2.957917762530764e-07 0.11481659341898154 2.1364764667771964e-05 -6.938523630741684 54.30388453338121 0.00032096832771690573 0.011014352120968686 0.5432380581643762
20230110233501 MNAI 130.35627285670213 4.09913 0.002027531326715383 2.4984722848234214e-05 6.599092735784579e-07 1664.6327447858089 0.15399997548114885 1.0162601195086526e-07 0.07742600148047728 1.1331528397348633e-06 -7.506269942531408 9.524890676884086 6.074573443402164e-05 0.0023916069590702673 0.19098476277279822
20230110233501 SSSR 169.27889535203275 4.09913 0.0007222047414171815 1.299722826444624e-05 3.439614986929559e-07 1514.6508327409904 0.16144463013575097 5.5530736937422855e-08 0.11307595891018205 1.1388248835228647e-06 -8.269702558436832 14.686628800550707 6.258084752350132e-05 0.0024461483626341957 0.14699885534084434
20230112140550 MNAI 90.92678634609832 3.896611 0.0015374886746163125 1.8530781350993896e-05 6.758200459912501e-07 1315.7611778583505 0.17321732769956352 1.1706374237240046e-07 0.07572890456847012 1.1116624456536216e-06 -7.803254982513048 8.196056557079183 7.166861345650928e-05 0.0025474769179357195 0.16416737867365933
20230112140550 PKSI 135.87310007180113 3.896611 0.0010703745618134784 2.0613931451555247e-05 5.010347476823569e-07 1173.0709149101303 0.1834500079191177 9.191482843008152e-08 0.12100544598161818 2.5229863308322857e-06 -7.8732802472476 22.46862613751096 0.00011526882853231851 0.003721157669647844 0.224863182446743
20230113052624 CLJR 103.97623408134655 3.290036 0.000518473417677728 7.197354803908539e-06 1.938891161048275e-07 1055.9574977130255 0.19335555305287275 3.7489537275381576e-08 0.08722204921716116 4.2677309445755153e-07 -8.640600829018533 10.51854706096771 5.1203656127779716e-05 0.0016284066937977632 0.10532793381389377
20230113052624 WSJM 85.44557224254758 3.290036 0.003224049666211178 4.6516623713225436e-05 1.2004589625340532e-06 1196.288508661941 0.1816610846257794 2.1807667718267398e-07 0.09065386607335083 7.137670917750424e-06 -7.080807446174566 37.46237928901282 0.00014923838022920047 0.005206640662909506 0.3749393872270543
20230114014708 CLJO 64.64991853712361 3.040222 0.002943244694422889 3.9236823026343504e-05 1.5298596713031898e-06 1067.1056920651502 0.1923428957449207 2.942576392618281e-07 0.08376205702729286 6.026792128060437e-06 -7.142325593965449 49.80995202546735 0.0001432882917058488 0.004546282218671838 0.49845100323848357
20230114014708 CLJR 33.04432793874097 3.040222 0.003660997697205428 5.7369699446108494e-05 1.2836993957813808e-06 2179.1546233959994 0.13459714403504558 1.727822724716875e-07 0.0984607154798959 1.6197906904179745e-05 -6.919353593463492 64.14034271150484 0.00018923620866193844 0.008895075636080663 0.6415927571394675
20230114014708 CSJI 69.2835120857721 3.040222 0.0025372667597865547 2.7548755728897645e-05 5.25695656982064e-07 2344.249374695669 0.12977109342875706 6.822010021731126e-08 0.06822063015614901 1.6575115672897928e-06 -7.4440450129429605 28.0926840744692 6.006010158344564e-05 0.002831444693980867 0.28111509382362976
20230114014708 WLJI 20.70644690953609 3.040222 0.010187164765965668 0.00010995737631959475 2.0434018644985134e-06 2303.2143425151507 0.13092201782176638 2.67526295320905e-07 0.06781892579331456 4.998533402860438e-05 -6.28608401277218 187.17500030141895 0.00034681927575193664 0.016639169725828316 1.8735458541855219
20230114192812 LLSI 164.0800041327197 3.981442 0.0014154698055427154 3.485829347358975e-05 1.5335813637084737e-06 501.401811667755 0.28059951687878015 4.303221897508985e-07 0.154733867532156 4.430437628534213e-06 -7.501406062885768 19.522870031583167 0.0002045743313646097 0.004417498014701165 0.19536422602221143
20230114192812 MBSM 71.09130652584102 3.981442 0.018688104363649295 0.0003541100207691104 8.843256037609088e-06 1334.3852128141282 0.17200428174708968 1.5210779030545654e-06 0.11905642414697327 0.0002054323782449071 -5.310605990617677 215.10426537553786 0.0007467409617749033 0.027347579912280307 2.1521261845259616
20230114192812 MNAI 182.30737313412249 3.981442 0.0006135711589412287 1.153558088297839e-05 3.7311907186624695e-07 1004.2589200652509 0.19827000584566076 7.39783205600483e-08 0.11812842122302898 1.744384382770754e-07 -8.267263743630581 3.9448383128182707 3.1344164251335653e-05 0.0009583012615043097 0.07908868249560877
20230114192812 STSI 146.55669133749316 3.981442 0.0009761949606207621 1.5550227509193307e-05 4.572548541571428e-07 1003.3646410071259 0.1983583432339323 9.070031530628419e-08 0.10008754905570567 2.2309340321253836e-06 -7.986819908738301 24.14218957847053 0.00011323283787099375 0.0035050014557337188 0.241658678008087
20230117045047 BPSM 117.27600725076809 4.551036 0.00298448542981406 5.169695779158934e-05 1.582750513941767e-06 981.5198167585793 0.20055353999538753 3.1742621850054035e-07 0.10883670678272818 2.2240011480411715e-05 -7.104164354672669 70.47674071253385 0.00037948959435997877 0.011520396919315185 0.7052966300036313
20230117131019 CIJI 113.34512413491987 3.493695 0.0008256952093725225 8.430060752558932e-06 2.8170350537567774e-07 1107.9191752240292 0.18876689354374904 5.317629561015149e-08 0.06414913548954912 4.045597450417109e-07 -8.37813344189821 15.923243285760508 4.4245142681750205e-05 0.0015021801836833906 0.15926341063380742
20230117131019 PGJR 51.76578947624479 3.493695 0.0011187409633366943 1.408039953627254e-05 3.181035841474854e-07 1717.751047218804 0.15160019410950556 4.822456510368822e-08 0.07907975338782708 8.930330009012966e-07 -7.993716786660432 21.742591756364686 5.395369836079409e-05 0.0022067303785387763 0.2176304544286659
20230117182339 TRIYO 46.89319108048231 3.64525 0.002982958320798704 8.625635553825809e-05 3.091002293638489e-06 764.8100324910441 0.22719725517259245 7.022672368468524e-07 0.181686972288546 2.030654900452378e-05 -6.741249205853282 37.175429440824644 0.00033220723540499324 0.008614601743835184 0.3717860973559078
20230118154054 ABSM 73.86315287266038 3.189732 0.002181518584953693 2.3369799217843388e-05 4.118303375063279e-07 2338.9634986587284 0.12991764697695898 5.3504028402548977e-08 0.06730943302067144 4.000583949433807e-06 -7.676508293766866 41.45936834628836 0.00010503385833425161 0.004796555406704135 0.41476284087622894
20230120180507 MNAI 157.51308174081018 4.332911 0.0006338605996371939 1.0174673899126186e-05 5.387000286384619e-07 506.7068038655062 0.2791267766742539 1.5036560258818214e-07 0.10085713102364283 3.340808675435484e-07 -8.38984356277499 4.449736702214414 6.6291199655903e-05 0.001443629827842111 0.08906383748087818
20230120180507 MTSM 201.96491441873493 4.332911 0.001383687697698473 1.7339645339633878e-05 5.29277883612468e-07 1090.36576730115 0.19028027232798642 1.0071113983096072e-07 0.07873756846354073 2.6903948608153913e-06 -7.951714873185216 30.60121405966583 0.00012536103190159453 0.004135497776318142 0.3060701892794533
20230120181511 MNAI 163.7711192528038 3.964282 0.00047708454980768475 9.11497325950378e-06 2.3723755640485872e-07 781.8773941479875 0.22470386365131328 5.3308195527368115e-08 0.12004384984283234 1.5713233947284793e-07 -8.683892430867852 3.1011574043226626 3.615727347468877e-05 0.0009603650377483453 0.062148705437973704
20230120232358 CSJR 35.99287417409613 3.52669 0.0041371605877515965 0.0001114920085000681 6.172705299309676e-06 336.93433937356093 0.3423002613454587 2.1129186371622e-06 0.1693250563561712 6.540733205142193e-05 -6.625078374574939 75.84124890699204 0.0008620902732160899 0.017420260444868954 0.758475964935673
20230120232358 DSJR 20.032051336245242 3.52669 0.022002092921418817 0.0007411184567779334 3.634022417723582e-05 307.68720308906364 0.3581996452008207 1.3017055406804156e-05 0.21164280212513703 0.003146289713893028 -4.962269506599702 386.70049800650156 0.0071157939339789155 0.1262005382816449 3.867490116039276
20230120232358 JABI 66.64096051542187 3.52669 0.003815759324232816 5.1795738135741285e-05 1.3542233477605477e-06 2009.3658114722766 0.14016848006406885 1.898194283228709e-07 0.08528898003661259 8.307605122925355e-06 -6.912591160386397 51.15624408913387 0.00014768802595213905 0.006372260858077966 0.5117087328000397
20230120232358 SCJM 14.502066090374607 3.52669 0.010434090359012702 0.00018808330554710733 1.4047174762196267e-05 108.88215907670217 0.6021455848564448 8.458444262763361e-06 0.11325973048705461 0.00024830858626485354 -5.908946464760908 109.10128166861244 0.0037138931063931675 0.03822953865749201 1.0911184529509745
20230120232358 SSJM 18.06832263868526 3.52669 0.010962429727604655 0.00029899693136491216 1.8708037142052168e-05 253.38958374103618 0.3947166891366768 7.384374480956809e-06 0.17137196522347006 0.0005076030073983923 -5.822680522016234 190.1938926620615 0.002872726586001097 0.05051717029082983 1.9020622300605619
20230122004441 BEFA 55.39392897193432 4.375156 0.025626896186482753 0.0002333421120766245 4.515788102764511e-06 2683.2943462450326 0.12129578529813097 5.477460641647783e-07 0.057210663338911484 0.0003116492731203221 -5.589329175398573 374.2569949643296 0.0008158664259613881 0.04009650399133294 3.743141969876782
20230122004441 BEPA 52.69152918670099 4.375156 0.03441966125569385 0.00032135797437243997 5.6901860871239415e-06 2556.7434141262024 0.12426141518694322 7.07070575863076e-07 0.058662741853332215 0.00040154814100361406 -5.200520633183448 440.7432754322879 0.0008502027990405557 0.044188291857449935 4.414146395674981
20230122004441 JMSI 165.84826503235237 4.375156 0.0018575024649654013 3.329346603029951e-05 1.032274487540156e-06 950.6962264822455 0.2037787919481437 2.103556480298221e-07 0.11261843283236612 6.50689206123181e-06 -7.520010643430997 32.85255817802117 0.00020277738990694404 0.006225232603996462 0.3286500394823302
20230122004441 KSI 91.82063801237963 4.375156 0.003301730670189715 5.526730203175976e-05 1.771113121298428e-06 1354.2649312422814 0.1707371595649652 3.023948235987333e-07 0.10517353920738073 2.4596218338395317e-05 -6.948107906492467 74.0094457837528 0.00032427606717947007 0.012238780364258347 0.7402897247700778
20230122004441 SKSM 250.567621368032 4.375156 0.00558997185451441 9.941364543102295e-05 2.1816365630644158e-06 2086.4705601261676 0.13755416272505055 3.000931908026827e-07 0.11174195014969807 2.1533449177441405e-05 -6.449961783687685 54.63164258984936 0.00020692396308765013 0.008443034934407657 0.5466085484993646
20230122004441 STSI 216.07708706035578 4.375156 0.003699034896805551 6.465231816310459e-05 1.548969865252487e-06 784.6910636433918 0.22430064115215115 3.4743493390149397e-07 0.10981850858134058 7.342184439234901e-06 -6.8546599631737966 34.384647651697776 0.00022575687198859735 0.006012055627693762 0.3439804902136995
20230122004441 ULSM 105.48482089601262 4.375156 0.0019167542863030732 2.49445774104995e-05 8.478279012696748e-07 802.07172266772 0.22185706620196977 1.8809661081986334e-07 0.08176916749290224 6.644287149457252e-06 -7.635723821344442 42.47069921658487 0.00022379107067936103 0.006376412493930233 0.4249243983201384
20230122004441 UTSM 89.93087787150681 4.375156 0.006640929340165583 0.00010010795380982399 2.4225989680191925e-06 1003.8653855186911 0.1983088648662715 4.804228513740868e-07 0.09471518100718349 3.735346662976824e-05 -6.455287382109367 89.23343397974222 0.00045994413253968853 0.014091273225183002 0.893067098994925
20230122004441 BEFA 55.39392897193432 4.258459 0.025626896186482753 0.0002333421120766245 4.515788102764511e-06 2683.2943462450326 0.12129578529813097 5.477460641647783e-07 0.057210663338911484 0.0003116492731203221 -5.589329175398573 374.2569949643296 0.0008158664259613881 0.04009650399133294 3.743141969876782
20230122004441 BEPA 52.69152918670099 4.258459 0.03441966125569385 0.00032135797437243997 5.6901860871239415e-06 2556.7434141262024 0.12426141518694322 7.07070575863076e-07 0.058662741853332215 0.00040154814100361406 -5.200520633183448 440.7432754322879 0.0008502027990405557 0.044188291857449935 4.414146395674981
20230122004441 JMSI 165.84826503235237 4.258459 0.0018575024649654013 3.329346603029951e-05 1.032274487540156e-06 950.6962264822455 0.2037787919481437 2.103556480298221e-07 0.11261843283236612 6.50689206123181e-06 -7.520010643430997 32.85255817802117 0.00020277738990694404 0.006225232603996462 0.3286500394823302
20230122004441 KSI 91.82063801237963 4.258459 0.003301730670189715 5.526730203175976e-05 1.771113121298428e-06 1354.2649312422814 0.1707371595649652 3.023948235987333e-07 0.10517353920738073 2.4596218338395317e-05 -6.948107906492467 74.0094457837528 0.00032427606717947007 0.012238780364258347 0.7402897247700778
20230122004441 SKSM 250.567621368032 4.258459 0.00558997185451441 9.941364543102295e-05 2.1816365630644158e-06 2086.4705601261676 0.13755416272505055 3.000931908026827e-07 0.11174195014969807 2.1533449177441405e-05 -6.449961783687685 54.63164258984936 0.00020692396308765013 0.008443034934407657 0.5466085484993646
20230122004441 STSI 216.07708706035578 4.258459 0.003699034896805551 6.465231816310459e-05 1.548969865252487e-06 784.6910636433918 0.22430064115215115 3.4743493390149397e-07 0.10981850858134058 7.342184439234901e-06 -6.8546599631737966 34.384647651697776 0.00022575687198859735 0.006012055627693762 0.3439804902136995
20230122004441 ULSM 105.48482089601262 4.258459 0.0019167542863030732 2.49445774104995e-05 8.478279012696748e-07 802.07172266772 0.22185706620196977 1.8809661081986334e-07 0.08176916749290224 6.644287149457252e-06 -7.635723821344442 42.47069921658487 0.00022379107067936103 0.006376412493930233 0.4249243983201384
20230122004441 UTSM 89.93087787150681 4.258459 0.006640929340165583 0.00010010795380982399 2.4225989680191925e-06 1003.8653855186911 0.1983088648662715 4.804228513740868e-07 0.09471518100718349 3.735346662976824e-05 -6.455287382109367 89.23343397974222 0.00045994413253968853 0.014091273225183002 0.893067098994925
20230122045836 CBJR 10.823272691924075 3.704196 0.1651704481155271 0.004999404905724085 0.0001664160802751702 496.3050246883284 0.2820366401117172 4.693543214137082e-05 0.19018043364704149 0.05605031813419958 -3.211846632161657 1290.314868011465 0.020151264551441648 0.4246574224736407 12.909066124447492
20230122045836 CCJM 40.83182625025069 3.704196 0.005987916474115248 0.00011198626256115207 4.005856125216296e-06 824.8864277532243 0.2187674926908014 8.76351100593658e-07 0.1175083925388508 6.891130301384723e-05 -6.462669816889377 107.05414284258035 0.0006759315443320904 0.0187066265398148 1.071067988562953
20230122045836 CSJI 113.87706807848227 3.704196 0.0029112908027004586 3.946386698230726e-05 1.1200129836318538e-06 341.0845706031487 0.3402113759153114 3.8104115820440614e-07 0.08517142600722699 3.1386832381379983e-06 -7.187463843894574 27.57112854483104 0.00022412290381864207 0.0039246451941885065 0.27587627017602656
20230122045836 CWJM 11.654120531882205 3.704196 0.03008037271499339 0.0008105816752742436 4.204072204987357e-05 427.79030551001216 0.3037836522532463 1.2771284087674175e-05 0.16931422095755977 0.004031496572237411 -4.763762514383951 594.2939323675004 0.007096082789816063 0.14906749206757508 5.945219296264867
20230122045836 JPJI 21.456321673572315 3.704196 0.010487574388952578 0.00021291422152417723 1.1794463518294841e-05 404.3827193641371 0.31245219080431164 3.6852059656527526e-06 0.12755852390229364 0.0004484600366002592 -5.835351478009503 217.3664804918506 0.002260503868454164 0.049196358516211264 2.1740764931346823
20230122045836 SCJM 19.9843723277773 3.704196 0.009003750905016292 0.00017913204709880273 7.658705010382834e-06 209.03391351275212 0.4345817582055831 3.32833348899008e-06 0.1250056624455408 0.00013855549801700855 -5.904393748945283 101.34581065513572 0.0019825925161149833 0.0272256078159836 1.0137632161588481
20230123175859 IMSR 33.47837901765638 3.034453 0.0011217238413623615 1.359953424173558e-05 2.9846006573260077e-07 592.3192346483701 0.2581677265909765 7.705275664837894e-08 0.07617596290757221 5.333434707625827e-07 -8.11965826995371 14.309103780296732 7.317932658906218e-05 0.0016797474125308334 0.14314813483806993
20230123175859 KBSR 74.70243849982751 3.034453 0.0007004244719572236 1.3426828975599711e-05 7.816087237614075e-07 259.57483668030545 0.3899856021536165 3.048161487846122e-07 0.12044589805059451 1.4813856336935953e-06 -8.269630215797676 10.69684004020329 0.00019607536605174762 0.0030644471213158906 0.1069975749083999
20230123175859 MBSM 51.626413554278734 3.034453 0.0017919618619674504 1.4752983156579208e-05 3.6907075156001994e-07 2442.4629564576503 0.12713521900322566 4.692189082726823e-08 0.05172862713981696 6.153210292996547e-07 -7.703114034733952 27.826714056714355 3.716357491269247e-05 0.001739625953499495 0.27847758082018353
20230123175859 MNAI 232.24773806705088 3.034453 0.0002316896729063618 1.7800596999193896e-06 1.0480677302981486e-07 174.61268236557086 0.47549064447675177 4.9834640053475314e-08 0.04827338574109104 6.238891055592601e-09 -9.604332580547853 2.139005745219468 1.5491918506872233e-05 0.00020014416579318276 0.042829152946478516
20230123175859 STSI 75.64748350720046 3.034453 0.000658933339622668 1.3032236060121378e-05 4.0586889859015453e-07 632.0113002660851 0.24992945756729307 1.01438593668072e-07 0.12426743224062801 4.0261948666685716e-07 -8.258942420993424 14.642747600429491 5.987371575621447e-05 0.0013478543427520562 0.14649096941202774
20230123175859 TMSM 37.77975373804557 3.034453 0.001971276384610142 2.44425580565127e-05 4.3668890457377363e-07 1587.549104943816 0.1576944049275782 6.886339694523721e-08 0.07790745267865494 1.410511916185886e-06 -7.501245117879198 33.90861676850269 7.210554845965786e-05 0.002843542111632966 0.3392608138677981
20230123194502 AMGI 71.25311021117878 4.459084 0.014268255149202231 0.000219426281285596 5.3712258193181795e-06 873.4986819230635 0.21259289272590928 1.141884434412944e-06 0.09662681050806676 9.12351052697076e-05 -5.766223401063329 97.6390401464341 0.0007593035277703991 0.018235238480283588 0.9818781537793098
20230123194502 BACE 59.91781507780419 4.459084 0.0036690022119920036 0.0001306547582365701 9.933674501518404e-06 102.53076744233535 0.620515685752018 6.164000845347028e-06 0.22374695076005785 0.00018712528253035795 -6.487679501711808 74.58869753132348 0.003395758302349154 0.03335218384338262 0.7462919183548442
20230123194502 CPJR 131.01628180329945 4.459084 0.0005737982762317561 2.661492426517986e-05 1.706642548457342e-06 173.37936762016287 0.477178822397122 8.143736815256977e-07 0.2914377892399472 6.640733121243798e-06 -8.031087718995524 14.382801002321099 0.0004665050735157723 0.0061978292706526186 0.1439196728199606
20230123194502 CSJI 81.00810412395957 4.459084 0.0022130653180143507 4.538546915607731e-05 2.9556485689443965e-06 205.87458775262067 0.43790358139914803 1.294289093698018e-06 0.12885535308861956 1.4209752345730744e-05 -7.131861682726613 45.93917621110095 0.0006035450024544334 0.008921761683166548 0.45995776029287205
20230123194502 JAKO 76.19353927989569 4.459084 0.004330078154753057 8.325715108843308e-05 3.375013213473252e-06 648.3755285913303 0.2467553404962928 8.328025346700796e-07 0.12081077748267734 6.33192166712941e-05 -6.648353892940175 92.62659850944443 0.0007788489467097845 0.0197714248327564 0.9272042110858205
20230123194502 JBJI 75.20417278638173 4.459084 0.0015735381249871898 5.7927966276565126e-05 4.15820024464185e-06 82.10113973004621 0.6934342290456016 2.8834383808604534e-06 0.23130812072740317 2.3556891647652274e-05 -7.161837451307218 34.492665443469875 0.001355867025923049 0.011878172540943784 0.3450389707954449
20230123194502 JPJI 51.84526256646731 4.459084 0.003691230485126004 0.000120315621816041 1.2696097140412923e-05 155.45029933175584 0.5039460982064354 6.398148616360975e-06 0.20480036406963054 8.243339769077949e-05 -6.501003952089698 75.45406396466588 0.0014446845285381361 0.02040177915604129 0.7552566897603116
20230123194502 JTJM 37.864074063875016 4.459084 0.009233637635848611 0.0003850195245918351 2.295841827259963e-05 328.97738872274533 0.34641512351144516 7.95314330153002e-06 0.2619930644127294 0.0006079298500671982 -5.562334885861559 133.22081824982038 0.0028404911189242412 0.050282947440605213 1.333596361616156
20230123194502 PTJI 71.21636197127897 4.459084 0.009649673117079238 0.0001403397797591998 2.647450477796623e-06 516.9110875952647 0.2763579385548783 7.316439564700023e-07 0.09137934845017015 3.739686987078527e-05 -6.108723556164558 75.13606495644291 0.0006564559599005101 0.012867811922704838 0.7530711134561063
20230123194502 PUSI 78.38439825705063 4.459084 0.004929770766425016 8.510841564369679e-05 2.6717816326626905e-06 1300.2181907731526 0.17424958381127215 4.65556837526075e-07 0.10847399849336233 5.094861794737769e-05 -6.61303667863485 108.58895181322379 0.00047327714411553063 0.017007382613403465 1.0864042585233102
20230123194502 TASE 68.53979752022921 4.459084 0.0027116470767737126 5.576265800747661e-05 3.4958774592300227e-06 182.91953701099783 0.4645685667906445 1.6240747809102115e-06 0.1292082279006308 3.50260408849805e-05 -7.064683158226531 56.26914518137912 0.0010752276761097019 0.014740357237224364 0.5638434810391069
20230123225522 BOSM 81.76613505861295 4.695034 0.004383889745809013 8.794882595314246e-05 3.644624283848945e-06 350.5332543257125 0.3355948255580462 1.2231170507629058e-06 0.12605215985204973 4.2134597576668264e-05 -6.6982345909035255 73.26274652520493 0.0007669213648384835 0.014336841092462162 0.7327502745445136
20230123225522 ILSN 125.93397459016914 4.695034 0.0018060202511793843 5.222723382425734e-05 2.238302829715084e-06 216.81666503292976 0.4267107050880259 9.55107778668247e-07 0.18169972788783106 1.7305046936012102e-05 -7.1106582084757335 38.15883537751658 0.0007118692323820363 0.009739713943035869 0.38180500565376524
20230123225522 MTSM 143.56790977425823 4.695034 0.009002881614670229 0.00011176764236703313 2.2131132609347837e-06 1282.820815185903 0.17542717479668524 3.882402068708684e-07 0.07800355912648181 5.707749559116943e-05 -6.201372575466706 129.89727233487275 0.0005215169119542224 0.01738873658561796 1.2992112885079377
20230123225522 PPLI 106.35694866957755 4.695034 0.004844155222064234 0.0001355164398071091 4.4568346645114535e-06 402.3699754963775 0.3132326935418946 1.3960263266358088e-06 0.17577366216487106 4.3673751067793937e-05 -6.310067045100693 53.1264204743679 0.0007488688855135225 0.01314385034927802 0.5317104130055427
20230123225522 SUSM 62.38532482930665 4.695034 0.004426524280461527 7.400663529790738e-05 3.1767423935332737e-06 406.886255092047 0.311489462049631 9.895217792319366e-07 0.1050479730993653 5.711124036314155e-05 -6.762048279616186 86.13181789308166 0.0009418983520208585 0.018768138943474247 0.8614039544200821
20230127180033 CLJR 164.96628368071202 4.14824 0.0002478497524655491 7.2715549073902145e-06 5.963436486191884e-07 174.31809073038394 0.4758922563665616 2.8379532451125354e-07 0.1843396109940214 4.7569124525064833e-07 -8.91645105660856 5.7719849932302685 0.000125292276406326 0.001733643855409031 0.05772457629729698
20230127180033 PGJR 55.16672951966616 4.14824 0.002229664161733202 5.234547772748623e-05 3.5836399820638572e-06 184.5703633082641 0.4624863132450946 1.6573844433024302e-06 0.14750936136452686 2.5289382572334097e-05 -7.080118813297535 32.51283316728619 0.000909107400778908 0.012072199184254019 0.3252247967976567
20230130070415 MTSM 66.24390298679275 3.756313 0.01830563476412148 0.00019877320664119045 2.2489510762187403e-06 4732.132176070442 0.09133798680505052 2.0541466372487149e-07 0.0682264727512626 6.793904343490605e-05 -5.704220644173199 158.4517264962687 0.00025942972687049466 0.016629132330360837 1.5851782010270203
20230201093348 BOSM 83.42768542793051 4.78624 0.005524616460149121 9.429660314482641e-05 3.8709938637791485e-06 798.371674319748 0.22237056950017456 8.607951100202504e-07 0.10724419254626869 7.77051982838472e-05 -6.558125559030611 129.24412641076742 0.0007180649330662624 0.020369271341124477 1.2932179728532107
20230201093348 KTSR 140.31843796282263 4.78624 0.0019415860551462204 3.497973423113925e-05 1.3561387926751284e-06 733.1931350130538 0.23204417637631072 3.1468410919826456e-07 0.11319825437950475 1.2686959067587439e-05 -7.452123969075986 41.003057079180635 0.00031367610687479583 0.008790905883882828 0.4100528829931368
20230201093348 LHSM 121.52084350691402 4.78624 0.004011060076700695 7.858765263094787e-05 2.9119652601156048e-06 589.2758907602046 0.25883352792330866 7.537142414658372e-07 0.12310480892688727 3.451396339423538e-05 -6.791581195132957 61.72869347100333 0.0005845555511159977 0.013427628726930733 0.6174410529553236
20230201093348 PPSM 69.34176181113315 4.78624 0.023539199245979855 0.0001224955286602079 2.8789340122411827e-06 1233.0936448280977 0.1789294547947999 5.151260932005206e-07 0.032697038579358684 0.00011885402751443612 -5.861361192631308 420.0288485297459 0.0007746855200344561 0.026461150577112336 4.202844108410453
20230201093348 SUSM 103.80411472879332 4.78624 0.012075726625212228 0.00023503526197992796 6.261273080451794e-06 985.6067316113645 0.2001373006038945 1.2531142926654533e-06 0.12229244256474997 0.00027058971363243115 -5.758570830832992 191.034732350225 0.00121436388047328 0.03768602014387512 1.9115148907642392
20230202112836 CILA 94.70510904554035 3.920359 0.0107798982124548 0.0002278757399689531 6.024311207221894e-06 1184.5232755706334 0.1825610264489233 1.0998044376381812e-06 0.13281994625713223 5.172783043392952e-05 -5.78119551692301 93.56060848199584 0.00040222602740056185 0.013030112447135651 0.9360871284520423
20230202112836 PKJM 182.52282372290847 3.920359 0.008925253595236965 0.00016274141183180576 5.139013030348075e-06 528.9741652423379 0.2731886408116866 1.4039199848743374e-06 0.11456643072158175 0.00016761290043650783 -6.07619110497457 127.88330042892751 0.0014210265820443642 0.0314871863569479 1.2800425020702502
20230202112836 SCJI 108.03878519629404 3.920359 0.0030622038272862867 4.1696173300641234e-05 1.3583552394091783e-06 213.95244135549808 0.42955743964443005 5.834915987682034e-07 0.08555432565061244 3.4811434012372296e-06 -7.131728251695559 34.516889206172266 0.0002706414331015513 0.004416799882020735 0.3452861609396189
20230202121912 BOSM 91.1489683440693 4.938228 0.009297696621103788 0.00015672859361546686 5.8890093411065345e-06 617.7143074874731 0.25280522053642673 1.4887723052195146e-06 0.10591384476714785 0.00015105813253312686 -6.112199559255678 156.78629318485707 0.0011581995655708952 0.028373701753214457 1.5686873988950638
20230202121912 MNAI 179.4205414916831 4.938228 0.0017105920091350234 3.3712151587408274e-05 1.436738046766366e-06 524.0406345078032 0.27447158259567245 3.9434376547137973e-07 0.1238282971019625 2.356636582124622e-06 -7.4348664099800414 9.977016954074488 0.00016218905618317777 0.0037604101933238604 0.19971773070939972
20230202124555 BALB 99.19184467283229 4.468171 0.005660113277881803 0.00010986485559011368 5.6847613813486665e-06 449.58354691621923 0.2963293468054086 1.6845616268796628e-06 0.12195891010109648 9.118141486321197e-05 -6.507124383831436 78.44635654423732 0.0010030168484692907 0.0210371190816893 0.7849149314142234
20230202124555 JABI 125.32552358362793 4.468171 0.0056847719830596145 0.0002164292382224546 1.078291846409335e-05 275.8385179301679 0.37831399981365504 4.079329013815669e-06 0.23921188285048875 9.69865239282918e-05 -5.990453894068744 73.3311755464394 0.0011769521172724446 0.018818155276091764 0.7337201189478808
20230202124555 JARU 116.71967189238049 4.468171 0.010058855282764585 0.00019807197945343575 6.3200004297869785e-06 420.9645310103346 0.30623661507176586 1.9354155388700697e-06 0.12372411333904375 7.3279533108601e-05 -5.821129610419522 95.92604743458713 0.0008994051763647523 0.017744410939645332 0.9593100272920004
20230202124555 MLJR 53.52990444640857 4.468171 0.017833576648419565 0.0005287875341182364 1.5601881649633042e-05 857.749105398591 0.21453577893154696 3.3471618325018335e-06 0.18630419071240364 0.0007514085825687468 -5.084880021088645 358.32933387265234 0.0020828506268792185 0.06287164240167613 3.586769985385044
20230202124555 PSJM 55.267608371233365 4.468171 0.0023455055350589697 6.706294221391838e-05 4.359761662139275e-06 216.45153895547443 0.42707045664499127 1.8619254039131465e-06 0.17964949853087075 3.7684462296338614e-05 -6.975386674345477 49.71056383805865 0.0009724355366950386 0.014447965285728491 0.49810075745241783
20230202124555 SBJI 126.1307888948894 4.468171 0.005014261524681767 9.426817327243806e-05 3.2810205193560533e-06 419.1281439218905 0.3069067613297002 1.0069673814518571e-06 0.11812395470889069 1.861292306550425e-05 -6.5194946426195255 49.054406153618544 0.0004631628561124762 0.009212419923810397 0.49066358737065985
20230202124555 SCJM 128.11071263869988 4.468171 0.0011286159712742287 3.0317089035660712e-05 1.6122030779433785e-06 203.03777901096367 0.44095212646128495 7.109043755065615e-07 0.1687800750952109 7.254218213070839e-06 -7.700142074325879 26.12833749849605 0.0004597372134187676 0.006380994871292622 0.2613425937492767
20230202124555 SSJM 99.70794133912548 4.468171 0.005215430764735289 4.94790758324947e-05 1.682464596198392e-06 618.0133391154245 0.25274405203193684 4.2523291944345796e-07 0.05960892135423341 1.741912306635968e-05 -6.903264522288474 64.63226361417875 0.00041429844911365817 0.010022774204887622 0.6466926157192758
20230202124555 TASE 115.2552296244955 4.468171 0.004017559149408595 0.00012194943724562418 5.762166340728775e-06 288.34389324701846 0.37001939552635393 2.132113306318764e-06 0.19072050561677925 5.685401418246879e-05 -6.386783027849179 60.93675371022356 0.0010931862006994578 0.017794213010830437 0.6097213181904219
20230202124555 WSJM 71.82317054488993 4.468171 0.02355483165401145 0.00040651329662724995 9.395756573128872e-06 930.8373786776599 0.20594106822606686 1.9349721454622494e-06 0.10843628220567167 0.00038146749059709965 -5.151553893054201 260.55403889271776 0.0014970567313033322 0.042952733981559854 2.607527798905773
20230207003552 BALB 120.37211240080805 5.16353 0.01580556400170808 0.0006952600255984191 5.014610229517816e-05 148.5385415446547 0.5155375349934533 2.58521979667857e-05 0.27638669376412 0.004912503037260214 -5.105630430555339 320.2934668272428 0.01398468994303487 0.16358181114930206 3.203658476833697
20230207003552 CBJR 186.2401616926714 5.16353 0.01115684797634145 0.0007179876100024214 6.955622992917765e-05 116.99162198686243 0.5809014857994645 4.040531731246848e-05 0.40434800325956655 0.0023879057112121058 -5.115135972650873 210.39130481662806 0.009299055047841013 0.0995472594043342 2.1040680003232595
20230207003552 ILSN 233.04308038010237 5.16353 0.0027752577201260063 0.00012110920463043294 8.676183020032102e-06 210.3133428046483 0.4332578649384477 3.7590245310743217e-06 0.27419131909075184 0.00018243657544344727 -6.619232143455391 67.99996395245383 0.0022356877117504646 0.032552403648475906 0.6803629189083089
20230207003552 JAKO 169.39103209510685 5.16353 0.021598537752390998 0.0010323043090964324 7.713742745394262e-05 124.74511674409636 0.562559018654282 4.339435549000583e-05 0.3003054809455723 0.005939939509118031 -4.803805043614082 351.43051172973856 0.014563958898585102 0.16668626035466255 3.5172029339172375
20230207003552 JARU 143.0101359413052 5.16353 0.027940516686275545 0.0010541554707680012 5.184989397799921e-05 206.38083739316335 0.4373661655947523 2.267738931565195e-05 0.23705553622299128 0.004662710623431218 -4.630597225759771 389.2451289794598 0.010350274331163405 0.14952047360538723 3.8942199114286145
20230207003552 JPJI 194.02932231865822 5.16353 0.006418151499175627 0.00033237788607171136 2.0242065034104045e-05 103.6622496159244 0.6171199035646021 1.2491781221794692e-05 0.3253883692937801 0.0007117280134864839 -5.802756313807961 103.97855592850445 0.006480901728972482 0.06439706405719867 1.0400099731034478
20230207003552 KTSR 250.5546127436766 5.16353 0.0021470860793792908 9.505606585638768e-05 7.1169038966748855e-06 129.04040521152498 0.553117003321055 3.936480556252752e-06 0.2781699728218688 5.669704539330259e-05 -6.821172854830252 41.017099393223404 0.0015741035426313952 0.01692407549961368 0.4104060922302598
20230207003552 MGJR 199.54626894940975 5.16353 0.004890881137433643 0.0001642232183235335 8.61480693426547e-06 329.4198743191071 0.34618238829605236 2.982294439213413e-06 0.21097321392063184 0.00020571721560223968 -6.226072980847474 101.70333390260117 0.0018830994872772397 0.03333316080319003 1.0189035925521461
20230207003552 PPLI 199.23535676294156 5.16353 0.002714447270560445 0.00011884676910715731 7.652238460496785e-06 133.1446237661839 0.5445252849521838 4.166837328224072e-06 0.27509698993183196 0.00011178111457946527 -6.609857216952225 40.31069105900103 0.0021683286110281983 0.024821809433154193 0.40369386221281134
20230207003552 PTJI 156.59726501827473 5.16353 0.022819192522868778 0.0008876331467945549 5.904964867353541e-05 174.81782759266872 0.4752115731970633 2.8061076442884643e-05 0.2444067002158751 0.003434414620770893 -4.737320293458422 312.21225996840775 0.00987285393233599 0.12553513136010475 3.12353339556544
20230207003552 PUSI 172.56361016386276 5.16353 0.015263132374575099 0.0008946714191757391 7.48525108195789e-05 106.02213729825348 0.6102131900652586 4.567598941160953e-05 0.36829833993200906 0.00355985923394412 -4.942942857611564 259.04436579084324 0.01151086049649953 0.12057261159141995 2.5914463719355605
20230207003552 SCJM 159.58210383204542 5.16353 0.0035156885478296084 0.00017811297926074705 1.7346045488345498e-05 130.54630989725382 0.5499175351689053 9.538894579878667e-06 0.3183208179803041 0.0002749936041712314 -6.26998354917699 84.85035087554738 0.0034341634554586192 0.0380279061441688 0.8489948731354551
20230207003552 SSJM 131.32801381629235 5.16353 0.007564030922828507 0.0002155080935001758 1.4276075772947245e-05 230.13663036859526 0.414177968300281 5.912836058940153e-06 0.17901530288195108 0.00038404915425355364 -5.9480529673613045 170.78542137405765 0.003132881458791573 0.04583272772328971 1.7088665976206867
20230209044244 BPSM 78.69771717970683 3.636993 0.0035765142505852117 2.3971421752998476e-05 5.531642183518005e-07 1238.0297624996758 0.17857239594494118 9.87798598220916e-08 0.042112759630693566 4.128812590831669e-06 -7.241745309558083 77.6097505989284 0.0001458175756501273 0.0050793960969510304 0.7769816552102702
20230209044244 LPSM 40.508656266859695 3.636993 0.01096848747171518 0.0001458592674249429 4.263707407331829e-06 652.8191274766275 0.24591410134913788 1.0485057754896694e-06 0.08355398211136117 7.041957877574858e-05 -6.038666434373973 202.55339963808962 0.000735772169300814 0.018876547756544952 2.025678804316653
20230210052625 CLJR 175.24304276537111 3.81217 0.0007517500302657846 1.2946440782187603e-05 4.519200584073944e-07 1238.6955645676535 0.17852439793209562 8.067875634061758e-08 0.10820736046282817 1.4403271207438458e-06 -8.200982620141227 15.635636387949514 8.09629176631894e-05 0.0028325053759774366 0.15645458985680744
20230210052625 LLSM 67.01087054988855 3.81217 0.003639805456001132 4.491543525063463e-05 9.83843267237841e-07 2016.1203093147287 0.13993348367051275 1.3767261577037035e-07 0.07753491395180649 1.2043957377486939e-05 -7.07371034720094 68.38310134770809 0.00018938002208636692 0.008286605534562182 0.6841281065373472
20230215154832 TMSM 23.546079503647906 3.167263 0.0028448661574813454 4.0245076798675667e-05 9.253143893036138e-07 1388.8434297084991 0.1685983127303553 1.560064447817084e-07 0.08888547342122584 4.455105253624024e-06 -7.205523562738055 45.95605867226716 0.00013592972082347127 0.004876134536377816 0.4607541500285586
20230215181235 CPJR 118.46735391510597 3.681174 0.000699690134872175 1.4539603327166197e-05 8.14665536144925e-07 265.30054597521337 0.3857543183412721 3.1426074857171253e-07 0.13056497075546095 1.672234374169268e-06 -8.247149451790092 12.746566700258779 0.00019226233986308148 0.0030999074437511893 0.12749210819998189
20230215181235 WLJI 115.45685945318395 3.681174 0.0011600954027146937 1.7638106322373136e-05 9.864771427909245e-07 239.29683861602325 0.40617331528900386 4.006806915442139e-07 0.09552963509024565 2.778792962041349e-06 -7.971877892238496 22.554116884073224 0.0002773381715277843 0.004281271125997985 0.2256268191267677
20230215200856 IMSR 112.01761168825074 3.736043 0.001460573469913355 1.809239752543544e-05 4.0709373324864236e-07 1430.5548131040764 0.1661221781844949 6.76272976925222e-08 0.07783099491065788 1.2094444232226268e-06 -7.91522498318917 22.232115001692595 7.147786328125104e-05 0.0026074894800907572 0.22235664070646283
20230215200856 RASM 95.60931070988093 3.736043 0.003509261458340655 4.96848529652097e-05 1.3682917407964316e-06 1301.408739614594 0.1741698624674902 2.3831518430991724e-07 0.08895864324911168 8.88043785724431e-06 -6.831428221903682 70.43776404368018 0.00019796313922972828 0.007145690100327209 0.7044701460221577
20230215200856 STSI 76.7349716890605 3.736043 0.002354870771370325 5.753130179987028e-05 2.557219177962948e-06 469.8156651915111 0.2898785775982892 7.412830579149658e-07 0.15350304337996024 8.732216655027374e-06 -7.110218227811157 33.575315071842056 0.00029209407644157986 0.006537858901552419 0.33600130618879737
20230215200856 TMSM 91.5756772755333 3.736043 0.002932677323293435 3.6808766795115946e-05 1.3709679466825015e-06 951.2439559682338 0.20372011524167757 2.7929374809080527e-07 0.07886183074609314 6.842825223449121e-06 -7.296943341076181 47.71942947895442 0.00018230090206050026 0.005685912421525668 0.477708080446655
20230216175433 MNAI 119.8199457325474 3.250036 0.00024151983291331069 1.7897350505332209e-06 1.1442567018491745e-07 167.335846843076 0.4857193167202736 5.557875833747748e-08 0.046560304541494645 7.332125122512775e-09 -9.585634787267093 1.8641565114970864 1.6534716870919053e-05 0.0002184554402173058 0.037330644835387936
20230219215925 CLJR 98.52378220780871 3.432481 0.0005237171341795626 1.0655153354137674e-05 3.483288891260494e-07 831.3346777257229 0.217917405692887 7.590692784623396e-08 0.12783294383778765 8.789743389603071e-07 -8.455211505252018 11.117608372037548 7.77845857478809e-05 0.002184129681597837 0.11119100206459745
20230220201351 BLSM 206.2715156178156 4.676356 0.008719901701798448 0.00017625772689023467 6.0992722776619625e-06 463.79912926084523 0.2917527134381898 1.7794792370062058e-06 0.12700372065492266 0.00011732195244198736 -6.023086683642364 118.05652407683931 0.0011961655554281565 0.024388567251813972 1.180847975918457
20230220201351 ESSN 138.99452373742406 4.676356 0.00668708847183412 0.00015357034718050706 8.823322769697407e-06 211.50066243643988 0.4320400447407263 3.812028764181937e-06 0.14429462883394098 0.0002106169423098031 -6.201058061452225 133.53326682161224 0.0024281929262501495 0.03532569505737433 1.336265534505916
20230220201351 JMSI 192.82663585404475 4.676356 0.0028330191149468047 7.844373764294032e-05 5.0059095579602334e-06 189.89961890154936 0.4559506317294076 2.282447625332248e-06 0.17397571982412394 4.5076663012057724e-05 -6.792155953961925 47.43560296487256 0.0011356135777416576 0.015575819749711759 0.47473749722979025
20230220201351 KBSR 113.02736012079443 4.676356 0.007139006016834367 0.00021894208968408778 9.434910213423669e-06 541.6325324435106 0.26997745401136236 2.5472130382459216e-06 0.1926954141490216 0.00037160258097538234 -5.945829967377073 172.78286928664735 0.0020709172038857306 0.04785123908411433 1.7294268922305107
20230220201351 LHSM 161.80962202243197 4.676356 0.0025487007819118713 4.752708110827494e-05 3.0633364622226234e-06 359.84779722022245 0.3312229677293403 1.0146473941708755e-06 0.11716614984071963 3.113741324330008e-05 -7.155389242872646 55.850542138780554 0.0006837055256822188 0.0135954892417463 0.5588761361821011
20230220201351 MBSM 138.47944924661982 4.676356 0.006817561830886936 0.0001340911040536062 5.174527774103412e-06 502.41995262645463 0.2803150588847891 1.4504980576987746e-06 0.12358072808318034 8.387433551498421e-05 -6.262690830067836 135.91087226250846 0.000944238770678861 0.021895089434678577 1.3598959626582448
20230225020831 BOSM 94.9219949845355 4.637264 0.010873626073461172 0.0001582171640887608 5.103871513802145e-06 1140.2431846841305 0.1860720428966701 9.496877992552852e-07 0.09142375818609423 0.00019397403574539628 -6.005685449393199 206.91274803079452 0.0009991663143111163 0.03237546937359096 2.0697265228736934
20230225020831 LLSM 103.38908159276177 4.637264 0.009321554453246898 0.0001981596608513408 7.148302373939546e-06 522.6958152385903 0.27482444323459065 1.964528219990438e-06 0.13356933929653209 0.00011757002372311064 -5.874172512425221 134.26771720356976 0.0009867254856720216 0.022952548664230354 1.343146673657586
20230225020831 MTSM 141.91266445145868 4.637264 0.0365577196208223 0.0005434272989992464 8.749670620991338e-06 3169.7994146441492 0.11159994432035937 9.764627541241175e-07 0.09339899906250092 0.0009782482131431764 -4.948427391655675 419.7647973999213 0.0012335514832781719 0.061718152901668454 4.198644349840054
20230225020831 PPSM 45.26035282065514 4.637264 0.10438413213753718 0.0010955256078365794 3.5096169145603425e-05 675.3997058499862 0.24176834343900763 8.485142675387752e-06 0.06594288099007407 0.0026223059890550775 -4.192008837612239 1226.5960114182976 0.003801832853421343 0.10202378377318896 12.280556013487454
20230225030802 MNAI 131.95584904281603 3.821604 0.0009463600359957362 1.247423828843766e-05 3.348281525264616e-07 1060.124758695162 0.19297514666573762 6.46135118416119e-08 0.08282043593451327 3.2749246471305284e-07 -8.053712945447794 5.487842242906355 4.4882667399609314e-05 0.0013738800555902035 0.10990783910839838
20230228131148 BSJR 88.40240922865591 3.986301 0.006495460156836079 9.939398895207345e-05 3.0086652404767912e-06 674.549990297881 0.241920570605148 7.278580117360202e-07 0.09614574424698427 5.0526843766121544e-05 -6.395749246453754 95.04567058590004 0.000648224022574961 0.01667626358650173 0.950823378642197
20230228131148 CCJM 54.52128246599563 3.986301 0.021960589313637084 0.0005377701283784341 2.50304736477846e-05 568.3141418974589 0.2635637249375568 6.597124871561465e-06 0.15386241785274962 0.0014507284525910292 -5.249447532221588 298.1856949565319 0.0027150152290460025 0.07031474840558942 2.9843385845411605
20230228131148 CGJR 107.84190367884088 3.986301 0.0015872343283903328 2.5467716797161765e-05 7.825955485932581e-07 460.2669765004825 0.2928700493274599 2.2919879691995808e-07 0.10081585379369758 3.4486152461045073e-06 -7.570005481297147 25.29194884808898 0.00022112887703349277 0.004603621483037039 0.25298093113927766
20230228131148 CPJR 91.55522665639093 3.986301 0.0032949561772513997 5.74456452877444e-05 1.2682618191743616e-06 1116.1919591175706 0.18806605887904115 2.385170019588853e-07 0.1095436828341971 1.637100024977196e-05 -6.915246953376625 55.36986012278228 0.00029778467544546664 0.009787707148201338 0.5539396399064614
20230228131148 CSJI 36.00036165148254 3.986301 0.023342413084786164 0.00032417629601660784 6.013309653110827e-06 1517.1415354116828 0.1613120532684461 9.70019327082275e-07 0.08726003317090684 0.0005399390757585659 -5.345796439021373 404.9890006342916 0.0014130805775212458 0.05446046687337254 4.050467958358961
20230228131148 GCJR 58.20356957591757 3.986301 0.002664699760591861 5.945870176047039e-05 1.9434499344746925e-06 446.86783102646393 0.2972284128213064 5.776485394215848e-07 0.1401996753294194 1.6562534972351264e-05 -7.006201260679466 59.72320282515809 0.0004650575874869488 0.009224154979984836 0.5975684945036284
20230228131148 JABI 81.6338368809662 3.986301 0.00668717309242695 0.00010026483798688827 1.6546445419219406e-06 1346.7622421152553 0.17121207959033 2.8329513300524443e-07 0.09420760434321596 3.2394904308238164e-05 -6.3332455688691125 87.1134359613389 0.00039457650994706656 0.013136749541786227 0.8713421162737771
20230228131148 JAUI 76.27983822793387 3.986301 0.011349053321221474 0.00020321964623418328 5.124456783361091e-06 1300.5682879280912 0.17422612929909342 8.928142701254859e-07 0.11250865241431672 8.392870120059874e-05 -5.840587420263186 91.9148975047729 0.0005590089209969666 0.01752007401461159 0.919259567976963
20230228131148 JBJI 63.66590613482209 3.986301 0.009452629092127702 0.00015690350008294487 5.5185525843624775e-06 782.9453984049524 0.22455055374031463 1.2391940386636388e-06 0.1042941341247849 9.574771814296873e-05 -6.123528614643208 94.25887217124667 0.0006655456974530085 0.017974138121738766 0.9428633850454656
20230228131148 JTJM 17.294626323064726 3.986301 0.019307803673897582 0.00042656921030108776 1.7249455648147624e-05 515.470980693788 0.2767437094397284 4.773678341884449e-06 0.13881503250845675 0.0015287636617671006 -5.2709618323010154 344.17031225054876 0.004069889310027785 0.09241367312653626 3.442382429477978
20230228131148 LCJR 59.80344760595268 3.986301 0.0035567611677136102 5.002139008446021e-05 2.8139817315544834e-06 462.50835880140687 0.29215954219973117 8.221316144493647e-07 0.08836513007293548 1.543853078425143e-05 -7.005772848447819 59.970190517199086 0.0003894272269396684 0.009033886157710246 0.5997682581250228
20230228131148 SADLY 80.80884465470803 3.986301 0.0024300410126393535 3.943203896352632e-05 1.025941954473738e-06 773.6473030495384 0.22589590615462346 2.3175608746789052e-07 0.10195663635267699 7.275499033819021e-06 -7.161040716124084 37.75148731623446 0.00022767242391626494 0.006203960280860968 0.3775887738502432
20230228131148 SSJM 38.38674827637806 3.986301 0.014104706717975254 0.00024285510971288325 9.79163301191406e-06 697.3567999081627 0.23793172231367538 2.329740106788153e-06 0.10818400464696225 0.0004898994487863397 -5.827824343518749 258.41901748277934 0.0018893938439013755 0.05217256234143531 2.5849414162515596
20230301230523 BBSN 167.42773512743057 5.242868 0.02432928229321425 0.0005945576673004533 2.9291394544535133e-05 251.38413269373441 0.3962880144845683 1.1607828585537943e-05 0.15354813818306168 0.002694921325487403 -5.041114542496972 418.42684151428017 0.008374421332283019 0.12381651314024276 4.186294955797086
20230301230523 BMSI 181.2104934899915 5.242868 0.009085320354876632 0.00031392747949519656 3.2300626113137396e-05 90.51060819880723 0.660435069884291 2.133246626433625e-05 0.2171045653470437 0.0010582256587159734 -5.830882219724687 142.7360383829375 0.008036671022775374 0.07903305053999915 1.4282399241755754
20230301230523 BPSR 192.32622254618096 5.242868 0.007462215667738918 0.0004292301059868634 3.8448826327046897e-05 77.89650500985661 0.711903096692841 2.7371838526429918e-05 0.36141173284435213 0.00105843306610059 -5.63903483388882 121.9770940115001 0.008041661869810344 0.07202727603340589 1.2199087544516556
20230301230523 GTSI 144.18426091478497 5.242868 0.006016757932637982 0.00022783974776774066 1.4292429062759703e-05 172.66239900100604 0.47816852200494364 6.834189680800309e-06 0.23792869375719083 0.000381062014660225 -6.007549486561604 110.9332310187537 0.003497618893017936 0.046101018538589916 1.1094475431139394
20230301230523 IMSR 171.3299537553597 5.242868 0.006645071166270609 0.0002935649590269483 2.5333990629112947e-05 104.41855749991055 0.6148809295969277 1.5577387708428825e-05 0.27757761972865286 0.0005804235607566731 -5.857941411026326 140.1858568558322 0.00532507394593342 0.055084429296559566 1.4018918281570674
20230301230523 KBSR 226.33276966636785 5.242868 0.008570882471998088 0.0003555082426545803 2.203102915949941e-05 255.23755021975822 0.3932851828788623 8.664477332003275e-06 0.26061775717101354 0.0008761423614641957 -5.633881342811452 211.16448136547575 0.004160115121895486 0.07017124077208967 2.1118095344652112
20230301230523 KRJI 94.06046542964752 5.242868 0.02189875657389285 0.0014238506069575744 0.0001351141673561026 92.16326643877312 0.6544868710693279 8.843044863003311e-05 0.40853083064634566 0.012019314668954943 -4.604508750868171 373.026932768009 0.026274739514153364 0.24385507671441606 3.7335103460937873
20230301230523 MBBI 151.86564130199977 5.242868 0.010757309484509817 0.00030812614968313116 1.2546571287524584e-05 341.2532393403224 0.3401272886322382 4.267431273656826e-06 0.17997192506496773 0.0004106331021365232 -5.6443157845284055 151.11745730508315 0.002710064921946135 0.045350682199465996 1.5112813049077505
20230301230523 MBSM 207.16221239701943 5.242868 0.00502889087842894 0.00011865692140994747 9.611661253501343e-06 152.04042693739277 0.5095658656102611 4.897774486593019e-06 0.1482520585992627 0.00014007707470589453 -6.5259899071750915 83.31712297988321 0.0022506010473139805 0.027173849152478016 0.8340016958600132
20230301230523 PLSI 211.07830517181142 5.242868 0.004396708286490352 0.0001922918170926861 1.3868332716286923e-05 95.84869367704698 0.6417808723533214 8.900430668744729e-06 0.27479765340813017 0.00023410427740291304 -6.265030741356489 59.52020195861283 0.0036777798630226698 0.03593266365513266 0.5954189675240315
20230301230523 PRSN 95.83019866517601 5.242868 0.02536089293105261 0.0005986701442039456 3.866684067514673e-05 239.15010209016518 0.4062979050782748 1.571025636230754e-05 0.14832109674275537 0.0036742371256347703 -5.060280443484087 488.5209220848633 0.009018646891166418 0.14643336823646766 4.886149806561175
20230301230523 RMSM 249.18180106316697 5.242868 0.0026802406665785367 0.0001644965694370154 1.5528639059944365e-05 96.2140732211346 0.6405611097718301 9.947042269484152e-06 0.38562299313497717 0.00020269864286796014 -6.457976600364779 56.82813157950007 0.003239204284258085 0.03316547649356742 0.568740242324527
20230301230523 SKSM 75.46784608909472 5.242868 0.07761177685688861 0.0021564778429076464 0.0001372013566532759 297.4503786733625 0.36431126907625166 4.9984000361338375e-05 0.1745811067152888 0.016175936975028813 -3.9014449429398335 1002.4148662487729 0.014835641925815277 0.2554814613236286 10.027657481755
20230301230523 SLSM 91.95548884201833 5.242868 0.014556369604392211 0.0006528222516536552 3.6852320643840674e-05 199.9277877686158 0.44436852316495246 1.637601129970477e-05 0.28178751235833355 0.0033334828721784766 -5.139928501314658 314.9262074422453 0.009957157990149942 0.1337384390313434 3.150216704803522
20230301230523 SMSM 193.51811501641595 5.242868 0.003923281682680287 0.00018936417536949407 1.3984436735648624e-05 88.36004007259281 0.6684238172787675 9.347530585335681e-06 0.30326912534481476 0.00027574821028853743 -6.243639260160286 77.62390024880571 0.004258308147558629 0.03906118081277998 0.7767093902680244
20230301230523 SSSN 112.48131827014726 5.242868 0.036375714908838765 0.0005766310345333374 2.5689834654337945e-05 252.55207466862043 0.39537062396792116 1.0157005956918318e-05 0.09960160653676323 0.001949616637428084 -5.055231497771229 355.71844990245813 0.00655150395009723 0.10013703050277231 3.5573221660100804
20230301230523 TASI 164.74518210582139 5.242868 0.005189059490391468 0.00028339315338712 2.9273693177556417e-05 66.33056745036784 0.7714770515791264 2.2583982501453212e-05 0.3431472891791634 0.000743799424236645 -5.997473794367745 100.28238792602107 0.00756681210398656 0.0631711795635025 1.0039083573387246
20230302183659 JPSR 146.01721245133825 4.190794 0.0006236704395641281 9.692161473056737e-06 3.459172367907536e-07 577.7480139784907 0.2614030422908009 9.042381807793036e-08 0.09764395215665889 5.448038564920731e-07 -8.437859244066086 10.30581552948226 7.491972583974704e-05 0.0017350124242432327 0.10313181050732961
20230303003648 BEKI 88.17627643709073 4.996275 0.01898263344787766 0.0003415603288480217 1.176484639835746e-05 883.70443837181 0.21136172768869807 2.4866382607489896e-06 0.11305527473972582 0.0008351706959925736 -5.389758988432347 446.25337334574635 0.0024049429264830606 0.07049298523280959 4.46415002554203
20230303003648 BLSM 167.783760766763 4.996275 0.01476582707827788 0.0003720137025130303 1.4796565274672885e-05 463.97883394872804 0.2916962082658795 4.3161019859806625e-06 0.1583000408516203 0.0005284733507554693 -5.503573870499491 184.79564484726697 0.0022543691883506064 0.04752231017201406 1.849335129501579
20230303003648 BMSI 200.34746127148856 4.996275 0.0029583244432607237 0.00011080550480173941 9.619378959581005e-06 113.4311323258284 0.5899480020121374 5.674933397802407e-06 0.23533981247760913 0.00012430843741909517 -6.586905129054453 57.079270171995425 0.002390401796855272 0.02590863818015566 0.5713895163431988
20230303003648 JMSI 129.3134854504347 4.996275 0.010986409669433653 0.00024926814809797483 8.025651406681224e-06 630.360708099974 0.2502564623283218 2.008471128916363e-06 0.14255776116145846 0.00043883956970778003 -5.780332599033009 199.72663963767613 0.0019288574213903358 0.04889488711464097 1.9998916682630312
20230303003648 LLSI 135.1851610919967 4.996275 0.011905843793017987 0.00028682056083515427 1.425250674933326e-05 249.85853892583637 0.39749600696936227 5.665314522163856e-06 0.15136656964148087 0.0003203260218652156 -5.679621672147098 168.2615378742551 0.0025184253001800426 0.03892632697254102 1.6833017318683567
20230303003648 MKSM 191.68435229265384 4.996275 0.005402048851968648 0.00014976342553180082 5.348566030118179e-06 834.8260237883886 0.21746124944679013 1.1631058516581572e-06 0.17419156705911187 0.00021602696995302938 -6.248291901180913 135.50842637339866 0.001212672572017032 0.03572873582723999 1.355548559564368
20230303003648 PKSI 163.1344933962317 4.996275 0.0030241663912558454 7.413788619084937e-05 2.8096992253137008e-06 567.1228047455844 0.26384040974796713 7.413121948753126e-07 0.15403321674580714 4.92114769264092e-05 -6.853463367066045 77.1315671714286 0.0007168118259366647 0.01679561576098164 0.7716662204361275
20230303003648 RASM 199.0861699524943 4.996275 0.005122521114823668 0.00010593523725455425 5.702346779031508e-06 360.02900433228484 0.3311396029020499 1.8882728480182768e-06 0.1299381127594066 5.666217158795747e-05 -6.472597039848501 107.01211999770815 0.00091128599519796 0.017920893128277937 1.0705267564029375
20230303003648 STSI 177.9965950347651 4.996275 0.0048893434431604545 0.00012939580507176569 7.28314046851676e-06 461.9959000680692 0.29232153304596803 2.1290187871459492e-06 0.16628363924299416 0.00015482822748346162 -6.37727155245677 95.72144573313838 0.0013386366675626883 0.028605721535102158 0.9573798772948658
20230303044917 CCJM 98.34909544434586 3.943265 0.00669480677295862 0.0001079026338342008 3.5926006533133635e-06 971.5801583861729 0.20157680151488735 7.241849488152025e-07 0.10126838107583121 5.428700279577355e-05 -6.474416705826799 96.2151281166979 0.0005286775618422367 0.016490197171349426 0.9624361247544353
20230303044917 CLJR 116.02090161288065 3.943265 0.0021544127090438302 3.589844685685402e-05 9.187452306159314e-07 1713.1307492078915 0.1518044886277806 1.394696499128638e-07 0.10469516490257742 1.5293849437509095e-05 -7.377773046097942 48.29565348898979 0.00022595763372558472 0.009516816347151971 0.4829881855794514
20230303044917 CSJR 85.27580820087137 3.943265 0.0028819919955503925 6.810463398607697e-05 1.8464681360302573e-06 924.8174672266379 0.20661024679803724 3.814992372899233e-07 0.1484785649206638 1.816408653733071e-05 -6.887910827450404 49.188054866914044 0.0003377407700675645 0.009926535971243197 0.4923879733344586
20230303044917 DSJR 102.34109251348758 3.943265 0.004607965798832962 0.00012061741047473561 3.7685429065054203e-06 1014.3373864751202 0.19728254047597812 7.434677184881158e-07 0.1644677010139372 6.032777694663078e-05 -6.445893204244273 66.65088994136784 0.000565021910353679 0.01790689802317485 0.6668109450801797
20230303044917 GCJR 83.48699410578364 3.943265 0.002142558480142387 2.3847786269140586e-05 8.337840781534094e-07 924.979109958549 0.20659219314495558 1.722532813150579e-07 0.06993510874207987 4.636443789579383e-06 -7.625553142768637 36.98775287562535 0.00016927066296635695 0.005143785945248061 0.3699231164069412
20230303044917 JTJM 75.56892333067509 3.943265 0.003559548061430956 6.215505015503676e-05 1.6826174212121e-06 1095.1765647211757 0.18986188895531392 3.194649219804484e-07 0.10971384320742716 1.7751036029552998e-05 -6.952279485520774 51.98546656487488 0.00030708386649577865 0.009590339949764314 0.520412744884995
20230303044917 LCJR 113.09529374675111 3.943265 0.0019818889050107584 2.8933361482684656e-05 8.825921536409445e-07 1723.877246119435 0.15133058108133882 1.335631834683144e-07 0.09172747841500892 7.513955799701998e-06 -7.452757137340724 42.541760764879434 0.000161104726859671 0.006425826120742085 0.42545803781154273
20230305173937 JMSI 9.784544127680652 3.095338 0.03654364415482507 0.0007099233909749468 1.405804269820954e-05 1120.2557431206826 0.18772463942905193 2.639040996599602e-06 0.12206172434524262 0.0013561396118943398 -4.746560985692589 383.2485085730705 0.0023709810291820776 0.07524179363282105 3.8326445534750966
20230305173937 TMSM 54.67728525530811 3.095338 0.009496595195042224 0.00012072170136948643 2.2668681415421466e-06 2451.3293948352034 0.12690508719469681 2.8767709916128646e-07 0.07987250216777365 4.787096418017035e-05 -6.156864016586576 94.42059689259693 0.000299072485381859 0.013816677501709406 0.9445341875433777
20230307073158 ILSN 209.58934305584253 5.014866 0.004157435722352108 0.00015916755388114499 1.2348198594196936e-05 122.03490737669745 0.5687715049598293 7.02330349796424e-06 0.24055194180126038 0.00024375982250974978 -6.246778412076279 80.02817000321897 0.0034074091858952186 0.03728947065879691 0.8008080997207402
20230307073158 KPSR 150.49716128476882 5.014866 0.010322314449082052 0.0002678816219672962 7.704824020978364e-06 429.73889567191384 0.3030941377644057 2.3352869932649185e-06 0.1630593487062421 0.00034941179229993583 -5.703608493785973 150.0552738437601 0.0021985568218882466 0.04395973367098116 1.5019915246849593
20230307073158 PPSM 139.4018946530396 5.014866 0.01864192182080545 0.0003766950972849595 1.8680446408455226e-05 349.35348497524 0.3361610010931402 6.279637565533064e-06 0.12696357828868846 0.0011146121880790635 -5.336791397593602 289.76266475219927 0.0042099399145476436 0.07704826083052427 2.9017769700009888
20230307083259 ESJR 134.87654918654943 3.589393 0.002078383159339057 4.104828436512665e-05 1.228483465417366e-06 1613.0211046118145 0.15644433570820404 1.9218927967573227e-07 0.12409356573593101 4.91219307345657e-06 -7.37020120300325 34.47350658870593 0.00012186702319598743 0.0050415455256056455 0.3450725112075155
20230309141438 CCJM 122.51949072163538 3.315041 0.0018743236707386601 2.9443217653129585e-05 7.27633264006811e-07 1832.0732117503098 0.14679405114160848 1.0681223456895132e-07 0.09870077161290296 3.3314330385270775e-06 -7.466654191984842 44.55907532066331 9.825509063138358e-05 0.004337295041485404 0.44578743986994623
20230309141438 JSJR 59.94483777800276 3.315041 0.0032965763286264002 3.413983600697043e-05 8.477561498623775e-07 2917.4596455065516 0.1163261727440097 9.861622833368751e-08 0.06506960391780063 8.191221616625033e-06 -7.298273234041801 50.1582676195095 0.00012151731787363842 0.0066170256983493336 0.5027703171656734
20230309141636 CCJM 116.24664053593858 3.353416 0.0018885799724099005 2.3077641381357133e-05 7.537809954405527e-07 916.2114024702147 0.20757833406708742 1.5646860328498075e-07 0.0767778433373281 2.817911581352136e-06 -7.5670271455370965 36.902616063281044 0.00012981354702594207 0.004018864730228738 0.3692721942160204
20230310040416 PKSI 106.28907053913663 3.258985 0.0015864482042748853 2.620466714573646e-05 6.263674514445733e-07 1610.7966618798773 0.15655231997858854 9.805927768272386e-08 0.1037845289533916 1.5296162443855806e-06 -7.545384515144908 19.131354996978914 6.59558541729209e-05 0.002321214528507331 0.19137327608869656
20230312155540 MKSR 75.53344629397651 3.203114 0.00024105453929466048 4.725057145442481e-06 2.4274753250326004e-07 306.14796901795467 0.3590989845314937 8.717039241944644e-08 0.12316054996806165 1.0016466021220609e-07 -9.227506245829135 3.543589503097096 4.41788145321729e-05 0.0007613682634590133 0.0354484112203875
20230312155540 MNAI 123.87145593326431 3.203114 0.00023653130008697204 4.295467776164331e-06 2.0218722813114539e-07 229.32086785422837 0.41491399141159435 8.389030983634012e-08 0.11410422218427423 1.5046813442534877e-08 -9.249921155945849 1.6872862883125004 2.0981347343063547e-05 0.0003019147612251103 0.03384413337601023
20230312155540 SUSM 41.418925935536606 3.203114 0.009168552084063116 8.121477534023718e-05 1.543853713228285e-06 1235.468787055753 0.1787573794828664 2.7597524408158094e-07 0.055656277944982915 1.8062660040010726e-05 -6.244223358320532 78.27055508634845 0.0002941092176209997 0.009119272279823043 0.783016119377629
20230318064630 CGJR 36.11674195477072 3.543977 0.01702836831094179 0.000231869423020396 4.181560949464048e-06 4332.290946100893 0.09545991884417625 3.991714688778146e-07 0.08555596903373443 0.00012102386960518121 -5.600892339578938 235.92023336985775 0.00030724412760533664 0.021559391997179867 2.359782594089891
20230318064630 ESJR 104.14763186835162 3.543977 0.0026346144168487573 3.1088131834708675e-05 5.120287811878511e-07 3853.793844404622 0.10121284415078596 5.182388923108286e-08 0.07414082756183321 6.573566441642311e-06 -7.340154041639368 45.05220564685614 0.00010172560579146565 0.005852545354484 0.45055472872001984
20230318064630 LCJR 102.35987969916161 3.543977 0.0030081394074915457 2.5872096908354855e-05 4.144504881985066e-07 3087.6532753404654 0.113074741992327 4.68638820216401e-08 0.05403977580150048 3.792698745887887e-06 -7.412496674736922 39.73886944112653 8.90828448717613e-05 0.004552866406735346 0.39758715381867143
20230319183356 MNAI 243.25304177877842 3.882787 0.00029579861636380115 3.2450993789699126e-06 1.3989903187249048e-07 550.4374441328962 0.26780944134816587 3.7466281570920925e-08 0.06893054804963773 2.4886667120428007e-08 -9.412281665289266 1.6951890136401262 1.6533994620491287e-05 0.0003863602978336977 0.033939994652304115
20230321163112 MNAI 181.0317340919636 3.893754 0.0004328148068993826 4.5481274492975555e-06 2.3752586911865484e-07 470.88686254677134 0.2895486746145929 6.877530058998577e-08 0.06602530021864493 5.548062919459228e-08 -8.961099413434727 2.3009134470084245 2.6985743713118728e-05 0.0005643386459535178 0.04609954448682882
20230321163112 SUSM 124.21370224958451 3.893754 0.003408776200718823 4.2355086983463086e-05 1.2474583834803827e-06 987.6496300884122 0.19993020700549635 2.494046128399748e-07 0.0780704993665145 9.899412428129212e-06 -7.072962074037283 47.60460997873878 0.0002493990872422955 0.00763586615560689 0.4764883154012912
20230322012415 CSJI 57.345581463093254 4.379194 0.005798670898804751 7.45692001230903e-05 1.6404010141579287e-06 1425.5908925841802 0.1664111463271736 2.7298101320227906e-07 0.08079991273140043 2.8907893156528408e-05 -6.586261617704686 113.96398270712318 0.0003303083034447052 0.012562107475991801 1.1421041487191248
20230322012415 DSJR 92.3579342911644 4.379194 0.008750337535256914 0.00023551112769222194 8.734081576569198e-06 745.5257524141506 0.23011691518953334 2.0098599094138397e-06 0.16910891165407116 0.000336762834304049 -5.85429040459824 138.14551790603394 0.0015254979120948998 0.04170070071539821 1.3815003799120553
20230322012415 SCJM 98.97484541870261 4.379194 0.003289376405279322 9.289369374880285e-05 3.1997148285225533e-06 301.1940468292167 0.3620401002810846 1.1584250773891786e-06 0.1774404080832322 2.3901455325828535e-05 -6.613744292202731 43.68575756496513 0.0006790014234683479 0.010713743934390643 0.4369104560714048
20230322012415 SSJM 88.00069518528926 4.379194 0.00405234236771483 0.00011014045101127959 3.876668474767201e-06 698.3919512089734 0.23775532662111235 9.216985794200454e-07 0.17077354298433858 6.936286683727991e-05 -6.434726793331989 93.57803747871866 0.0007650431451336715 0.020315243867387686 0.9361283423429992
20230322012415 TASE 149.6188593453131 4.379194 0.0025397684994806877 7.920216449132684e-05 2.944797424212464e-06 370.15596523537675 0.32657842637006235 9.617073087779194e-07 0.19593985685328388 1.883303032088733e-05 -6.79121296034763 34.961783151255815 0.0005150974122257501 0.009435127781247978 0.34983929430154764
20230322012415 TPJR 179.36131441261236 4.379194 0.0021698060493363916 8.483784966778299e-05 3.178514385150782e-06 629.146670381944 0.2504978006143339 7.962108627012928e-07 0.24566800829426758 4.9293323705331546e-05 -6.838597403309335 49.795259968749676 0.0006847799577210517 0.017343308428826573 0.49912434633573005
20230322012415 WLJI 146.0762472507343 4.379194 0.0028751694330423857 5.877464588818305e-05 1.850251760362535e-06 660.4525071184103 0.24448885790164857 4.5236593972155095e-07 0.12844181884910527 1.1950299996628602e-05 -6.965753853738783 65.50237198013164 0.00033432270476886335 0.008161148406465304 0.6551635871088907
20230322012415 WSJM 80.57820619826201 4.379194 0.005263667227014486 0.00011275534255825796 6.4749207859643885e-06 507.50370982199513 0.27890754164620424 1.8059042387672362e-06 0.13459489004776665 8.880591292189375e-05 -6.533718647712606 101.28103651779413 0.0009456222466336838 0.02288030563447396 1.0135127646945274
20230323180128 CPJR 68.72245622231429 3.589881 0.0030867881533938506 4.114487610920677e-05 1.1797481431893565e-06 937.143050824036 0.20524705002073781 2.421398261570584e-07 0.08375076882125998 9.481924098275363e-06 -7.265213946489024 46.07560592958074 0.0002466937900688313 0.0074344753456440545 0.46100294349533494
20230323180128 SADLY 96.30921668772261 3.589881 0.0014755227102059285 2.338313103272329e-05 6.965991305805208e-07 935.9731894938112 0.2053752778421613 1.4306423998758246e-07 0.09957186312649657 2.311554172980961e-06 -7.7124266063966616 21.314589870353416 0.00011355250964168381 0.0033870306054995863 0.21322091587088143
20230323180128 WLJI 66.90998647807747 3.589881 0.004254424378402828 4.082226381469727e-05 1.4533862950353525e-06 1027.6043513856282 0.19600488757398452 2.8487081735997416e-07 0.06028873130484605 1.1302813635122043e-05 -7.205253787807061 70.2882178182556 0.00025143450776687003 0.008106641286719092 0.7036543936671925
20230323180128 CPJR 68.72245622231429 3.589881 0.0030867881533938506 4.114487610920677e-05 1.1797481431893565e-06 937.143050824036 0.20524705002073781 2.421398261570584e-07 0.08375076882125998 9.481924098275363e-06 -7.265213946489024 46.07560592958074 0.0002466937900688313 0.0074344753456440545 0.46100294349533494
20230323180128 SADLY 96.30921668772261 3.589881 0.0014755227102059285 2.338313103272329e-05 6.965991305805208e-07 935.9731894938112 0.2053752778421613 1.4306423998758246e-07 0.09957186312649657 2.311554172980961e-06 -7.7124266063966616 21.314589870353416 0.00011355250964168381 0.0033870306054995863 0.21322091587088143
20230323180128 WLJI 66.90998647807747 3.589881 0.004254424378402828 4.082226381469727e-05 1.4533862950353525e-06 1027.6043513856282 0.19600488757398452 2.8487081735997416e-07 0.06028873130484605 1.1302813635122043e-05 -7.205253787807061 70.2882178182556 0.00025143450776687003 0.008106641286719092 0.7036543936671925
20230325225548 MNAI 134.7020064165783 3.140212 0.00023196434910763687 2.7074022630536e-06 8.601605413299008e-08 433.315830128601 0.30184055501123047 2.596313351937777e-08 0.0733350197359405 1.0667485093460058e-08 -9.42692387108731 1.9529840835034429 1.2165024398239752e-05 0.0002492503277836327 0.03908377412797512
20230327090603 MTSM 143.9908113648861 3.021135 0.001640059615265162 1.680314718773372e-05 2.6341952735392085e-07 2632.067695069779 0.12247045770742322 3.226111008410778e-08 0.06437405478536519 1.4581556577104915e-06 -7.846795217603575 32.897521356031156 5.860001804221571e-05 0.0029169181900606488 0.32964301498733706
20230328205956 CLJR 117.72353597934313 3.091161 0.00040702472970335554 6.158784503958153e-06 2.2328145732513735e-07 551.6703710655173 0.2675100105813948 5.973002501167674e-08 0.09507231743279544 2.7840108172499224e-07 -8.8800085592754 6.800199525216652 5.674826591291779e-05 0.0012302645550536485 0.06807010078471953
20230328205956 LCJR 112.65210418639239 3.091161 0.00036861698143997096 3.829795381861581e-06 8.10897301492808e-08 750.3102133139566 0.2293820550411589 1.8600528944375053e-08 0.06527999328412822 7.400007144102461e-08 -9.064475154435403 5.408324293952839 2.543609403800055e-05 0.0006551068701107928 0.05416948506834412
20230328205956 RSJR 42.378172084192094 3.091161 0.0016798087229651665 2.0190775441845133e-05 6.208336875473668e-07 1445.3149387095386 0.16527174881497372 1.0260626926420229e-07 0.07552192214648623 1.7969626123096302e-06 -7.7371736103465505 26.118941177437673 7.202593578904943e-05 0.002864300631640706 0.26154572688788436
20230328205956 TPJR 160.10882413591432 3.091161 0.0005798809083500237 1.557644762014064e-05 6.906223027033693e-07 558.4220512533122 0.2658879089443505 1.8362811993613112e-07 0.16877552858809533 2.481115687556678e-06 -8.190030877351738 13.013861546351954 0.00017102163001208698 0.00398603947938217 0.13024661113147548
20230329053445 GCJR 41.01777351486376 4.047118 0.020681842195160623 0.00020836894778889927 4.96932966382028e-06 702.7484360736404 0.23701723339023212 1.177816768722695e-06 0.06330290594355414 0.00017107447233563318 -5.515523178724414 180.6160071269201 0.0011125128490445614 0.029434121713855742 1.806235653537899
20230329053445 PBJI 54.25908780503906 4.047118 0.0026285682152131897 4.051256970092128e-05 1.9457940904512085e-06 494.5514638814478 0.28253621478149443 5.497572970602852e-07 0.09683902484542231 1.1780376032746542e-05 -7.271398307601354 44.3954000083756 0.0003622939110292615 0.007938293463729736 0.4444665987263282
20230329053445 WSJM 38.011542630372944 4.047118 0.013173568099846477 0.00037129155482141466 1.4293810249801437e-05 509.32797104956234 0.27840761168582756 3.979505573537621e-06 0.17708897272569332 0.0005930987725120809 -5.494270615301988 184.21660805549297 0.0021996069168520563 0.0502889659114626 1.844655779309495
20230331212430 TMSM 51.38864619887275 3.368484 0.00552251875903279 0.00010325819027095036 2.471673230445673e-06 1175.4840039180156 0.18326161376877945 4.529628249205663e-07 0.1174808764379857 4.0953415701027975e-05 -6.423434766604718 87.847963855782 0.00044902776721975155 0.013441175217866547 0.8786310531362775
20230401145556 TMSM 53.634226633282466 3.311747 0.004049555423634459 5.628938841401745e-05 1.7714595274166959e-06 764.413892967632 0.22725611736485649 4.0257501426970187e-07 0.08733715710344717 1.5954997380631904e-05 -6.946122185921809 52.2993722138057 0.00034262506386495493 0.008719394356324316 0.5230759572579198
20230404011337 ABSM 185.53807348267514 4.480938 0.006006057455016935 8.418162075513746e-05 1.8753035682820775e-06 2175.922952450485 0.13469705848601993 2.5259787441593287e-07 0.08806587792819448 5.902804064210363e-05 -6.575405376076323 109.22990884162589 0.0003948766829881768 0.017950305098235593 1.092432913947591
20230404011337 BOSM 116.60242901084887 4.480938 0.005407712184213061 8.003934413874782e-05 3.351070257905539e-06 1448.6831196427918 0.16507950902035784 5.531930328677703e-07 0.09299718882173719 6.894795878398202e-05 -6.559728193597869 132.4175777430238 0.0004953892178106827 0.020388393662647795 1.3247170558879977
20230404011337 KBSR 214.76095839967334 4.480938 0.0018874812331645236 4.975070764865187e-05 2.0221487562079296e-06 767.6791257362872 0.2267722987821596 4.58567321924757e-07 0.1656137872140364 3.09274779400622e-05 -7.192782360613913 47.08770748976885 0.000505954961522867 0.013952766461480325 0.4709233306244972
20230404011337 LHSM 105.57198056659783 4.480938 0.00842493060512119 0.00021226068695087631 7.162864818787196e-06 728.1054096925533 0.23285348354091806 1.6678980251872852e-06 0.15830079700963987 0.00015108829508388158 -5.977954225195034 101.63260670302509 0.0009658408309354946 0.025729332991241735 1.0166222683728021
20230404011337 MBSR 56.143835816025984 4.480938 0.008672736492252697 0.000124953265556368 3.0781398962214154e-06 1911.857972491235 0.14369844057107317 4.423239029466224e-07 0.09052558243055228 9.371871975728317e-05 -6.290846954002754 172.492729217759 0.0005248728310379426 0.022735423195706796 1.7257340209069254
20230404011337 MKSR 62.998614815836774 4.480938 0.017566980064609744 0.00048449002918699355 1.550612791144881e-05 812.109654335306 0.22048169128687475 3.418817307226849e-06 0.17328764657708134 0.00030851061552751883 -5.1766541881439165 172.8428982345019 0.0011542957749120482 0.030684265884727557 1.7303023794354662
20230404011337 PPSM 122.98575262663661 4.480938 0.00353840787442495 6.365282889901199e-05 2.0329283031207855e-06 478.87842625523064 0.28712250359800745 5.836994640272889e-07 0.11302894790321072 1.1197018352186552e-05 -6.855329607188302 88.66809633866683 0.00036615647678716636 0.008055138556206928 0.8876533413324544
20230404074241 MBSR 58.13866320051841 3.667829 0.0026591478847050546 2.6956069146718632e-05 5.805657204130226e-07 1104.7655580911187 0.18903612455028176 1.0974789383362021e-07 0.06369332769198939 2.3032835353584734e-06 -7.318889669036158 38.44636007712158 0.00011277404414597346 0.0035638352558902183 0.38477076831199364
20230404074241 MKSR 60.65650067953205 3.667829 0.0027024295924160373 5.051544360144505e-05 3.014310574756164e-06 284.5474446288383 0.3724796267682042 1.122769277848627e-06 0.11744908874332494 7.973667457344224e-06 -7.151831935182965 38.743357920208894 0.000279536670074991 0.0052327517789652065 0.38744807444071827
20230404182700 SSSR 96.339259769157 3.663226 0.0008700745406451703 1.5548823732931814e-05 4.276168233129189e-07 681.534385595865 0.2406777718504273 1.0291786424071116e-07 0.1122847943007729 9.789830561368896e-07 -8.117989652162807 12.428567625956031 9.667881313620339e-05 0.0022846530652711606 0.12434387835671055
20230406132834 ASJR 215.56001763171113 4.944194 0.001133933152094236 4.3901268711046393e-05 2.0565944714680936e-06 379.22215974513114 0.3226509994420911 6.635622616662595e-07 0.24325931914270885 5.74810446067542e-06 -7.504154508413051 14.21566785958758 0.00025649324785013045 0.004900035187386546 0.1423383820637119
20230406132834 BOSM 115.78493593713208 4.944194 0.0062611601804023415 8.045172375096701e-05 2.2249133921850207e-06 1256.152020660802 0.17727960186530953 3.944317603513558e-07 0.08073473190983975 5.814542238664361e-05 -6.586203327054485 119.06343877100352 0.0005284999688351949 0.018024066401856817 1.1907631755933656
20230406132834 LHSM 195.67007682591012 4.944194 0.001615215840058606 4.878701077004674e-05 2.532210543059343e-06 315.4329504980526 0.35377434798288165 8.958311338261978e-07 0.18978134169390487 1.6235221831402673e-05 -7.280752099860514 38.1597993497427 0.0005242769921009794 0.00929863080090576 0.3820670382705826
20230406132834 MBSR 201.40950818829148 4.944194 0.0034114038776733 4.636506262277541e-05 1.4057844666133452e-06 820.4545758357057 0.21935755543535357 3.083694440652958e-07 0.0853960101717932 8.75935023773352e-06 -7.0344650097603125 50.567209889739736 0.0002525731350116507 0.007222112905108361 0.5060676659053974
20230406132834 MNAI 204.835617848576 4.944194 0.004681629178397272 8.425289341084596e-05 2.5760901579289838e-06 734.3431384279226 0.23186241111048864 5.972984752554136e-07 0.11307528251257695 7.544419616991212e-06 -6.691818443629926 23.446675608028507 0.00023601450234832317 0.00653563354108048 0.4689639448518593
20230406132834 PPLI 130.38611650816975 4.944194 0.0032749651788172825 0.00010118592330322458 5.060217289859887e-06 441.63320231555656 0.2989847312764505 1.512927706609207e-06 0.19413027982844766 3.032329767631493e-05 -6.551766420745551 50.66276515431312 0.0005673718371042647 0.012010351497627508 0.5069533123147618
20230406132834 SPJR 196.31020405710873 4.944194 0.0034638695713054344 6.413654722043114e-05 2.453185057106876e-06 359.0088380170075 0.3316097554248145 8.135000967990208e-07 0.11633862154826177 1.0259103735364734e-05 -6.838021914073064 29.78753235817383 0.0003945765407102072 0.006970368118459808 0.2980311377243272
20230407075918 PPSM 110.50792887803755 4.396017 0.005966675015903722 0.00010009404144697212 2.7225581930750016e-06 764.9289732954899 0.22717959073851204 6.185096560645618e-07 0.10540366433223347 4.607891865843668e-05 -6.3933633154664795 127.63812753942432 0.0006140407981758886 0.016839476487178432 1.2770832534574774
20230408233812 CGJR 28.66333228138551 3.196975 0.004218122749735167 5.471640127669945e-05 1.0210538386620866e-06 957.1793998339834 0.203087501517597 2.0736327300883475e-07 0.08150386059416723 6.86556114455369e-06 -6.822178630862181 33.20989684562392 0.00020450606729120207 0.00567025401905646 0.3321869477953447
20230408233812 CSJI 80.62943775016716 3.196975 0.001855562328233108 1.737647735867874e-05 2.8033798888897446e-07 2224.775534804623 0.13320998160228922 3.734381834232305e-08 0.05883910530483303 1.0635874899595682e-06 -7.7812496852468 25.477228416720905 5.301669510415678e-05 0.0023403776982440744 0.25484205648156094
20230408233812 GCJR 35.76760269072929 3.196975 0.0022489792138055778 2.0964950179502033e-05 5.344179196652828e-07 1179.6083149436308 0.18294096084533099 9.776692771652974e-08 0.05857175830038012 2.3298291192205923e-06 -7.704946153500689 29.901156325774142 0.00010836560423673008 0.0036678884062511944 0.29955974332121604
20230408233812 LCJR 72.60930865208188 3.196975 0.000669267403994097 1.1493133232408673e-05 3.11276376851863e-07 1925.7249973631174 0.14318012406713126 4.456859025681685e-08 0.10789930217483672 8.588204814348571e-07 -8.261264462080891 17.36319239250963 5.220352553565375e-05 0.002248667836013306 0.17368103672877228
20230408233812 LSJR 72.98975052518905 3.196975 0.002914953737949662 2.2437701629351944e-05 5.219720415626424e-07 1540.453617250527 0.160086811672297 8.356083991584311e-08 0.048364485298345465 1.417690880920424e-06 -7.464601995957584 23.348689388042594 7.05796546666612e-05 0.0023741968667497565 0.23382769369188566
20230409003428 LESM 50.9849310264294 3.772384 0.012334969047951137 0.0001425709208234519 3.044737690781394e-06 3979.114820796598 0.09960625980244885 3.0327493345827965e-07 0.07262276147322567 9.796809601500341e-05 -6.020068925988802 196.9976812068299 0.0003241932108787486 0.021693924099477402 1.9701036243720076
20230409003428 MNAI 131.33264690974164 3.772384 0.0005025178712647682 4.772270950552301e-06 1.270617958871701e-07 1162.0133658346288 0.18432078299143503 2.3420129706221094e-08 0.05966964447039845 6.544104613723814e-08 -8.816951470083865 3.164670902385555 1.9787198165001436e-05 0.0006354961606137836 0.06343447275829811
20230409003428 PPSM 52.79909529136483 3.772384 0.020375907312489012 0.00010356946923238434 2.1307078183524567e-06 2572.039412647216 0.12389137094658989 2.6397631270230347e-07 0.0319370400234616 2.7668144962293763e-05 -6.199029585975682 297.1460386054478 0.0001997279751995996 0.011191247934364632 2.975320019184947
20230410185336 BTSR 104.23333217781568 3.329025 0.0002836327064366687 3.7905436690210952e-06 1.688479125188522e-07 646.4954518765587 0.24711387525227801 4.172466199079119e-08 0.08397017603022411 1.567532604707886e-07 -9.224815363382108 6.669620312559671 3.854389263332278e-05 0.0010004011231520894 0.06670614249782444
20230411024251 CCJR 93.47671439798081 4.144453 0.003062613109374307 3.442619072929592e-05 1.7076287616548424e-06 538.041354550423 0.2708769430838396 4.625572588791062e-07 0.07062796639588134 1.0784442043737166e-05 -7.307139276234252 59.53122124971303 0.000340443658307561 0.008042740684219452 0.5963681996243535
20230411024251 CIJI 116.88772544476691 4.144453 0.001726441814590796 2.891819983130281e-05 1.4945053858537721e-06 468.7628987996518 0.29020390547077207 4.337112997218678e-07 0.10524444366124869 4.623304743468048e-06 -7.444823348768369 27.769812660197232 0.00022485783934560684 0.005053535812468299 0.2778596229759261
20230411024251 ESJR 105.87224673175582 4.144453 0.004834508913111538 7.165102154119469e-05 1.121884156172729e-06 3599.3726450915474 0.10472888081967228 1.1749367208529235e-07 0.09312148428790287 2.9398100680370144e-05 -6.709726952207311 85.83091584663663 0.00021668774129244113 0.012349868857839376 0.858387467789951
20230411024251 JSJR 95.24496964504154 4.144453 0.009595862113770618 0.00010187486792677465 1.4561859041471366e-06 4247.474481099709 0.09640831206288436 1.4038842506859056e-07 0.06670569728276865 6.957753019216249e-05 -6.363655941188183 160.91428380649097 0.0003052793651834042 0.01980234866631734 1.6105155183863498
20230411024251 LPJR 129.83796027908647 4.144453 0.005946473333225524 0.00010343261571697976 1.7756201478503763e-06 2335.8401344234253 0.13000447752878147 2.3083856961086589e-07 0.10928936445823832 3.310491113319928e-05 -6.406026475907473 78.10424719259083 0.00027262631404129757 0.012949168877388142 0.7814448738152722
20230411024251 LSJR 100.28856019496192 4.144453 0.008374364795537124 7.916791891693359e-05 1.0995740316837476e-06 3572.901971772553 0.10511611901471388 1.1558295477995757e-07 0.05939873854121463 2.545644149769613e-05 -6.443511304571129 127.01897530948045 0.00020095323758706783 0.011414467693699158 1.2703591717077463
20230411024251 MGJR 65.9770626718736 4.144453 0.021095148454871683 0.00040670409065121367 1.56956476288018e-05 542.4218990199199 0.2697809383759855 4.234386545716961e-06 0.1211367235559511 0.0002596660168528239 -5.366040734762444 230.14933622421745 0.0010586576018339782 0.03139454335456629 2.3040351351705395
20230411024251 PGJR 54.61513804266766 4.144453 0.004178449180568905 4.894639146496016e-05 1.757491113902485e-06 803.702119033802 0.22163192147688981 3.8951613255276714e-07 0.07360128947415505 1.113367094357311e-05 -7.039273154374683 60.354458844710535 0.00025748620646036613 0.007446566152178252 0.6045162908692372
20230411052413 CGJR 37.58867189053679 3.837097 0.013214221857555475 0.00016003475243725877 3.137328132427328e-06 1977.3612616659252 0.14129827421974572 4.432990507730393e-07 0.0760943789192534 6.607621840576252e-05 -5.902736284530189 196.03875783078843 0.00040764724092751353 0.01815647093902779 1.9616834991468362
20230411052413 LSJR 96.9709428127969 3.837097 0.0056472419511406 4.67736990943752e-05 7.73848733922636e-07 4167.813033972883 0.09732530067899402 7.531506070907938e-08 0.05204094697108903 9.772498895480948e-06 -6.7734964407554195 86.11063688699915 0.00011410508022754201 0.006914996148785717 0.8614026191577624
20230415174019 MNAI 106.08877294476703 3.013554 0.00026170061882582133 2.115270943970428e-06 1.490516864462784e-07 154.18814990638984 0.5060044889705572 7.542082243044882e-08 0.05078566254634906 1.2869931053072054e-08 -9.4223315073387 1.938698718797998 2.2435280451520037e-05 0.00028803240825880873 0.03883560657265764
20230416004507 LSJR 119.51942130909922 3.303001 0.002025133422269821 2.181743823861616e-05 3.465524597258758e-07 2242.2981482177934 0.1326884708725091 4.5983515958133254e-08 0.06769085230321517 1.4349311474249156e-06 -7.599405883075983 26.128890374426913 6.077957168867646e-05 0.0025452825823658112 0.2613419848622693
20230416004507 PGJR 68.60239351374848 3.303001 0.0012193942366428912 1.061610659925619e-05 6.857181862715021e-07 185.7823332148504 0.46097530670967524 3.160991512329079e-07 0.054701722379415514 9.250128812181124e-07 -8.14930126856733 16.53430670100719 0.00016098824495775277 0.0023620726822082944 0.1655473128888284
20230416214953 MNAI 162.6363871459391 3.194604 0.00038543842038395073 4.0704246535126315e-06 1.9712257568064357e-07 253.07857360129879 0.39495914980533803 7.785536489826539e-08 0.06635361454484898 2.910274426481786e-08 -8.90944895408996 2.130933052500133 2.792849373768482e-05 0.00041228465962172146 0.0426453298532163
20230417110555 ABSM 183.91151264028724 5.163342 0.023079277412471278 0.0007167193385708001 3.0193915902043153e-05 571.4030219429945 0.26285037558724966 7.936482135301873e-06 0.19512224481716653 0.0025368514113470997 -4.953424172031218 409.0520760511055 0.004352627745527257 0.10982099949946156 4.091277409680818
20230417110555 BBSR 166.77093781545193 5.163342 0.0035466997219036 6.656181605071908e-05 2.938842366121572e-06 427.40098156939735 0.3039219805825584 8.931787925316004e-07 0.11791813726046126 4.159278076109979e-05 -6.835126364740481 73.5767442159393 0.0007785314953399017 0.015751219406774215 0.7363374137211715
20230417110555 BEFA 136.20461656057822 5.163342 0.008271580502387502 0.00020652114904438912 1.1157399756728893e-05 298.6426223882069 0.36358333850390423 4.056644652574139e-06 0.15687578074383848 0.00039346433728156525 -5.962859007026891 175.37821465869646 0.0028248724671349522 0.04788840464638361 1.7547098629993825
20230417110555 BEKI 150.26175753276243 5.163342 0.014054177476074417 0.0005602084431596836 3.123986403354036e-05 251.8817039839531 0.3958964040365579 1.2367749833469626e-05 0.25045175820577753 0.0036429883936400305 -5.186916419277684 334.96562891330666 0.009646684831268765 0.15334151302525514 3.351331705776484
20230417110555 BLSM 262.17271927550115 5.163342 0.013871278695059082 0.0007884715350026878 4.349673558164318e-05 201.3403444820743 0.44280698674550933 1.9260658416173598e-05 0.3571489602918054 0.001608983865914953 -5.009120478713358 161.33887336256885 0.005877151410739397 0.07404646301512215 1.6141313787981866
20230417110555 KBSR 209.77700634113137 5.163342 0.01891009637499174 0.0007153713746589394 3.4923512561217845e-05 295.09954746762406 0.3657594844818667 1.2773605950687035e-05 0.23769370717635355 0.003964371511565289 -5.01181406988143 342.24884742942834 0.008593301612813374 0.146914294392683 3.4262997484165645
20230417110555 KSI 150.24078437832546 5.163342 0.012164086784349978 0.000456345627353166 2.815683595456925e-05 238.57147504983573 0.40679032056524234 1.1453928324062165e-05 0.23571881651404095 0.0029485446314403948 -5.415875139611129 306.32578191659115 0.008850209978297377 0.1363845133012762 3.0643985392096678
20230417110555 KTSR 208.2889026967166 5.163342 0.0018441439263994952 6.396607215383856e-05 2.9590292212455624e-06 281.7344966849165 0.3743344998162257 1.1076667234765533e-06 0.2179388923833498 2.4078913183079758e-05 -7.028598125528927 32.86097547945666 0.0006810667896702267 0.010698499850501544 0.3292823148090566
20230417110555 PPSM 136.65225639091258 5.163342 0.0088424959563802 0.00021844220975537898 1.0199122006584257e-05 422.3887090342767 0.305719906526856 3.118074626508939e-06 0.15521781288602318 0.0002678407148541942 -5.865438029937955 187.7918500693541 0.0019074387963500317 0.03779958594512466 1.8790029859795698
20230417110555 SUSM 162.4618266359091 5.163342 0.01163427068820038 0.0003543636512895813 1.8677307352280932e-05 239.33284133258144 0.40614276391826576 7.585653230606324e-06 0.19137705721763754 0.0007148217184992266 -5.583857258315702 194.5679133388465 0.004113120679811143 0.0626674620403471 1.9460528507318797
20230420072355 SSSR 145.36579184403047 3.815302 0.0003129511420792398 6.269130454247401e-06 2.304201524528318e-07 438.7139552922156 0.2999778193068193 6.912093485714534e-08 0.12586663878972426 2.2897217324777917e-07 -8.962940531668226 5.054663967871655 5.8330802077011395e-05 0.0011208870803864302 0.050561594516962356
20230424113545 ABSM 185.08831038710045 4.858406 0.006863442106551022 0.00011441432552923582 2.868811603929359e-06 1634.855893162737 0.15539610527471792 4.4580215001753903e-07 0.1047413816472632 7.095329113640567e-05 -6.339045771133995 113.45233825104035 0.0004801030368814397 0.019233251311320452 1.1347788985073328
20230424113545 BLSM 256.4167390679382 4.858406 0.0025692972617608906 6.399541742581078e-05 2.651115592541588e-06 300.6953358166108 0.36234020234855435 9.606057602509266e-07 0.15650001752662102 1.159659880513261e-05 -6.936433437275606 35.7925124411314 0.000461963484062171 0.00751112798124765 0.35814526958285775
20230424113545 KBSR 215.1633644058584 4.858406 0.0029758086704864775 8.687811750897707e-05 2.897142553663286e-06 641.3267943772297 0.24810766178860513 7.188032648576664e-07 0.18343629308620457 7.523453424799857e-05 -6.715510035488711 69.13697503841907 0.0008881479740176476 0.022065222262272595 0.6915277381075653
20230424113545 KSI 148.08264264015685 4.858406 0.0025531379480299853 5.372482851481808e-05 2.839292198884253e-06 291.00717265933264 0.36832230652546677 1.0457746515928124e-06 0.1322149684138741 2.5998458034178e-05 -7.029536540828683 42.68738717720126 0.0007015731141664465 0.012293233804929532 0.4273066711657981
20230424113545 KTSR 191.7290674734951 4.858406 0.0018333621631070496 3.224620444132052e-05 1.0197475126417214e-06 941.6434761418897 0.2047559908487878 2.0879941236654242e-07 0.11051219559077587 8.669861523313168e-06 -7.413854103927428 32.21676403136689 0.00021710181722624109 0.006693482075687663 0.32225698782837253
20230424113545 SSSR 106.14723281663488 4.858406 0.005760767867717134 9.06997035903324e-05 2.861331028327862e-06 1227.1821806817609 0.1793598979381489 5.13208041208144e-07 0.09892484093273356 8.745642389424376e-05 -6.503814063685285 127.36834698500098 0.0006374344267240148 0.023262450718168688 1.2751847738387958
20230424113545 SUSM 143.28118843402632 4.858406 0.00551122919786247 0.00012013718512413873 4.521070035278149e-06 639.1170848145454 0.24853620048781938 1.1236495687073627e-06 0.1369647621823946 0.00014365127319590515 -6.368509286441338 116.13671819912767 0.0011423344914435667 0.02835406227823955 1.161830072110081
20230424184712 BTSR 139.2479535008532 3.855346 0.0009877302615921503 1.2686893853986879e-05 2.3152392001127007e-07 949.6894857950684 0.2038867735904314 4.720466506010697e-08 0.08070432602583617 6.545315001437711e-07 -8.13329237358019 15.414456735591319 6.689053739403603e-05 0.00193408853513636 0.1541619937728505
20230424184712 KSI 145.9858200718667 3.855346 0.0005977724592678029 1.0402159738767867e-05 4.3049940335509977e-07 652.7291142020667 0.24593105690539793 1.058731732642629e-07 0.10933708340062638 1.0898351603887333e-06 -8.368616869438908 11.714579631600575 0.0001010290817040291 0.0025583041412407335 0.11721380901594425
20230424184712 MNAI 64.51041733904114 3.855346 0.004207961006256923 4.676415094198966e-05 1.21441598891449e-06 1810.4101025227521 0.14766969781113595 1.7933244210001455e-07 0.06982665135549923 3.2053989618818593e-06 -7.110269280777304 14.902723674530009 9.937954464746246e-05 0.004228301173943792 0.2986149536464885
20230424184712 PKSI 108.11597039027353 3.855346 0.0043987816428726085 7.875639446962411e-05 1.7065444019523898e-06 2022.1234190363941 0.13972561791105295 2.38447971055446e-07 0.1124950181102483 1.0752757475360391e-05 -6.638948377377612 38.99309369346405 0.0001488224767392903 0.005926855258977082 0.39011425276734646
20230424223047 BSJR 135.31755019843644 3.71793 0.0018378963506856553 2.6693087472514407e-05 3.8612040128023745e-07 1628.8302935546258 0.1556832715740078 6.011248729277607e-08 0.0912552086781131 2.059385632213912e-06 -7.508296369345426 19.4226374463151 8.767018792777124e-05 0.003260347594932301 0.19434385322839548
20230424223047 CCJM 103.97611641905429 3.71793 0.007180133593103979 9.638884367636321e-05 1.6257070110998024e-06 2516.7263360436295 0.12524542519409168 2.0361236584621067e-07 0.08434786881194244 3.943471498928617e-05 -6.419822403438815 118.0629290682622 0.00030276682943233997 0.014065934815121141 1.1807611707265593
20230424223047 CCJR 105.64168329800971 3.71793 0.0012963543301576842 2.0553044704605822e-05 6.440002191390916e-07 668.4979628492349 0.24301317762891225 1.565005396467065e-07 0.09961673710772927 2.7013024321767286e-06 -7.729346218037645 24.271787738849945 0.00015948666185819103 0.004046542052295321 0.24281618931449483
20230424223047 CGJR 112.97741582537058 3.71793 0.0019391855839120714 1.9753025422198728e-05 7.078977084203458e-07 858.3461379353901 0.21446115453753006 1.5181655984229918e-07 0.06400208424338798 1.965627074930076e-06 -7.727669757756877 24.048692327808983 0.00010662001470246725 0.003244917357503971 0.24052618566321315
20230424223047 CSJR 87.60718666855468 3.71793 0.004843746886973461 5.466798981777704e-05 1.5093324358246958e-06 1004.3623034323233 0.19825980118732514 2.9923994865218535e-07 0.07091392643159429 1.172686390990044e-05 -7.019281320022139 50.80167906862418 0.0002588362258290277 0.007552923932548639 0.5084203980379826
20230424223047 JAUI 150.99552064251338 3.71793 0.0020230363280341283 3.0121996243886467e-05 5.892527834873723e-07 725.2066410245288 0.23331839600817414 1.3748351428662563e-07 0.09355347780947675 2.3302312189788708e-06 -7.47026006402622 31.651262575416595 0.0001345262504770231 0.0034067543217265687 0.31663043246337297
20230424223047 JSJR 49.95579053239602 3.71793 0.008103758343535186 0.0001278134185251334 2.559562340673191e-06 2393.6154777483343 0.12842591721538074 3.287141412709014e-07 0.09909912898355006 9.158629774294819e-05 -6.216033351343224 155.13359941510032 0.00046574929058386833 0.023102149088829543 1.5522321195621083
20230424223047 JTJM 78.04568905739893 3.71793 0.0072679550679513715 9.705681948108068e-05 1.511926883117515e-06 1844.4221323945292 0.14630181227980493 2.2119764303464923e-07 0.08390612991186254 2.0859316647222997e-05 -6.374827733359423 58.06375402533158 0.0002307853976289423 0.008303323013149639 0.5807951177661008
20230424223047 LCJR 117.98517063004978 3.71793 0.004039363678942099 5.646116024725645e-05 8.791779993556279e-07 3696.250645251779 0.10334730636160065 9.086067804578521e-08 0.08782470722833842 1.2725180855922241e-05 -6.835349437306304 54.965626868454684 0.00012776511640488758 0.00757922804577504 0.5496831253275676
20230424223047 SSJM 103.25977196410469 3.71793 0.0022645722972419067 2.757143528924817e-05 8.709708942595058e-07 804.1207963757673 0.2215742160016943 1.929846930558446e-07 0.07649852350408372 5.313517862267962e-06 -7.51848567931918 39.0141038572583 0.00020588079527467432 0.005404361024445622 0.3902483389747894
20230424223047 WSJM 83.1597896344131 3.71793 0.009369116151424937 0.00011570533156690798 2.567236363922579e-06 1111.2516966536446 0.18848363545917754 4.838820429551278e-07 0.07759515705790139 3.6639763880658346e-05 -6.286612209155159 84.27718436460302 0.00041596557206646914 0.012654643073454905 0.8435534828830158
20230426140133 SKSM 72.09313056127587 3.035647 0.002226525989565032 1.8550137572621823e-05 3.811735333777485e-07 2290.3748968120663 0.13128846807411793 5.004368926756326e-08 0.052347896403952196 1.7205046688461714e-06 -7.597553560767418 37.437618737660344 6.557080850397957e-05 0.0029630141023406927 0.37445020872425355
20230428083303 MBSR 54.86732004757453 3.227799 0.0026684966811649415 2.938368728348801e-05 5.144767296359145e-07 1267.9041411238263 0.17645609264875145 9.078255347026158e-08 0.06918620267115103 1.863597221889752e-06 -7.37989357256722 37.71665941905751 9.662604891515442e-05 0.0030102656784695447 0.377448495049742
20230428083303 MNAI 64.4178123182547 3.227799 0.00203874485269451 3.157043194709106e-05 7.25779277859254e-07 2586.3853760922043 0.123547297600266 8.966806843378341e-08 0.09729656650713747 1.0693614861167691e-06 -7.229512757740042 9.55888230355334 4.5439024933386725e-05 0.002266861142298544 0.19127297798450743
20230429201930 SSSR 86.20812606256794 3.282804 0.0010306902639592407 2.759383950135149e-05 8.004227684305165e-07 907.0775211816355 0.2086208286344439 1.6698486120784996e-07 0.16821465476695302 2.1858365481478605e-06 -7.676052580033067 12.078192916144944 0.0001028154784428208 0.0029752391475991896 0.12079815654000688
20230430175539 CCJM 145.87484835838976 3.798099 0.002134586802918229 3.8754161846566004e-05 1.4738666147983557e-06 815.3526171355721 0.22004278528785154 3.243137150630072e-07 0.11407340285881601 9.691914442455262e-06 -7.280437128668637 43.71894566657599 0.00025540713307289 0.0072993931832522115 0.4375584715048697
20230430175539 CGJR 77.76197482396893 3.798099 0.002909882591412785 2.279587639711188e-05 7.276186307980313e-07 1107.9649227082 0.18876299644401262 1.3734747301792612e-07 0.04922216314338474 3.466418146251811e-06 -7.539850812810227 37.359291570462325 0.00013327032471633894 0.004500875494570832 0.3738818147207701
20230430175539 CIJI 92.0457033736293 3.798099 0.00247321191923353 4.9551013935686617e-05 1.7127648916827504e-06 495.80844798810773 0.28217784159259884 4.833043002906199e-07 0.12588415909504574 8.30696025716425e-06 -7.074806690443135 37.79264106298904 0.0002832341406580035 0.0063306364064281955 0.3780076738185594
20230430175539 CLJR 243.84141532246045 3.798099 0.00020509416756851555 3.906890218031238e-06 1.6533662206073475e-07 419.52660210789827 0.30676097967768545 5.071882415995021e-08 0.11968997220019387 1.4403720897881192e-07 -9.30738541240969 4.447154566943668 4.719979824371067e-05 0.0009253201916482117 0.044484133378741686
20230430175539 GCJR 128.96146319477367 3.798099 0.0009009625613100826 1.4059240101557382e-05 6.439050938505579e-07 350.61407725918224 0.3355561429675164 2.1606630972962987e-07 0.09804714938184059 8.080741035246182e-07 -8.170798781189266 15.887739935505852 0.0001155040329575642 0.0020979252399526 0.15897181020833048
20230430175539 LCJR 158.55906071905073 3.798099 0.00034431670142206843 6.340200066235147e-06 4.924837818215763e-07 176.8427083384241 0.47248311147051764 2.3269026958382593e-07 0.11569770428276545 2.837731307555607e-07 -8.830444599714655 6.319733709966995 9.19702997756568e-05 0.001266372753441828 0.063273396284383
20230430175539 MGJR 79.25768834545799 3.798099 0.0024942677249358896 3.407483909951356e-05 1.220971528015143e-06 791.9368186866304 0.2232721739588204 2.7260896740176373e-07 0.08583622609320139 8.31523506353065e-06 -7.480243564256067 46.97100944179333 0.00024299288691595575 0.006878953678217438 0.4698454002766955
20230430175539 PGJR 53.16678982892865 3.798099 0.004795446245982293 0.000151037232430715 8.133288478921259e-06 407.0206208345984 0.31143804331865554 2.533015449621401e-06 0.1978950176828321 6.991382203139867e-05 -6.3000403121326025 67.98314533906778 0.000660531233636772 0.014438072631929571 0.6800041163384696
20230519053821 LESM 72.6721598037279 3.357847 0.004498954849279479 5.044771093078422e-05 7.741017153360802e-07 4753.2831874237545 0.09113454377090142 7.054740665942588e-08 0.0704546559634646 1.2420465390129764e-05 -6.9120003833098576 72.9331106705909 0.00012013334266425442 0.0075562944831849875 0.7295106060251517
20230519053821 PPSM 37.91122674562305 3.357847 0.007790909535595008 3.1102525286056305e-05 1.0188562686941264e-06 1305.5364642646102 0.173894307394055 1.7717330517865634e-07 0.025083455147397713 7.278305051248878e-06 -6.932229435108721 141.88785265293626 0.00017730916690145366 0.006510867606939391 1.419472898620168
20230519135218 ISSR 100.80565982581287 3.864896 0.0005341466725379886 1.2091490762995644e-05 1.1030920400258174e-06 106.8597935463479 0.6078168044712532 6.70477878806168e-07 0.14223261326887457 1.3049334231661584e-06 -8.450047040750452 9.129610293271995 0.00025963351312496857 0.0026639445264816436 0.09132734689020977
20230519135218 KPSR 112.33251383906973 3.864896 0.0002854538784254711 7.984032292864614e-06 5.021801968971283e-07 228.08742652004815 0.4160343557707506 2.0892421469692545e-07 0.17573821267127 3.302972278384664e-07 -8.766009216322976 4.681188436005088 8.913125178808274e-05 0.0013533995893706915 0.04686519580439034
20230519135218 MBSR 78.98304294183507 3.864896 0.0008770143402061601 1.5633837354751405e-05 1.0513952290519538e-06 135.60800863908563 0.5395568357751737 5.672874829363861e-07 0.11200534889671059 1.5583440023514466e-06 -8.039925287363857 10.586558669252803 0.0002476906097109432 0.0030187060503729904 0.1059078956353999
20230519135218 MNAI 70.45394774024861 3.864896 0.000923317414916415 1.2991990372848155e-05 1.0231617291878437e-06 165.06116631760372 0.48905467366492306 5.003820255743993e-07 0.08841063939976478 4.4726980586080887e-07 -8.215895970256167 4.281529012245447 0.00012338891898213772 0.0016667965826158203 0.08575406530393176
20230519135218 MTSM 25.61632104511636 3.864896 0.020072700399129815 0.00039238209940750906 1.4575120401985015e-05 767.6118743517372 0.22678223245929563 3.305378343125188e-06 0.12282400438280941 0.00061992737109744 -5.355301723366394 297.13058615892203 0.0018697229727422182 0.051970892606571346 2.9744671443252564
20230519135218 PKSI 43.04591753977534 3.864896 0.003414925962814397 7.897681726730033e-05 4.001512714159368e-06 169.3736328222858 0.48278855599718334 1.931884545073371e-06 0.14531090373998795 4.2933080927776975e-05 -6.798708859706033 71.92694572513781 0.0012829002299751088 0.015775963777720094 0.7195267934223734
20230519135218 SSSR 113.21089602449611 3.864896 0.0007409607205944776 1.6604990209279602e-05 1.2664072342826297e-06 150.37669479367293 0.5123769696896628 6.488779010948007e-07 0.14080669542793045 2.120483514271794e-06 -8.190519644679274 12.399916231626445 0.0002675012030423859 0.0033720083461642398 0.1240197798293047
20230519150949 LHSM 7.1097907799361915 3.944387 0.005417312553114396 7.748461273409157e-05 2.127100978078489e-06 1366.4602162984136 0.16997356070790162 3.6155092722926093e-07 0.08986931721033076 4.11548071892296e-05 -6.671076228387338 90.38682832842167 0.0004086972288212516 0.014858577574725463 0.9040074469292997
20230520034228 IMSR 87.37931656353005 3.805702 0.00177552577657329 2.4279738839520972e-05 6.41501784530292e-07 1143.2661634384835 0.18582587792980973 1.1920763230388115e-07 0.08592052019264987 3.7936082369052226e-06 -7.5852556603659105 29.948550672894562 0.00013965316524057638 0.0046645024867380865 0.29959482540976057
20230520034228 KBSR 82.37762831089009 3.805702 0.0019152973296144822 5.385895665749682e-05 1.8220816461708358e-06 566.9409073331226 0.26388273165347925 4.808158820872283e-07 0.17668578131340146 1.204969756380128e-05 -7.137151954916624 27.29538191943007 0.00035833807594953267 0.00826763764174956 0.27333132204474825
20230520072224 CBJM 96.41313756154986 3.10979 0.0020038995567433168 2.1388865468816882e-05 3.5529231855534285e-07 3652.7996601713394 0.10396016054000229 3.693624647564308e-08 0.06706434202187178 1.7080502057418906e-06 -7.641900779056451 36.7767015126299 5.2106593171642676e-05 0.0029105698681162993 0.3679039265750246
20230520072224 CGJR 38.93398838184649 3.10979 0.0038845371532254046 4.752678135945898e-05 1.0518231404846302e-06 2827.729765772451 0.1181573974686191 1.2428068487693365e-07 0.07687391381682109 6.444191854146697e-06 -7.017400261173943 55.91106297354853 0.00010286840495384572 0.005550771328619624 0.5593254475720731
20230520072224 ESJR 103.11619719696304 3.10979 0.0014073132791900611 1.6985924479342716e-05 3.6183653693931157e-07 1589.0410466068345 0.15762035834999058 5.7032804616493895e-08 0.07583649830895586 8.551141831566195e-07 -7.884206834672689 14.407947054404964 5.8663842826036e-05 0.002000315503176949 0.14420094076973097
20230520072224 LSJR 96.97403458627197 3.10979 0.001900156252050505 1.7842876449967733e-05 2.278841523377759e-07 1890.1526519788551 0.144521156539599 3.293408125290154e-08 0.05900046326573258 9.422221394782835e-07 -7.71613475756918 26.443713519698324 5.5253731326878716e-05 0.0022934243341882713 0.26465732424969657
20230520114925 MNAI 72.27928745072047 3.316887 0.0004241085700503924 5.771952261316882e-06 2.3276439229883322e-07 477.75856742767917 0.28745881203221085 6.691017569362209e-08 0.08551170196287022 7.298531268800552e-08 -8.914763666783632 3.00406492652835 3.226176992222483e-05 0.0007034663076282226 0.0602627015969796
20230520193313 GCJR 26.830810498689623 3.157021 0.0018316561810056717 2.0016063988540296e-05 3.7548744443606995e-07 2276.442065851094 0.13168962690091376 4.944780146376364e-08 0.06866170652797496 1.2284940328166574e-06 -7.723566937100473 27.307317768174187 5.6128009820270006e-05 0.002498626358187642 0.2731246806797455
20230520193313 JSJR 72.3838476236595 3.157021 0.0016305574443101977 1.9600488782027814e-05 3.6119186887015406e-07 2982.6977865377935 0.11504698517493135 4.1554035583210365e-08 0.07552846638952679 2.9562552890870516e-06 -7.728655388221302 29.184840687349247 7.566436221210219e-05 0.003948589390357351 0.2918771146699536
20230520193313 KCJR 59.08805214755867 3.157021 0.0006727894869739558 8.829152468086511e-06 2.2481987079131986e-07 932.7176729845181 0.2057333820293502 4.625295236529976e-08 0.08245551117607912 5.958783427763905e-07 -8.519274645821724 10.434738542470134 6.257557039690625e-05 0.0017999362616388736 0.10438624073284979
20230520193313 LSJR 70.36009427220833 3.157021 0.000733625991919809 6.437056722385605e-06 2.1486554914571978e-07 630.023722213293 0.2503233817306733 5.3785870879574756e-08 0.05513057152423764 3.031656204841806e-07 -8.58378995930549 15.549185567724427 5.747686051785336e-05 0.0013563562685522325 0.155520284857055
20230520193313 SSJR 47.51373388202946 3.157021 0.001439200784855859 1.3303266458725694e-05 7.302860572217084e-07 194.88207301768247 0.4500843611678111 3.2869033353439214e-07 0.058078684524433336 1.0206313857337838e-06 -7.911711087347239 18.262437982224025 0.00017522899061669114 0.0024851884493467293 0.18276244582668932
20230520225456 GCJR 99.61628626421859 3.141165 0.0011464570183553314 1.6347889546434964e-05 3.056660490590966e-07 1100.093595736925 0.18943710587063206 5.79044916966659e-08 0.08959500247894946 5.649623370051965e-07 -7.997174556561296 12.512559249341155 5.396443768526591e-05 0.0015186102705600788 0.1252296892621867
20230522104813 CLJR 121.41240801150347 3.801873 0.001667714482378923 3.522096423613139e-05 1.0828978835973796e-06 876.1549003028083 0.21227039165296685 2.2986715787138468e-07 0.1326964821205388 7.262952454193708e-06 -7.421477090330813 35.50875522732889 0.0002045139040870452 0.0063543639529540915 0.3555131207875919
20230522104813 CPJR 89.82805105303015 3.801873 0.0026461779596743604 3.466343639186004e-05 1.073256456043302e-06 701.0848625226104 0.23729827067764164 2.546819010126899e-07 0.08230617802458431 9.578477173593199e-06 -7.374744481005143 46.33046550846457 0.0002890273726593814 0.007692187058359368 0.4636388738388856
20230524163829 ASJR 168.08999639385814 3.802665 0.00036600082416617027 1.210370748259606e-05 7.880296416996917e-07 151.4208783185257 0.5106072628170788 4.023736583670029e-07 0.20778597204065127 8.117141572231055e-07 -8.52441847040282 5.793778004897867 0.000173986614681466 0.002129342916950879 0.057961404596058384
20230524163829 CLJR 110.39056867766092 3.802665 0.0014125453687784224 2.7238585865607227e-05 1.0220455548031977e-06 495.8178871673478 0.28217515558633505 2.883958634429144e-07 0.12116076855438644 4.009166886070878e-06 -7.628836961779957 20.77202406885049 0.00020380687886077382 0.004232543004467271 0.20781603927195022
20230524163829 CPJR 95.81944133497808 3.802665 0.0010243462072231585 1.7548057495481668e-05 6.938144841856244e-07 391.7857623123498 0.31743553633484733 2.2024137290434912e-07 0.10763714088818106 1.8989108692138306e-06 -7.964872777830726 16.003476757853605 0.00016540806649748796 0.003254937547802571 0.16015141267334973
20230524163829 JSJR 120.64319989382014 3.802665 0.00041382694505429 8.871208352800941e-06 2.876124908164416e-07 619.2106902116544 0.25249957159269637 7.262203071585983e-08 0.13469264542920287 4.994906517477365e-07 -8.567423154147928 9.745696253210738 6.762506536711052e-05 0.0017043578387231394 0.09755285826936683
20230524163829 RSJR 107.44016647463634 3.802665 0.0005724132264324365 9.585701421598081e-06 2.0229663780233574e-07 634.8236137473343 0.2493752404991742 5.044777270413181e-08 0.10521898438051641 3.122016278139476e-07 -8.451591939211344 9.087135823919974 5.585866371749518e-05 0.0013299301611505048 0.09092423763790719
20230524163829 SPJR 97.41818154738786 3.802665 0.0023561536664557996 3.439735453215901e-05 1.7129346295006199e-06 255.0246011412065 0.3934493479068225 6.739530129840335e-07 0.09172786804156564 3.7718380688512517e-06 -7.349140063009594 26.05661394537609 0.0002664650455264032 0.004260044165543251 0.2606183026741741
20230524163829 TPJR 117.8105687623945 3.802665 0.0008341378777401288 2.1121782513958775e-05 9.55630409641449e-07 263.581574097232 0.3870101406038936 3.6983865920069364e-07 0.15910088379237253 2.35036208712046e-06 -7.946648858335685 13.322165307844404 0.00023103393242208497 0.00372421652509499 0.13323742419010898
20230524163829 WLJI 86.10444404640371 3.802665 0.0021272387451358723 4.5267105315483695e-05 1.95556284599866e-06 381.8082934737868 0.32155642343190105 6.288237945556386e-07 0.13370460258264588 8.10576552476028e-06 -7.2013645966683315 38.59652849045088 0.00035802623931491067 0.006550380069566554 0.3861155975955939
20230525163757 KTSR 155.14624506855844 3.966925 0.00068702915078064 1.4177813267680328e-05 4.959330107081378e-07 666.2826751871163 0.24341683314829088 1.2071844292027234e-07 0.12966237009041787 1.7341730456499055e-06 -8.215816485374047 14.343698121243616 0.0001227924174997735 0.0030799642921219665 0.14352072121602494
20230525163757 SSSR 185.06562108176675 3.966925 0.0002544637054062079 5.1954497782365486e-06 1.7234829985735876e-07 421.539264868674 0.3060277797403322 5.274336754736851e-08 0.12828538222649388 1.752595879948856e-07 -9.076298032643038 5.485286434799547 5.118308414501765e-05 0.0009773873545572509 0.05490490950679757
20230526140503 CCJM 142.37061205686246 3.430026 0.00126574588902765 1.538352583620564e-05 3.768003638302799e-07 1370.135559993529 0.16974543336866527 6.39601410518416e-08 0.0763640983111685 1.6558622031118472e-06 -7.916436320495207 29.194816022667396 8.828437295862939e-05 0.0032034831459447897 0.29215021553392706
20230526140503 CGJR 75.25086656247883 3.430026 0.000993008609067887 2.1433993079088543e-05 6.239570361516558e-07 707.7344479197249 0.23618086071947098 1.4736670985026814e-07 0.13562193636481465 1.5988899894738714e-06 -7.799367027440734 18.22071039384543 0.00011070464620286317 0.002897426544657292 0.18223353566162712
20230526140503 CLJR 234.31483519328103 3.430026 0.00017551035963552815 2.727282231133228e-06 1.0104197612718339e-07 327.4621135373953 0.34721568696884075 3.508335915368919e-08 0.0976353742239125 4.767306978370967e-08 -9.571776232417074 2.740448606173439 3.204431630770753e-05 0.0005353364818667595 0.027412649642411843
20230526140503 MGJR 83.03225297567623 3.430026 0.0012590390497781204 2.1463309552512855e-05 7.166682446706133e-07 1005.3797343092938 0.19815945765754808 1.420145906843157e-07 0.10711180979459053 3.353533749160578e-06 -7.86144337117156 25.889843728865195 0.00013769356548711144 0.004454988570988095 0.2590010950591394
20230528035921 ABSM 132.59767346216475 3.168511 0.0052394729314082155 8.138539222374497e-05 1.4502920802501987e-06 2895.3242516422856 0.11676999572920094 1.6935060001690963e-07 0.09759750786647232 1.1824044132971851e-05 -6.638059133799504 46.59664032928316 0.00011638776623445118 0.006062339575064474 0.46634783441104755
20230528035921 LESM 101.61148934870097 3.168511 0.0025130871833125945 4.08805534820699e-05 7.261668498764044e-07 1751.9570701475677 0.15011294260388108 1.0900704265633782e-07 0.10220898610024899 2.6153122938788214e-06 -7.175209278723099 34.57446414419056 8.7095775882031e-05 0.003336379632805252 0.34615625499718067
20230528035921 MBSR 23.639408681873732 3.168511 0.0021367793546870806 2.5998088546408078e-05 5.096926850600516e-07 968.6797531219959 0.2018783549579268 1.0289592079401189e-07 0.07644720434575096 1.8296794681028896e-06 -7.611367741353285 25.533867027534413 0.00011065437076628871 0.003011890764479553 0.2553672496581445
20230530065515 LPJR 123.76281011897909 3.70336 0.0012290164701867874 1.698506904274832e-05 4.919749067202589e-07 1794.1889418134667 0.14833573249436188 7.297745815719497e-08 0.08683393497127634 2.3543850157654004e-06 -7.9321066582246464 24.307465210027395 8.711628767136206e-05 0.003760860364657853 0.24331003225938602
20230530065515 MBJI 142.08158529884878 3.70336 0.00020730467276446166 6.625125554504361e-06 2.3192841355001904e-07 228.5394509072734 0.41562271840333315 9.639471771463136e-08 0.20080054630306401 9.926421574095531e-08 -8.911824900135263 2.5622728352575477 5.0298347417345806e-05 0.0007009500676386005 0.02563386684497368
20230531120402 KPSR 127.33524171420537 3.737673 0.0008336630588971908 1.3099702278518356e-05 3.52168661181192e-07 1239.3536490674546 0.17847699429590427 6.285400413283186e-08 0.09873036355202573 8.138432279259028e-07 -8.143318529848614 13.736405052777728 6.243695778884468e-05 0.0020805595966853045 0.13738037643987117
20230601143806 LPSM 36.99194164625518 3.115567 0.00397271274515574 5.030742704310626e-05 8.111683496801491e-07 966.2251691817125 0.20213461668412497 1.6396520342889118e-07 0.07956550264669657 7.072935568483724e-06 -6.93475176855137 68.16721327719716 0.00022214236568540238 0.006201139121595853 0.6818952984403317
20230601224239 JSJR 92.74575637626637 3.158852 0.0007128722588468154 1.007838024838832e-05 2.0739675705821433e-07 1236.4616682033914 0.1786855938055847 3.705881268829962e-08 0.08882984280981793 5.018799819798243e-07 -8.345784346181286 12.962104734125287 5.075315261586381e-05 0.001672550431958439 0.12966454270544697
20230601224239 SPJR 55.03995246143962 3.158852 0.0010640798131983267 9.463894609038522e-06 1.894476985274048e-07 657.5771561586666 0.2450228062440805 4.6419006729667283e-08 0.05588246559952731 2.634237296602559e-07 -8.299498745700133 8.671700863794062 5.215974424287219e-05 0.0010888485009795923 0.08673690958885086
20230601234758 IMSR 76.09355314282254 4.241986 0.00530029620753927 8.352699659076518e-05 2.626938314408927e-06 1018.9274730946754 0.19683767756604376 5.170804369175108e-07 0.09901627704984199 3.458154787855929e-05 -6.482251759583064 102.50640527826147 0.0004230119362182064 0.013663893668254677 1.0250959650946505
20230601234758 KBSR 48.75870662248649 4.241986 0.021505114427759084 0.0005062226783801159 1.978849651890459e-05 629.226733320504 0.2504818634115993 4.956659482169167e-06 0.14790392795368545 0.0015539954089009876 -5.148494235617011 313.34760631303516 0.003507695133833434 0.08711187283726884 3.1357007921318747
20230601234758 MBSM 73.84146232014528 4.241986 0.009797933323680647 0.00017826546512080297 3.821738533079825e-06 990.9535550756957 0.19959663642117256 7.628061564839193e-07 0.11431747024828723 8.934496823026543e-05 -5.8621881765990596 201.10749261441754 0.0006418628097907373 0.02066881405827249 2.01225273781216
20230601234758 MNAI 177.45581426248128 4.241986 0.0012860902879727487 1.8468806322869798e-05 5.607873031005009e-07 1234.427755329213 0.17883273945626163 1.0028712966575149e-07 0.09022922699456683 8.506065054527883e-07 -7.7657420946336355 8.09102008333592 6.134496185271072e-05 0.0021768533639892774 0.1620916616380876
20230601234758 TMSM 118.06490902528128 4.241986 0.0035432904021886714 4.2071737511494825e-05 1.1937463080634135e-06 1487.5400347508673 0.16290917221167206 1.9447222287735035e-07 0.07460424999781456 1.6281216796621452e-05 -7.1148181446236975 70.86427994718028 0.00025759416069523114 0.00989559293319973 0.7087577165916883
20230602112026 CCJM 110.36855933837609 3.731434 0.004571414569964338 0.00010713177655059146 3.47823723112761e-06 768.5846496892779 0.2266386711668806 7.883030640659317e-07 0.14724737694485102 3.2117377328351796e-05 -6.432770385849093 63.76346975387717 0.0004232666315776215 0.011803366118897877 0.6380648939132793
20230602112026 GCJR 94.75952533700367 3.731434 0.001050986819795301 1.7195503956504593e-05 7.990600290485663e-07 415.6605126770096 0.3081842811554522 2.4625774065238715e-07 0.10280103972198375 1.5262912245341204e-06 -7.941239263856786 22.06038123804395 0.00013923477325927553 0.0029510565916643344 0.2207172282029636
20230602112026 RSJR 52.69240288097269 3.731434 0.006435859122693103 7.188597377298834e-05 1.927646664869286e-06 1068.3274722048247 0.19223287893661678 3.705570679603906e-07 0.0701806682825173 3.434332443383329e-05 -6.664901304371333 106.71446413908303 0.00040967436096464875 0.01341586944320902 1.067466882153663
20230602112026 SSJR 76.59702065495318 3.731434 0.004191725452943298 7.926589756532185e-05 2.6996922483926138e-06 512.7014011550095 0.27749017844003887 7.491380837396561e-07 0.11881558764616199 1.587208260312081e-05 -6.678653043382429 60.38741932465726 0.00038115253541610154 0.008666714847221944 0.6042622853479176
20230602112026 TSJR 47.256376116096654 3.731434 0.010010517819907309 0.0001178735809153294 3.7979531025451536e-06 924.4477994881379 0.20665155227187773 7.8485290409675e-07 0.0739843397750127 7.342924042320163e-05 -6.314825507843861 176.71141559662215 0.0006375559117745295 0.020511367765138906 1.767405906507049
20230604134840 ACBM 149.596455737526 4.631834 0.0029686976721596987 7.586177442317645e-05 2.973761964610375e-06 686.6464193269044 0.23978018366679016 7.130491900555904e-07 0.1605598275979088 4.8192607390942964e-05 -6.907404021837472 63.83187897872513 0.0006298910393989837 0.015993158725572706 0.6387105773122335
20230604134840 ACJM 189.1845054605031 4.631834 0.001790307605926515 3.932922550157197e-05 1.5688577816176242e-06 330.1949658752574 0.3457758395557316 5.424731165823766e-07 0.1380281304711011 1.007898064010799e-05 -7.395481054602081 34.78985430850205 0.00043570628428262615 0.007540477395770864 0.3480597173615684
20230604134840 BBJN 129.7586838979507 4.631834 0.011101282236432974 0.0002485542811966979 7.143288176926427e-06 464.0675063661621 0.29166833878215703 2.083470996006354e-06 0.1406785787795158 0.00013355189000908028 -5.712413690751997 124.2671796080169 0.0013227879210953467 0.026088652338688338 1.2430317287888641
20230604134840 BBJR 222.91423361238344 4.631834 0.00301534901503165 2.199611829079264e-05 6.550071445689533e-07 767.7443477016618 0.22676266611654586 1.4853116642784162e-07 0.045834059861969846 3.6398318706471976e-06 -7.567436497925733 28.26723949326651 0.00016915727890867775 0.004690474257125133 0.28275803617925216
20230604134840 BKJI 129.818035209849 4.631834 0.012317422408657628 0.0002801999457841574 8.460729646348681e-06 436.36984110256986 0.30078245837313333 2.5448390626592074e-06 0.14293154233194813 0.00019555258996207527 -5.6588464327377395 135.28368063604864 0.0015534008057235902 0.030579142466276663 1.352938008513565
20230604134840 CBJN 192.99681537672427 4.631834 0.002152018875654596 3.823800150475381e-05 1.4954017715667509e-06 400.59593732282826 0.3139255024896842 4.6944475256305624e-07 0.11164235218777968 6.587397495891487e-06 -7.28604437456857 32.745012581598196 0.00032551291343694774 0.006142474829231994 0.32750154109086965
20230604134840 CCJM 171.40488468613765 4.631834 0.005039884728326992 8.65595503197466e-05 2.696821599850549e-06 912.002499257149 0.20805677103927475 5.610919941338763e-07 0.10791312184349174 6.0905037109862337e-05 -6.562872544268955 98.69660552843527 0.0006425714851417898 0.01878245047764534 0.9872465472653011
20230604134840 CGJR 103.66753879765531 4.631834 0.005863941869900777 0.00010595676341207193 3.4558547704653847e-06 417.3798367737588 0.3075488701742568 1.0628442301429446e-06 0.11353215871464614 3.048771579905171e-05 -6.458221030212603 71.88026148330772 0.0006272400980651615 0.012467746810410508 0.7189910477046262
20230604134840 CIJI 119.68560292168976 4.631834 0.004508798498959893 9.714025820927695e-05 3.851055888748022e-06 645.069889031148 0.24738677742372045 9.527003059960149e-07 0.1353687114775606 6.265376577261391e-05 -6.561300079230495 89.6825664899139 0.0007303331348312524 0.018461389761383104 0.8969687184592449
20230604134840 DSJR 199.9322146772725 4.631834 0.0015903001244872532 5.238595585494152e-05 2.185394369163389e-06 498.8460046722459 0.28131741575743807 6.147894963439011e-07 0.20697393093423305 2.6954397020967642e-05 -7.233656065176676 36.777955518147394 0.0005699360069315101 0.01273162767550095 0.36778791938289923
20230604134840 GCJR 153.26798993678187 4.631834 0.002013302868407393 2.6163750727393624e-05 1.2096394700298482e-06 582.9433679016327 0.2602355868778507 3.1479123739382984e-07 0.08165273925284254 6.033501334195565e-06 -7.475357752823939 39.91237799365045 0.00023283477189015933 0.005715592544835448 0.39940749497848804
20230604134840 KCJR 183.6487922702707 4.631834 0.002226230724947412 4.4025932600836196e-05 9.764426614868342e-07 1382.6688376507705 0.16897434860155414 1.6499376267150566e-07 0.12425625509188276 9.52315511844801e-06 -7.14184102480748 40.66806235113652 0.0002072858576460288 0.007607201012880208 0.406921940168672
20230604134840 LBJN 184.35754718061315 4.631834 0.0018624263353632813 4.2478688390702544e-05 2.1601985813759225e-06 256.3082869311436 0.3924628419306253 8.477976743812997e-07 0.14330847115768527 1.1739438946521983e-05 -7.358352228017324 33.398462472869525 0.0005126478683915162 0.008261382335159256 0.33411623455767353
20230604134840 PGJR 81.63146855982832 4.631834 0.007502522844800303 0.0001608102481809186 5.232513657789224e-06 458.7800752659968 0.29334425973296874 1.5349278454868284e-06 0.1346747766738916 0.00010116078219390095 -6.072946896539741 135.15125875554884 0.001153571034922643 0.023635831999384665 1.3521456645349748
20230604134840 TSJM 180.96860486086194 4.631834 0.002289807801243944 6.291769539309541e-05 2.469916101237145e-06 610.8720632522702 0.2542170860092447 6.278948739438216e-07 0.17264485649875821 2.8945425994445958e-05 -6.949858175219304 46.08753083767436 0.0005224767313385204 0.012525771502659284 0.46108172293698413
20230604134840 TSJN 120.12937888050769 4.631834 0.008444830105237508 0.00015178455052590803 4.303573580333191e-06 845.3266191775716 0.21610638363567583 9.300297231558435e-07 0.11293187024920268 0.00014097616476871342 -6.085865329844177 135.54936892376656 0.0009981272128930675 0.027964247703092904 1.3562515203746508
20230605080712 LLSM 15.696910039304072 3.32512 0.004675056159761977 8.43417549288513e-05 3.714147703068805e-06 776.4938765046278 0.22548146650635684 8.374714709091709e-07 0.11335369185761413 2.464982835804271e-05 -6.5797976090554275 66.3624727987149 0.0003607803636241198 0.009859892301345876 0.6638390771561558
20230606165951 MNAI 103.4379064164524 3.14153 0.0005346207443660707 5.343879529628794e-06 2.1671769834926092e-07 369.3118259964653 0.32695144490745703 7.085616461230927e-08 0.0628044940226085 4.5861575694027745e-08 -9.029234732222523 3.304144756897377 2.8832408846654785e-05 0.0005231049013299119 0.06611503433218627
20230606175351 BBSR 108.70810884923954 3.648653 0.0011270382091791284 1.647782890947407e-05 3.625472491089572e-07 936.4515361833725 0.2053228175016125 7.443922266451006e-08 0.09186312554002436 1.4141191844518013e-06 -7.9699558388304 23.57923070811146 9.879137939312409e-05 0.0029562311106238756 0.23588906875777121
20230607195847 BKJI 77.08522397339625 3.395736 0.0009344672729427895 9.248064384231728e-06 2.7871217743406526e-07 896.1460425965937 0.20988938389039083 5.849872720438525e-08 0.062182276406391714 6.854646233606927e-07 -8.231320920306286 20.876096361443135 6.838862698881813e-05 0.0020357109795186516 0.20885640094362923
20230607210611 ACBM 127.44695903064977 4.886478 0.004202903622093098 8.284498012367406e-05 2.8239519086247122e-06 667.9986716595967 0.2431039799609639 6.865139482050278e-07 0.1238501780412997 3.822071541864082e-05 -6.665439632183815 70.43204226690503 0.0005532039927689213 0.014396466006485621 0.7043546853042215
20230607210611 BBJN 161.0209330521091 4.886478 0.0026757219338027424 3.4379740910624855e-05 1.1184225530106982e-06 517.729739577382 0.27613935879922424 3.088404866549656e-07 0.08073121508828797 9.189279364053083e-06 -7.3557253596125625 53.259512457280195 0.00034532358365132196 0.007353587729491547 0.533003251944461
20230607210611 BKJI 161.06904395204103 4.886478 0.003106090899615277 3.9317704957384334e-05 1.398065025512527e-06 559.3421268335865 0.2656691361704664 3.714227276380541e-07 0.07953419075110064 1.1381517020573355e-05 -7.179772390755825 48.37002756308004 0.00034430962572530376 0.00794218187896049 0.48382517451004553
20230607210611 CCJM 121.52244728898442 4.886478 0.020335147892813488 0.00022517980102596942 4.999295757201307e-06 1067.7334978859483 0.19228634055337407 9.612962864962485e-07 0.06957640164397355 0.00022041089021901394 -5.603847577938484 249.90521680599204 0.0011230277118584302 0.03623014722566409 2.4996878511714886
20230607210611 CIJI 133.89007880368663 4.886478 0.0034739420479509737 4.9060011862083894e-05 1.1113103924637851e-06 982.6699214943095 0.20043614294257903 2.2274676867744484e-07 0.08873295565875024 9.723242635791247e-06 -7.0078137840974595 45.32357149297114 0.00023594504748766833 0.007117094866538592 0.4533216020542444
20230607210611 CLJO 195.65068141344938 4.886478 0.0010679991113234834 1.4301463021976298e-05 5.929403819413034e-07 306.4101872817672 0.3589452976270771 2.1283316187103393e-07 0.08413746919648564 1.516440807932117e-06 -8.084524364130091 23.776391476557468 0.0001830080432616053 0.0030103141687989896 0.23801967545050032
20230607210611 CLJR 195.18037767934132 4.886478 0.0014907659477881542 2.6861095143631278e-05 7.458019854980449e-07 1228.2680572670413 0.17928059693482623 1.337078251552681e-07 0.11321243189893451 5.6288335503429655e-06 -7.634847638065286 31.53274621843102 0.00015930967244032318 0.005612801226639899 0.315427511924001
20230607210611 CSJR 134.8481779936746 4.886478 0.003374366917470002 5.1891595030300214e-05 2.675827313491346e-06 461.07662546909495 0.29261279694456604 7.829813143413669e-07 0.09662390470119765 2.20122170970225e-05 -6.987689480743037 55.69249576060304 0.0005115452716987158 0.010968204019578175 0.5572181469105144
20230607210611 JSJR 117.90626217206808 4.886478 0.013448220451062818 0.00021665717666630115 4.745290802815664e-06 2431.5543209842763 0.12742008201313954 6.046453432709688e-07 0.10122507985933049 0.00018528378380900558 -5.79963700462233 216.1125211829909 0.0006188678066057059 0.0300147210464475 2.161440920259587
20230607210611 JTJM 127.28343792583289 4.886478 0.004357144185888158 8.816256885897333e-05 3.554449315752041e-06 616.136891834514 0.2531286259419296 8.997328712765459e-07 0.12713413503551402 4.21837919337298e-05 -6.624503206660746 73.54155466184973 0.0005965744573678889 0.014676460486796982 0.7359757800452227
20230607210611 KSJR 156.37056857758003 4.886478 0.0017061379460832993 5.493369014956208e-05 2.014123316750107e-06 426.8259469554284 0.3041266387541928 6.125485543596566e-07 0.2023040139334857 1.7399846690137463e-05 -7.225627482025264 34.69459516521197 0.0004886729816686222 0.010001077023661426 0.34699125667810526
20230607210611 LSJR 125.40769863148945 4.886478 0.021992152600888163 0.0003063106298670183 6.427637394005512e-06 1133.0132560188874 0.1866647757217079 1.199813492572502e-06 0.08751332731911145 0.0001140409593938603 -5.4248079428738265 196.85641052740573 0.0006587571337528918 0.021285819803224533 1.9688224951109359
20230607210611 MLJR 201.62066186039692 4.886478 0.0012733048046594986 2.9964018996103006e-05 9.381680444296761e-07 430.0231572038179 0.30299394287303844 2.8425923485923547e-07 0.14785892836610368 4.54151551496173e-06 -7.594920598480697 27.026966255054944 0.0002412645405448228 0.005045465730121406 0.27035726844619745
20230607210611 SCJM 139.9979130857419 4.886478 0.0016147035090818933 4.016227706552248e-05 2.7622346324445083e-06 177.41377960693956 0.47172206852772003 1.30300703457563e-06 0.15628072134707188 9.293458268351412e-06 -7.509273542911388 30.960903788993164 0.000524022850182722 0.006656125004836234 0.3097402851281383
20230607210611 SSJM 139.27343358093665 4.886478 0.004259320183933075 6.937347409908864e-05 2.4119158385109068e-06 569.4495407251476 0.2633008401366083 6.350594666187138e-07 0.10233708064766757 2.8571458326721337e-05 -6.803668564649277 70.08207462670129 0.0005391300250330534 0.012783679756083417 0.7011822452696903
20230607210611 TPJR 241.37850656413113 4.886478 0.0004047283872255185 9.388502770911711e-06 6.501302651295116e-07 142.1837359562586 0.5269324053341132 3.425747043851983e-07 0.14575133479267832 1.1483065429066288e-06 -8.642373368623273 7.961293733513806 0.00023141185079564552 0.0026546719708144323 0.07965129776388594
20230607210611 TSJN 135.72788214608337 4.886478 0.005301060781836666 6.48806427708051e-05 1.8914979480669505e-06 1005.095980503232 0.1981874273905035 3.748711122418051e-07 0.07690104266954821 2.144418699850544e-05 -6.779801908790101 87.1491622137105 0.0003524140736119185 0.010983268637218725 0.8723094026123174
20230607232323 LLSM 107.63917915128611 4.085218 0.006408408749972639 8.40504540670641e-05 2.0126559144443016e-06 2039.2154462245467 0.13913881885317866 2.8003856669364433e-07 0.08240806706629078 3.2286820256686184e-05 -6.584136487378733 94.53445457056873 0.0002987014425769744 0.012774267175735043 0.9458741939558055
20230607232323 PPLI 113.85516240989446 4.085218 0.0012051309168755883 2.7408314224056757e-05 1.0364396507057171e-06 738.203234699292 0.23125540732851854 2.396822735953781e-07 0.14289859700357596 3.021337002889418e-06 -7.771382750924669 21.821934377697083 0.00014679541216853386 0.003913897580917983 0.21836392125287576
20230608123454 BBSR 57.053793839882545 3.286859 0.0035615508315616122 2.999883803229428e-05 9.302436567425992e-07 875.0488526907345 0.21240450246062764 1.9758794107756665e-07 0.05292308527134688 2.8495516804968164e-06 -7.21760496437857 53.12501309233568 0.00013382031059775969 0.003968745388559892 0.5315371969310069
20230609171733 SASI 212.99101257595396 4.660749 0.000635381005007278 1.4655303222724904e-05 1.0934065218810458e-06 266.19582605868686 0.38510508008450633 4.210764061739217e-07 0.14492404581756738 2.110361069089857e-06 -8.294073013349001 10.417514718022094 0.0001983972010131071 0.003366114861204396 0.10425118133147399
20230610150744 BOSM 109.61200955611406 4.720638 0.0101179265097929 0.0001773536089820892 5.209245251329508e-06 988.0380824655916 0.19989090133474297 1.041280728561985e-06 0.11013576636013196 0.00012108854369610682 -5.945098632982056 156.19192707042336 0.0007714334061614893 0.02422771959376767 1.5622235145390784
20230610150744 MNAI 200.02770338552526 4.720638 0.0028448009934243334 5.422939549488174e-05 2.5371697705113227e-06 433.11320521693773 0.3019111523325627 7.659998490784172e-07 0.11977405160440609 4.980684224519297e-06 -6.982686750202868 15.304982795369234 0.00024918867153912673 0.005171479037574409 0.30624716485794456
20230610150744 SSSR 251.26549402314996 4.720638 0.0023094681573146854 4.3456569593505214e-05 1.241573776685839e-06 797.751293005633 0.2224570173299922 2.7619679915666555e-07 0.11822881328999171 9.365685674445219e-06 -7.248232007206981 35.124529620117826 0.00025060517479250056 0.006790431244506568 0.3512544381475459
20230610150744 SUSM 97.91719670609713 4.720638 0.007494102143446628 8.004144309235148e-05 2.765101101099942e-06 954.5653172885187 0.20336538953663802 5.623258625333764e-07 0.06710813511437103 6.926380638175053e-05 -6.4921734468770325 146.57215037445786 0.0006525925124873098 0.020452912645167944 1.466709701794542
20230611063620 KTSR 197.4835191081506 4.937585 0.0020610941481972542 5.1125904976025794e-05 2.4238334545218036e-06 464.87845045463524 0.29141383144206234 7.063385937596485e-07 0.1558558279555514 1.9818580719217423e-05 -7.120723829717395 32.88658752478045 0.00047651643265323053 0.01008923838353544 0.3291897621715878
20230611063620 LESM 127.97312461251003 4.937585 0.0054502638996034945 0.00010792280316688681 5.246434740451874e-06 509.82399361931755 0.2782721433020515 1.4599366399198854e-06 0.1244158051167301 0.00010901729610945148 -6.38204322993114 137.6623942309053 0.0011452030180835256 0.0256078514299801 1.3770255790048176
20230611063620 LHSM 189.49071234536902 4.937585 0.0019289289122776958 5.4163086036333185e-05 2.390076939110081e-06 462.6857875253728 0.2921035187960285 6.981498841072958e-07 0.1764278114184849 2.4118419489346517e-05 -7.15818980748434 46.835433271973756 0.0005392430569164369 0.011796671873135942 0.4686643464934796
20230611063620 MBSR 145.98353691640773 4.937585 0.0013911713716967932 3.900940146533117e-05 1.73744057043918e-06 254.70875363870974 0.3936932176035549 6.840185685711567e-07 0.17618483467632706 1.049255902037018e-05 -7.4263703154114244 33.10486059231185 0.0004945758075390301 0.007788954203745514 0.3311368870907231
20230611063620 SUSM 176.96620058266345 4.937585 0.005057852797722744 0.000132335789602998 6.30868389017604e-06 531.9156014551018 0.2724322417224012 1.7186888945186572e-06 0.1643959051599797 0.0001985979384772054 -6.337732020659483 121.93425052033808 0.0014107617359948228 0.032131192624040794 1.21993623333433
20230612090840 MNAI 200.76038357567828 4.928942 0.004662671064892445 8.776626733224353e-05 4.345176022978656e-06 381.8959591393081 0.3215195140654583 1.3970588834369781e-06 0.1182694883883405 1.1588401287282539e-05 -6.657045467788624 17.309804212827387 0.0003806381276493227 0.007718853196188417 0.3464270924487113
20230612090840 SSSR 252.24093135740893 4.928942 0.0027838778281688388 6.450085440696968e-05 2.107208081677588e-06 741.1363483013313 0.2307973466624281 4.863380341168124e-07 0.14557780395735898 2.87824406189353e-05 -7.032292003992065 45.05604383340177 0.0004483814856514161 0.012461026141786593 0.45076617225061644
20230612090840 SUSM 94.94465524954495 4.928942 0.004897230259650709 9.005769755020241e-05 3.522308883984791e-06 598.3546998248034 0.2568623875739677 9.047486697133308e-07 0.11554474101575399 6.968013376622028e-05 -6.512368013572925 125.78880589213253 0.0008049148697024766 0.0201567724829896 1.2590097177690214
20230613090743 IMSR 86.21344337234504 3.770508 0.00380054046497835 4.636135838957454e-05 8.93870593349372e-07 1899.8771127293276 0.1441508185625801 1.2885217772033114e-07 0.07664620559589837 7.633052097378216e-06 -7.050492723188933 51.44096959613151 0.00016148077935387438 0.0065118308627792765 0.5146670916719792
20230613090743 JPSR 139.99320861716015 3.770508 0.001124595652673564 1.6313111164041135e-05 3.172059165210134e-07 1519.1762191871749 0.1612039917460968 5.113485994866651e-08 0.09114235871054241 1.7008598691962799e-06 -7.95428704922185 21.499621392173523 8.515807327651603e-05 0.0031640332436057967 0.21506262548954191
20230613090743 LPSR 74.33597203581142 3.770508 0.0027020212937314803 2.797548450197752e-05 8.897346668878963e-07 1251.931919520269 0.1775781438345991 1.5799743065124796e-07 0.06505320797872419 6.045297486281324e-06 -7.395243033901327 53.98714818654089 0.00015962040871081887 0.005919529807138545 0.5399741687624559
20230613090743 RASM 52.281351607396246 3.770508 0.014447041699344104 0.000179494697667119 4.124207494893387e-06 2297.9814854455153 0.13107099783682688 5.405639916417964e-07 0.07806431728856199 0.00016319079542014854 -5.858253483580829 228.53170888367757 0.0005025327899267707 0.02759704621253374 2.285586738977305
20230613090743 TMSM 52.28183353264526 3.770508 0.007483496738140714 0.00013093848125380394 2.5137286535779037e-06 2596.419734437958 0.12330833046759092 3.099636835212365e-07 0.10993667403705107 4.589877444878184e-05 -6.2044169563148746 120.35969491081522 0.0003108294271366987 0.015402064787813429 1.205658487739825
20230613154608 ESJR 42.8683673314093 3.219077 0.00593115882993136 8.176552544214121e-05 1.505535809290584e-06 3175.692313328425 0.11149635233625062 1.6786175104750518e-07 0.08661847757292747 1.967651755856228e-05 -6.550570805554038 67.51911755825235 0.00016978344088397092 0.009611625597715698 0.6753235542871898
20230613154608 JSJR 33.12045151151177 3.219077 0.007454017810836204 0.00013605629516516213 2.2539737128870657e-06 2513.4772500615054 0.1253263492870197 2.82482296825045e-07 0.11468538664990596 3.1679414149643e-05 -6.163681884304265 83.38086418720097 0.00022777441274059412 0.01144030011694884 0.8339169161406976
20230613154608 TSJR 12.342695384751007 3.219077 0.004843477532637847 6.407160624464573e-05 2.684849663284295e-06 657.8260192621527 0.2449764543954312 6.57724951096154e-07 0.08311668057733403 1.7101842322681458e-05 -6.8919044333701605 78.6825934086873 0.0003233959397029413 0.009060617103537439 0.7868918715892249
20230614232018 CBJN 12.99197446449389 3.009053 0.007450741208678891 0.00017196159152486402 8.05509019525209e-06 354.62757195189 0.3336519128851484 2.6875962521082634e-06 0.14501463881334076 0.00015444879544036333 -6.070038077105947 111.81042242881854 0.0014832847454883617 0.02683798532990586 1.1185980805411782
20230618080025 RASM 93.5368703960416 4.046257 0.0037959160941089523 4.29453332664922e-05 8.025569746586225e-07 2599.8677294605495 0.12322653638929053 9.889631624224966e-08 0.071085208498344 1.5896941595339918e-05 -7.107796981540948 81.11823478505569 0.00020079104587587335 0.009779873438198429 0.812353511003441
20230618080025 SKSM 118.50058786254124 4.046257 0.003341043685122019 5.050035882148531e-05 7.627740758502478e-07 2836.861697571416 0.11796706830433246 8.998222150660024e-08 0.09497125523004503 1.4563253357142255e-05 -7.000922949951593 65.83684614509075 0.00017545841142566185 0.009177334544062013 0.6590707031287688
20230618080025 SSSR 194.58471591595065 4.046257 0.0004762624077749901 8.833064305738341e-06 2.778892429396239e-07 994.2535345599621 0.19926512527888568 5.537363480801885e-08 0.116531934826585 5.96876424559024e-07 -8.588746783903742 8.820379085896759 6.104605634567144e-05 0.001740578998964052 0.08826629914249638
20230619175801 BBSR 191.65715478984933 3.658914 0.00043819307433356716 1.1702326572527884e-05 5.078362594602359e-07 451.9353616880744 0.29555731077843217 1.5009471916184548e-07 0.1677979198830344 5.796311742170504e-07 -8.549073480069039 7.126400179610408 8.589241727512206e-05 0.0017753177384214644 0.0713257871710538
20230620083919 PABI 206.2550438724014 5.622251 0.004864650064561095 0.00029356567796945014 2.866776922231683e-05 110.55139853484832 0.5975823307897441 1.713135235041458e-05 0.37916962783144864 0.0006682571190675003 -5.895801282541312 116.01696161864331 0.005536634774352428 0.05940815814739039 1.1607848337833109
20230620083919 PBSI 110.09204275246084 5.622251 0.003450715934357397 0.00031980184793899027 2.516747205930487e-05 114.0710690752685 0.5882908755224121 1.4805794172454305e-05 0.5823064866547283 0.000379881660835827 -5.974263707899624 56.726882554857994 0.0038423759176810825 0.040397699143567674 0.5679867052239107
20230620083919 RPSR 250.80882042265605 5.622251 0.003307028560613601 0.00022875166182720333 2.038511911111509e-05 83.5310702824236 0.687473315159237 1.4014225415234211e-05 0.43461647041805895 0.0004729952652038384 -6.20978490208132 73.67785368057056 0.0055530005222959745 0.05100179965504639 0.7369714191115629
20230620083919 SASI 206.56831162444354 5.622251 0.009764326993533594 0.00033362315857725204 2.2889602768622363e-05 153.1398630658464 0.5077334091218489 1.1621816047157544e-05 0.21468106603718312 0.000902111294942112 -5.591067884919028 193.36807574334807 0.0055326791137671714 0.06990211977333369 1.9336914602305773
20230620083919 SMSM 225.49056499848524 5.622251 0.003964078930047721 0.00015340246659006874 1.3845556844526871e-05 96.99465803907488 0.6379783781854803 8.83316590074613e-06 0.2431475611794198 0.00022510347685695222 -6.444857480340429 65.34008705605763 0.0035270389193479412 0.035032265160516406 0.653785933838435
20230620083919 TASI 200.37520630511494 5.622251 0.003033185119295907 0.00013724185703932606 1.4678733354980864e-05 107.69930457141615 0.6054432181898988 8.887139561391023e-06 0.28429389759096013 0.0002298803755261697 -6.453899572003314 67.30030555056764 0.0032433935471081164 0.0353802928468112 0.673525035761632
20230620224640 MKSM 49.20366193292663 3.354455 0.003113763187481292 5.38045210259498e-05 1.3469545231029715e-06 1468.600311790099 0.16395628160881076 2.208416551041322e-07 0.10857080504042474 1.1884289453582803e-05 -7.034824174297827 53.32943911147747 0.00020812565941799425 0.007421557905516209 0.533307413589532
20230620224640 MTSM 67.79454912903456 3.354455 0.009105143875081333 8.275194553959352e-05 1.498826766122354e-06 4593.838302475654 0.09270262161880896 1.3894517057198365e-07 0.057104623000836956 3.5515513480089436e-05 -6.520325064308274 140.21258844842652 0.00021744760360908102 0.014827157747602238 1.4022985966203756
20230620230938 KTSR 108.05615566973333 3.959686 0.0015191634750318205 3.243382451907299e-05 9.83909400574962e-07 750.6861818141514 0.22932460678247557 2.256346363964344e-07 0.13414470070089848 5.2636763209937405e-06 -7.498739434518768 25.7994711777963 0.00019906172189479733 0.005166247544472427 0.2582810930153706
20230623080043 ABSM 71.66394743329218 3.791746 0.01318055784868203 0.00013232080242643357 1.8845003028111441e-06 4322.8881846805925 0.09556368040891348 1.8008978466834487e-07 0.06307746084685745 0.00012873934321576332 -6.077888484197218 257.3547506315095 0.00043867737752393963 0.02687787722334674 2.574362900575739
20230623080043 BEPA 40.74876611240322 3.791746 0.1305992526172249 0.001233944275425594 1.8470418237001494e-05 5454.038850932431 0.08507868226374544 1.5714388444643394e-06 0.0593655812407757 0.0016824361039675477 -4.016928825143798 752.3761138721486 0.001089549564423795 0.0723056921481364 7.5277954409859245
20230623080043 KBSR 70.63550932884459 3.791746 0.014540900760280095 0.0001828897560318685 4.286395573337315e-06 1077.9671136481843 0.19137143458716643 8.202936700776417e-07 0.07902744450825618 0.00010199083319028194 -5.74949418834545 135.71735688158026 0.0007049243161186598 0.022531567476266175 1.3579645374926654
20230623080043 MBSM 96.77494486935394 3.791746 0.01115170933843165 0.00011865925858759699 1.5787031749162272e-06 3741.1772067825873 0.102724900315222 1.621721262705939e-07 0.06685594893950725 2.7579961195512508e-05 -6.122455263708246 138.39245292393065 0.00019103718555174272 0.011164471404738628 1.3844474429757865
20230624064226 KCJR 100.38876379068311 3.372591 0.0008931045077618564 7.456155728088818e-06 2.471365630486842e-07 524.8375233484619 0.27426313100881244 6.778044756848892e-08 0.05245568431422872 3.6533033159083654e-07 -8.366848048633617 16.33346712819046 7.012683374784087e-05 0.0014905882323394874 0.16336973538181948
20230624064226 PGJR 51.987489633298466 3.372591 0.002194503615608279 2.0438508297172998e-05 3.212144027294366e-07 2454.484161110016 0.12682350495771372 4.073753639704575e-08 0.058518443132238765 1.480121992538525e-06 -7.653095015112126 30.31373462802136 6.0308417391310424e-05 0.0027869066797102005 0.303199425729433
20230625044533 MNAI 174.8818583415633 3.750177 0.00040874620938618274 4.824302274213808e-06 1.6665832105875336e-07 662.481882360924 0.24411410034069858 4.068364610954888e-08 0.07415844959700787 5.165596235786977e-08 -8.875955565754898 2.6720595140316385 2.3125161909554438e-05 0.000561800862556887 0.05360001762792449
20230625044533 PPSM 97.089670140116 3.750177 0.002298124546882623 2.141581613037318e-05 7.110134194448699e-07 634.7351351755428 0.2493926206590533 1.773214999991108e-07 0.05855189242643471 3.308622914205868e-06 -7.557702887103249 47.63536355640349 0.00017826762183224788 0.00438383592901612 0.4769211257875121
20230625143626 PGJR 136.5462878889911 3.837267 0.0009666558345898615 9.918110362057038e-06 2.692638134492207e-07 1272.6445395192638 0.17612715061585002 4.742466822676904e-08 0.06446692097845015 7.403691212764795e-07 -8.244656429651439 18.563990628255436 5.915128149444676e-05 0.0020909061925378307 0.18572456510389157
20230627034803 BKJI 122.2341170321331 4.401381 0.004404280611443656 0.00010124019621213767 3.831406324968268e-06 357.2900318217846 0.33240643180341667 1.2735841052717439e-06 0.144430150904389 2.8905135988485357e-05 -6.5183446128940785 61.64824813082144 0.0006303157778117757 0.01187224183824001 0.6165434399553529
20230627034803 CIJI 144.3115062794777 4.401381 0.002259798587849678 5.344272373728754e-05 2.102341816215233e-06 746.9244479377932 0.22990135501993253 4.83331232262948e-07 0.14859312611629952 1.0742551625463994e-05 -7.083016479095267 38.94340688405806 0.0002646195690953014 0.007098773508162241 0.38959942261331565
20230627034803 PGJR 156.741434838169 4.401381 0.0017926590217614616 2.064852555814603e-05 5.756040633266056e-07 918.6815769635083 0.20729907525739985 1.1932219004200716e-07 0.07237210804003576 3.1570000587204977e-06 -7.720385589563455 34.58266925738249 0.00014373975549312576 0.004315411830753556 0.3460458314268617
20230627034803 SCJI 82.23248997783158 4.401381 0.00654299027397238 0.00013049338903122745 2.978358599233845e-06 1251.9266612072704 0.17757851676398487 5.288925024432058e-07 0.12531183913059554 2.4468090696982558e-05 -6.256968822748016 85.03345285374294 0.00031922410550547264 0.010531041919031797 0.851675288275361
20230627034803 SEME 220.90118630353254 4.401381 0.0022952266641817235 3.973827438237529e-05 9.544570207247293e-07 705.7425677857339 0.23651392302121357 2.2574237432674546e-07 0.1087835661847482 6.150635619875527e-06 -7.207508943883383 39.75281824765477 0.00023563919721020465 0.005421903446434115 0.39765894946885133
20230627133300 ASJR 107.74887796055984 4.410526 0.003261287774897771 6.494964502164096e-05 2.660196070998609e-06 417.58652364147287 0.307472749206958 8.179377993794903e-07 0.1251317526921697 1.5364906042742295e-05 -6.798861646813347 42.35901823366642 0.000431910169709074 0.00861331643974245 0.423768396563318
20230627133300 BSJR 73.7296151727676 4.410526 0.005638693034971352 0.00010596734936854622 3.760182474929298e-06 417.1496526472078 0.3076337115547791 1.156758890885735e-06 0.11807922305112646 7.32958931183694e-05 -6.368742557952781 119.08521204047516 0.0010491007379488885 0.020794813932645224 1.1916921570146783
20230627133300 CPJR 52.618198519039396 4.410526 0.02792720915274549 0.00047621722043421735 1.444062218727915e-05 697.2738701593996 0.23794587100914655 3.436086424266144e-06 0.10714142706107176 0.0004993456033389421 -5.112772818314027 324.8344164304732 0.0019070854252493399 0.048070665286223224 3.2551578726591903
20230627133300 ESJR 125.71699061655762 4.410526 0.003199955573049939 7.728413610015677e-05 3.438283047358756e-06 582.9684470389567 0.26022998918706103 8.947443602362243e-07 0.15174915317956955 2.2053597758250166e-05 -6.86572173148043 50.23535435425649 0.00040681032812239136 0.01000865301696243 0.5026173540495998
20230627133300 KTSR 179.28921169013913 4.410526 0.0013338027473145226 3.97172302218237e-05 1.6361863768975212e-06 555.334528617952 0.2666260199452679 4.362498615608541e-07 0.1870971685086696 1.1223043237737913e-05 -7.46131327290538 26.09353099519501 0.00032212689311993906 0.0074310743857074184 0.2609847518997691
20230627133300 RSJR 129.3703659327201 4.410526 0.0019156244953925415 3.443685674432964e-05 1.4725434200651127e-06 382.67973040394924 0.3211900911846824 4.7296635536411765e-07 0.11295175690321395 6.614996808878686e-06 -7.407590027316337 37.0327149474534 0.00030904998701609184 0.006092149370797018 0.3705309479389005
20230627133300 SADLY 80.02513180057132 4.410526 0.0030393853280211358 6.603685730191127e-05 3.0737384063078343e-06 492.4541887480296 0.2831372114153036 8.702897209821197e-07 0.13651504062560854 3.0706915430579e-05 -6.86737238920615 80.6436751734858 0.0005951782778318372 0.013629710346449036 0.806643253310785
20230627133300 TSJR 153.56508719386295 4.410526 0.004676097950812598 7.096891569244962e-05 3.2954015428238612e-06 334.3388318030039 0.3436263491745233 1.1323868012246548e-06 0.09535960389105562 1.454076849139384e-05 -6.7769751992740135 47.119763842196384 0.00046708318130269955 0.008751457461613415 0.4712577377293299
20230627191308 LLSM 98.05026445470428 3.880385 0.0031727865991650625 3.9219209216642795e-05 8.23976622452788e-07 1824.4087464350603 0.14710207387446184 1.2120866998687957e-07 0.07766723396211378 7.834695559065755e-06 -7.1679839041239966 52.57912554496288 0.0001547230688673941 0.006323292593020412 0.5262043864193547
20230627191308 PPLI 85.80282143105171 3.880385 0.001711578897198714 4.718785937196409e-05 1.4227747017122429e-06 679.5306003196604 0.24103236336860004 3.429347488947569e-07 0.17322605762926677 3.0680006047020766e-06 -7.217619907147182 27.376356442967392 0.00014332982710434366 0.003595370785305877 0.2738348961276369
20230702143629 ASJR 183.80778770186524 3.785586 0.0004470637728799085 9.795779056439809e-06 4.7221720558569417e-07 311.72667047329577 0.3558712369823228 1.6804852107611682e-07 0.13767318842077927 6.392113681538795e-07 -8.597620445528216 5.964083714962004 0.0001125340939401462 0.0018485814832095726 0.05965671625489369
20230702143629 BBSR 172.72762253186312 3.785586 0.002411639051202918 4.003852117461345e-05 1.1852559563769384e-06 587.8824597525913 0.2591400970279036 3.0714734353842045e-07 0.10431471817478155 2.9904037704865037e-06 -7.15601644627467 26.22903861508334 0.00017547865757373056 0.0041132395507244325 0.26248716279119555
20230703224056 LPSR 46.47117525264464 3.214181 0.0014585847799169836 2.283290515806272e-05 8.878374084127664e-07 745.8307896178245 0.23006985263864832 2.0426462172060458e-07 0.09835792624788665 2.7468298915477836e-06 -7.870884759832297 19.576764447071618 0.00012962309916605356 0.0035000360006370154 0.19592885299376026
20230703224056 RASM 68.44397759007201 3.214181 0.001230543382936086 1.7307817339099527e-05 6.83996842353655e-07 1771.2141121607024 0.1492946814464374 1.0211709068955799e-07 0.08837414845537922 8.590702027968501e-07 -8.067804814434608 29.592486413082547 4.249136755331028e-05 0.002196623075846515 0.29603254564599935
20230705133329 BSJR 122.52066724874311 4.507154 0.004777835992532318 0.00017479587411180477 7.924028397389296e-06 340.90337814884083 0.3403017762300292 2.6965609385287693e-06 0.22986868316356832 9.920218621625656e-05 -6.166480420239852 85.12591255027752 0.0012060481420008704 0.022803777319874513 0.8520401051581921
20230705133329 CBJM 176.47627271395694 4.507154 0.0018552542477672746 2.1086592179145192e-05 5.009074179377174e-07 1017.1759257363112 0.19700707904906142 9.868230728191714e-08 0.07141391338569401 2.7380411793000185e-06 -7.595458535027895 36.442050842781875 0.00013415596148135672 0.004051463676914347 0.36468136033801646
20230705133329 CCJM 150.9637561852954 4.507154 0.00963758349323295 0.0001513951347105059 4.102757332878093e-06 1097.1888075425259 0.18968770582918795 7.782426260475235e-07 0.09870147290131835 0.00013128861988636448 -6.070517042611166 145.13289459919548 0.0008590418896809711 0.026641835706692384 1.4515032325775583
20230705133329 CSJR 124.39837677147067 4.507154 0.0048055125660298684 8.986477665058767e-05 4.133848141229122e-06 574.5219205039384 0.2621359387023092 1.083630162953892e-06 0.11749777708945398 8.084799142068304e-05 -6.575907021618193 82.56676203610158 0.0008604311362534465 0.020773940649028017 0.8257628980127154
20230705133329 KSJR 122.1355397142215 4.507154 0.005288353880699722 0.00011609741954919494 4.063078564172859e-06 685.1315854568294 0.24004511568721762 9.753221639831279e-07 0.13793736523102115 0.00014008005799832462 -6.414992125330776 106.24392372682118 0.0011333797001157886 0.02877428491587307 1.0634462951088994
20230705133329 MGJR 195.64945620649203 4.507154 0.001921282632895639 5.012550447698823e-05 1.8217508413883178e-06 759.2893260189583 0.22802172195781162 4.1539876383145637e-07 0.16392582114277846 2.0743966388793148e-05 -7.236096403619104 36.938563504017154 0.00039511363446393104 0.010724226987690051 0.36982884120498466
20230705133329 MLJR 98.24026413638096 4.507154 0.007435523895501492 0.00015327221216502698 1.0533493359953642e-05 345.17206883984124 0.3381909997548105 3.56233265031338e-06 0.12951847442207126 0.00020414677650705502 -6.21847201135024 145.29577785249103 0.0016864225908820784 0.03321627631530097 1.4542019430856752
20230705133329 SADLY 121.51730314139367 4.507154 0.0013200722705835994 3.542568987518833e-05 1.7558427694436467e-06 300.3467520664594 0.36255040818422835 6.3658151276912e-07 0.1686166576486599 1.0060354120167978e-05 -7.4911734298382955 31.248479528431528 0.00041855729154972215 0.007268099302858946 0.31267959160114206
20230705133329 TASE 165.9774778702649 4.507154 0.003578064453029113 7.795819695542434e-05 1.8893202894456415e-06 776.7836126304934 0.22543941089487063 4.2592725304435185e-07 0.136896862567654 2.5637312799656482e-05 -6.733367767116237 53.63332046377935 0.0004351521076597173 0.011336919188715067 0.5365398760742356
20230705133329 WLJI 92.04513669184541 4.507154 0.007217832567938582 0.000239881673611537 1.0039893876825083e-05 558.3489135107876 0.2659053226118413 2.6696612203058238e-06 0.2088190593105046 0.0001423303437955287 -5.886373242033273 126.7612790907043 0.0010677556329431706 0.025121018306024832 1.2687984265696088
20230705133329 WSJM 115.75983469910915 4.507154 0.004802920594048089 9.879238839065862e-05 3.976806920920643e-06 795.1305457654844 0.22282332448103953 8.861253389387442e-07 0.1292402968241016 8.103309945565432e-05 -6.583785421963472 107.18727472648546 0.000771869118154632 0.0215410754538052 1.0725752638691024
20230706025251 BOSM 52.69950598472434 3.322611 0.0015811319162532755 1.691534225176926e-05 6.429277778079347e-07 780.0578627239643 0.22496577857974837 1.446367481051095e-07 0.06721907818677271 1.0544683085917767e-06 -7.982091714543665 27.1286500697132 7.485082954722402e-05 0.0023453682070222973 0.2713363547944116
20230706025251 KPSR 14.742414218828387 3.322611 0.013457396959912441 0.00015698457679751523 1.6261899747807933e-06 3499.0629880537804 0.10621943527536432 1.727329807716748e-07 0.0732952434505856 2.3639732578426187e-05 -5.861350951465791 101.6787109724957 0.0001938394263162981 0.00957747276848275 1.0179644037584128
20230706025251 LESM 39.831626888321026 3.322611 0.0057575403337028555 6.436127899314177e-05 8.728066684147291e-07 3209.379709242874 0.11090964548197914 9.680267816818492e-08 0.07023725741942238 1.0966324915520961e-05 -6.710210098806428 65.78982069563594 0.00013409216607133715 0.0069930637020662306 0.6591254949593289
20230706025251 PPSM 19.73786266863052 3.322611 0.01841194387188684 0.0001311075764387881 1.6456948913083983e-06 2231.433040148006 0.13301111643004263 2.188957147961477e-07 0.04474123990775007 4.8087520987541617e-05 -5.959946964109715 290.8420242908852 0.0003648014546860287 0.015180316449266321 2.915024486322883
20230706073752 BEFA 54.859956900450506 3.592215 0.02572732627253043 0.00024325258361971493 4.785114557808188e-06 2685.3007253176916 0.12125046247845503 5.801973531466307e-07 0.05940769138395738 0.00011053250245654902 -5.51377602456078 223.26436426299915 0.00042555004612811485 0.0204824249072887 2.2329492683097447
20230706073752 BEPA 53.213160566533936 3.592215 0.028194951926533672 0.0002256430896098315 3.6830840565742287e-06 4362.200808430406 0.09513209073218941 3.5037948664429977e-07 0.05028408450552734 0.00019088196965392904 -5.39129143134345 341.5888909880953 0.0004511089610205313 0.028718278248935657 3.416773078351343
20230706073752 KBSR 110.58887683511172 3.592215 0.0021496508404847733 7.254007397961395e-05 3.1772659256879047e-06 591.8346490872519 0.2582733969457962 8.206032636275448e-07 0.21202639909076854 5.836532280174862e-05 -6.93244648032416 58.47661240012354 0.000777220712212495 0.019490974688024715 0.5853119035193952
20230706073752 MTSM 150.1556151308375 3.592215 0.004502002714590561 2.344930153960285e-05 3.1696845664683266e-07 4408.505497091881 0.09463116245559937 2.999509351424703e-08 0.032726836529830015 5.139703622578856e-06 -7.352945794615583 67.60924264763081 8.937577998872566e-05 0.005671715271170547 0.6762473254472041
20230706073752 SSSR 54.90752563427795 3.592215 0.00388419167365538 6.0269297259250474e-05 1.969029516239507e-06 1371.094621173684 0.16968605572560727 3.3411685221798255e-07 0.09749342844787728 1.9825452532604225e-05 -6.94132261492095 69.07792297061852 0.0002763122562180394 0.010556755620898963 0.6909336075066458
20230706073752 ULSM 93.92537256848104 3.592215 0.0029150825804668164 2.1232370540691743e-05 4.86920794245855e-07 1219.9981274866602 0.17988721010354541 8.759082321828932e-08 0.04576437028295215 2.525501336825762e-06 -7.3576744789378195 42.128633542537614 0.00011616762835396848 0.0037219860235486882 0.42148270250084624
20230708204024 ESJR 96.10816710771684 3.126179 0.0006218060366597926 1.1429108576052099e-05 2.2469387134110355e-07 833.8522041235701 0.21758819415438338 4.889073370266808e-08 0.11548811501568076 2.587434908521634e-07 -8.325766017721714 7.35259077371474 4.550255323522912e-05 0.0011749915315585303 0.0735391991477339
20230708204024 KSJR 136.11559022213427 3.126179 0.0009999166160650482 1.2146296792788447e-05 3.0935429537275195e-07 1004.7795010224634 0.19821863688266494 6.131978674258419e-08 0.07632379772367558 8.352589784927158e-07 -8.169278986279679 15.86962287128002 7.352297921562074e-05 0.002178813076141831 0.1587203163933354
20230708204024 RSJR 85.93101074975324 3.126179 0.0005103906938741735 1.1727130427266665e-05 3.501134304663984e-07 775.4297567384041 0.2256361272108227 7.89982385349338e-08 0.1443673140602869 2.188561593175513e-07 -8.371038445080261 7.275785136740068 3.974559043968476e-05 0.0009943621780030768 0.07280012094081965
20230714114842 BOSM 84.12164774523045 4.109337 0.005052533829617018 7.860846745814732e-05 1.6762003868864948e-06 1708.7695773984562 0.15199808511391505 2.547792490739508e-07 0.09775522231196508 2.440088103240985e-05 -6.670798490634511 70.42155693291605 0.00025555164803275416 0.010233935866748672 0.7044094414067743
20230716015512 PDSI 103.44606733480329 3.17837 0.0008575477420506506 4.889786524729001e-06 1.1150338596765831e-07 1228.144647550451 0.1792896041848781 1.999139793541515e-08 0.03582708383553452 7.991223141390154e-08 -8.755726431473077 12.650168431145186 1.9009317014769823e-05 0.0006448778518488115 0.126540435961226
20230717024215 CSJI 18.976856081867254 3.435274 0.011747664568284105 9.783507848824778e-05 1.597412281418724e-06 2276.715471301457 0.1316817195134517 2.103499959891234e-07 0.05232664961712531 3.905338258526007e-05 -6.164798926410842 145.41455252832762 0.00027572777945639496 0.01386597429454502 1.455237092957514
20230717024215 ESJR 22.083435726642076 3.435274 0.01613837264241317 0.00022709443247128307 3.798032339195302e-06 2923.7467441627978 0.11620103404703173 4.4133528515856086e-07 0.08841513534616784 8.483775399169428e-05 -5.709786316036055 143.78266244810044 0.0003269603895165578 0.017964248181919367 1.4390287923104075
20230717024215 RSJR 18.832211716056058 3.435274 0.01450510151379509 0.00013849164999468896 2.452059071476679e-06 2413.603614860238 0.12789303527138562 3.13601277315888e-07 0.05999052813150689 5.6819604333075044e-05 -6.026137142965076 166.49041243417625 0.0003092762759468338 0.0162134865483053 1.6658088534261974
20230717024215 TOJI 206.8292312637617 3.435274 0.004731462522044575 5.482406951053416e-05 8.707972535450656e-07 3783.156425562574 0.10215337482977019 8.895487824212351e-08 0.07280408254814352 1.1116379537689478e-05 -6.876229918005498 54.951058006436 0.00012910269089413265 0.0070931868588959964 0.5498213620047017
20230717024215 TSJR 41.83527358362223 3.435274 0.01247793118639107 9.939127328633498e-05 1.7442896416936615e-06 4720.3163640137755 0.09145223316775487 1.5951918302426833e-07 0.050047862794408475 5.9733352937794054e-05 -6.202236557588185 228.22799845479162 0.0002572796661583993 0.01777960784547794 2.283586737948676
20230720203847 KTSR 222.42244819502386 3.912419 0.00023220017827278624 4.181579865268301e-06 2.164867523026785e-07 269.6030120243122 0.38266390443316134 8.284166589419763e-08 0.11315082256046244 1.1924487888617285e-07 -9.24076710278898 4.536583772896711 5.247002822764287e-05 0.0008346301800607809 0.04537519486062066
20230721224141 ACBM 114.60647310522288 4.645769 0.006285922305943656 0.00018249333691973488 6.823648591808833e-06 591.0753555271689 0.2584392323054964 1.7634985035895566e-06 0.1824138761798005 0.000217230261889294 -6.091424469628339 117.66669496647438 0.0013740986236892394 0.0335262621235623 1.176903427613833
20230721224141 BBJN 134.48186631873943 4.645769 0.00456432268932825 7.877528038246188e-05 3.843973686775163e-06 332.6356192360754 0.3445049704021514 1.3242680411891261e-06 0.10844099288275388 4.408813870932145e-05 -6.659096064005646 83.59774355794802 0.0009003568023877042 0.016129826815264713 0.8362690059441937
20230721224141 BKJI 134.53228418285673 4.645769 0.005826508916784377 8.861408586655124e-05 3.4482521841050747e-06 369.9997987785521 0.32664733886075537 1.1263623996587102e-06 0.09555957611631849 4.19599954719244e-05 -6.562643450854616 77.76664636023723 0.0008079751983496829 0.015401794784923943 0.7782994412502425
20230721224141 CBJM 125.62513632029741 4.645769 0.011000717061654234 0.00014754307631888777 4.120483532464649e-06 1150.1860370854654 0.18526604174935848 7.633856741531398e-07 0.08427091471467299 8.505024370100285e-05 -6.109053111944491 164.88296717648882 0.0006244217294524743 0.021594354233962353 1.651155032786928
20230721224141 CGJR 58.631620213864046 4.645769 0.03433510285823529 0.00048621619720026754 2.0192901285128828e-05 534.0854071340048 0.271878279168377 5.490011252817734e-06 0.08897560257719495 0.0007141606867331111 -5.023934605868914 396.59449482664013 0.0025637086684844462 0.05559068194196991 3.966131489263502
20230721224141 CIJI 109.86517288255384 4.645769 0.00491897858906973 9.149282856407516e-05 4.9801195919535994e-06 345.5849145305041 0.33798893303452027 1.6832253072687075e-06 0.11686702548847966 6.520577547126607e-05 -6.538973629348296 105.93375360102323 0.0010356448409817843 0.01937977979271529 1.0594269513873935
20230721224141 CSJI 136.2834287643141 4.645769 0.007046177066861132 7.000723601770917e-05 8.576994193951706e-07 3043.0897686315097 0.11389967540662636 9.769168546556182e-08 0.062426537478240306 2.1980456711882813e-05 -6.625568413381541 106.71144106538847 0.00020421735885944146 0.010582471940403453 1.067536211620403
20230721224141 CSJR 142.25629693549186 4.645769 0.0031170303654509193 4.9053539793921854e-05 2.6803347723686803e-06 376.93382076385745 0.32362891335237676 8.674338298022661e-07 0.09888016617179536 2.07784066726461e-05 -7.073326867931986 60.445471624369134 0.0005769051940059807 0.010786547706142053 0.6049116489289865
20230721224141 JSJR 132.44743621386934 4.645769 0.011923091496780376 0.00013645297553061984 2.088652126359633e-06 3044.841727463151 0.1138669025611746 2.3782834815638247e-07 0.0719074688981831 0.00011721976964173187 -6.024939959992056 189.96694310439625 0.0004697382947566049 0.025376750695177783 1.9016896061836661
20230721224141 JTJM 136.06529724184955 4.645769 0.0046809332651432415 8.234923988554915e-05 3.0709475471467594e-06 524.9752057774721 0.2742271638909066 8.421372363117921e-07 0.11053683203715918 4.2477705028407895e-05 -6.628945282979493 83.71655177775875 0.0006958808885602216 0.015553108730141173 0.8374537411176516
20230721224141 KJJR 139.03850537803055 4.645769 0.003554795326683832 0.00017527094525708362 1.258012848510806e-05 213.42194427307493 0.4300909778821101 5.4105997620427134e-06 0.30979556537285075 0.0003536513110045579 -6.329508444896833 93.65855566938502 0.00313290603828222 0.046143508266449806 0.9370636366098297
20230721224141 MBJI 241.23111636284807 4.645769 0.0002971853665427574 7.315661946689983e-06 3.4458991075705887e-07 247.5992401845376 0.39930542863229723 1.3759662201721244e-07 0.1546699966773836 3.1449772975612655e-07 -8.875423497008471 4.869244665510989 9.096686307304838e-05 0.0013862434838319108 0.048698452527966285
20230721224141 MGJR 73.42439308923446 4.645769 0.013616877073138299 0.0003058866459319584 8.23701544660913e-06 743.2469540660646 0.23046941492922723 1.8983801307430135e-06 0.14114414553785593 0.000411199979617329 -5.516209100949737 266.34147088533143 0.0017613685968414763 0.0471524502361826 2.665111552756404
20230721224141 RSJR 136.36321754960636 4.645769 0.00607852908640256 6.28228893953637e-05 1.0494471893560976e-06 2719.628001192374 0.12048281788005634 1.264403545899277e-07 0.06493805491307243 2.4436119440125197e-05 -6.745992132884824 107.50894790567278 0.00023487678176408862 0.011721489159458642 1.0756822764973923
20230721224141 SCJM 138.03469453577586 4.645769 0.0025006826338268423 9.791951034577012e-05 6.230917222016745e-06 135.53712341049496 0.5396979100775154 3.3628130025884357e-06 0.24603139173611924 4.25527976139504e-05 -6.686829318341786 39.181147425739674 0.0013150198075980505 0.013895942954455844 0.3921191220001462
20230721224141 SSJM 143.16586205870752 4.645769 0.0036515273144750236 8.006253907036648e-05 4.104873800912092e-06 412.28724593443053 0.3094424694901773 1.2702222858997681e-06 0.13776366046839797 5.104445770787741e-05 -6.842253353052781 84.39281617909982 0.0008539510862758995 0.01767011121273039 0.8441973632881048
20230721224141 TSJN 111.45573427904459 4.645769 0.010148395545773117 0.00015874765655015015 5.140171771982651e-06 469.1185035406613 0.2900938933437817 1.4911324417902526e-06 0.09828558008862161 0.00010809715180997445 -6.0341658145916295 160.01480171628472 0.0011210155933151938 0.024611455779375197 1.6007585377689215
20230723004400 BBSR 146.28089318734806 4.116146 0.0010327794033683198 1.3123885653353523e-05 4.549103791785186e-07 563.217965349782 0.2647534442585923 1.2043908971649502e-07 0.07984261231519564 9.80827301035503e-07 -8.174315369318576 22.030636851625104 0.00010418946469087519 0.002455932879986132 0.22040342250032968
20230723004400 BOSM 109.89982370156861 4.116146 0.0038534213733667924 5.968201745455313e-05 1.6876031109636283e-06 1426.539802752274 0.16635579017906466 2.8074254903300214e-07 0.09731434453679967 1.8356289875065827e-05 -6.91801380157558 74.04411500595825 0.00025137754816513655 0.010130882035462155 0.7409908219349365
20230723004400 MNAI 68.19469368313355 4.116146 0.003738458929333585 5.1232230055581376e-05 1.7515059118479723e-06 819.1311928173271 0.2195346802425146 3.845162903004186e-07 0.08610542504920744 4.1323004972091e-06 -6.875138773767129 20.07555416990946 0.0001600960443670827 0.004762724064139392 0.40203274637448116
20230723004400 MTSM 75.52100556595795 4.116146 0.03062259217305436 0.0002903806621433603 4.155332483879143e-06 3947.9269128679553 0.09999892154929337 4.155287670666608e-07 0.059580701057491824 0.0004365902637721919 -5.255074847664361 410.5594543021084 0.0007859552526057756 0.04510051362832393 4.109730841166527
20230723004400 PKSI 106.02677328039596 4.116146 0.002259475369393694 3.225128597542719e-05 1.305301285698245e-06 362.10833936454895 0.3301874824787474 4.3099414540097573e-07 0.08968489275137692 4.890611087646433e-06 -7.445054758813798 35.116788849975364 0.0002755208245258297 0.005250453670891454 0.35135638863489616
20230726123129 KCJR 155.61991044301058 3.730808 0.00041877451509307915 5.778931282237704e-06 2.754086738667603e-07 560.3883457417609 0.2654210243691091 7.30992523378534e-08 0.08670560126058756 3.629353681324347e-07 -8.944993945625368 8.250897522384298 6.222635065193644e-05 0.0014824619050413383 0.08252217337439813
20230726123129 PGJR 50.29936324566853 3.730808 0.00629512244228524 0.0001121098162338172 3.8134123731422055e-06 659.7539993803375 0.24461824869048687 9.328302562526797e-07 0.1118972278313957 3.336394746556815e-05 -6.493464955496883 66.72876426132501 0.00042603002855253445 0.010693691765915867 0.6680913511331142
20230726203109 BBSR 104.10404228468144 3.85799 0.003948196216285476 2.8569935316930836e-05 6.661245957855631e-07 1376.6774082217642 0.16934164552844597 1.1280263517729818e-07 0.04546638210886514 5.637287241522551e-06 -7.249982864430404 54.224230635421925 0.00015915622562227925 0.005718081137735628 0.5423537322481587
20230726203109 MNAI 241.79697847892905 3.85799 0.00041092436452214805 8.524110245726178e-06 8.274904631357287e-07 75.18403070660173 0.7246312610346629 5.996254577962003e-07 0.13033679401076007 1.4720256547865174e-07 -8.68103623559788 2.8806652191946256 0.00010734116922914918 0.0009264812865803885 0.057658553657117695
20230729072134 RASM 72.42823555134223 3.081419 0.002144973593564339 2.4379325163184283e-05 5.420140780878346e-07 1778.8547483883444 0.14897370698328444 8.074584644987211e-08 0.07141338155577551 1.6284434526728538e-06 -7.474042469753326 35.113549434556894 6.774103392822618e-05 0.0028939459804968107 0.35158849808277937
20230803203455 GCJR 123.51974866890244 3.251797 0.0007249950244969719 5.233246202539737e-06 1.7747318429569165e-07 530.006039605792 0.27292257431975925 4.843643833070523e-08 0.045354043183214114 1.4186675530004773e-07 -8.753128678010267 10.889865759140903 4.039416148450702e-05 0.0009193567653350749 0.10893464493665067
20230803203455 JSJR 164.16594773242758 3.251797 0.0004392953528084841 6.0159131122486105e-06 1.902468536687932e-07 860.9074982387699 0.21414188593171696 4.073982003721076e-08 0.08604483665600815 3.2765294993840996e-07 -8.739859856496786 10.656728529404104 5.105701267203865e-05 0.001402468983194804 0.10658125407415882
20230803203455 LSJR 165.96124074373114 3.251797 0.0004452573548396452 4.279488332003046e-06 1.3680003580285306e-07 421.6662445697436 0.3059816979843996 4.1858307239283636e-08 0.060389385863309865 1.059135589475912e-07 -9.034784193719405 8.0074195806828 4.071862776386583e-05 0.0007948898204356612 0.0801295425816006
20230805041601 CLJR 194.71125638282763 4.637439 0.0022348102499458507 4.845708372460788e-05 1.2005794214906461e-06 1337.0765569691685 0.1718310845206556 2.0629686404791903e-07 0.13623744409379027 1.0921743494390809e-05 -7.198645189407761 40.318826998575766 0.00021449180670782703 0.0077951461108028645 0.40332035517756903
20230805041601 DSJR 139.0859502564806 4.637439 0.005187702708811264 0.00017624569806226333 7.024102322321253e-06 486.4925415491213 0.2848667593943536 2.0009332662140088e-06 0.21346334643223497 0.00021575579205237818 -6.178584395475808 100.25806933886767 0.001586553512950185 0.03479088927202234 1.0031355453944282
20230805041601 SSJR 104.15266955900896 4.637439 0.00589329733866853 9.0204843236996e-05 4.8505845277421034e-06 385.56015129804007 0.31998807764107745 1.5521292184677492e-06 0.09617260305945839 7.471132343790185e-05 -6.427279311849895 117.75501553631453 0.0010754704090046867 0.020876009046010814 1.1776519449850547
20230808153054 BEKI 100.99054624303172 4.722775 0.008270346269205541 0.0001433516634172783 4.346102189756873e-06 723.7114001073164 0.23355929811499826 1.0150725769756723e-06 0.10890778161211372 0.00015755274992015748 -6.071323635132799 201.10936087500943 0.0011750228414315967 0.030441182419261463 2.0117387741669814
20230808153054 BLSM 205.67382465516445 4.722775 0.005534518519414984 0.00013413440638394592 5.026124205806336e-06 443.2590072526196 0.2984359128769054 1.4999759655925252e-06 0.1522790697008907 7.177186635576805e-05 -6.305891267782585 76.82261891517916 0.0009113942500827265 0.018983766623249944 0.7688332151322843
20230808153054 IMSR 150.71622848129348 4.722775 0.007931961175199105 0.00018476278535795742 6.196879066470084e-06 868.2908700822763 0.21322948161713845 1.3213573109875128e-06 0.14635709790215323 0.00015006394544916593 -6.0961734012413356 148.44532367026412 0.0009833359823003694 0.02905563869330893 1.4850673940055397
20230808153054 JMSI 182.85764366723856 4.722775 0.004207962999475935 0.00016747026861743826 1.0038465362759977e-05 326.6032418963092 0.3476719254137715 3.490092580870216e-06 0.25006083259229106 0.00025094446012615334 -6.347136677257607 93.69633871489833 0.0020433072825503692 0.03601000814348629 0.9375502690072404
20230808153054 KBSR 100.8920600025571 4.722775 0.04781758203556631 0.001582803272901751 5.726750277682823e-05 789.8832131691323 0.22356222654332897 1.2802850429363995e-05 0.2079788614375148 0.007015555306620645 -4.287213295578902 540.2058897449133 0.006449461928373744 0.16924440384047773 5.402133522233879
20230808153054 KSI 100.9552780490953 4.722775 0.0062522098529667215 9.648431731588186e-05 3.483958371564824e-06 625.6160383245171 0.2512036419220413 8.751830312418682e-07 0.09696233158980445 9.909354486710781e-05 -6.431571360204901 135.27591925132344 0.0009658826397899332 0.02378666138485285 1.353266909010848
20230808153054 LLSI 155.35182916536388 4.722775 0.003357435874332849 9.803682387692974e-05 7.859901429040174e-06 191.86518370844132 0.45360912397199815 3.5653230017331696e-06 0.18346844270509827 6.954368414736273e-05 -6.833900349445906 62.96994101914293 0.0013819376863591214 0.019328453303152353 0.6299825926067745
20230808153054 PKSI 149.1983813584018 4.722775 0.0026055700393865407 5.6220365732239504e-05 3.972355289268734e-06 237.12129970163835 0.40803233909312175 1.6208494203892558e-06 0.13557224353724837 3.1222845063522035e-05 -6.961236854722904 57.196575954710994 0.0008410047354538686 0.01344417132115256 0.5722777272917294
20230808153054 RASM 254.00796842047845 4.722775 0.003430233061941434 5.40367282714536e-05 2.9795114104655493e-06 309.11722063592345 0.35737014504505277 1.064788424921463e-06 0.09897950692921456 2.5646739354380208e-05 -7.030618769995043 61.02220355103292 0.0006493456968679818 0.012184085641226647 0.6103265166953458
20230808153054 STSI 232.3257658227925 4.722775 0.0024663921188235955 9.016736360266605e-05 4.45972558231864e-06 390.3677471317013 0.31801155776508694 1.41824427963796e-06 0.22970323731232756 6.47684554449313e-05 -6.771354151583482 51.45363503201796 0.0009713919779920464 0.018833201705190806 0.5146903628360291
20230808192150 CLJR 63.1795162160976 3.178661 0.0017873193136840235 2.168410909583007e-05 5.007175675459318e-07 1532.2616788803853 0.16051417769224943 8.037226861069861e-08 0.07622883870111037 1.5812353963737116e-06 -7.7573754851273895 21.103505394906076 7.564465314415483e-05 0.002746184990162917 0.2113134169987027
20230808192150 WLJI 32.185726173319004 3.178661 0.012454451710714583 0.00011131134433396461 1.9488956131146922e-06 1621.7722849773995 0.15602167325708607 3.0406995456154895e-07 0.05615580833959058 5.2705724417908565e-05 -6.065235420618505 175.88603713262856 0.0004555329711720036 0.016331414794687457 1.7594431770158734
20230809231017 CIJI 162.87686987239005 4.230985 0.0009706195178632729 1.7415898224851948e-05 7.31937110115818e-07 619.06316324609 0.2525296559837711 1.848358266193031e-07 0.1127396614469681 3.9341123016774245e-06 -8.019656500449306 24.927651489972035 0.00020252145199750043 0.0050334158870927095 0.24944189212664516
20230809231017 LPJR 149.92832007319515 4.230985 0.004097272964645363 6.974867381658872e-05 1.641658515055627e-06 1658.7647540413266 0.15427212758725325 2.532621518893624e-07 0.10695988436728031 3.351704862131423e-05 -6.786925708051524 74.09139033121309 0.0003420946056162851 0.01387635581482655 0.7410089825770072
20230811170930 TPJR 128.22717946145795 3.388953 0.00041493784995769417 9.42760836525973e-06 3.748794692056976e-07 402.0026092151482 0.3133757832258769 1.174781472776365e-07 0.14275730779557172 4.2534195343635094e-07 -8.560717185908752 6.210804850068458 8.227717259600114e-05 0.0015182529322618535 0.062116127118961105
20230812143823 JSJR 27.173592203950015 3.326286 0.004836922055820475 6.7912642169729e-05 9.274482275029864e-07 3332.1480916081814 0.1088473151315141 1.0095024948718175e-07 0.08821885292509735 1.668671250600186e-05 -6.666168880927689 75.10025215983964 0.00016219933473399 0.009442622861095156 0.7514880974986458
20230812143823 LPJR 208.43182424756213 3.326286 0.0006041996277295725 1.0505308883913739e-05 2.715569386517093e-07 1407.7050273612215 0.1674649937377573 4.547628103075304e-08 0.10924667841128378 5.349271028842863e-07 -8.401602779972585 10.04457621467593 4.8288157960868956e-05 0.0017281385014676627 0.10054451937063044
20230812143823 LSJR 42.97508059793379 3.326286 0.006125102652248164 6.772376020275741e-05 1.037804224948812e-06 2471.0423986244223 0.12639787416123457 1.311762478290775e-07 0.06947164140942769 4.740268599094882e-06 -6.606742185459161 60.593493622458936 9.375912981585522e-05 0.004682979349072447 0.60672246040158
20230812143823 RSJR 15.800188393563975 3.326286 0.0029647931810682076 3.712041968732066e-05 1.4382835511056534e-06 2015.9068862850372 0.1399408908175979 2.0127468139002322e-07 0.07866804236634112 7.4845325779643e-06 -7.294885881660782 58.19081183092792 0.00012401503695939916 0.006168743626768713 0.5825953497679474
20230812143823 SSJR 50.52529626624169 3.326286 0.004023693320017877 3.942954988236835e-05 9.533538950040504e-07 297.67598947235484 0.36417318582652 3.471859251637467e-07 0.06157108625975021 4.60116301237322e-06 -7.0157148203085296 37.967820057806456 0.0003162971572427931 0.00493286992535962 0.3798795976701145
20230812143823 WSJM 60.19287689180385 3.326286 0.004478948141840512 7.406993263238854e-05 1.609821828981862e-06 1317.4451543176722 0.17310658791937508 2.7867076397317787e-07 0.10390723394898761 6.0531661837171165e-06 -6.662423175663266 42.638671415982195 0.0001477647580663091 0.004958911861502905 0.42672583769056766
20230815001646 ISSR 28.914094894251917 3.447286 0.007656130601590868 6.631038593022884e-05 1.3196581871292239e-06 2386.3463316224534 0.12862137017590142 1.6973624419240689e-07 0.05441919218353564 2.2239214723854015e-05 -6.516204121797149 116.55393936492334 0.00021716174263783467 0.010563907082357023 1.1661498684580578
20230817035406 KPSR 134.278845450969 4.497631 0.0020645221279107294 4.901084431689123e-05 1.5463548647039037e-06 542.2504328071241 0.2698235890192181 4.1724301949173475e-07 0.14916004664769217 1.0037618199778937e-05 -7.144517039449464 37.85047620356062 0.0003234194855028185 0.007532941930822712 0.3786761042758553
20230817035406 KTSR 151.43002966764948 4.497631 0.004582732203269129 0.00012864795733885588 3.695438932119887e-06 1026.996991507354 0.1960628370666048 7.245382412378094e-07 0.17638363305923588 5.330358612977808e-05 -6.391277810280742 60.81743775745082 0.0004861800537521116 0.014980493615161945 0.6082947579269922
20230817035406 LESM 156.98189756391417 4.497631 0.0022643151573123656 3.8098900109185964e-05 1.167971473516883e-06 852.4234720989839 0.21520490638763942 2.513531916216341e-07 0.1057195808687142 9.504956358550457e-06 -7.317890045311713 47.26157315013798 0.00025920706379027895 0.007439270473482666 0.47298561510344805
20230817035406 LLSM 159.04933217651316 4.497631 0.005970650849715714 0.00010805214957354208 2.5477864721504593e-06 1079.0698944747714 0.1912736213236408 4.873243448876017e-07 0.11370815271202407 1.9367022268050257e-05 -6.452613827192639 50.70605113818719 0.00029206302349815846 0.008775644252797572 0.5073190196441313
20230817035406 MNAI 234.06522999532336 4.497631 0.00040079686096420805 5.7793770164459355e-06 2.486834432379777e-07 450.3045341062176 0.29609202380000355 7.363318399388612e-08 0.0906017493925116 6.795906815920538e-08 -8.756148736608534 2.137934535253514 2.9371649018423118e-05 0.0006028526829994488 0.04282783243852373
20230817042846 AMGI 225.6901772494002 5.337884 0.011969511078542798 0.0002626535715218544 1.822120022537513e-05 174.5699892664889 0.47554878427579245 8.665069615222938e-06 0.13787539446141442 0.0005047372655079793 -5.770478743804966 191.04201911536265 0.003892456741749725 0.051399336392421585 1.912348813989283
20230817042846 AMGS 225.654033035953 5.337884 0.0009994811255150688 2.6156891708587583e-05 1.7860359051484366e-06 171.77382912320243 0.47940368713433956 8.56232198282478e-07 0.1644339182295116 5.010684958740877e-06 -7.773745182081355 23.118644880638062 0.00038950442333420096 0.005228683105389755 0.2312500431978479
20230817042846 ASJR 197.65602345043715 5.337884 0.006149508101026806 0.0001898013772172943 8.687959940407159e-06 406.0890115077194 0.3117950738790193 2.70886311147721e-06 0.1939272548344197 0.00012458818665866348 -6.161023420781147 76.96802246783123 0.001209305387904181 0.02340795803951185 0.7701880167808142
20230817042846 CBJI 209.9237339972248 5.337884 0.004273521534373949 0.00012166182468450947 7.5562387488872e-06 279.4261618669306 0.3758775051849496 2.840220169513566e-06 0.17887444421509227 0.00015134290164071625 -6.482672123719505 78.5051867036856 0.001778800040539819 0.02876542497054665 0.785717234926151
20230817042846 CBJM 238.71395269805816 5.337884 0.004829182323551285 7.455015182205692e-05 3.6755247516970047e-06 284.4194359055661 0.3725634383361677 1.369366139181925e-06 0.09699621741179038 4.26331384399624e-05 -6.648621013227151 101.71302533799545 0.0009040116669557731 0.015599805101930512 1.017231562090708
20230817042846 CCJM 213.06314231532698 5.337884 0.01796700374355221 0.0003095159697851118 1.3245281032043038e-05 611.3960529892536 0.254108125789007 3.3657335386011407e-06 0.10823987246004571 0.000922188345988559 -5.4428500991724285 378.468973552818 0.002999458673624483 0.07368736331374104 3.790898476910879
20230817042846 CCJR 214.12662941752225 5.337884 0.008973310528511795 0.0001858675201977571 9.756485582653827e-06 217.79686731897564 0.42574940918587323 4.1538179725453566e-06 0.13014595541720722 0.000321442307194921 -5.975647149458503 152.241724222911 0.003010078980083478 0.04274537990019621 1.5227004992454214
20230817042846 CSJR 183.73499113191272 5.337884 0.01508813567126033 0.0002685850329755679 9.580665429308782e-06 270.65882430397346 0.3819168088377147 3.6590171673034243e-06 0.11184745217627462 0.0003305169211078931 -5.648242767624141 219.74975025471173 0.0027256733037074954 0.04241498897570458 2.197594505601515
20230817042846 DSJR 200.19971400863002 5.337884 0.014266453583616967 0.0003281469035015362 1.49297554808945e-05 317.4317937325582 0.3526587442607324 5.2651088200120414e-06 0.14452139703766523 0.0007950780294283342 -5.6110165654383 251.43551599018704 0.0038767508127281634 0.0693848766475074 2.5147438026705187
20230817042846 GCJR 206.1802472763399 5.337884 0.006711772857159182 0.000147042246731549 7.062128575034401e-06 170.72659177055976 0.4808717709930438 3.395978274857373e-06 0.13765270426469564 0.00013982135658267104 -6.286352864270928 121.93969554132845 0.0022512882288753177 0.028457667791921687 1.2199137025236972
20230817042846 JABI 223.2052786138858 5.337884 0.008827426799894417 0.0001873278009608115 1.556412685997175e-05 120.27058882999573 0.5729281348767142 8.917126172868187e-06 0.13333617069895282 0.00036634603956446627 -6.0435319091578465 137.9696195730699 0.004178602983195645 0.045985744357116165 1.3805434105135101
20230817042846 JACE 232.5477023833472 5.337884 0.004849499387791503 0.00014264518572940733 9.737795953823676e-06 189.6306284369717 0.456273899417514 4.443102131583219e-06 0.18481621780822233 9.765325091359045e-05 -6.46653835258178 74.26594610659085 0.0015506947992556515 0.021789516953608513 0.7433900011555599
20230817042846 JAUI 223.7219428774783 5.337884 0.005433208521992047 0.00017722904004055965 1.4952517601858069e-05 100.2271330717326 0.6276061843795818 9.384292518970677e-06 0.20495493516970834 0.00024690285480531335 -6.10858953065198 89.13907995737438 0.0035693195365242205 0.03589431277499702 0.8914413419219138
20230817042846 KCJR 215.19708868546272 5.337884 0.012658696005143976 0.0001975346165673407 6.971966752310367e-06 419.8474812243652 0.30664373233045045 2.13790990661226e-06 0.09804695522911026 0.00021387201157240253 -5.925158573176412 173.05873551408285 0.001697530213260551 0.03366186594679791 1.7305979732561494
20230817042846 LLSM 246.3051496790482 5.337884 0.004135078143064606 0.00010952291581306801 5.831469971456913e-06 172.64239570054562 0.4781962228241187 2.788586913862967e-06 0.16641832430429698 5.384662219957547e-05 -6.484248313459214 77.91129597409493 0.0013584679505968507 0.01670711344161796 0.7795148715561593
20230817042846 PSJM 157.88813901290462 5.337884 0.0041209002331804 0.0002962574696687446 2.2386777976287533e-05 123.1217125134987 0.5662556451019836 1.2676639404717575e-05 0.4517072666736822 0.0004458110015059087 -5.946306808268999 70.48888728868378 0.004151402228661271 0.045533755056531594 0.7056594874086363
20230817042846 PSSM 221.77749591251523 5.337884 0.005545876525737939 0.00011452471687400695 4.909746177605229e-06 308.8101200083869 0.35754779680740084 1.7554689286863073e-06 0.12975045784596054 5.147397637917747e-05 -6.481136738287524 111.32319498044916 0.0010156387097900628 0.01726120269577145 1.1143639426181722
20230817042846 PTJI 225.65065800056496 5.337884 0.007392162738688235 0.0002272712370087288 1.6653768983090046e-05 125.41611415511387 0.5610521074714928 9.34363218530605e-06 0.1931758468525242 0.00033613317713324103 -5.947690655025339 141.46277099387322 0.0037473241320455496 0.0425079961864087 1.4169110027823628
20230817042846 RLSR 216.36776172756154 5.337884 0.0024253667405559213 0.00013028741098054613 9.658901974499005e-06 154.27875083377523 0.5058558903842725 4.886012458444601e-06 0.3375241907521989 6.941828089632546e-05 -6.613062352121522 41.50775001923091 0.0014070504455499626 0.01777927748252516 0.4155380308527223
20230817042846 SBJI 201.47249195492785 5.337884 0.012117111883476455 0.0005071571399772433 3.690195790430656e-05 162.62481009965293 0.4927044300261381 1.8181758136089905e-05 0.2629803472130684 0.0007498723436236231 -5.307298986681188 193.1294053700741 0.003807974379149812 0.054097001123612765 1.932455829361653
20230817042846 SCJM 229.32516106515024 5.337884 0.0026332960493853906 0.00010918319824398019 8.944503912244734e-06 118.19366495215341 0.5779400199797404 5.169386769751587e-06 0.26051695446760287 0.00010922801612292775 -6.752662381418593 56.9853377321524 0.002190429163058473 0.024523755035691902 0.5708086154890181
20230817042846 SSJM 201.6252191120407 5.337884 0.004795574100534672 0.00011180978271097513 6.169884557929864e-06 164.4644178385031 0.4899411218788191 3.0228801621749595e-06 0.14649373968597731 9.320508622388967e-05 -6.371181300186913 102.19508770894537 0.0017527100207193954 0.022673220959630307 1.0220067348844648
20230817042846 TASE 212.1513834656731 5.337884 0.007620135489694568 0.0003648368590800173 2.8029452457750982e-05 123.36026462543174 0.5657078720882616 1.5856481905673402e-05 0.3008263561178485 0.0007512853334313107 -5.642777388034381 126.79027749498601 0.00561424450571258 0.05983337675071186 1.2701596269495499
20230817042846 TPJR 147.33007237106452 5.337884 0.01581625500349084 0.0003463144667644242 1.7791516838598496e-05 278.07353533940784 0.3767905822007636 6.703675987850216e-06 0.13757731958404204 0.0005434442377966052 -5.553521064918802 224.8990275512653 0.003027538534155645 0.05142276270694834 2.250101410967604
20230817042846 TSJR 154.75086474703278 5.337884 0.055019758123575825 0.0014244390611408938 0.0001053056576412947 144.67976044214976 0.5223672944879314 5.500823147635547e-05 0.1626691007952303 0.011098920318554317 -4.168162016490547 736.0253838109115 0.019684419372491657 0.23487120434669687 7.365241388486931
20230818031028 GCJR 76.7837514254312 3.534894 0.003067405997200233 4.161266046454975e-05 8.473177193661555e-07 1707.753812180128 0.15204328232429318 1.288289672239646e-07 0.08523816444975293 2.924683447267044e-06 -7.20040184021476 36.36312242065617 8.911501487838527e-05 0.003588660169659476 0.3636974939375779
20230818031028 JSJR 101.74080885789566 3.534894 0.0025339843808213185 3.426191349062364e-05 5.543185653618683e-07 3234.589337381126 0.11047659822548546 6.123922943441062e-08 0.08495472705730318 5.087354444775785e-06 -7.369234480657848 41.86531509339903 9.609956333076917e-05 0.005298348626182747 0.4190858885641588
20230819081054 MNAI 37.626728368291005 3.36363 0.005419429246051976 5.5300348244694626e-05 2.6991156162678547e-06 1005.7938251566054 0.19811866178908127 5.347451739089988e-07 0.0641141935428171 3.1790899018678364e-06 -6.918847812082618 15.435503749801994 9.293255427415153e-05 0.0034675713873462454 0.30923528955257545
20230819081054 MTSM 97.74693150932657 3.36363 0.004237722432580492 4.5002431789970715e-05 8.241426282271967e-07 3732.1046813156645 0.1028496836007342 8.47628085550447e-08 0.06672419506199567 8.84779666233067e-06 -6.932506707438075 71.16450209440606 0.00012108885780607107 0.007004952292332219 0.7119858762834044
20230819081054 SSSR 41.727617985062025 3.36363 0.0032671942479351314 3.920532662777267e-05 7.371147028399589e-07 2356.5747933376683 0.1294312824538749 9.540570130418278e-08 0.07539629221203523 6.9696913836462355e-06 -7.133484688261043 41.59634571591444 0.0001232189667437982 0.005912912224748813 0.4164014132945628
20230825164430 KSI 106.4540862647883 4.246899 0.0011219213293189214 2.641329511190457e-05 1.0197762853738295e-06 445.7040134230292 0.29761621967021973 3.035019629622983e-07 0.14792447868164282 6.242916992566411e-06 -7.789192544081138 20.02832890575074 0.0002854720055098912 0.006052870969145066 0.20035997116552973
20230825164430 LLSI 107.88181344504588 4.246899 0.0024724783366099584 6.14827818527363e-05 3.1156319366522222e-06 488.96266069835366 0.28414630994228807 8.852953179380736e-07 0.15624311277538272 2.2990083168605654e-05 -6.998257063138132 55.33240432865283 0.0005068166675882273 0.011225539162810941 0.5534261685063953
20230825164430 MNAI 61.897567568849496 4.246899 0.00273910699769313 7.038820133207776e-05 2.2564691843681022e-06 468.2946003537101 0.290348972357113 6.551635088367714e-07 0.1614621527311572 7.0909317015713625e-06 -6.836880495361761 15.101758281176846 0.0003059210460193835 0.006315581338012901 0.30290543756757093
20230829085631 LLSM 44.868226707687874 3.457358 0.0012319843264993714 4.252642850965368e-05 1.987590554456189e-06 199.0458955802518 0.44535184416196744 8.851771188659712e-07 0.21688703746574445 1.02643931099522e-05 -7.373755255754665 29.018569957077666 0.0005642334918548982 0.007828808544079163 0.2905981797967917
20230829085631 UTSI 2.0239443554012624 3.457358 0.19888949942927217 0.0046382487691913575 0.00020135859488069885 577.0100722852296 0.2615701438519433 5.2669396628769575e-05 0.14652848240482688 0.06546232326034014 -3.267489029874183 2020.9748849202751 0.021553765430911018 0.4935280381805591 20.213185582666163
20230830063649 KPSR 93.49601231586313 3.420223 0.00048658582823248 7.641385530491197e-06 2.193972074413654e-07 610.7735815593503 0.2542375802812962 5.577901514036634e-08 0.09867168032016294 3.6953089754464237e-07 -8.64366118083261 11.510552618280544 6.325745953748552e-05 0.0015234326535743165 0.11512095441499301
20230903180907 MGJR 121.54342660849908 3.230204 0.0004895279045756689 6.7287370294157145e-06 1.7024150074097488e-07 965.367452428397 0.2022243937703587 3.4426984281899714e-08 0.08636464079764203 3.979382002322723e-07 -8.713644268659966 10.075063381799808 5.135812763030696e-05 0.001496004328348823 0.10075286398030806
20230904045024 MKBI 117.1877757296202 4.279595 0.0050613460817272825 5.906163068108276e-05 1.3074704584560967e-06 2689.764909888669 0.12114980140953983 1.5839978639079613e-07 0.07331946168494426 2.9643940185326105e-05 -6.81162225290971 113.03358639278953 0.00025545283436059947 0.01333465338659919 1.1308095157070817
20230904045024 MNAI 170.25047003618474 4.279595 0.0010940841038926212 1.712654568082102e-05 5.43070706659932e-07 1027.5578721155641 0.196009320444061 1.0644692016548926e-07 0.09835556498957775 6.11133616349433e-07 -8.008177117375972 5.603562653551167 5.855959134946852e-05 0.0018510178876803899 0.11233337693793921
20230904045024 SSSR 117.33069882355828 4.279595 0.0021761461900160722 4.9600450170646284e-05 1.280398854008119e-06 1179.3626612783519 0.1829600125666954 2.342617904197078e-07 0.1432113435997589 2.1857075928987745e-05 -7.159180180594269 46.914723437964774 0.00033051097749312285 0.011023526646208325 0.4691758614284214
20230904054328 ACBM 37.3198434533928 3.867535 0.009760334311061405 0.00022037265541706864 6.605935051284928e-06 590.4524570914272 0.25857551674051943 1.70813306944031e-06 0.1418642217051375 0.00017385454427774706 -5.8337668279000265 122.78142702815107 0.0012352393371289063 0.02824859600587415 1.2286103445566736
20230904054328 CBJM 48.80827116553593 3.867535 0.03215834080063598 0.000510951327734061 9.788559600028849e-06 2120.759074911812 0.136437640829428 1.3355279789461854e-06 0.09983107943924341 0.0005156989864575991 -5.0287753266288036 245.27258147058632 0.0009228402001278435 0.04114249935811108 2.4547316912173267
20230904054328 CCJM 55.971824529716976 3.867535 0.011964931969332545 0.00022513546574006363 9.136035032020333e-06 634.9763977274532 0.24934523715253312 2.2780268216929604e-06 0.11822615072853704 0.00017825011535088506 -5.9131347936117695 126.93035932773735 0.0009575067688403337 0.026183173577646303 1.2715649112737353
20230904054328 GCJR 45.485180869031254 3.867535 0.00738051036451646 0.00012936211446009272 4.983932496851393e-06 423.62124664646353 0.30527483233414726 1.5214691573410167e-06 0.1101287169501306 7.525962202902065e-05 -6.183929148112781 91.44848661947589 0.0009530599607096538 0.018239956360502897 0.9147793589116497
20230904054328 JSJR 100.64124034200802 3.867535 0.003151610936267525 3.259909030146207e-05 7.476479117889617e-07 2326.649515741091 0.13026099316746323 9.73893595292101e-08 0.0649909298297283 1.2121246427158615e-05 -7.1123604544364 63.518325665691364 0.000175215668127591 0.008653172516405544 0.6361150895831345
20230904054328 LPJR 97.16196366610235 3.867535 0.0026725587683063155 5.354364327821157e-05 1.4578818606351988e-06 1701.8128099989465 0.15230844148200987 2.2204771405823984e-07 0.12588109819254856 1.321394127260608e-05 -7.057547436537243 43.43052978491991 0.00019865376408706394 0.0080221115739426 0.4346266442209265
20230904054328 SSJR 73.04371645057788 3.867535 0.004284723107499186 7.181101836948377e-05 2.3856146644884398e-06 652.4896496784719 0.2459761812694867 5.868043851513542e-07 0.10530480597988782 1.2807680508061908e-05 -6.7375761094471205 44.26948052455677 0.00029580764562533177 0.007204063241734457 0.4431751360308379
20230904190651 LHSM 12.081988493558844 3.267302 0.025366877557600177 0.0002763051895095746 6.282922899997884e-06 1201.8349685874682 0.18124141756190446 1.1387258528277682e-06 0.06843872301910031 0.0003418701088578539 -5.460655456601337 260.35101534119667 0.001230507325664001 0.04095950467896427 2.603649513526389
20230904190651 MNAI 73.99069742558518 3.267302 0.00038100635953865913 5.221829182007065e-06 2.327596884066731e-07 336.47391550387204 0.3425343795419769 7.972819545076365e-08 0.08611331430980831 4.6410306148894656e-08 -8.761931347766438 2.2434194659662925 2.9377546424439276e-05 0.000523707645194892 0.04495019861202686
20230904190651 MTSM 44.68155548678051 3.267302 0.004854591367248411 5.090820203248975e-05 1.1694141368183355e-06 1667.5011066265688 0.15386746649058392 1.7993479051051034e-07 0.0658893082502163 1.0357131916901088e-05 -6.825982936666347 62.90812284588587 0.0001809164440673772 0.007021193690938879 0.6296693045055632
20230904234932 TSJR 75.86180681717643 3.375637 0.0038081744787414502 4.665540802231806e-05 1.0817973810276055e-06 561.4596496272904 0.26516768261721935 2.868577045884672e-07 0.07697771617942718 7.406897165924314e-06 -7.031173093442131 46.18443844862032 0.0002889047158298147 0.0061924069924123295 0.4618926169686156
20230905083850 BLSM 198.914573396882 4.873104 0.005077955572882874 0.00011214943993699552 3.8467417957560074e-06 482.2492031272941 0.28611729402201536 1.100619353403097e-06 0.13876760107621428 4.5976472937650774e-05 -6.418566109023495 75.90791876265214 0.0007102025670551782 0.015078787785340182 0.7593107216650191
20230905083850 ESSN 130.0225741264455 4.873104 0.003826366761659499 8.398239693204403e-05 3.785614829152212e-06 304.80665319623574 0.35988823307599227 1.3623982319698639e-06 0.13790548458462173 4.188218147778163e-05 -6.6981600421341625 68.48542856760066 0.0008774947386774156 0.015251494805769962 0.6854582369003903
20230905083850 KBSR 110.44008935274583 4.873104 0.012168924514535408 0.0002947732159176272 7.867544382977188e-06 1005.5386426319304 0.19814379916871577 1.5589051341715898e-06 0.15220036388519106 0.00042330038685448344 -5.559618120681434 201.69411443372564 0.0015648280155516176 0.04846135000231756 2.0176830820891247
20230905083850 KSI 87.37528616433804 4.873104 0.009091635422546184 0.00016472350249838836 4.727297890321265e-06 851.1229207557882 0.21536926466412964 1.0181146704867823e-06 0.11383961658629475 0.00017903795760017055 -6.02942103390301 169.7367842607759 0.0010984308662467298 0.03209781381906554 1.699663564445262
20230905083850 MNAI 87.2528701534886 4.873104 0.007891392125411593 0.00012063802219441276 3.5100908687470542e-06 1217.7812862135495 0.1800508684207652 6.319949091537052e-07 0.0960528936457589 3.4419826882812415e-05 -6.227681608325267 47.536532030414406 0.0004000818023063747 0.013965225345977564 0.9520032188296111
20230905083850 ULSM 92.7459296327466 4.873104 0.013551179030306304 0.00033991452339325807 1.2338077675271122e-05 530.5572650053915 0.27278076026788806 3.3655902085047135e-06 0.157605912688853 0.00041292672957466477 -5.515644289637316 199.81684464908867 0.002015630509422079 0.04442865259978879 2.0004209677859164
20230906013053 LLSM 121.16875489695362 4.607467 0.0037463956970002718 6.0117659140698756e-05 2.652841117536964e-06 450.073956041463 0.2961678597631663 7.856862760726489e-07 0.10082501240253841 3.1116359336122914e-05 -6.835853547482615 79.64807445664655 0.0006085414031622772 0.01285631539718063 0.7968311576788496
20230906013053 RLSR 169.34941051904877 4.607467 0.0003842229587366694 1.8470419804801444e-05 1.2078494229396287e-06 198.14589661957532 0.446362115122329 5.391382231726172e-07 0.30204616277109375 2.8630054676868874e-06 -8.27291546051154 8.168065388364521 0.0002940545163202263 0.004080635246444019 0.0817085884474566
20230907040833 BOSM 110.33694827592188 3.981966 0.0035344568146460976 5.039603062938642e-05 1.0047577716638887e-06 2130.706618681803 0.13611877778193635 1.367663998457904e-07 0.08958875883802214 1.0027211376293087e-05 -6.936594209425596 53.05589417193573 0.0001560531498946325 0.006851076569435077 0.5307653019176783
20230907040833 LHSM 101.78179821685046 3.981966 0.002356640232094668 3.93015929273336e-05 1.9857512141578484e-06 570.7368178382566 0.26300373955705375 5.22259995153474e-07 0.10478442482087606 5.464949562429705e-06 -7.4038550571645905 36.34905139185746 0.00021117746889307985 0.005066583487585573 0.36352308611292483
20230910111842 BBSR 67.51865271513134 3.522004 0.0019149994563453184 2.2940024633769092e-05 6.275584357666238e-07 1210.8022359216814 0.18056902840359246 1.1331761701285755e-07 0.07526708440968069 2.1973862418097536e-06 -7.747838791748785 33.13698618043107 0.0001005902617460233 0.0034921540819921465 0.33214453020016466
20230910111842 LESM 120.10317594164462 3.522004 0.0017566116689354764 1.5278345158362976e-05 3.163896867662165e-07 1862.5985948070204 0.1455862074991062 4.6061974588123606e-08 0.054648773838112744 9.746267081306416e-07 -7.876394164062697 27.203917840778185 5.6989840173597435e-05 0.002154843290905595 0.27232193119398496
20230912005955 KPSR 104.66691041858648 3.524069 0.0014405754232900956 1.130644983152893e-05 2.3698540256686132e-07 1360.4269242300504 0.17035004754680777 4.037047459516421e-08 0.049313988222552035 8.467729174531203e-07 -8.121241094694788 25.08758396082821 6.315192872634068e-05 0.002261709476421863 0.25101755599427483
20230912005955 LESM 75.2659772104638 3.524069 0.00278981555946768 2.5369689790054195e-05 4.998445402665168e-07 2651.1798219335583 0.12202821976432005 6.099513940763803e-08 0.05713727618860503 5.002126434220975e-06 -7.441021126888167 51.92478990838225 0.00010742460502352938 0.00546505429307339 0.5194420840688889
20230912005955 MKSM 54.604475802967094 3.524069 0.01051543808757031 0.00014686029877276563 2.462559428821184e-06 2074.304005860784 0.1379569757505026 3.397272514060556e-07 0.08775197607294888 2.9927229344472148e-05 -6.055707982487876 70.213911422331 0.00023931314278951898 0.009845870470083434 0.702732666071625
20230916012920 BBSR 151.1972918697683 4.762148 0.005028187956374656 0.00015156347101177267 6.910474373815491e-06 387.0095531738316 0.31938831676806967 2.20712477832181e-06 0.18939255700634597 0.0001865921789621102 -6.300041016920236 102.2825490612014 0.0017205143900180992 0.03323149692011916 1.022947861337781
20230916012920 KTSR 195.88590632801765 4.762148 0.0021700946628196455 6.819168948544355e-05 2.9560146803023485e-06 490.8720463486733 0.28359313777156026 8.383054784857385e-07 0.19743886236279848 3.096707158112828e-05 -7.010186494972576 37.165921989897825 0.0005803372011046058 0.012638491083469174 0.3721660807036387
20230916012920 LESM 133.44074047478648 4.762148 0.003876533447384767 0.00012400361734179544 5.086248577497376e-06 383.97100465403247 0.32064956368701253 1.6309033871782217e-06 0.20098825847735688 9.002541143582957e-05 -6.478331343792268 89.47011989097727 0.001116247079223743 0.0218753257378261 0.8950186898132669
20230916012920 MNAI 166.15839353876987 4.762148 0.00157863066443098 4.2656997570038645e-05 1.839718795945827e-06 406.40429184163895 0.31167410821781977 5.733927150979768e-07 0.169781207485331 3.9494881332861e-06 -7.338414939154488 10.01023936015579 0.00023304444518348492 0.0046468816236112185 0.20034673187930171
20230916012920 MTSM 166.63117275452376 4.762148 0.009018795162729614 0.00017929579273690053 6.289812279990875e-06 782.9287436702268 0.22455294208666587 1.4123958526447907e-06 0.12491121821006636 0.00027572400000970554 -5.998486620820739 179.23794541233923 0.0013268107416881548 0.03844675207118069 1.7925153022722005
20230916012920 SSSR 202.46356773518093 4.762148 0.0022620195549990954 6.069776136271996e-05 2.194597129671957e-06 617.0075394865984 0.25294997039056577 5.551232789697421e-07 0.16859946304623674 1.702950335455545e-05 -7.0279606504493755 30.57560354371822 0.00038583230181574196 0.009041791096881918 0.305848859350435
20230917072734 BBSR 92.70219024769271 3.97393 0.00572099938935675 5.401067571638852e-05 9.721053773415954e-07 2517.447727829638 0.12522747894369413 1.2173430567209647e-07 0.05931814723200137 1.2947818124359931e-05 -6.819159436166685 80.39540847004636 0.00017384608502546956 0.008196853696865996 0.8039806197553374
20230917072734 CPJR 236.2566850450231 3.97393 0.008827177503067898 8.675403976276428e-05 1.2831301847362439e-06 2941.449545532243 0.1158508345575037 1.4865170274761775e-07 0.061751529046110906 2.1372852999120337e-05 -6.439434200669256 83.22294637627729 0.00020188243947006512 0.009908003561302685 0.8326604340862912
20230917072734 KTSR 125.1514018465215 3.97393 0.0017202407737164902 2.4812272661769145e-05 4.992421288018139e-07 1584.0013070935092 0.15787090571355222 7.881580704430427e-08 0.09062691072561174 3.885079363113474e-06 -7.553732760578253 31.680702618923114 0.00011959396897203067 0.004624359079127067 0.3168663721528726
20230917072734 PPSM 104.50670047975929 3.97393 0.009812576950797626 5.8014611044143666e-05 9.781834656150557e-07 1796.9137116904756 0.1482232245675177 1.4498950749209312e-07 0.0371478922959857 1.2641737185767528e-05 -6.54469754778292 116.05359257300252 0.00021394874996496556 0.008165924209199201 1.1612804376670451
20230918175730 BBSR 255.59553922098183 4.903406 0.0007764977163396476 1.4449030759415526e-05 6.081084762780854e-07 527.4414097456422 0.2735852987284109 1.6636953914181877e-07 0.11691719867317021 1.5836325707017274e-06 -8.05172516176491 14.738438949826886 0.00013308587219758498 0.003123054172625549 0.14747263035445532
20230918175730 KBSR 199.67427754591947 4.903406 0.0014185015416578713 3.3305600546912174e-05 1.5748096251194126e-06 616.2943544475596 0.25309628681627144 3.985784685602478e-07 0.1475255781242032 1.3456429666443773e-05 -7.582303343262459 31.968955098666008 0.0003771823498953065 0.009440412594255182 0.3200780712122795
20230918175730 KPSR 220.14712410112827 4.903406 0.0007963282622160465 1.067969359366671e-05 4.549465693052884e-07 691.7564044863218 0.23889291733067203 1.0868351317092111e-07 0.08426486545406761 1.1663331012244365e-06 -8.37478561014113 16.82294596267314 0.00010295565744536289 0.0026568236621618523 0.16834475932777349
20230918175730 MNAI 143.69135045807172 4.903406 0.004014805990557763 8.528627546511671e-05 2.8853844750379615e-06 1049.004564855713 0.1939952870836612 5.597509895817285e-07 0.13347331705860227 1.3174918929556717e-05 -6.646708993732119 21.246142260332228 0.0002664723623665981 0.008609048357015902 0.42565915628928896
20230918175730 MTSM 188.9786848456749 4.903406 0.005284481819912722 8.901512329392451e-05 2.4878517458815814e-06 1406.555043732738 0.1675334385010329 4.1679835746833923e-07 0.10583791067075772 7.43603645040114e-05 -6.575913626753401 119.63584109836948 0.0005339849800500346 0.020110419245197846 1.1970952549351235
20230920200510 BSJR 51.81984367063397 4.03031 0.019912660860589744 0.0004054200794582842 1.1878745587152026e-05 918.510924264917 0.20731833169881392 2.4626817178030057e-06 0.12792511780931465 0.00063326540135266 -5.311468907650639 281.21808044895306 0.0016278871211979698 0.05035155741032346 2.8127048061796396
20230920200510 CLJO 78.88753132091401 4.03031 0.004894838998482139 4.689962629385465e-05 1.8247171118847827e-06 428.2169790983924 0.303632270161053 5.540429990832967e-07 0.06020198885665885 1.1148575627184274e-05 -7.0361197719346675 61.03334939796464 0.000386245416613929 0.007742541254262665 0.6104648080814985
20230920200510 JBJI 90.24346915091162 4.03031 0.0015515898569547226 3.465517292807721e-05 2.041294693538022e-06 238.19035504938833 0.40711563592028177 8.310429872604286e-07 0.14033661820065416 6.840691489494894e-06 -7.4678620102320705 29.378731045111596 0.00039555360087720453 0.006231430018955892 0.2938893094056791
20230920200510 KCJR 141.21681239063471 4.03031 0.0011323607579185797 1.7384653077418088e-05 4.3467037516772396e-07 1169.1975091789006 0.18375363017566937 7.987225936688941e-08 0.09646307152786529 2.014688715694174e-06 -7.968168467312981 18.55218787233267 9.961649275756384e-05 0.003411320303598749 0.18560631032588443
20230920200510 KSJR 93.18760527853608 4.03031 0.0028525390435050414 6.566907584666976e-05 2.406859953717301e-06 595.0022524283187 0.25758499667824347 6.199710131832683e-07 0.14464691497749455 3.171004837602753e-05 -6.9850314633252255 57.434101243066976 0.0005594507321426715 0.013496284981177187 0.5745401012649078
20230920200510 KTSR 212.61979853083756 4.03031 0.00044026356244937276 1.0931347993716665e-05 4.295211700699639e-07 786.6130744647686 0.22402644540185326 9.62241009556189e-08 0.1560058359580592 1.100560939783303e-06 -8.542761563109126 9.962879401354577 9.468864354529346e-05 0.0025873645819484165 0.09966906185243184
20230920200510 PTJI 129.40496198867822 4.03031 0.002959436865751431 5.4348663840554e-05 1.939834125188014e-06 658.2361506657126 0.24490012298126262 4.750656158217946e-07 0.1153877381402105 1.1312110030005404e-05 -7.0748772479678435 41.735020508770226 0.00028494509165814694 0.006938145181031585 0.4175945860709701
20230920200510 SBJI 103.42366594985216 4.03031 0.013160278171553371 0.00019789270205066198 4.0146721814381105e-06 964.4728404323334 0.2023181602448494 8.122410897347347e-07 0.09448102097191634 9.009638558142569e-05 -5.7239527971511235 141.63427659195617 0.0007238334759211596 0.02002009043573083 1.4169456237458238
20230920200510 SSJR 118.31168804603858 4.03031 0.006434089264936235 7.065975044742252e-05 1.5046982746888818e-06 1311.368410603792 0.17350720324227345 2.6107598936474204e-07 0.06900250952993599 1.8877077539919044e-05 -6.549410761773409 77.13694512957616 0.0002927717879043642 0.009715073414523115 0.7720458059978756
20230924123631 IMSR 47.46030620073389 3.448431 0.010737895953582443 0.00013308782665442137 2.089445546895694e-06 3419.9440704400795 0.10744108032014107 2.2449228682858134e-07 0.07787517038852855 1.6014076520545826e-05 -6.025191534434755 79.40040738933345 0.0001479582460038725 0.007851733860028279 0.7951907578040988
20230924123631 MKBI 102.55957949912266 3.448431 0.0014555244609657408 1.2644928228042118e-05 2.3679781842514678e-07 1263.6418902517025 0.1767534344041357 4.185482766605162e-08 0.05458542908997851 9.002949482083794e-07 -8.03167888941415 29.534482729494478 6.770588204810048e-05 0.002243736559715353 0.2956107922682578
20230924123631 MNAI 183.05844763208225 3.448431 0.0006815723244328186 5.0840250837432345e-06 1.5913108458901441e-07 563.5904228836714 0.2646659465756906 4.211657913236779e-08 0.04686791197704596 5.539604821882211e-08 -8.949700024068154 3.512570740705135 2.6919161791795877e-05 0.0005910074312205718 0.07046754731722837
20230926151742 APSR 33.20844262448703 3.367364 0.014846813537208852 0.00014925619403223023 1.7336113350381533e-06 2186.964553969861 0.13435659726547317 2.3292211995658044e-07 0.06316536023023013 3.22596821506128e-05 -5.915998083047798 100.61106167828362 0.00030433863269082066 0.011576627227766435 1.006389133403362
20230926151742 JPSI 62.048696334191376 3.367364 0.002486558932056979 1.774714669540432e-05 2.5571920463484186e-07 3567.6421382465264 0.1051935776877909 2.690001801901534e-08 0.04484454799093817 1.6643228411750652e-06 -7.685151193627342 37.31161448643257 5.496498699470764e-05 0.0030202872753940383 0.37350593896131357
20230926151742 PDSI 43.57454900306832 3.367364 0.0024287172368178305 1.5914971607998355e-05 3.345642124475016e-07 2864.6758653592788 0.11739297905873103 3.92754895856504e-08 0.04117264630714026 8.586693888270053e-07 -7.917720083784672 36.668342073715166 4.1418232729809954e-05 0.0020747358751217835 0.3668102008670842
20230926151742 SASR 82.3825760492026 3.367364 0.004882189549293576 7.886908189747462e-05 1.3003425660124561e-06 2189.047851708317 0.1342926490465118 1.7462644785775138e-07 0.10150139636439537 5.509239447212188e-06 -6.6032475085241 39.05469065801063 9.968200522376402e-05 0.004162880856023822 0.3907006035496445
20230926172506 BBSN 248.1300206531374 4.466751 0.002530073524619493 5.2831928942957146e-05 2.328641932463197e-06 374.67890687247325 0.3246012934981381 7.558801833715577e-07 0.13120282729106375 1.2529266800410474e-05 -7.069404118746621 46.29784568275845 0.0004431172578298675 0.008456385029323991 0.4631249121980661
20230926172506 BPSM 115.67309391829804 4.466751 0.005391815233748152 5.433025990032957e-05 1.0620338448358275e-06 1572.5843564930044 0.15844294014378887 1.6827176490800098e-07 0.06331208988845408 1.2910229400952298e-05 -6.856194464649367 83.74311780887243 0.00022340082142288897 0.008367176043638656 0.8376362586495014
20230926172506 JASI 156.09271177659974 4.466751 0.0009321031228226133 1.5632827741507537e-05 4.4686260974352e-07 1265.2127606245429 0.1766436730346393 7.893545272693996e-08 0.10537884829488164 1.9271293400808746e-06 -8.055392744529296 22.8272972647108 9.233476042764009e-05 0.0033190438101940445 0.22847737476605007
20230926172506 PSSR 137.07820030068214 4.466751 0.000744222621806622 1.5895024411058067e-05 8.188681065410463e-07 316.2722582749832 0.3533046216518484 2.8930988656424983e-07 0.13419557657946518 2.813419294503465e-06 -8.097301721500985 16.827130786879867 0.0002299269133286032 0.004106272042134474 0.16837573346540913
20230926172506 TASI 184.8963788769254 4.466751 0.0008357720636283741 1.1961423487702733e-05 5.827315551568425e-07 236.34520442176847 0.40870172528257037 2.3816339196919686e-07 0.08992384835718156 1.143069192209624e-06 -8.207889514249425 23.6442926093914 0.000178656239829503 0.0026245096414059294 0.23669261657073254
20230927062116 ISSR 27.62910367537364 3.510125 0.008274989653493776 6.987529803446011e-05 2.161842437359541e-06 2128.1158314832323 0.13620160868704012 2.944464176962812e-07 0.053056192736089754 3.509266234529119e-05 -6.667055151485181 127.0317543735851 0.00026842979384669735 0.01367018545903214 1.271445607714238
20230927062116 MNAI 38.050454758741985 3.510125 0.014098717204676078 0.00019086063953733455 7.76796951942592e-06 1019.2269948738219 0.19680875294778943 1.5288043940546545e-06 0.08505828925075115 3.789379561482555e-05 -5.916914929765746 39.4059328230159 0.00030795459995335207 0.011690727084717866 0.7901618182171708
20230927062116 MTSM 96.89171691892466 3.510125 0.010009038130065305 8.473160318055323e-05 1.0860315748111398e-06 4330.499140604249 0.09547966575004825 1.0369393175696615e-07 0.053190362274536516 4.6480310239022517e-05 -6.310813834492752 171.82711778207045 0.00025604374724533024 0.01617832682862639 1.7193006891494576
20230927122854 SSJR 96.18857173638727 3.491287 0.002306605104421225 3.062425255701616e-05 4.4357306759691714e-07 2306.980397039181 0.1308151116582832 5.8026060366297915e-08 0.08342037106428862 1.601884153217503e-06 -7.3765820609775306 20.916736820730293 6.135103932169135e-05 0.0026925472680162012 0.20927075893544506
20230928124730 BBSR 58.87891027784015 3.642308 0.005270159203229286 0.0001513433052846487 5.649253421945882e-06 608.9944846331119 0.2546086702068054 1.438348901422886e-06 0.18043440348477996 3.9507808447216696e-05 -6.308271411494237 55.37274988175214 0.00040351070492437765 0.010449202309150158 0.554586725560955
20230928124730 LESM 45.00094961685452 3.642308 0.005402612842100632 7.332752427949674e-05 1.8693371780349929e-06 1260.611603048912 0.17696574887720648 3.308086536149664e-07 0.0852791855774822 3.183031189729588e-05 -6.6773882217056935 86.56174218131812 0.00038143367597358465 0.012796549983043628 0.8660643575791813
20230928124730 PPSM 36.3636745184309 3.642308 0.00842601409206628 8.17724784273724e-05 3.6154217465949352e-06 664.0203676293842 0.24383113933723427 8.815524036568566e-07 0.060976830725965554 5.932796990153282e-05 -6.390766719749362 166.45453304407295 0.0007018045124255149 0.01800153472378246 1.665098978582145
20230928134330 BBSR 127.36358019139506 3.552669 0.0019319132935827453 1.925809406222778e-05 5.1026333594121e-07 1138.002410234432 0.18625514463345763 9.503917143688065e-08 0.0626333355943075 2.121386268189967e-06 -7.77050323995676 24.824914734072134 0.00010483196386950701 0.003489458350609741 0.24826825911025013
20230928134330 LLSM 97.76451119971888 3.552669 0.0021689585719318815 3.81949206690172e-05 1.0121145472881466e-06 1204.0259625971903 0.18107643786479083 1.8327009693407297e-07 0.110645619267271 2.1127618920467306e-06 -7.419033036659588 29.560867019694175 8.37549204825253e-05 0.0029809356207880734 0.2957077623633042
20230929103551 RASM 24.305263421921797 3.076063 0.011553817969711656 0.00011956554191268134 1.4005708012550167e-06 4373.9888136127465 0.09500381260802535 1.330595659467035e-07 0.06502200901555949 2.317629794048263e-05 -6.22048327906506 94.57284626996483 0.00013979179920249003 0.009209439314115853 0.9464117015708163
20230929103551 SKSM 57.58410690174715 3.076063 0.0031247230882101677 3.550460452472452e-05 5.874333169206611e-07 3246.7923280425707 0.11026879096700512 6.477556163057885e-08 0.07139256925795358 4.741157326372994e-06 -7.163564928109269 51.424404936605356 9.524444420419792e-05 0.005120640667696956 0.5149593208562393
20230930063346 JSJR 229.51774125881684 4.970998 0.01385667649334484 0.0002391629659471433 6.768836915077063e-06 1335.5780308275137 0.17192745522285194 1.1637489056276989e-06 0.10844629550111168 0.00015187474554175786 -5.658639935118661 165.54808376291203 0.000626742431971432 0.023542118719327272 1.6559595280400714
20230930063346 SSJR 250.23878522912412 4.970998 0.002756420940168779 5.4281065614132086e-05 2.186325127472236e-06 505.94240175858465 0.27933755616783634 6.107227180964277e-07 0.12373218798137645 1.6014620915440902e-05 -7.030165869724334 68.45397307876564 0.00042597978505525376 0.009657183343153658 0.6845997263621497
20230930092029 BBSR 102.2939345455412 4.196841 0.001437155934654086 2.894412008652234e-05 9.058472099394491e-07 736.6123472919459 0.23150499782794504 2.0970815636948225e-07 0.1265424757826655 3.990423168452637e-06 -7.533449921331136 28.03528619562624 0.00017529478191612 0.004758518926263626 0.28054433694086955
20230930212107 CSJR 29.052609870610873 3.246057 0.0006611612120019506 2.480986350381632e-05 1.5681078703510835e-06 132.36653040268237 0.5461233878999636 8.563803827487307e-07 0.2357745236873482 4.568932649043084e-06 -8.016648111329587 14.12677659112805 0.00044891256936280364 0.005160592562365715 0.1413018056565815
20230930212107 JSJR 54.484262394082705 3.246057 0.0003360759307761005 7.895261479067536e-06 3.8852232254244397e-07 229.74313338029847 0.4145325122089745 1.610551344127848e-07 0.14760768736713667 3.885559030394648e-07 -8.757332803506936 8.189900444547126 0.00010044614983932769 0.0015397950131503626 0.08194876366415993
20230930212107 KCJR 51.93885124103502 3.246057 0.0007186205804949445 1.3100565353484712e-05 4.1830528943440265e-07 454.8980657662319 0.2945932714359248 1.2322992367343207e-07 0.11454344890605336 5.590914790283809e-07 -8.26501994165417 7.41020317812304 8.084883153488547e-05 0.0015695375936244497 0.07411453777265334
20230930212107 KSJR 7.098614463108119 3.246057 0.00982860039688568 0.0004219381232739948 3.540567920708045e-05 121.68233752798633 0.5695949056250107 2.0166894506546392e-05 0.26973478518204214 0.0013687831210234102 -5.553890635657364 176.3415034091609 0.00727423306397452 0.08177454484910464 1.7639492543256006
20230930212107 SSJR 55.06329380833918 3.246057 0.0002462545847645591 8.37336928422821e-06 6.759292624110528e-07 112.7223143817524 0.5917999441756806 4.0001489976157e-07 0.21364650290086035 6.243307504956505e-07 -8.774997511763983 4.404148671466381 0.00017505865832662202 0.0018697690906903687 0.04412781575188953
20231005103347 ISSR 127.17348292420647 4.486153 0.003366149654111596 6.327173082459157e-05 2.903186519788208e-06 409.499072342829 0.31049413938122583 9.014223999248159e-07 0.11810170382392506 2.416031790039437e-05 -6.881884466558165 51.92899094657766 0.0005478683590412793 0.011453631589420827 0.5195022249797459
20231005103347 MBSR 123.13341868879385 4.486153 0.0018008451124399503 5.61886184235828e-05 2.7314496788817717e-06 343.32188936576097 0.3391010397608847 9.262374261633434e-07 0.19604323507391477 1.145481010211335e-05 -7.1338792605179195 21.702467754324413 0.00037441330950311263 0.0068777329604577065 0.21717391094866165
20231005103347 MNAI 134.2978919787381 4.486153 0.0022493269701085354 3.897645439046246e-05 1.1508114319797716e-06 786.5527971292737 0.22403502935105202 2.5782207294111434e-07 0.10887536085529272 3.261099572869884e-06 -7.299399039675978 11.085110145833578 0.00015417801745946534 0.004191807753240727 0.22191984972258116
20231006214128 MGJR 158.5600485106386 3.623766 0.0011461822746954918 2.33601045892162e-05 6.348933015751712e-07 1330.6335223702977 0.17224659211747903 1.0935820755453811e-07 0.12805630410585075 2.476631390983565e-06 -7.776886435321016 21.972221412798 0.00010369146654022645 0.0037747360746163607 0.21975973463407844
20231006214128 SSJR 238.64553248426773 3.623766 0.000322353337527245 3.6304096338138726e-06 1.4776218930708655e-07 421.863335534448 0.30591021360990855 4.520196289439859e-08 0.07076252613111107 8.615170916468596e-08 -9.251358884376405 4.484718793576247 3.741164052374052e-05 0.0007349156536148237 0.044853515160228244
20231007205116 CLJR 133.25199862427874 3.193884 0.0004452372993728903 6.386964723420401e-06 1.8745032623243594e-07 568.0736551932151 0.26361950719770283 4.9415562625443394e-08 0.09013279652040056 2.8584920494846e-07 -8.803733503398295 6.065212434200099 5.9068301008350675e-05 0.0012508015752744864 0.060685074707293424
20231007205116 CPJR 102.36026093818158 3.193884 0.0005172343237665481 9.080292297712999e-06 4.775815608508051e-07 275.0821166764017 0.37883377322450157 1.809240247195574e-07 0.11030427898601142 4.663194679192394e-07 -8.552155602582523 7.087830698538296 9.86944703067695e-05 0.0016320668357239622 0.07091537667188416
20231011092744 KTSR 149.64899423466878 3.998594 0.0009809056822471488 1.5028699742008949e-05 4.858393549852565e-07 749.6180931969564 0.22948792448820074 1.114942652102527e-07 0.09626624365013331 2.0419561259720974e-06 -8.047199114875538 18.847062337108127 0.00013386004353206909 0.0034901488130908327 0.18858221671633074
20231011194106 IMSR 84.79342512165165 3.315935 0.001243754920265234 1.9707246435065313e-05 5.327447741830853e-07 1049.9757458639751 0.19390554780831532 1.033021672799884e-07 0.09955681720588795 1.3312599688088308e-06 -7.837235480082475 27.567905812395505 8.571166563563174e-05 0.0027355327399041867 0.27578419765932927
20231011194106 MNAI 178.70805812917442 3.315935 0.0005078208872942828 3.613647525006851e-06 1.4609166166349096e-07 329.84182826263225 0.3459608885381331 5.054200107711365e-08 0.044711073535049814 3.091320047182755e-08 -8.970307866582294 2.8582761213035917 2.5306113893173163e-05 0.00043902377673341595 0.05727105146755346
20231011234441 KCJR 51.814839327592246 3.198578 0.0016255119573498102 3.418453532571499e-05 1.3711985395476381e-06 665.6696988340727 0.24352888153303107 3.3392644669576197e-07 0.13213545992087194 3.965061961971935e-06 -7.4667060970787125 16.45032607459679 0.0001559617923000137 0.0034714911959749873 0.1646925546168831
20231011234441 KSJR 9.254157664522415 3.198578 0.019311519735071208 0.0009259470768354244 6.723380048099419e-05 163.44168136567504 0.4914716348285968 3.3043505838133914e-05 0.3012656252957905 0.0071672563372097015 -4.909406383948168 422.0063403113527 0.014857042250193934 0.19704206618751655 4.225930075885465
20231014034929 LESM 30.285956332454415 3.987778 0.008817251087002742 0.0002318514334619731 8.931333742136605e-06 342.4455324598707 0.33953466150148265 3.0324973788931223e-06 0.1652176518284901 0.0001928567752678809 -5.798568635349651 155.55742968234645 0.001683917751456423 0.030130365641128476 1.5558604292598122
20231014034929 MNAI 123.2318977473084 3.987778 0.000930872899917727 1.4570475446291857e-05 1.0197841885823794e-06 208.18722675706618 0.43546457236846303 4.4407988558914593e-07 0.0983474728406566 4.989136786592726e-07 -8.159400219234492 3.9975699912005664 0.00011322770110945016 0.0015939469120196234 0.08012543769307932
20231014152743 ISSR 33.01861180066413 3.130701 0.004225124014516269 3.267186461280996e-05 5.125139874622668e-07 3421.296703685482 0.10741983943448642 5.505417024112509e-08 0.04858635604258611 5.720324303060044e-06 -7.097243866223392 63.542081916095846 0.00010062136623104103 0.005647710509522608 0.635591035033454
20231015195938 BLSM 142.76549303911207 4.211437 0.001751453518666421 1.768708243146368e-05 9.024399207544221e-07 255.3220080497883 0.3932201302014338 3.5485754313802547e-07 0.0634508511221374 2.76898235239001e-06 -7.693908132139203 29.972155591409113 0.0002679805039651166 0.004080343932979251 0.2999668352515159
20231015195938 JMSI 104.35510727931984 4.211437 0.0013720134218965585 3.029524070782338e-05 1.23635033902965e-06 436.03619504357306 0.30089751268852377 3.720147418256348e-07 0.13873815536712442 7.047390236129834e-06 -7.52405083605829 31.34573037252091 0.00031164504617391705 0.006408239879279848 0.3137531674523347
20231016122442 CCJM 75.96673226386669 3.576792 0.005480534064398497 5.934293457522251e-05 1.352102280211108e-06 2076.9004289722566 0.13787071578976307 1.8641530919367626e-07 0.06803400001289477 2.1683636644653603e-05 -6.708714626300708 102.35353530099977 0.00025967793775959826 0.011314023756140469 1.0241586975521306
20231016122442 CNJI 52.26050560552763 3.576792 0.006683431399429105 7.592773523379842e-05 2.042839748550954e-06 2141.897507946664 0.1357627184740882 2.773414776702003e-07 0.07138070280322992 2.3353520373990522e-05 -6.584957836191834 85.70085474366942 0.00021689331369511688 0.010034723468145375 0.8574548078998968
20231016122442 CSJR 67.10248642153321 3.576792 0.0051492386716395395 5.1407018179672195e-05 1.6085099763806902e-06 987.8794114957469 0.19990695370375555 3.215523293803636e-07 0.06272768498601866 1.2787925988151135e-05 -6.769578462742592 57.13266189516571 0.00026175066410872477 0.00797104081417141 0.5715923969910743
20231016122442 GCJR 60.43316648246652 3.576792 0.0073120649796785874 8.375807408013716e-05 1.9491706286408906e-06 980.8671707048131 0.20062025071562126 3.9104310020546056e-07 0.07197248682561763 1.3064196252289067e-05 -6.394360283905813 79.9596138180377 0.0002160489722060447 0.007279267249027345 0.7996967293950916
20231016122442 JTJM 57.48338231937661 3.576792 0.003917631044495147 6.652463486298845e-05 2.060408140858862e-06 825.3228413901953 0.2187096451814768 4.506311334162679e-07 0.10669371454056378 1.6873088852819717e-05 -6.8404658056668 60.70897412660982 0.0003197524596734135 0.009491430673775069 0.6079554840652175
20231016122442 RSJR 35.65769554106887 3.576792 0.010276225018052492 0.00012954030462418355 1.9879500742053947e-06 3243.7058540862186 0.11032124036350123 2.1931311796705347e-07 0.07920474077517717 6.52310387695315e-05 -6.070576978065136 176.87494232851887 0.0003010070170715224 0.017910601572424606 1.7705167909280015
20231016122442 SSJM 79.91355738560605 3.576792 0.0015103462627611929 2.334641098074865e-05 6.851702294917111e-07 640.2840841101623 0.2483096027493247 1.7013434750075044e-07 0.0971233087844637 3.114149808061016e-06 -7.631951743878082 30.40147061117718 0.0001721261809873201 0.004104906532270412 0.30424306440769466
20231016122442 SSJR 43.11430284710048 3.576792 0.015924837793180928 0.00016296537293094667 4.751348449741824e-06 878.5808267472179 0.2119771298935442 1.0071772075004125e-06 0.06429840291479902 0.00010241896083204673 -5.697279590933648 175.00208053278868 0.00066630455483086 0.02148416274949625 1.750735785161822
20231016122442 TSJR 16.454232432580383 3.576792 0.015646011998949244 0.0001882160654176973 8.68344752212906e-06 646.1892891328487 0.24717240926384595 2.146308644760813e-06 0.07558452702752934 0.00016954798415438872 -5.692978265170661 293.18710434724505 0.0009625905218828116 0.029556452335132266 2.93465047664783
20231016152114 ISSR 85.3499624676047 3.81527 0.0012984381623028516 1.6105776046027677e-05 4.348534232244545e-07 1621.1688118343484 0.15605070975479662 6.785918533347909e-08 0.07793638415067076 2.2903210210195523e-06 -7.892103288713927 28.41798746775443 8.945263456087308e-05 0.0036023141977425503 0.2843235209942785
20231016152114 LHSM 105.25890686170742 3.81527 0.0020151153272493054 4.371388966241289e-05 1.4437703471691124e-06 986.5909567722346 0.20003744700347126 2.888081343070246e-07 0.13630111663210118 7.835860244420642e-06 -7.3111779546214475 34.41177187034282 0.00018945632342104844 0.005883457839567812 0.3443125751114944
20231016152114 MKSM 59.34987439718964 3.81527 0.005582607733891785 0.00010929293953278482 2.768667182400647e-06 1091.815621322379 0.19015389097737373 5.264728375548451e-07 0.12300842627395893 3.281520276642091e-05 -6.408093215273562 70.53146000737715 0.0003625066313086921 0.012257793625272058 0.7056038150236261
20231016152114 MNAI 64.08253056748299 3.81527 0.0032050920478635557 5.156545000095554e-05 1.2945698403832114e-06 1912.9864713875193 0.14365604940502763 1.8597278894834936e-07 0.101087667051583 2.859357707363716e-06 -6.86637825967192 15.875102282562995 8.801029701471837e-05 0.0038619417807146065 0.3178946817983115
20231017040959 BBSR 82.75268177868725 3.473422 0.003227457996946647 2.7511791363614905e-05 8.129065446655116e-07 1024.9835565770188 0.19625531141896407 1.59537227077844e-07 0.05355970036901861 6.634341169112174e-06 -7.245841497043286 53.981315524765805 0.00020153101670015956 0.006305250027359107 0.5400161386415954
20231017040959 KTSR 82.13823015940513 3.473422 0.0021094202516659306 2.923692430034629e-05 6.552073811623645e-07 1231.6397897259847 0.17903502980958455 1.1730507301786377e-07 0.08708601950985269 1.9612649238105242e-06 -7.415451111321222 22.224219540125443 9.344973638862398e-05 0.003239739274826383 0.22226000402277918
20231017040959 PSSM 44.16059129762539 3.473422 0.010818487552067145 9.476608039385899e-05 2.3096229053235266e-06 2521.6822960858954 0.1251222898172099 2.8898530652835667e-07 0.05503845533712536 4.954859699400591e-05 -6.3986360684371775 171.05581070465473 0.00028129780119893577 0.01601593807502963 1.7116024348250471
20231017132846 CGJR 75.9310115474648 3.753317 0.0017559895473565135 2.9049395900521438e-05 6.8421325694981e-07 816.9711851537901 0.2198247048966113 1.5040697729534125e-07 0.10394295215445387 2.5732052237204627e-06 -7.500134987666529 25.044183440743367 0.00012788388579539506 0.0035552609487089757 0.250621543031212
20231017132846 SSJM 121.5522867964594 3.753317 0.0014505874775675508 1.8364905708104912e-05 4.647120434413983e-07 758.882937934745 0.22808276754447238 1.0599280897936119e-07 0.07954715416845988 1.7707457190619835e-06 -7.864752195515646 29.903984973167123 0.00011768931474565248 0.003198004567837755 0.29908052660022755
20231017175715 ISSR 121.23255969784753 3.137101 0.00019097228982335976 4.206844277602355e-06 1.957612310902774e-07 170.2670613110416 0.4815202414858589 9.42629952681594e-08 0.13840951574216515 1.039606551525224e-07 -9.236964882339823 3.6048243415680323 6.56432172199808e-05 0.0007969234928352425 0.036066006257397414
20231019140825 BALE 147.76533212249177 5.22372 0.007729955541837876 0.00023213368085102428 2.0470676016587956e-05 202.01062190671104 0.44207175279102995 9.049507627470336e-06 0.18868658751404518 0.0003572809345668991 -6.0174889175059 120.12635116474 0.002997997083973472 0.044831119641944785 1.201477844004029
20231019140825 BBJN 160.56265673717002 5.22372 0.02083773728916643 0.00040947071039772144 2.4925631252447384e-05 232.63520280107343 0.4119477655530332 1.0268058099444552e-05 0.12346735711218239 0.00158501181481091 -5.333503292850852 357.80903080617765 0.006142222107096596 0.09382891048345895 3.578136839321685
20231019140825 BKJI 160.61119418643904 5.22372 0.022743661227862047 0.0005154085102450751 2.5378320495436173e-05 272.5107882836685 0.38061685671100176 9.659416575577309e-06 0.1423872412767024 0.0017202727895580501 -5.132284813067087 376.1014110103313 0.0060463199721148475 0.09788749292010568 3.7628161943383778
20231019140825 BLJR 174.1525911121169 5.22372 0.007064769826731599 0.0001495375451518505 8.412515850288873e-06 263.64838762811536 0.38696109962052466 3.2553163840028754e-06 0.13299401532016913 0.00015898235965891328 -6.090806751370788 129.76885764240984 0.0018620794399442156 0.02997341520018795 1.2978104923927645
20231019140825 CBJN 205.99991661397468 5.22372 0.0037362292001202474 8.949306567564593e-05 5.855776256325699e-06 266.2003207195672 0.38510182891628825 2.255070146035602e-06 0.15049973789872928 6.02052930036443e-05 -6.729589660916836 65.69250865617495 0.0011368216868998828 0.01869404758222223 0.6576200565817023
20231019140825 CILA 195.2018773411109 5.22372 0.024820125807442292 0.0008109851042297089 2.8668483883404327e-05 244.1530779244834 0.4021136044500275 1.1527987388473235e-05 0.2052999138992966 0.0017644678104760895 -4.807259360487328 283.44108779844527 0.006388069838738399 0.0882068821723961 2.8350653511578408
20231019140825 CLJO 197.55378055661637 5.22372 0.0070938228731587194 0.00014788380340011637 1.375977453818427e-05 141.85185895066897 0.5275484514827848 7.258947750371362e-06 0.13098457028145422 0.0002660073033727025 -6.067700927251988 126.9273456803334 0.003240196518203169 0.040221293387283946 1.2693334041106832
20231019140825 CLJR 197.1416661165166 5.22372 0.014725780905494094 0.0003366019810935785 1.1767762401090987e-05 784.9271282399009 0.22426690972655616 2.6391197080890344e-06 0.1436210843790054 0.0006316164449777238 -5.509991475778351 255.75397941832034 0.0021998993496854143 0.060050498187959475 2.5590588553761258
20231019140825 CPJR 218.89770102595918 5.22372 0.006763586071974447 0.0001813498628593236 1.036569906022942e-05 229.40559676112153 0.41483736194808407 4.300079252893307e-06 0.16846903131730265 0.00023683710553871895 -6.192751851070941 128.77019860073887 0.0024912628802185623 0.037507319296087034 1.2878892054731672
20231019140825 CSJR 136.66513093717612 5.22372 0.025111086764086084 0.00045960088469455877 2.8717525054397776e-05 227.9344047572391 0.41617398284762525 1.1951486779415189e-05 0.11499930500856165 0.0019152477499746806 -5.195764445811588 421.3023289533346 0.007274873688433367 0.10638054091930531 4.21365352970729
20231019140825 CTJI 242.4389136318972 5.22372 0.0007695144729013724 1.7138978745623598e-05 1.7040348327391085e-06 106.3945780634486 0.6091442093328868 1.0380029508645623e-06 0.13994198059529875 3.790451538029855e-06 -8.114550568153131 16.815116865103136 0.0004631877382235062 0.004850781055912367 0.16819519934325056
20231019140825 GBJR 176.66165047393073 5.22372 0.004837369618084676 0.00014901643298163625 1.504807407227657e-05 64.48572598586496 0.7824346440994278 1.1774134481123545e-05 0.19355516244575274 0.000278192122056244 -6.431920308495658 83.40819062248515 0.005263925956283048 0.040061550658097946 0.8344887059408772
20231019140825 GTJN 120.97458730339217 5.22372 0.008733948579719451 0.0002248405638196678 1.3703711610003822e-05 220.28450539244542 0.4233386233404262 5.801310407633233e-06 0.16174985622540608 0.0004825671321606302 -5.9296561588932075 192.93885471977228 0.0036557551837061815 0.05423105014745517 1.9303231203485933
20231019140825 JABI 209.50277646949235 5.22372 0.007253958440676972 0.00020393808289238886 1.3410560612203402e-05 148.6817993801428 0.5152891098654435 6.910315840658868e-06 0.17664572749940458 0.00036815890403906653 -6.045743308758078 153.8451294618686 0.00384070583160115 0.0462439510278536 1.5393084080904917
20231019140825 JARU 218.05957973072282 5.22372 0.0029754842535352276 0.00010984943996849943 9.848910123548323e-06 95.7142354670844 0.642231497186669 6.325280294303381e-06 0.2319637169620162 0.000118842387775485 -6.601451562083065 69.56723010926301 0.0027810380183344984 0.026780307412245435 0.6960524199502662
20231019140825 JCJI 187.37801263028348 5.22372 0.002648769011103206 7.325312334182003e-05 3.382384619499131e-06 304.2253277809406 0.36023191308907687 1.2184428822852413e-06 0.1737648493911665 2.9852338198506497e-05 -6.945191650883427 42.53095551813739 0.0007442637565516026 0.012731350124490153 0.42570374853177917
20231019140825 JPJI 176.5976979961084 5.22372 0.005824561811539011 0.0001565365414181132 1.1050959418365996e-05 138.0322912176427 0.5347976865168509 5.910027530733739e-06 0.16886216146363067 0.0001690922784515231 -6.1590181283193495 99.49672969352278 0.0027149326888770142 0.030393799607133072 0.9960770508180918
20231019140825 KSJR 158.23582196386224 5.22372 0.019876005280604334 0.0005284603248848022 3.550902679541162e-05 333.76117173432687 0.3439235877734779 1.2212391893822528e-05 0.16705641309039654 0.002823738822408213 -5.159920823810293 411.68224825732506 0.00645130017699969 0.12654274516565914 4.12191786072022
20231019140825 LBJN 187.38798139244648 5.22372 0.0052758975790651655 0.0001571595868565249 6.939713648834798e-06 320.95029434733874 0.350720360763693 2.4338988745160646e-06 0.18716489321885194 0.0001288834238480274 -6.259945652730127 92.87222121406269 0.0015095707190425735 0.02652151955967367 0.9293299691922939
20231019140825 MLJR 203.59021680416492 5.22372 0.007102135475431304 0.00015577866078538005 8.085742136756252e-06 311.5749380809261 0.3559578784531302 2.8781836167188355e-06 0.1378157592184444 0.00023607985960896492 -6.147719229078779 162.47352394103353 0.002089586804781665 0.03768593070242394 1.6250866896255882
20231019140825 PSJM 150.95891646224547 5.22372 0.005647578572163681 0.00045162844193259515 3.8519380940702026e-05 85.32070276253589 0.6802251050407172 2.6201849946492435e-05 0.5024569652986933 0.0010665022855717145 -5.6365130319379135 127.18535592899934 0.007801115117542975 0.0731231756794237 1.271942182176558
20231019140825 SADLY 216.99454056862993 5.22372 0.0029537804607676944 7.459149847103928e-05 5.145576976914169e-06 202.29699516450822 0.4417587418073912 2.273103611194683e-06 0.1586685989221872 4.385909530701117e-05 -6.914600877922909 52.05429178147597 0.0011510204760601184 0.015659038407170346 0.5205803826643477
20231019140825 SCJM 141.46548318215326 5.22372 0.009521177513812998 0.00033388566732789484 2.4788812727892656e-05 165.31269664662554 0.4886824732437231 1.2113858312642066e-05 0.22033677202099936 0.0009192590196799114 -5.5873671199170385 176.84809272992806 0.005513962062410987 0.06961863604245097 1.7696778129491912
20231019140825 SPJR 247.53420867763134 5.22372 0.00482911215757449 0.00011143810446390316 8.344319186505392e-06 171.7110007933356 0.4794913850050412 4.001029163661609e-06 0.1449927518310574 0.00014197754367626872 -6.479975243173541 91.83689539880383 0.002241006447961679 0.02875090422072369 0.9186410633407469
20231019140825 SPSJM 164.88398391527832 5.22372 0.0032802490201505738 0.00010214243129109205 4.731786349364671e-06 499.45881848396056 0.2811447807931019 1.3303170359519224e-06 0.19564972646446527 0.0001249307965857899 -6.5931053817721255 81.40056924616866 0.0011752902789665903 0.02658280963819703 0.8142639155625409
20231019140825 TASE 207.4900528646215 5.22372 0.004155153048355776 0.00014876774321917916 1.4770071917947586e-05 94.90485088285685 0.6449642799703393 9.526168799669194e-06 0.22495809119399188 0.00029028871700828476 -6.390057375683058 94.41464185204278 0.004330321806840336 0.040984728507094566 0.9448718026218086
20231019140825 TPJR 243.3474661154712 5.22372 0.0029289377990110582 0.00010530341795733662 7.546295275647744e-06 110.12467968397219 0.5987389884119302 4.518261199599058e-06 0.22589789674902905 9.405694738403851e-05 -6.757020958329086 65.27282097141324 0.0021652276337936318 0.022871898613899152 0.6527547445101676
20231019140825 TSJM 164.24978064474345 5.22372 0.009187807583212675 0.00024582898703257093 1.0788879350294028e-05 511.43746049518177 0.27783285444529293 2.9975051461580673e-06 0.1681129110957936 0.000423408322190733 -5.935996741178951 154.33446150945264 0.0019225063565633865 0.0449112105925741 1.5438096951389093
20231019140825 UIDS 202.5507118612732 5.22372 0.0005557361055973509 1.8655894664852595e-05 1.2256458852850377e-06 120.62081175697055 0.5720957808820023 7.011868398269566e-07 0.21092464943319786 2.101687443142657e-06 -8.07654406966315 9.6590573314115 0.00029858396622371426 0.003435079436766683 0.09659449385713023
20231019140825 WLJI 209.50624013740358 5.22372 0.014876077119809122 0.0004124724848916192 1.9658267746606245e-05 192.32761581186082 0.4530634673825021 8.906442948011031e-06 0.17421535501693672 0.0005726360027443237 -5.417026356773735 224.1285762274249 0.004006524517204264 0.051659593465555306 2.2419369369873654
20231019220744 UTSI 168.06316699693255 3.425856 0.000654192204219625 6.313898638501865e-06 1.512985242808014e-07 1901.197635149087 0.14410074816234808 2.180223054472267e-08 0.06064180358703518 2.7054174976517466e-07 -8.747524640670347 12.763158654208485 2.938532679783585e-05 0.0012346174461516214 0.1276606543198904
20231021164131 ASJR 111.88869081408862 4.012261 0.0008265703330844272 2.573135938571869e-05 1.2693076013218647e-06 301.1305577393095 0.3620782637694243 4.595886924759534e-07 0.1955972683205308 2.1477670834251743e-06 -7.78741220370268 15.496470920077849 0.0001921412439623561 0.003399480799708486 0.15504877034287445
20231021164131 KTSR 148.86609413323168 4.012261 0.0007823156644985454 1.8559209932232855e-05 8.058533854492077e-07 493.39018543218685 0.2828685180904258 2.2795055294017009e-07 0.14905869900203658 2.0163492204091554e-06 -8.063135999401702 14.068922432515558 0.00014991748098914075 0.0034155788711558704 0.14075594050852336
20231021164131 TPJR 74.45872109208946 4.012261 0.005917623521248332 8.75505833465628e-05 2.6425204635951752e-06 649.271529029419 0.24658501944145686 6.516059598900639e-07 0.09295902940477724 4.538934614210001e-05 -6.499024250289728 97.6070972079438 0.0006910825636492428 0.016669115821278793 0.9764893185214487
20231021164131 WLJI 81.66705342317815 4.012261 0.006143663050604833 5.7454010335861e-05 1.55759052211398e-06 1276.3502506090076 0.17587128402932173 2.739354451160873e-07 0.0587587878123112 2.2800973007891257e-05 -6.77053809549946 111.57471004955532 0.00032602446028277897 0.011529463093189498 1.1163134072673668
20231023105623 BBSR 71.17137778980303 3.866937 0.004778757013094805 3.5203944638985633e-05 6.754155680359284e-07 1833.7277660176403 0.14672781079237832 9.910224767300244e-08 0.04628670323775047 7.938447615166916e-06 -7.097259938684595 77.67618989482781 0.00016345381514314142 0.006691348863360563 0.7769841065607153
20231023105623 KTSR 116.0883890918412 3.866937 0.0010772469670681318 1.7877406780456706e-05 4.0261470830781427e-07 1058.6371387506003 0.19311068550465244 7.77492023155777e-08 0.1042723377714871 1.6121300849152238e-06 -7.88482440080573 18.001761498253522 9.671420297222026e-05 0.0029933248101349083 0.18016353898850102
20231023105623 MNAI 144.5117072469517 3.866937 0.0009003075390430818 8.09145092226865e-06 2.340824882605582e-07 1102.7559035330637 0.18920829519344567 4.429034853841998e-08 0.05646968768316654 1.5849445781205854e-07 -8.482133863068237 4.526964658175937 3.0782661404612005e-05 0.0009629953002736691 0.09071770231269824
20231023105623 PPSM 51.08864527563747 3.866937 0.01259993589902564 6.877336319493e-05 1.3121567314028423e-06 2618.1519249431008 0.1227954984587946 1.6112693988867468e-07 0.03429507805552608 1.907565165489588e-05 -6.615630611713271 232.7251845640762 0.0002123833927947045 0.01034578757152433 2.328728149809396
20231023105623 SSSR 194.64242655509727 3.866937 0.0003349624792913638 5.659190923441742e-06 1.6146106596241645e-07 890.8504732658295 0.2105122925228555 3.398953914893228e-08 0.10615441268502097 3.1078836498164526e-07 -8.925880418826035 7.631078848518948 4.7838154409224364e-05 0.0013979454056902217 0.07636383876148747
20231023111157 IMSR 62.56524388811057 3.690226 0.0030899908327197455 5.241757462052352e-05 1.8564995241530272e-06 963.5471940455573 0.20241531693815412 3.7578393957696733e-07 0.10658586142269444 1.4100348473590362e-05 -7.06323902472422 56.30839473740452 0.00027526726651852805 0.008828602204272007 0.5632159916619045
20231023111157 KBSR 93.55409408164398 3.690226 0.0014198294954734852 3.44255377215069e-05 1.3680480950004285e-06 742.1227000090046 0.2306439198446224 3.155319751668672e-07 0.15234366766792393 9.540869206797418e-06 -7.556334303891082 28.680967832452325 0.0002863822751995736 0.007478941076146276 0.2868628952658144
20231023111157 NBSR 98.034183104079 3.690226 0.0010684343894516034 1.4351343278599062e-05 3.6912792707166076e-07 1510.3554636399658 0.16167403703652322 5.967840215259872e-08 0.0843965245939593 1.8344220494663005e-06 -8.074552177114086 26.78337741295485 8.75607359511726e-05 0.003390329351756584 0.2678412644504823
20231023154143 CCJM 147.83936687485792 3.722003 0.006592968673424567 8.332692996111329e-05 1.9027234854713027e-06 1587.1626276693135 0.15771360321045547 3.000853768068359e-07 0.07941165322602678 1.6480390270079225e-05 -6.528915169950937 64.10996759695539 0.00021955862577639244 0.00822430955063808 0.6411942988914385
20231023154143 CIJI 95.05068006482404 3.722003 0.008852387858741949 0.00012250365397088354 2.9195228367989757e-06 1711.4085308363979 0.15188085109021937 4.4341961323036004e-07 0.08694977795686586 2.645125097678707e-05 -6.213084872798408 62.940836442536344 0.00023448639716899054 0.009621029511978964 0.6294115182775991
20231023154143 CNJI 123.08870452036327 3.722003 0.0026001279517968412 2.9202342605685937e-05 4.3712723599157004e-07 3300.6734476201173 0.10936505825106622 4.780644562734563e-08 0.07056719261391435 4.518361354052483e-06 -7.375346012480536 46.639582770668014 9.092477008767078e-05 0.0049750771031867765 0.46671614010865764
20231023154143 LSJR 171.75009069583564 3.722003 0.0018615702679042538 1.766255363186399e-05 3.80600476524349e-07 1277.977709660371 0.1757592654499803 6.689406018383206e-08 0.05961477757803723 1.3259496751112114e-06 -7.770649250082077 25.528261988657807 7.741948342034397e-05 0.0025557832987160066 0.25531497658108204
20231023154143 TSJN 95.74476480098235 3.722003 0.010841740370836928 0.0001230038163010491 3.4407160227475115e-06 1348.981244399062 0.17107120425834307 5.886074335223933e-07 0.07128521297084964 2.8252174369038028e-05 -6.218803777529602 91.3712134183616 0.0003034919000162539 0.010644316971304912 0.9140888585988813
20231023190540 HSSR 68.4372768905965 3.421868 0.0005640763774258091 9.377149706104167e-06 2.53346661946821e-07 767.5648188955483 0.22678918377962384 5.745628267621182e-08 0.10445104885528803 4.410430323846956e-07 -8.570054718756056 7.99668690161585 5.817075563088242e-05 0.0016042731633544981 0.08002639664223905
20231023190540 LPSM 88.3651346365074 3.421868 0.0019725000694703686 2.7051524154400665e-05 7.779109546452872e-07 1127.3617620149728 0.1871320685179268 1.4557208606552774e-07 0.08616969993282794 2.8204675802305417e-06 -7.668377472610919 39.92458676995477 0.00012140706314633947 0.003891960081043075 0.39954655338959366
20231023190540 MKBI 188.659112026412 3.421868 0.0013676113607679573 1.2527794068224844e-05 3.52151695547662e-07 1096.6811022745096 0.18973160842941808 6.681430760740466e-08 0.05755615511751909 6.262619894619755e-07 -7.931160972405553 21.58638814728946 5.540706636623052e-05 0.0017490554140082936 0.2159541224051713
20231023190540 PAPA 66.51849099238771 3.421868 0.003597174346507522 4.64138902158642e-05 7.799505558425528e-07 2948.482645809049 0.11571258090287725 9.025009179317547e-08 0.08107115334470888 7.885398081751841e-06 -6.948385330265099 50.71985571243808 0.00011842198417977904 0.005961660211281931 0.5073835853255138
20231023190540 PDSI 26.94986301560334 3.421868 0.0011505523620700454 1.197478252897502e-05 1.9997354590248793e-07 1701.895883804553 0.15230472415817464 3.04569157476105e-08 0.06539448366118436 7.176990623358116e-07 -8.205772587509774 25.29469210378341 5.2188768575711696e-05 0.0020147554630496906 0.25309295864475123
20231023190540 SASI 137.766284022012 3.421868 0.0007234335779153511 1.2808614557213112e-05 5.764602181010642e-07 747.6572550152763 0.22978865990397976 1.3246402100539942e-07 0.11124573319241869 1.1119367038788263e-06 -8.309290764364464 15.447402722885393 8.490906553237321e-05 0.0024838131859669776 0.15461066993620742
20231023190540 STSI 171.68398209353882 3.421868 0.0011175755952299088 1.710406458006683e-05 4.922351246317299e-07 578.7859813982965 0.2611685431789604 1.285563304015829e-07 0.09616173413344649 8.627485143696864e-07 -7.936460974350149 15.459247737860927 9.036290744749584e-05 0.0020227212574727665 0.15466743569835256
20231023224757 ACBM 119.45945015553804 4.426654 0.005195914948666076 0.00012892006303306263 4.292975835208762e-06 783.8954060943291 0.22441444538795108 9.634057911222505e-07 0.15589721037638624 8.784771389906604e-05 -6.371193391344029 89.44761435193547 0.0007455295531085283 0.02044085645132417 0.8951383341493717
20231023224757 BBJN 103.00480961027871 4.426654 0.0041502209055532925 9.455627599239892e-05 4.556817833432145e-06 310.4665131499509 0.3565927312316297 1.6249281169485662e-06 0.1431525255010139 5.780785077102223e-05 -6.596689835397261 90.59811165645559 0.0010556051485185202 0.01855748324002609 0.9063299584541922
20231023224757 CBJM 142.16990246951497 4.426654 0.003620187713941907 4.008102719861117e-05 1.2299447982679957e-06 1306.0952295214684 0.17385710624301798 2.1383464346552625e-07 0.06956449253200805 1.1157711152145908e-05 -7.066735267113995 63.92276584068672 0.00021217533034087585 0.008130999694744886 0.6394189237823457
20231023224757 CBJN 163.21802807750856 4.426654 0.0021709224026574864 5.557409919527137e-05 1.5516138767036813e-06 461.0203725620086 0.29263064845327813 4.54049774888903e-07 0.1608451610688738 5.57923796781902e-06 -7.027580955572655 35.393407348917336 0.0002544498665108967 0.005034041678958006 0.35412416098193156
20231023224757 CCJM 146.5061963568557 4.426654 0.009705670115390466 0.00013557268210133717 3.656620800794273e-06 1039.317174938083 0.194897297127186 7.126655106938502e-07 0.0877660454256827 0.00013460475104665437 -6.16105867073305 144.77669503146268 0.0008435869275939882 0.027156719040542232 1.448129514672786
20231023224757 CIJM 178.05127769314163 4.426654 0.003575220835824015 7.44044576242562e-05 2.0351632409652187e-06 616.6892977513404 0.2530152292292552 5.149272939317687e-07 0.1307603128313175 8.137884550655136e-06 -6.7479494456034015 39.88815722903404 0.00025035436184257104 0.005670772924949082 0.3993378158969556
20231023224757 CNJI 122.77647696727053 4.426654 0.006063077994232837 9.163517187284176e-05 1.7784990610835347e-06 2094.37787229036 0.13729424967470422 2.441776941386298e-07 0.0949617943361401 4.797315389915974e-05 -6.444955062940283 121.07879934269792 0.0003484281762691376 0.015795968023275892 1.2117373857116311
20231023224757 GCJR 129.95710846929816 4.426654 0.0036341538368467046 4.830088285486437e-05 1.6486611846587462e-06 1003.273734064527 0.19836732968571208 3.2704051675723815e-07 0.08350868210378616 1.1854499622063734e-05 -7.041323662058855 62.65226371943259 0.00024979991636665485 0.007996181584001973 0.6266388826687812
20231023224757 MBJI 199.4797871056622 4.426654 0.0002782172451715156 7.925247221177787e-06 2.906877414602102e-07 528.2027082771918 0.2733880683984998 7.947056014492936e-08 0.17898170498083954 4.931188603898418e-07 -8.82065650459802 5.826482392039468 7.68424275857843e-05 0.0016542646253816253 0.058286559093971346
20231023224757 PBJI 120.79463616932267 4.426654 0.001643466189322041 3.607519605814701e-05 1.5598832773593113e-06 397.8614824317348 0.3150024416557802 4.913670410662036e-07 0.13792017341085455 8.72917542748085e-06 -7.466974317528789 36.8877852984688 0.00036623956946060506 0.007063733053066771 0.36891052782404743
20231023224757 SSJM 169.85417787923237 4.426654 0.0016540526417355246 3.0267764315365606e-05 1.111175082045184e-06 765.9282721379997 0.22703134291528704 2.5227157109072237e-07 0.11497697668674824 6.848723816342058e-06 -7.577197120145891 38.56096996114292 0.00022916762188717463 0.006274926599534023 0.3859307911519271
20231023224757 SSJR 150.14955788764584 4.426654 0.0033908316545982397 3.9900395348190946e-05 1.0338421664287927e-06 1092.4134684298326 0.19010185092335366 1.9653530940072334e-07 0.07393512959053529 9.972898522355065e-06 -7.1458734261567125 57.689088908501716 0.0002312408567661871 0.007462833427674738 0.5771225438693508
20231029104932 CLJO 139.02281778930885 4.190328 0.0019842358980542386 3.9989518809614965e-05 2.176027746767495e-06 303.40445422825655 0.36071889524407463 7.849343248344238e-07 0.12662887375041648 9.598218929489025e-06 -7.403120399705062 41.004156023115286 0.0004232405352501886 0.007214105284290337 0.4104049583916649
20231029104932 CPJR 78.80551456206359 4.190328 0.014897897348114215 0.0002315762902443988 5.270851840418731e-06 708.3832196981292 0.23607268299014353 1.2443041356111857e-06 0.09766725534183797 0.00015434908788271458 -5.642554599287026 166.89554613711525 0.001132447274048421 0.02800544940193838 1.6708020173772589
20231029194936 ASJR 150.97841734506676 4.383799 0.000567651174533465 1.64248936817001e-05 9.877410178569791e-07 269.8980436545842 0.3824546979792333 3.7776619266619144e-07 0.1818029368787307 2.2438167501031894e-06 -8.11355096820446 11.653521324933845 0.00021876016311836235 0.0035849146883813582 0.11666058140302768
20231029194936 BSJR 95.90824525810973 4.383799 0.005169529377015154 0.00010785416909233982 3.027884215998725e-06 897.1608292680207 0.20977064642106413 6.351612292781895e-07 0.13108886344124662 8.847964324875853e-05 -6.4639384978158 116.63933265034656 0.000773674283423937 0.022599402630816775 1.1668651531436327
20231029194936 CBJI 130.4175444071435 4.383799 0.0008402274154886726 2.1843898349201358e-05 9.742308512262932e-07 439.5380409325133 0.2996964746099822 2.9197355156880216e-07 0.16334775398801146 5.605751645941475e-06 -7.893107090876841 19.07845786026741 0.00027490594553330745 0.005731553382152251 0.19102313918010072
20231029194936 CCJM 133.13025370180327 4.383799 0.006480768840030586 9.871298387005941e-05 3.285936693102991e-06 913.771471584576 0.20785528468290387 6.829993067949219e-07 0.09570345512852539 6.228529036615288e-05 -6.454597496386878 106.83676734147323 0.000642573843081052 0.01916706220189613 1.0684352957409249
20231029194936 JTJM 96.74106132844874 4.383799 0.005365323117517047 0.00015954309845648334 5.729558270678363e-06 574.7245527786417 0.26208972362064076 1.5016583436304487e-06 0.18683662290736158 8.208007900322517e-05 -6.198467562386658 85.05968038948275 0.0008678990928330866 0.020035555625387946 0.8515218411642251
20231029194936 KSJR 97.86362461817438 4.383799 0.002968100934517174 8.23218460439904e-05 3.3605614059953223e-06 537.4580438200938 0.2710238964890306 9.107924466435073e-07 0.17426746088998527 7.024610999089335e-05 -6.744557731392097 73.81044379526021 0.0009348235952407327 0.021684203335614036 0.7383847704955624
20231029194936 MGJR 185.96981265149338 4.383799 0.0008184759135182478 2.078067685030395e-05 7.380608317681337e-07 718.5730846749211 0.23439286926489677 1.7299619605016915e-07 0.1595268001202649 3.7106749310121013e-06 -8.043673191924578 16.337827678483002 0.00016884896231914598 0.0043819796799480625 0.16350126195314557
20231029194936 RLSR 180.25633072671724 4.383799 0.0002057538403521249 1.1177968856365413e-05 6.423025027132083e-07 183.13945008383146 0.4642895570273724 2.9821434446228814e-07 0.3413459965667214 8.543818822189383e-07 -8.667110600508297 5.268120784823102 0.0001692115163177115 0.00222305516149184 0.052713700447243626
20231029194936 SADLY 94.44967899025548 4.383799 0.002055922869323351 3.9543469872062764e-05 1.2766396038279588e-06 601.1644574207324 0.25626141531279867 3.271534717213233e-07 0.12085032595450268 1.0039401000484639e-05 -7.37226989477215 37.043287524040565 0.0003064339269414079 0.0075588483855683515 0.3706026340199151
20231029194936 SBJI 146.17782023264348 4.383799 0.005051795954643276 9.735091167484568e-05 4.745269781443441e-06 338.70484738775855 0.3414044379893151 1.620056162841378e-06 0.12108046789057621 6.939464901511172e-05 -6.496116339198272 97.54644915843427 0.0011124783041175953 0.020817265823043607 0.9756412817355251
20231029194936 TPJR 104.95105038003256 4.383799 0.0023164339336926324 4.609927989769469e-05 2.2200177675785977e-06 431.012631755761 0.30264595184351734 6.718793903783451e-07 0.12504147599971577 1.9232880948924162e-05 -7.140946007126955 49.86665741021743 0.0005261889578981221 0.010486894660524264 0.4987993468190819
20231029194936 WSJM 93.77431366057321 4.383799 0.007061943838960336 0.00011837726499084037 2.722943858258879e-06 846.7317887536099 0.21592699258808407 5.87957078300034e-07 0.1053231672547616 5.3010855712851925e-05 -6.277327753211638 95.2603776031681 0.0005803143078065824 0.016413410041849534 0.9542053980288823
20231031120512 CGJR 75.04362406151084 3.711993 0.0018281667844151218 2.720302102206563e-05 8.001146609830677e-07 1380.8293569169464 0.16908686127706973 1.3528887668739364e-07 0.09349345117405274 2.9852160434303957e-06 -7.497315290309226 32.88896543873164 0.00010504221915527973 0.003970830594168561 0.32915988911575167
20231031120512 GCJR 111.3026869469223 3.711993 0.0017207137880465115 3.0364695943715704e-05 8.834504106840255e-07 1036.593823157709 0.19515314745764598 1.724081282677375e-07 0.11087666800597117 3.158113847583943e-06 -7.532934174227804 27.932016933964945 0.00011383566547208363 0.0036308370283712954 0.27942239559760573
20231031120512 LPJR 137.5999403351175 3.711993 0.0031003271799365448 4.837497304332282e-05 8.451200511472529e-07 3182.6172317674777 0.11137498624917723 9.412523407542926e-08 0.09803769157913052 1.4160981425516132e-05 -7.069253994126067 53.63283145226474 0.00015929577117137171 0.008488632394608535 0.5365728471673749
20231031120512 PGJR 72.60553460372577 3.711993 0.00296752589607741 4.8885320043259855e-05 1.3573007714029103e-06 1368.9072731878996 0.16982157049335472 2.3049894863148408e-07 0.10350559199452716 4.8948078794921655e-06 -7.15977306956607 37.21968870182384 0.00012199215723029722 0.004631766236642623 0.3727592072926478
20231031120512 TSJR 109.9820235018624 3.711993 0.0021872316940271955 3.8213338160193215e-05 1.1905812408248574e-06 860.1963580116403 0.2142303851719181 2.5505867780036935e-07 0.1097741430512691 5.459388514252772e-06 -7.305337153647464 39.052876177151084 0.00018640493944930794 0.005311364238072401 0.3907561020025287
20231101112711 CCJM 118.18064379655195 3.289673 0.0033384901317794254 4.082502019049756e-05 5.243764325059821e-07 2954.3625001058076 0.11559737635745601 6.061653982137414e-08 0.07683448412337315 3.065347579016274e-06 -7.057841667454235 40.16727568256589 7.83453462431182e-05 0.0039062047516113005 0.40204394890146744
20231101112711 CNJI 86.96173201489796 3.289673 0.002289578408274849 2.678206265200459e-05 3.869348444130218e-07 3423.947156106229 0.10737825492981583 4.1548388364610084e-08 0.07349678960234056 2.4662385134831968e-06 -7.474749932499439 38.752702759605064 6.276339667268718e-05 0.003477544650586361 0.38758910727208495
20231101112711 JSJR 119.9951193460547 3.289673 0.0017158305576749576 2.37620754312189e-05 3.2180840373655436e-07 3629.6938850445945 0.1042905285431922 3.3561568515326243e-08 0.08701414166433728 3.0037423571140063e-06 -7.594171861946986 33.50394783661041 7.150001316085777e-05 0.004159096012695591 0.3351505023039218
20231101112711 LSJR 126.3051893208492 3.289673 0.002801272128542828 2.4336685590329915e-05 3.863645573555297e-07 2574.4100434608945 0.12383431547740312 4.7845190484851873e-08 0.0545865943435321 1.3914292818249107e-06 -7.569082900736088 29.447539190046882 5.4989437471910075e-05 0.002562017064387026 0.2946273694084349
20231101112711 PGJR 61.56502884765668 3.289673 0.00153471067198094 1.4279048293965733e-05 3.597740843945257e-07 923.3023067746528 0.20677970340411173 7.439397846358588e-08 0.058459166329604746 8.641622433368386e-07 -7.998013965489434 21.25357070086223 7.709847723278308e-05 0.0021557493475867235 0.21257457401489674
20231101112711 TSJR 99.46271486097255 3.289673 0.0020112851187273424 1.710058168747712e-05 4.0546014199072045e-07 1426.3387447963853 0.16636751459468602 6.745539609020465e-08 0.053421627099278675 1.7971115570079871e-06 -7.767423779584576 32.94102469438572 8.956638771871236e-05 0.0033075068085060147 0.3295789998712727
20231102124315 MKSR 150.7047607188622 4.123479 0.00023054455509625795 4.364689663879051e-06 2.0271991532724476e-07 404.3528513959737 0.31246373040360753 6.334262097025435e-08 0.11895381330967982 1.916188746297607e-07 -9.215023454769847 4.860254301052793 5.482984943974839e-05 0.0010833526904310432 0.048634819136505615
20231102124315 SSSR 184.65773835858343 4.123479 0.0004845608231723828 8.572208889900533e-06 2.7513801831402515e-07 943.5702419292887 0.2045468286546847 5.6278609088468404e-08 0.11115380024838752 6.41149036540041e-07 -8.662424187934231 8.621719288045188 6.147711875187389e-05 0.0018643961651985232 0.08628598437510192
20231103055245 BOSM 232.40656974075216 4.604713 0.004799401618061704 7.33830352650736e-05 1.9177686958246507e-06 1235.910746209997 0.17872541498841346 3.4275400601304917e-07 0.09607014491943357 3.8495889836441934e-05 -6.674144769504477 96.29971416305726 0.00042886138755972064 0.014514790965928361 0.9633462074426108
20231103055245 IMSR 188.38695938087793 4.604713 0.015183464637057519 0.00015974077179202668 4.862632632573945e-06 665.2369389536336 0.24360808067935408 1.1845766026701334e-06 0.066103547133212 7.184741440754996e-05 -5.787939649677673 139.13545490172075 0.000731088200418211 0.01895127605440169 1.3917918460673706
20231103055245 LESM 200.22884414542025 4.604713 0.005597196016742239 8.40106745695766e-05 1.662463339083081e-06 1243.4127644456885 0.17818543748225857 2.962267573727352e-07 0.09430697701543764 3.040839374383367e-05 -6.551477906176364 87.55931242341556 0.0003695577223140672 0.012464553309141238 0.876739992330835
20231103055245 MKBI 255.2161751999251 4.604713 0.005085934935876961 0.0001069554988338284 3.489108869789394e-06 517.5794283519498 0.27617945296647156 9.636201789988987e-07 0.1321332709261052 3.4894741484929136e-05 -6.404699946826353 88.52415650618728 0.0005810959739593862 0.01279901296534212 0.8861681593164015
20231103055245 MKSR 158.6106976577602 4.604713 0.0033323665927089572 6.433324502849495e-05 3.5686225548749582e-06 386.1324472991317 0.31975085877565107 1.141070126567426e-06 0.12130048981124428 3.100212776280218e-05 -7.073228488343089 55.060517255118754 0.0006316177063378308 0.012670135834349283 0.5510534661294831
20231103055245 MTSM 175.18728907864428 4.604713 0.02338500434373992 0.0003734081112092628 7.032053089077481e-06 2073.6109978228183 0.1379800266763073 9.7028287282012e-07 0.10032892547055644 0.000790534780449608 -5.310811705060924 464.44334288372903 0.0014587161773023467 0.0635038739246036 4.6485388114252615
20231104225658 ISSR 72.63573468313652 3.57514 0.002665366060795377 4.4470539818667495e-05 1.0904815826300425e-06 1994.272091186833 0.14069791528966777 1.5342848533782456e-07 0.10483237049533642 4.625460962304262e-06 -7.1393165487988455 37.51035919299491 0.00010540255388254437 0.004846827988552921 0.3758792649966637
20231105022005 BOSM 173.27816029587194 4.667954 0.010983224305449122 0.000166190031303348 2.834303853594397e-06 2162.956140042966 0.13510020619489999 3.8291503503960263e-07 0.09507251548771975 0.00018643325217977235 -5.971836980291818 206.44686811827572 0.0007047988611444749 0.03223793168642271 2.0654055421185173
20231105022005 KBSR 215.32345428098984 4.667954 0.00663275431825866 0.00021101193969789525 6.59791243379916e-06 1026.3210700768323 0.19612738863085855 1.2940313360561015e-06 0.19989088326391655 0.0002870888903913143 -6.01088890912628 129.0225793546008 0.001174152962268703 0.037143481678307264 1.2904962038668866
20231105022005 KSI 172.64407726407293 4.667954 0.007590651084471247 0.00012724159822252 4.927837805105817e-06 746.4569196482956 0.22997334079659118 1.1332713229439259e-06 0.10532463309364146 0.00012306612601807774 -6.242087691889349 114.20767195482193 0.0008956343385177306 0.025322244237515425 1.142649902067077
20231105022005 LESM 137.57908198289653 4.667954 0.009467113901380943 0.00012999777305896525 2.1011333718268953e-06 2163.3728457054226 0.13508719416781104 2.838362117724473e-07 0.08627762443325121 8.661335067141165e-05 -6.153793446257272 150.7266409778968 0.00047934165528539814 0.021293785728447614 1.5077205193760141
20231105022005 LHSM 162.6664665182849 4.667954 0.012759632072282291 0.00028857280379755343 9.100334959808135e-06 1150.2609256993953 0.18526001070779358 1.6859281520985634e-06 0.14210099402561296 0.00038665147326321324 -5.6643125457234955 184.70601618445806 0.0012514351884939843 0.041377670217582097 1.8478110884948495
20231105022005 LLSI 218.66402458879935 4.667954 0.005864739350111432 0.00011883636987075087 4.900929170127706e-06 472.94200814212763 0.2889188801183398 1.4159709673726014e-06 0.12731528010980978 7.397324070155662e-05 -6.3572336512590395 82.74236135189585 0.0009323034257722422 0.019576915131516992 0.8278019080536873
20231105022005 ULSM 163.746608479475 4.667954 0.01141211020854679 0.00021145532613540944 6.882798457077997e-06 668.8417239728603 0.24295071948917396 1.6721808372460757e-06 0.11642132559356493 0.0001850403560990867 -5.818235244067576 140.01253898312515 0.0012105008344036683 0.02887293184060219 1.4003609243637103
20231105102445 IMSR 114.58897406949166 3.859937 0.004279218766970283 4.9820210693919296e-05 6.774822182490935e-07 2758.788462458102 0.11962464661484044 8.104357094588602e-08 0.07315111306035242 7.4494025169337086e-06 -6.941333863962518 54.23670298009368 0.00012729287640564108 0.006283526818885907 0.5425753665412852
20231105102445 ISSR 75.3797517233859 3.859937 0.00972179918312385 0.0001409450224562144 2.7544168581446413e-06 2318.085364111484 0.13050139553616824 3.5945524387622363e-07 0.09109257222205074 1.8970103309386724e-05 -6.129478278599732 63.4032603692675 0.00018258962762138142 0.008112785224201585 0.6341326678760824
20231105102445 KBSR 58.82424136443174 3.859937 0.0062992697153315 8.517856747435827e-05 3.6676061575936676e-06 568.0883437353583 0.26361609909109923 9.66840028267338e-07 0.08496107450978199 3.5673993935195584e-05 -6.655056984116485 60.89880690832818 0.0005889163160089337 0.014501040228512774 0.6102961881651391
20231105102445 KSI 52.71456505085799 3.859937 0.0018461624472744698 4.4642339446474615e-05 1.2704647680151797e-06 1169.3143397495367 0.18374445019001243 2.3344085028473088e-07 0.15193467492652962 1.0477247904484443e-05 -7.252916244371752 48.31074664868469 0.0002287488824999659 0.00804339369013248 0.4834088496305746
20231105204840 SSSR 104.74256247757202 3.262108 0.00014580676687549502 2.5189932183684633e-06 1.5645464720329026e-07 248.6217936363016 0.3984834334274246 6.234458499324352e-08 0.1085498397481973 6.268322991746655e-08 -9.684058013806723 3.160610984152438 3.8690948385563445e-05 0.0006313552075903885 0.03161598729934745
20231106023436 PSSM 87.95989873711551 3.770092 0.0016313117024537545 1.6136038702636022e-05 3.346806656691213e-07 1184.6675132624732 0.18254991236740287 6.109592618896215e-08 0.062149815476700995 1.9471720000437144e-06 -7.788058746608176 35.73448871439946 0.00010400901957162623 0.0033976718620493743 0.35798239022808476
20231106032220 BBSR 63.370699700550894 3.895795 0.009410832588992992 0.00019259188248173145 5.3111314028688526e-06 806.6273782521122 0.221229678938957 1.1749798950592885e-06 0.12858484888006688 8.424759610998689e-05 -5.882771275537916 99.06156998006918 0.0006385811814877036 0.01757949834122525 0.9926388221145261
20231106050435 BBSR 52.32051626101879 3.38325 0.0019294015752619582 5.2930469804161634e-05 1.3703435676825322e-06 660.0846513995965 0.24455697348179942 3.351270755426914e-07 0.17237051863112907 6.780635325889909e-06 -7.057284433886027 31.799385406141134 0.00022369761462222846 0.005630677790107782 0.31812005095873086
20231107035741 BLJR 33.94175610226772 3.565915 0.008970661777984853 0.00011622860730527687 3.4236110703101325e-06 1196.1922948632784 0.18166839028710594 6.219619121123576e-07 0.08140825011223543 6.580773670486722e-05 -6.251957785185629 149.25236742285972 0.00044553368836884274 0.017375038918456036 1.4927495264086583
20231107035741 CLJR 54.32270192413138 3.565915 0.006399137824951532 0.00011315852005650459 2.4327631704844095e-06 2353.226316975203 0.12952333554768847 3.150996004387106e-07 0.11110808519061728 3.9888519204620624e-05 -6.36120556935936 79.43973655863158 0.00027075085516024345 0.01264634128551246 0.7956468951247941
20231107035741 CSJI 42.348801223798944 3.565915 0.013798357511994675 0.000159489645806223 3.39134024567157e-06 2717.554752138135 0.12052876787687114 4.0875406126203977e-07 0.07262480322790779 5.303368923950492e-05 -5.980189951229064 136.6686740125244 0.00028005318621493334 0.015072555126524516 1.3679653352030874
20231107035741 RSJR 42.22905187356069 3.565915 0.014999247480457362 0.00017651909357508942 3.3028710246023163e-06 2996.183101276856 0.11478778966019865 3.791292644468155e-07 0.07394385462555493 6.670350461331171e-05 -5.798809811605396 175.60777640468672 0.0003155516155861378 0.017985598977346123 1.7566858713190632
20231107120259 CLJR 42.453861516769805 3.487907 0.0011590414609744329 1.6760245089911435e-05 3.718740120486601e-07 2168.761018686895 0.13491928128653216 5.017297443474442e-08 0.09085760021485832 2.5358828284986446e-06 -7.942528031133309 25.601604671115528 8.616805909471121e-05 0.0039710080776693525 0.25605123484358056
20231107120259 CSJR 109.94160451618025 3.487907 0.0011570506932085875 1.4440079539784495e-05 3.1960520622218925e-07 1323.2790057726354 0.1727245847208181 5.5203676519339066e-08 0.07841462446842179 6.587946151799907e-07 -8.041008716958913 14.452599784829545 5.342490212471022e-05 0.0018133105642425043 0.14463945992141955
20231107120259 JSJR 95.0424061911026 3.487907 0.0030082278554859256 4.005744297160652e-05 6.451060507888133e-07 3894.708137536004 0.10067981511887486 6.494915792548521e-08 0.0836666466814983 8.315152002400178e-06 -7.168336930394 49.691514187847005 0.00010837801975012962 0.006419447990613804 0.4971868931512038
20231107120259 KSJR 92.5999027946123 3.487907 0.003726973790291786 5.538066358135705e-05 1.4531666184503718e-06 1232.316464532879 0.17898586827795698 2.6009628895588244e-07 0.09336448048618977 7.123050281298539e-06 -6.969711960176202 30.2892129899871 0.00016946318026971378 0.005543851022963729 0.30305102260840067
20231108000303 CGJR 104.290674061227 3.581938 0.0011595245292133124 1.4097801744037236e-05 5.440419495914839e-07 1165.6589210831967 0.18403232906001366 1.0012130708967132e-07 0.07639260623642229 1.5814092458196606e-06 -8.15514092520142 20.632589539955596 8.937976311707702e-05 0.0030412349352701576 0.2064873672073831
20231108000303 CLJR 119.71308802803935 3.581938 0.003980676156777486 7.331443060023637e-05 1.4498496974270323e-06 2177.6975748524424 0.13464216446900135 1.9521090141630232e-07 0.11572108230089118 1.6810083538943175e-05 -6.750433922513139 40.16766393345027 0.00016768528618558022 0.007390157968090202 0.4018677137007985
20231108000303 CSJR 89.29732512676566 3.581938 0.004320128626826004 5.8112783447343995e-05 1.3529634309973185e-06 1339.0570599310552 0.1717039660027432 2.3230918695891838e-07 0.08451910085462529 1.0189154313720209e-05 -6.986629719662606 48.5651840280349 0.00019144410429390436 0.006929304182142904 0.4858356853777256
20231108000303 RSJR 45.1858518093863 3.581938 0.011366824612563158 0.00016962847516797052 4.376579105016019e-06 1379.9079414135851 0.16914330462780736 7.402690527874209e-07 0.09376472138724554 0.00010520587219877876 -5.871953214351863 198.5065373278721 0.0005696014052573336 0.023025097719657956 1.9863414030468511
20231108000303 SSJR 67.86479066014711 3.581938 0.015182135049716718 0.00014595501188174618 2.4062004605428104e-06 1862.5967592341913 0.14558627923605616 3.5030977214651254e-07 0.06040404614775975 2.447646958811834e-05 -5.759052723529732 107.1881755032384 0.0002508448515298079 0.010615401046502977 1.0724815099788507
20231108000303 TSJR 38.50817446181092 3.581938 0.019040930615428837 0.0002545114715388491 1.123181674541097e-05 610.3084221300902 0.25433444809292716 2.856637913024996e-06 0.0839844843080185 0.00025457638919555644 -5.624626593545601 286.37693394958427 0.0010743196445857743 0.03376371394567152 2.8649660412518987
20231109112215 BBSR 120.14461570965011 3.66985 0.0008637381160070414 1.3636967607132207e-05 3.7267722300748794e-07 983.2054432186441 0.20038154981073508 7.467763952540137e-08 0.09920089540533665 1.1593103253126633e-06 -8.060015839311633 16.481229752227954 8.903783788079543e-05 0.0027115890883485537 0.16485918170283229
20231110153431 LLSM 107.53656878437869 3.407602 0.001049279435891421 1.4862610063478363e-05 4.2867366065135243e-07 825.0655713933587 0.21874374128611634 9.376968032169187e-08 0.08899872615710931 1.09980380869231e-06 -8.23073078215803 23.319213177632157 9.397690396562235e-05 0.0025738215334271037 0.23345203668734135
20231110234823 BPSM 131.04859002536494 4.351869 0.004205955704818187 7.289468809599676e-05 2.606790461664954e-06 592.0684883117545 0.25822238898264316 6.731316605882917e-07 0.10889578144903553 3.089675412129752e-05 -6.7327493692575 74.25999442677889 0.0005339462385417089 0.012347050126279038 0.7429528107426406
20231110234823 JASI 92.60263676622242 4.351869 0.0024219862102406787 3.9270657001180614e-05 8.667488857635625e-07 1690.2164121745432 0.1528300344970581 1.324652621115319e-07 0.10187705199551385 9.89200675400901e-06 -7.24700024669948 44.074380622942314 0.0001926621210533103 0.007385554839609888 0.4408782601501233
20231110234823 LPSR 46.23281398481588 4.351869 0.02816516755085062 0.0004789790309088391 1.987609071341926e-05 757.8515639755656 0.22823791576705676 4.5364775180277645e-06 0.10685233823019256 0.00047308201028432493 -5.241295090727841 316.37882539717657 0.0013803317194344012 0.040804482765210745 3.1707920808340258
20231110234823 NBSR 141.26978432922763 4.351869 0.0021763887844934533 2.5176089712682647e-05 5.341629220364549e-07 1749.779257830076 0.15020633042837378 8.02346523699934e-08 0.07268280286225606 3.364182342178569e-06 -7.450455485684879 37.14295161249893 0.0001033277622059496 0.004286177761644113 0.37152848880090167
20231110234823 PPSN 114.88644226942843 4.351869 0.004905329506512173 9.506317232164702e-05 2.5497544339150013e-06 831.0821193626898 0.2179505147451152 5.557202913454144e-07 0.12176542407442682 6.220363569612545e-05 -6.541046413238371 107.19407455096783 0.0006681653429650762 0.018959028153714648 1.072361080720102
20231110234823 PSSR 95.63338839324133 4.351869 0.001666838584896047 4.0089587722271134e-05 1.5905401731655962e-06 422.3723447567931 0.3057258288333092 4.86269212733727e-07 0.15111859710349237 1.2733388220335241e-05 -7.3654542569995 33.26519345216754 0.0004348617608101312 0.008659624239112384 0.33285915228341895
20231110234823 SKSM 61.39092782616822 4.351869 0.02233979925342285 0.00030842908013355765 6.1771102226885714e-06 2120.836965216136 0.1364351353876813 8.427748695371453e-07 0.08674729090527354 0.0004833174805988856 -5.450177218829673 337.7698262229417 0.0011629809447898257 0.05119763571234346 3.3796172897891372
20231110234823 SSSM 90.05240637747339 4.351869 0.004078567563349154 6.84180347912652e-05 1.884330142862984e-06 1052.4359385909122 0.19367877669833297 3.6495475696549775e-07 0.10540053199304529 3.431888760325226e-05 -6.896773273823431 71.63142491527513 0.0004260308920030127 0.01390871165420913 0.7167577220848244
20231111065748 CSJR 36.950981807167096 3.549466 0.0024443089672047296 9.70106081504678e-05 7.531331116334712e-06 244.75903745876113 0.40161553178544396 3.0246995513390264e-06 0.2493693047604494 6.396847008794022e-05 -6.7650533977233405 54.80075478012902 0.0009924408086854574 0.017505966275105197 0.5485412298998422
20231111065748 LSJR 42.23737539040077 3.549466 0.00377675998559861 6.049279574559065e-05 1.7202997345416646e-06 614.6800471431982 0.2534284167449294 4.3597283805161637e-07 0.10063849618939123 2.0195482501600112e-05 -6.877033867929697 50.98283199557572 0.0004447965920911229 0.009974026453086775 0.5100760268853681
20231112091219 BTSR 56.06603175993251 4.002138 0.009594460861938114 9.534092389812901e-05 1.2095635956170123e-06 4247.933007115208 0.09640310871903647 1.166056908108555e-07 0.062436514237720515 4.048794923756192e-05 -6.36170334839209 145.71138905588245 0.00023332155858180102 0.014928554620567434 1.4579110641714932
20231112091219 MKSR 114.36911803893622 4.002138 0.0025551180065001467 1.8385646926358275e-05 3.288967118849707e-07 1770.3680353219313 0.1493303519063167 4.911426172661312e-08 0.045211386063894195 1.3124695358642608e-06 -7.598871726806877 34.18659133688821 6.532618266810993e-05 0.002682988844543746 0.34218488912557954
20231114112829 BBSR 107.94537709366814 3.976917 0.0018473842138963183 2.0519730907858635e-05 5.231883493457285e-07 1225.3109022391618 0.17949680370807475 9.391063644486187e-08 0.06979017725587872 2.423973575572364e-06 -7.814714235260193 39.676690844382435 0.00010918250342147379 0.0037503109251766837 0.39689926658942826
20231114112829 MKSM 64.48980969168831 3.976917 0.003630268928140749 6.269989669409004e-05 2.0542436041306937e-06 986.1621728389339 0.2000809304812402 4.1101497174960563e-07 0.1085195277452212 2.7744080867855365e-05 -6.864608863080712 65.61449187708445 0.0003998814177738308 0.01268549734134444 0.6567140577765423
20231114112829 MNAI 97.14771900362057 3.976917 0.0019878191496070633 2.9268374265597218e-05 7.35618332837607e-07 1697.2165226702648 0.15251453776720805 1.1219249000581183e-07 0.09251275156846396 1.6405767849312732e-06 -7.475925374581943 11.746616671838973 7.654000528860909e-05 0.00309651318312993 0.2351669480245127
20231114112829 PPSM 77.82536302703984 3.976917 0.009625387694406014 9.770423670993727e-05 4.009364264298011e-06 789.9306524872654 0.2235555134231396 8.963154866055301e-07 0.06377860757773433 2.0947470725113593e-05 -6.466758787597404 163.38113522292446 0.00032659174821208494 0.00979058128494817 1.6343333781902096
20231117233428 BALE 119.45769762393198 4.985356 0.005925118173775083 0.0003292663421916638 3.401239348964358e-05 93.7335511260478 0.6489815240681676 2.207341496411511e-05 0.3491645875628675 0.0008148653129578946 -5.903666790530484 122.40587036222576 0.0061864383766962825 0.06421806909665967 1.2243629405362557
20231117233428 BBJN 149.99820242034284 4.985356 0.010175844098997902 0.00044530311547307124 2.881673784206306e-05 164.39450543225027 0.49004528996439173 1.4121506651641652e-05 0.27495723845230985 0.00142488311554706 -5.502444819708641 191.99521484368336 0.007178033992279633 0.09262692080672091 1.921243324010185
20231117233428 BKJI 150.03934485569462 4.985356 0.01018201509631931 0.00047874224541793797 2.9242763456702648e-05 170.70660790822606 0.4808999169276547 1.406284251706336e-05 0.2954254353269935 0.001202210358614337 -5.458313469150466 183.20847637892962 0.0059674555007151135 0.0819040505323182 1.8330877884826302
20231117233428 CIJM 181.30929747499545 4.985356 0.006078048205174437 0.00024899503838656423 1.3964863779751963e-05 189.4816888956908 0.45645318818336544 6.374306594814187e-06 0.2573987428100988 0.00016731105125868643 -5.898473069006693 67.64711083394057 0.002059038006771452 0.02570122541487951 0.6771215543913189
20231117233428 CLJR 172.28014060207212 4.985356 0.006101020055466939 0.0001344336579049123 4.732338109074901e-06 667.8030715802065 0.24313958003407696 1.1506187004197293e-06 0.13844759998480374 0.00016243457432893124 -6.278537512246959 130.6333659489903 0.0011874500602952172 0.02977703503211424 1.3073507191151927
20231117233428 CSJR 107.50014223326069 4.985356 0.009250854524398243 0.00021647082628774373 1.0568933158308828e-05 325.54705901278135 0.34823545037095044 3.680477198324146e-06 0.1470271002075509 0.0004806113076662791 -5.8767255197836175 178.39022711210242 0.0029578268151120935 0.05013453523955601 1.7847515531025193
20231117233428 CTJI 231.40925211724505 4.985356 0.0009307248626471532 2.2361823361235865e-05 1.1651531629615842e-06 281.0603373527121 0.3747831756235001 4.3667980250250805e-07 0.1509613481103799 3.369170141253322e-06 -7.894083722457928 15.88556011843191 0.0002725990512257271 0.004286009802191789 0.15893054526613334
20231117233428 GBJR 147.4730024790743 4.985356 0.003437668942614138 0.00015159215599423278 8.414119203847698e-06 201.88743759463352 0.44220660021177177 3.7207790469100704e-06 0.27707194122722445 0.0001706409354300944 -6.40736034278367 72.45244161738671 0.0021935812022976942 0.0313964730184723 0.7252105661391051
20231117233428 GTJN 99.0194329090569 4.985356 0.009353461674550695 0.00032075171429840583 2.1358649095784935e-05 155.90410818620109 0.5032121154092225 1.0747930993773214e-05 0.21546487585615914 0.0008892696692263458 -5.646831569329858 165.19079263728213 0.005908761803542944 0.07279602177282984 1.6525304177645301
20231117233428 JABI 179.40822519192199 4.985356 0.005363170205888217 0.00016927570340187443 7.877957692859118e-06 238.76620089949293 0.4066244077443357 3.203369881093772e-06 0.19831379047217862 0.00016240480255414502 -6.181238672138876 96.66366430231957 0.002030114877259075 0.03034981184688392 0.9666658619500438
20231117233428 JAUI 170.32214196950343 4.985356 0.0036252210726857915 0.00011238438300576485 6.678805062219637e-06 159.8514863331621 0.4969601086106895 3.3190996891102936e-06 0.1947831290562145 9.447963051752673e-05 -6.56374072607374 66.6762170728125 0.0019460386896220198 0.023506150789412327 0.6669711942275973
20231117233428 JCJI 165.45857058862524 4.985356 0.0025230544659187106 0.00011967826052432855 8.366509258962776e-06 125.16783255921257 0.5616082803325307 4.698700877312281e-06 0.2980358522864718 5.52020357352663e-05 -6.678533853583043 36.599540755215074 0.001429309203992347 0.016509813945978342 0.3661466994041518
20231117233428 JPJI 146.56083095849706 4.985356 0.005424032744548319 0.00022637762171014118 1.635578906804928e-05 130.9915441118467 0.548982167509843 8.979036533911487e-06 0.26223524333127235 0.00033271638756630646 -5.985196716371616 80.89654770578142 0.003661818017650134 0.03938365363783373 0.8093793556908808
20231117233428 JTJM 100.53578028001627 4.985356 0.009021337559794871 0.0003095201429198248 1.8390509814254355e-05 284.37665090673465 0.37259146371503166 6.852146970158685e-06 0.21557473061834853 0.0006259575298383866 -5.719292282461204 211.44716488509835 0.003611040998940179 0.059326054535455086 2.1162317636053856
20231117233428 LBJN 165.46854935399082 4.985356 0.005039568312568449 0.00023806099104019105 1.6698851017604776e-05 129.00004346746792 0.5532035266288865 9.237863273589332e-06 0.29680743038762475 0.0002280529327514232 -6.102946103122572 79.46030654789658 0.0028812608470880994 0.033739263792777016 0.7948461577234359
20231117233428 PCJR 154.04124245061303 4.985356 0.02030154792776262 0.0004554485718280405 2.134479684495605e-05 316.4398558785247 0.35321104802449826 7.539218063476931e-06 0.14095810747379042 0.0011105299023439522 -5.227285120691412 319.09763690419146 0.004209124238788425 0.07834768782246707 3.1911946547350167
20231117233428 PKJM 174.46113582369478 4.985356 0.005764435619801595 0.0002804133996913309 1.7375287037091445e-05 256.11297641131597 0.3926124585464628 6.821754161582957e-06 0.30564819681991506 0.00040366862933827717 -5.879619120559136 94.13915694972327 0.0028178252731438065 0.04466771893730356 0.941557210151557
20231117233428 PSJM 124.30172853848423 4.985356 0.002927147945513884 9.734710879664429e-05 6.903425388582663e-06 165.0550961934529 0.4890636664054106 3.3762145312964334e-06 0.20895763899631253 7.993757322722578e-05 -6.673912635182842 53.746400289179405 0.0016638362588863248 0.021227383897633595 0.5375193686198112
20231117233428 SCJM 110.85096397089406 4.985356 0.005845426777295559 0.00022869710281733777 1.849459266066605e-05 121.06018327539427 0.5710566651647131 1.0561460408379733e-05 0.24582401438980173 0.0005128010034618981 -6.009969393596526 93.29373971710682 0.00496884945134515 0.05242223039715146 0.9335194354162436
20231117233428 SPJR 226.2481361886567 4.985356 0.002131906032576766 4.1772493851356394e-05 2.8309487118440917e-06 271.552182436475 0.38128807229274364 1.0794069770986594e-06 0.12311251790673905 2.230897345576265e-05 -7.311922654026405 42.09279040991957 0.0006977337152436181 0.01182411410490527 0.4209884548104644
20231117233428 SSJM 110.76250843969194 4.985356 0.007907182662170244 0.0002786545836109171 1.7147972265151388e-05 198.2688839413506 0.44622365316137214 7.651830828465742e-06 0.22142379407760088 0.0007036264883693461 -5.757172218256717 197.5509727733143 0.00461424266882424 0.0632002491228256 1.976728696637454
20231117233428 TOJI 153.91666874748012 4.985356 0.007938836191540524 0.0004204985850634599 2.439049060098407e-05 158.53220623087856 0.49902363637292224 1.2171431312622652e-05 0.33280325574369174 0.0005044909810729469 -5.556089241068391 90.33176556993456 0.004074576831182321 0.046586079140343614 0.9034466028109747
20231117233428 UIDS 172.28412202042628 4.985356 0.00034007916024165086 1.661076944270215e-05 1.286806493585982e-06 160.03429275494832 0.49667618990752427 6.391261463825466e-07 0.3068948489203878 1.4488511239798181e-06 -8.339101992294873 7.153198428158824 0.00021550438086643552 0.0027543229799106904 0.07157855835963671
20231117233428 WLJI 187.56074405457372 4.985356 0.003292860196674647 6.390772232146348e-05 3.7517324150413487e-06 245.50371742170722 0.40100596427827856 1.5044670748077308e-06 0.12194385364767035 3.8891488571095436e-05 -6.936221705202976 72.05118255433318 0.0009734646735307488 0.01500837530347082 0.720963108150425
20231117233428 WSJM 112.61240891630285 4.985356 0.008321243733193557 0.0002493128629819912 1.4186653567832992e-05 232.7342085726774 0.4118601343769014 5.842917044806244e-06 0.1882505750108747 0.0005368669742159749 -5.80709967085363 198.8926233502637 0.003749338984229719 0.056458043339066885 1.9899280361185219
20231118100134 JPSR 191.1530319993143 4.537849 0.0037641692539824353 0.00010797491134881974 3.07570982307171e-06 871.2302475538628 0.2128694783481548 6.547247455875705e-07 0.18023269697906316 5.3153158697767076e-05 -6.549823126164309 60.30378623263679 0.0005315847750027179 0.015686128725221377 0.6034532326357884
20231118100134 MKBI 149.93973909944194 4.537849 0.0025979891040328637 6.232484213537404e-05 4.629232332603968e-06 146.00970051600788 0.5199828419055827 2.407121384148621e-06 0.150731399053749 3.601842736019854e-05 -7.041311033411505 50.51473410916287 0.0011887406454320435 0.014744358430913145 0.5055224434226334
20231118100134 PDSI 232.92374850703902 4.537849 0.0011759894109390507 4.008762195203235e-05 1.661899299687748e-06 415.5713032083061 0.30821735788677695 5.122262112236426e-07 0.21418386501256842 4.944519499605963e-06 -7.481792422072251 18.701221780427627 0.0002585444750353535 0.005033032516124178 0.1871052690481099
20231118100134 RASM 148.82253733847736 4.537849 0.0053885412569565794 0.0001263658457043534 4.5269910155616355e-06 205.5075285688593 0.4382944790538283 1.9841551688469482e-06 0.1473460046415886 6.382209614793964e-05 -6.393300957713158 81.91636446366661 0.0013808443458596508 0.0181539788219707 0.8196490406731372
20231118100134 SKSM 188.18208441309264 4.537849 0.005135691082783763 0.0001067235015675814 4.538818409521303e-06 442.64244713623475 0.29864368740453234 1.3554894662790166e-06 0.13056928973553275 7.586678060398188e-05 -6.464154980087029 98.33076642690156 0.0009664720346124676 0.019221039600221045 0.9834406362450904
20231118100134 STSI 133.44134953702698 4.537849 0.004190026530340455 0.00013949870272204714 9.478444313068959e-06 171.08348657364107 0.4803699392944714 4.553159719274964e-06 0.20918631253691872 0.00017854424706887446 -6.392037416395574 68.93121306709874 0.0024177162684795683 0.031462782831563826 0.6896989340216061
20231118145129 LPJR 125.17813535716991 3.541554 0.001814543415957581 2.7942654372627202e-05 5.98090372391151e-07 2651.623587599326 0.12201800824706423 7.297779599091317e-08 0.09675650296029785 8.085359558714401e-06 -7.559469428254099 40.091403297681374 0.00013358244893584193 0.006748847458561155 0.4010647567502467
20231118215216 CBJM 114.92691338732953 3.317447 0.00532523299767945 4.926525566666371e-05 6.462501269855664e-07 4381.983394684443 0.09491710958464881 6.134019412218222e-08 0.058127546849896544 6.414279163901788e-06 -6.858298333828877 60.565394544046384 8.729792072227926e-05 0.00554886238942795 0.6057774550137628
20231118215216 CSJI 83.82555555359974 3.317447 0.0029071852085776374 3.378993872682986e-05 4.295697627914534e-07 4713.741553669076 0.091515990541653 3.931250234860277e-08 0.07302886858136892 4.366759249360099e-06 -7.224364531611339 49.16261317861684 7.359892127016139e-05 0.004884897575322503 0.491721450346973
20231118215216 KCJR 111.73348457521847 3.317447 0.0026308565801569568 2.7975818659640667e-05 6.466206507906515e-07 1835.1030238143567 0.14667282031410617 9.484167452480762e-08 0.06681369637720345 4.091884114133382e-06 -7.455105340530208 29.030179806790798 0.00011009517252000159 0.004294907437835074 0.29033578195233795
20231118215216 LSJR 93.12427352856207 3.317447 0.005411899857559755 5.076571471992541e-05 9.668371511801622e-07 3553.4848770123003 0.10540291762364269 1.0190745660132e-07 0.05893870936860436 6.999309467452554e-06 -6.962810552445826 74.52348051254671 9.964831422366397e-05 0.0058522522477536445 0.7456599724810365
20231118215216 TSJR 62.68812499637086 3.317447 0.004422187512585309 5.749209922446779e-05 1.0699063432306741e-06 2529.7701505624977 0.12492211728319759 1.3365496569109934e-07 0.08168661145598999 1.3405947510468294e-05 -6.873773308860132 100.65555425692617 0.00016296126834724345 0.008648229981827108 1.0076036800641734
20231122100928 APSSI 90.92907081637303 3.836482 0.011744334878036129 0.00019035937685391876 4.451760012703323e-06 1406.8102585441638 0.16751824137192148 7.457510083379035e-07 0.10184171791365064 0.00014561053403913107 -5.856097500436177 162.6594638409457 0.0007581162576431944 0.028060575746231824 1.628126926093334
20231122100928 ISSR 131.0418635626834 3.836482 0.0009745550993902124 1.806658622332638e-05 5.723188973493593e-07 561.0569397830823 0.2652628302516013 1.5181493051736674e-07 0.11647951889054317 1.2784323142314314e-06 -8.047804817754633 16.807848313410954 0.00010985159585032384 0.0026614977964446156 0.16818116346898415
20231122100928 MNAI 162.40776909905256 3.836482 0.000937967019104098 1.241380510527703e-05 4.797159275375594e-07 760.0748166195546 0.22790386828482231 1.093291155636513e-07 0.08315669555009282 2.689745945773643e-07 -8.282783931610597 4.578535579295895 4.544797146782713e-05 0.001254418018728969 0.09161390764441768
20231122100928 NBSR 14.517017380938631 3.836482 0.008900149162996581 5.204894571199871e-05 7.731088253140245e-07 3946.5559274081056 0.100016289244769 7.732347589029108e-08 0.03674468427018023 8.554393427130976e-06 -6.647015543272976 77.73284729340375 0.0001036675383550434 0.005984682149317827 0.7776319917384804
20231122100928 ULSM 106.24216708782966 3.836482 0.0013830073041984894 1.835440738543889e-05 5.776305649164792e-07 699.4855073661562 0.23756940389875217 1.372273489809074e-07 0.08338650306190053 1.3609317140242972e-06 -7.757640608663658 27.68798277815877 0.00010439808906670141 0.002582573995060426 0.27717701168210984
20231122100928 UTSM 122.78044303367726 3.836482 0.0014153608132887025 1.2156628651971625e-05 4.952009658366799e-07 557.7853384555596 0.2660396213844896 1.317430774604239e-07 0.05396669867765102 1.1026519224757436e-06 -7.919006284611712 28.270602183036765 0.00010772468475090947 0.0025886742786889877 0.2827804725834264
20231125190820 BLJR 103.10838150243305 3.213353 0.0005969463916219986 7.6905822332234e-06 3.525693842265863e-07 413.57776528499915 0.308959303397249 1.0892959134984313e-07 0.08094755905994977 3.7682055906016525e-07 -8.683486103254427 9.432973161434617 7.586988702771194e-05 0.0015046043609000465 0.09438604509680684
20231125190820 BSJR 94.15868842240135 3.213353 0.00043400613918409325 7.557047877493473e-06 3.440683622130565e-07 426.43029136609977 0.30426769522754993 1.0468888757128453e-07 0.10940474777334658 3.8732835087531475e-07 -8.74656928546975 8.161773078455456 7.566933964158227e-05 0.001531346142651482 0.08166715941241666
20231125190820 CILJI 113.16544904953714 3.213353 0.009573177906743495 0.00014417960017454329 3.3471224204724065e-06 825.8305829729524 0.2186424007261814 7.318228815365142e-07 0.09462972006125392 4.892681285770952e-05 -6.081902771593354 125.50678922294976 0.0005384716798833624 0.014846546336652628 1.2554826939216288
20231125190820 WLJI 68.32282166944927 3.213353 0.001649394958288762 2.4213142288755692e-05 8.061168664955254e-07 558.071659583179 0.26597136622784584 2.144040043211249e-07 0.09223725288162536 2.573489371653134e-06 -7.670863041914374 35.85637531153158 0.00016328818469036138 0.0038974067546539088 0.3590044044227804
20231126014100 CILJI 113.36241547370805 3.324854 0.011094163623183799 0.00017472488970882036 4.180591376375173e-06 917.0355168488401 0.20748504065722878 8.674101716984628e-07 0.09895553167458866 8.239921660215911e-05 -5.8954660474054394 158.62345756552833 0.0006647907824244329 0.01912168503031544 1.5872391430712947
20231126014100 CLJR 99.25469656805406 3.324854 0.0006044674663924954 1.4035682394022645e-05 4.490566616449889e-07 1195.7399029564317 0.18170275291786683 8.159483163700154e-08 0.1458950204891576 1.3057786882474018e-06 -8.252694657925813 14.877715347342953 7.845555232986176e-05 0.002729243546040854 0.1489254558963355
20231126014100 PASJI 117.30665825471037 3.324854 0.008636455005977336 0.00014644907587785561 4.058132751683921e-06 1393.97697742964 0.1682875809851719 6.829333440975863e-07 0.10654448858575868 8.208904738420414e-05 -6.121561611392964 124.78323342796477 0.0005100198708527534 0.01977321450669966 1.2482561936838803
20231127162203 BSJR 92.81495033207366 4.066307 0.0023631029141585012 4.377263018542857e-05 2.178090993361136e-06 309.89208097346136 0.3569230776883539 7.774109408357407e-07 0.11638576770814439 1.4945280041034446e-05 -7.257340602861176 40.00111942816849 0.0005246099666628061 0.009129391747692346 0.40026162170821306
20231127162203 CILJI 110.59099033156846 4.066307 0.023102764799949767 0.00041716846235946965 2.052964439891256e-05 444.5240365872038 0.2980109649207735 6.118059136800285e-06 0.11345597706649461 0.001222191465427961 -5.200433350438038 407.5597198645166 0.0038086219062160647 0.08144852077827347 4.077657971834689
20231127162203 CLJR 97.52545540165053 4.066307 0.002530395390791011 6.106897915278325e-05 2.167819878003018e-06 759.9749050752921 0.2279188486999242 4.94087010783258e-07 0.1516394291317752 2.0108125641116693e-05 -7.016189694422242 52.50990583332462 0.0003774010339122969 0.010764096043578378 0.5251734068120948
20231127162203 PASJI 119.81269327268906 4.066307 0.051773227886985934 0.0009638696575987939 2.642768417828631e-05 950.2596527776008 0.20382559717978505 5.386638509717964e-06 0.11697496790968447 0.002404559789041883 -4.521216277591203 467.740175270275 0.0032695649673714316 0.09831686775681563 4.678316745238537
20231127162203 SPJR 54.15203621823304 4.066307 0.009223928883683473 0.00016413377404476292 6.09216663462124e-06 472.4699445528581 0.2890631792789974 1.7610210561010456e-06 0.1118051678948068 6.964627129856085e-05 -6.010962776382016 129.5203314715577 0.0008299995901574869 0.017206334333097574 1.296919330343692
20231127162203 WLJI 66.20189883733181 4.066307 0.005876527089619943 9.44368405719069e-05 3.4252387431040714e-06 527.4939707552484 0.27357166797759314 9.370482761724555e-07 0.10097191080527146 4.4224231103135044e-05 -6.425387410947112 101.34046518018509 0.0007022276071014862 0.01613613246653667 1.014265280996375
20231127162351 ASJR 128.6283311350199 3.713708 0.000485043667521412 1.1149261640477956e-05 5.801699651969567e-07 191.14267224071162 0.4544656272980346 2.6366730717271383e-07 0.14442591794533555 7.923196851737897e-07 -8.410475253936957 8.465641063235546 0.0001570017473046112 0.002179138955332168 0.08470486560331464
20231127162351 CILJI 112.23521406832413 3.713708 0.01217482082061374 0.00017274890873322275 6.922661523234555e-06 494.2965947946908 0.28260904602064896 1.95640676900517e-06 0.08915231042629637 0.00017829583743117573 -5.891114878823355 231.53546381050907 0.001409545584748546 0.03058757383547897 2.315759440293169
20231127162351 GBJR 156.3426082287192 3.713708 0.0003601915647026059 8.814461011818226e-06 5.3486793834093e-07 180.39419909187808 0.4678090125301174 2.502160420692902e-07 0.15375954727282626 6.135470500170153e-07 -8.68182435830879 6.938710883652579 0.0001433492197340985 0.0019188421760525428 0.06940596320501723
20231127162351 WLJI 67.24562628663136 3.713708 0.0032139317853482337 3.904742304075205e-05 1.772774988939321e-06 723.4228788691725 0.23360586845597292 4.141306408681979e-07 0.07633708837609812 1.1340429574018372e-05 -7.300194468529534 67.57877545009049 0.0003030799490302446 0.00800926031067488 0.6764440640483902
20231201041643 BBSR 105.22924724871106 3.705062 0.0033904434916554745 3.0068594154944792e-05 6.123597447442452e-07 1748.9743045015678 0.1502408921645405 9.20014743760257e-08 0.05572325551712607 5.154279807675528e-06 -7.264246557962195 56.501796635538454 0.0001350210639096569 0.005464492414366662 0.5652744770718499
20231205091413 MGJR 21.865534592348784 3.604202 0.011705468946173159 0.00015747554412772437 3.2574991173527018e-06 1292.9986797718445 0.17473537148963061 5.692003183977681e-07 0.08452869591584421 9.437889966921757e-05 -6.020463839159354 135.11082621372162 0.0006199667191461927 0.020926883033334624 1.3512508882376841
20231206075944 BPSM 70.5743925181561 3.283214 0.003431630582077414 1.928098530303753e-05 3.7976700533306437e-07 1517.0964962521073 0.16131444774546336 6.126190473725171e-08 0.035302752049334085 1.6919647713018112e-06 -7.669342901277285 50.0396879664791 8.391163501370392e-05 0.0031037893038773755 0.5004725629093169
20231206075944 LPSM 33.94589995665166 3.283214 0.005464406270817422 6.845803123085105e-05 1.8858628140173125e-06 891.4033708390812 0.2104469967245515 3.9687416544445486e-07 0.07871568742705887 1.7407027936983366e-05 -6.663682643779923 99.86198502157632 0.0002900076812653433 0.009318166821338342 0.9993677969185119
20231206180348 KSJR 16.351955114432272 3.318829 0.013383274994900461 0.0004914343965174196 3.204299661692957e-05 195.6479689389622 0.44920253294393575 1.4393795243438727e-05 0.23071881739092093 0.0022213071341277897 -5.378125151487035 289.4033448017021 0.007608759075357453 0.10991088113729741 2.89780147963124
20231206180348 LSJR 44.902020867692954 3.318829 0.0023859729585752614 2.919168631221511e-05 1.0680906807735635e-06 708.0439226762437 0.23612923962605423 2.522074403027362e-07 0.0768729477295624 3.448502976516497e-06 -7.501997591144116 22.91722212271622 0.00016293267839448319 0.0038476643260867225 0.229298113243106
20231206180348 SUPJI 112.29682187861707 3.318829 0.002808926349771742 5.4746133611359024e-05 2.4538571520402797e-06 243.73956415387622 0.4024545606837655 9.875660021050867e-07 0.12245963741973295 2.4076279567907508e-05 -6.970176106873483 48.18198306478372 0.0007663800482798529 0.011749691405121644 0.48196379161659886
20231208181951 BLJR 48.898135214513566 3.327091 0.0017264133549601906 2.495158576312566e-05 7.378043241539729e-07 1038.3513353134872 0.1949879195267109 1.438629301845942e-07 0.09080990749247163 3.30753423873618e-06 -7.630783806043533 32.61868720415494 0.00013570349952344814 0.004332795864314762 0.3263218154686456
20231208181951 LSJR 73.628412759757 3.327091 0.0008740711086579759 8.003672749372704e-06 2.0184749565311808e-07 1097.4136266976266 0.18966827486302415 3.828406628594867e-08 0.057533716106397625 4.50598791582608e-07 -8.512960620753693 18.093468979347477 5.106732183429944e-05 0.0016475228355936574 0.1810412723013152
20231208181951 MLJR 61.41009509705288 3.327091 0.004533889393798847 5.789831371497432e-05 1.4312791961043323e-06 1450.6883996992183 0.16496537523328525 2.3611150964894604e-07 0.08023703325051623 9.273999179872949e-06 -6.887511362632139 43.687898432670025 0.00018193959844406887 0.006744177080724169 0.4370946745003645
20231208181951 SPJR 90.87608677136284 3.327091 0.0011440553702223872 1.5995205425754673e-05 5.473784290117471e-07 732.0600265186805 0.2322236900452001 1.2711423863625253e-07 0.08784613256689237 1.686634310785325e-06 -8.049111275223085 19.99496795164682 0.000110921864672752 0.0030357609085165057 0.20008472716746561
20231208181951 WLJI 58.31664904799511 3.327091 0.004663860452369063 5.254724418177155e-05 1.8472514677680578e-06 909.5818757333429 0.208333432494148 3.8484423895997253e-07 0.07079201360065872 1.3082790259215252e-05 -6.924831163610796 73.55229564758731 0.0002844368302655909 0.008453569973669719 0.7358661243815077
20231212083650 BPSM 49.32719404537482 3.617603 0.0037621139578306903 5.701628784847861e-05 1.4419159664522756e-06 1599.7794843622908 0.1570904583345684 2.265112400499201e-07 0.09522409637108743 8.5472884236865e-06 -6.876234224661596 75.32835963804719 0.00016327533354989056 0.00663225333792134 0.7543465894076307
20231212083650 HSSR 82.4753190652364 3.617603 0.0008560002453032931 1.455250594475742e-05 5.046741839384089e-07 1070.5506665496648 0.1920331718270256 9.69141842809084e-08 0.10681783333174899 1.8565980044591894e-06 -8.130846898861336 17.22655738134786 9.575652748245711e-05 0.0032133909301368235 0.17236979788230766
20231212083650 LPSM 63.17824438117875 3.617603 0.004153796216929504 3.243463088947032e-05 1.1256344914367835e-06 769.605882408703 0.22648825154042404 2.549429878391115e-07 0.04906181854033205 6.942514712613345e-06 -7.19444063855261 61.168800549220684 0.00022946192434920257 0.0062323233563500065 0.6122859364512387
20231212083650 PPSN 41.10815066681966 3.617603 0.008770306479719315 8.585285556067957e-05 2.1142210276399048e-06 1886.157788878967 0.1446741227603657 3.058730724953221e-07 0.06150633411565077 3.071474802144603e-05 -6.336996926986126 109.69548204418848 0.00030361326706275656 0.012504427593222834 1.0976804105491498
20231212083650 SIUMI 141.75853743197456 3.617603 0.004289165113771329 5.6059862153220614e-05 1.5613845900295845e-06 1209.7543349325626 0.18064721680103143 2.820597805448639e-07 0.08212192649630125 2.3266568758205975e-05 -6.856119126119839 82.42096447085966 0.0003590645326558751 0.011681316457466279 0.8243595413513479
20231213103555 BBJN 104.53103190244703 4.324033 0.009719960279431733 0.00010690122743786867 5.2968015777132745e-06 409.8609837505689 0.3103570243681386 1.6438995763275538e-06 0.0691031858410381 6.860215662733594e-05 -6.303962685875888 120.61610346225508 0.0009879354388528314 0.018925171701203773 1.2062813490306254
20231213103555 MGJR 79.83976657626292 4.324033 0.01292287677780993 0.00014991698827205454 3.976783456655026e-06 1219.2762221565836 0.17994045575744655 7.15584227639179e-07 0.07289059813872364 0.00014862495923336898 -5.9175860929031625 231.78079662299666 0.0008475087049016192 0.03041739676865904 2.318069119212186
20231213103555 SAKJI 249.02691129204297 4.324033 0.0053561095543882414 9.349822854331081e-05 3.0861886893748546e-06 1037.8439468909871 0.19503557723295123 6.0191659248203e-07 0.10968160562536293 8.728236958667319e-05 -6.518140055143304 121.26904154981032 0.0006705357441562088 0.02252689006496522 1.2130853066425358
20231213103555 SICJI 118.7141269513329 4.324033 0.044183315587114406 0.0007337457403808863 2.6496482121179376e-05 462.2839676578768 0.2922304402460313 7.743078635243347e-06 0.10434392244911846 0.001394499887348339 -4.666987175800686 582.7254117196021 0.0038011304497096855 0.08170147932738178 5.828184333142784
20231213103555 SSJR 150.60627799998716 4.324033 0.003834441866620623 4.161754984642231e-05 1.239928730003984e-06 806.8287544614329 0.22120206888287924 2.7427480034420224e-07 0.0681952646073918 8.641912406328656e-06 -7.098227688919358 56.37768953811685 0.0002530305411405067 0.006921235307227465 0.5638538514753382
20231213103555 TSJN 91.35640894286057 4.324033 0.027510371626237897 0.0005946564087066866 1.5135274470801845e-05 879.696778585011 0.2118426339270016 3.206296409102768e-06 0.13581555570272694 0.0004852780089678166 -4.959643706798777 269.81360761702757 0.0014646214578778048 0.04144773135385752 2.6989592562635156
20231213233512 AMGS 59.41351148636867 4.692807 0.0026571013052318817 4.036405098383956e-05 1.2043111163591485e-06 762.8079321492854 0.2274952159074537 2.739750174358711e-07 0.09544792725084895 1.0233088706787148e-05 -7.256094272411725 36.71290452094739 0.0002729941473507214 0.006771269801139551 0.3673841810294248
20231213233512 ASJR 102.83931092112968 4.692807 0.001372919983266534 7.269199323194206e-05 4.589883877655408e-06 118.82414176356767 0.5764047157640447 2.645630711889937e-06 0.3326758073240652 2.8416327418372305e-05 -7.21486604337586 26.708613002425764 0.0011367010998932356 0.012181530403679442 0.2671943863035821
20231213233512 BALB 54.235821281312134 4.692807 0.004403699505698167 0.00019521897453170757 1.7411485561379136e-05 102.22846360352678 0.6214324842329991 1.0820062726594831e-05 0.2785378500220407 0.00040066549409271295 -6.122683750378059 100.17487661227587 0.005084225462359136 0.04909133578314813 1.002942211598369
20231213233512 BLJR 37.64389180387408 4.692807 0.015221512440386687 0.0004977371488512282 3.943578455339172e-05 184.50870419291837 0.46256358362387245 1.8241557826035828e-05 0.20545755572893962 0.001412566559831295 -5.377556820302914 271.84013282866516 0.006165709818802025 0.08139363859065844 2.719052273472607
20231213233512 BSJR 63.409929079837774 4.692807 0.008000744557150679 0.00023983069147868685 1.8520003172552745e-05 124.74554456881886 0.5625580539831059 1.041857694451222e-05 0.18834505540647595 0.0004119155521432002 -5.956672759518472 132.2357954502362 0.0039823373202193734 0.04789573346766098 1.3227920021636388
20231213233512 CCSR 103.81570074193323 4.692807 0.0007664342839528301 2.9050687680817077e-05 2.9779649890323648e-06 84.16048114270431 0.6848977879143655 2.0396016334746944e-06 0.23815590954280255 8.986301075262494e-06 -7.911827627191469 14.770723664468594 0.0007788406207328547 0.00750537107746866 0.14780173728805346
20231213233512 CPJR 73.50940342644724 4.692807 0.0030676253667892388 0.00013342321861780173 1.3787172057139886e-05 92.16272167136042 0.6544888053795678 9.023549769240042e-06 0.27328069976596286 0.00014428621675517602 -6.5018213696541 66.87697086126884 0.0027803407164705956 0.02839181725729109 0.6691810198789134
20231213233512 MLJR 57.22425093989622 4.692807 0.010194359963083042 0.00021516532444900097 1.0685598470478128e-05 253.73815331641757 0.394445477434282 4.214885990358778e-06 0.13261485861674774 0.00031464496009756877 -6.00714744265982 189.62330480257535 0.002583678437790835 0.04124670840309117 1.8988767346211932
20231213233512 PASJI 86.13363166165118 4.692807 0.009752852224302012 0.00035074867774066156 2.417701070456922e-05 109.69881327600739 0.5999000576340471 1.4503790115090047e-05 0.22596660831190993 0.0011250834579560982 -5.517178746581376 219.48554663330907 0.008222233882833004 0.0847749572510828 2.195822188143346
20231213233512 PSJM 23.384080486174646 4.692807 0.010102466666086973 0.0008037668967632776 5.945628007199447e-05 92.13764017569086 0.6545778810337048 3.891876582367263e-05 0.49989933380265006 0.004078237760083659 -5.203069791060195 188.47335737357838 0.01592224654977079 0.14617894110838373 1.8875280739309725
20231213233512 PTJI 59.412756149826336 4.692807 0.019040027606243865 0.0002972468498076499 9.238199139792081e-06 458.74704523112575 0.29335482001540414 2.710070245920167e-06 0.09809108883352541 0.000508664405165342 -5.472674820487288 241.0031866015151 0.0025011391030396977 0.049023736997908046 2.4134740436061355
20231213233512 RLSR 140.17329988301964 4.692807 0.0007102875591256703 4.162448044139913e-05 3.7190135303087207e-06 115.25553001343907 0.5852601876970289 2.176590556796272e-06 0.3682090733087303 1.6875809698617504e-05 -7.651705023210563 15.015322503798942 0.0009093891632032026 0.00948421239726214 0.15027897663653353
20231213233512 SADLY 55.111248946685585 4.692807 0.010979394635703427 0.00023287801446569457 8.207202208849953e-06 189.63880711682495 0.45626406029639366 3.74465140348341e-06 0.13326925275987786 0.00017890610018824192 -5.800943933728661 95.14686611485993 0.0022204305610317725 0.028780890792993903 0.9517368705950511
20231213233512 SBJI 84.63186430888942 4.692807 0.007884050722105525 0.0002291715089583366 1.2205280106205936e-05 162.00849777825437 0.4936407128993668 6.025023172763957e-06 0.18263797490215114 0.00035201869620153853 -5.896296270595035 164.36988157616022 0.0037173124908042405 0.04497338484918755 1.645189458228108
20231213233512 SPJR 105.90228592555269 4.692807 0.0029108377888076363 8.251538576632591e-05 6.719154350164886e-06 118.47502240087515 0.5772533588495301 3.878654417261112e-06 0.17811348384191844 4.956065142076182e-05 -6.941801058194166 45.83084274641618 0.0014902607981740188 0.01614640109858222 0.45845452538484655
20231213233512 SSJR 63.10776555194565 4.692807 0.0042397486766550625 0.0001239903011540645 1.0432435601634632e-05 114.20645550860637 0.5879420764051323 6.133667849587891e-06 0.1837500516796252 0.00015780056830932548 -6.415968535755789 84.06760479955318 0.0026548740400142348 0.02909183138726176 0.8407146822535092
20231213233512 TPJR 87.10516252262306 4.692807 0.0029961707935562856 8.026926256660293e-05 9.362287241096806e-06 77.79147542579861 0.7123835199327246 6.66953913943378e-06 0.1683304076861349 7.787170303780302e-05 -6.881145225016129 47.642780268191316 0.0022903365842135907 0.021038002523424235 0.476509947481643
20231213233512 TSJR 76.47518782774752 4.692807 0.008895219861499968 0.00016754573742031633 9.365229959014798e-06 217.60896157504436 0.42593318722546686 3.988962245542601e-06 0.11834681233639391 0.00019153934974754214 -6.156577198758804 159.80886472440469 0.00234924711824477 0.03426336594565105 1.5983451176578796
20231213233512 WLJI 71.8040261906095 4.692807 0.004114928160655481 0.00011604204444983216 9.213411385326501e-06 140.51620738797376 0.5300497800688612 4.883566678476253e-06 0.17718745995947666 7.672852015353805e-05 -6.580871969146178 86.9586657482939 0.0016731920918582324 0.020651256159077487 0.8711167609952308
20231213233512 WSJM 31.620813705796017 4.692807 0.03308594248479811 0.0013322619631382885 7.541758945287566e-05 168.86844124933344 0.48351017859729845 3.646517214573764e-05 0.25300318393380666 0.010130410449424533 -4.465114568863841 568.9571276801419 0.01736389070591336 0.21990433970327541 5.691809000577564
20231215085241 KBSR 62.072277453350516 3.593171 0.005515175267379626 8.77101978682734e-05 3.4112206775583154e-06 712.9521617092682 0.23531503327130476 8.027115072353977e-07 0.09992419094916424 6.019463454545563e-05 -6.634201719910946 71.29832541464688 0.0007041364015377013 0.01860951780606917 0.7141209036017198
20231215085241 NBSR 47.232599528028786 3.593171 0.0057024577097990175 6.305756368622166e-05 1.4291261330915073e-06 1356.1370563206901 0.17061926893294416 2.4383645604103843e-07 0.06947922769843269 1.7131455342778493e-05 -6.649881479536696 98.59764169519465 0.00022841311045331632 0.008992192816759857 0.986971837178056
20231215184258 ACJM 47.8812882009487 4.062908 0.011585443191928385 0.00020891981051186038 6.4072647406493635e-06 964.1694714400993 0.2023499867188247 1.2965099351743926e-06 0.11330441676166639 0.00025048610403994567 -5.840850025171552 184.23391146218813 0.0011859824350069228 0.03682058714997665 1.8425988497659018
20231215184258 BBJN 45.26571696639648 4.062908 0.004490271563897107 0.00019514367178879167 2.065094820748934e-05 117.15157169958877 0.5805047913255988 1.198797437986435e-05 0.27306229343248417 0.0002343017844674645 -6.136348500145801 61.47233085655402 0.002415194117506898 0.028239152176171043 0.6152671112866468
20231215184258 BBJR 93.25547278609085 4.062908 0.0009578730072352003 2.129439627005555e-05 7.058361111378581e-07 596.8518643012643 0.2571855659491083 1.8153085971030775e-07 0.13968097728890255 1.7954921337486788e-06 -7.872025711853092 12.562379816931703 0.00013262626000613574 0.003036694200147346 0.1257053828446965
20231215184258 BKJI 45.21663223457096 4.062908 0.0050356019610356805 0.0003576128890346806 3.074843703720822e-05 139.70443279549085 0.5315875183182734 1.63454853367752e-05 0.446212402693285 0.0004392344364980131 -5.806928382176866 72.16190882939489 0.0027542897315238684 0.035768016991996096 0.7217817470833734
20231215184258 CGJR 158.65573630260567 4.062908 0.00046060433411662373 1.219624329570461e-05 7.246327742303365e-07 195.77301295646402 0.4490590528476762 3.254029072582589e-07 0.16637111508150923 1.017511034351676e-06 -8.376210590088325 6.212630217923811 0.00016794074637757443 0.0023591925213997606 0.06212999616480091
20231215184258 CIJM 105.36102307220371 4.062908 0.002257925911654131 4.929512134354896e-05 2.1286166444281676e-06 558.6846470017102 0.2658254146184812 5.658404020689178e-07 0.1371747321481052 1.7178470421483706e-05 -7.065131643526604 46.32865941560466 0.0004305526006283449 0.009629055564488929 0.4633460504083521
20231215184258 CTJI 36.85799354095578 4.062908 0.007317759595000068 0.00011450539164285117 3.4031070916137106e-06 274.6116671887902 0.37915813287673367 1.290315730835826e-06 0.09831678466928373 2.447233792547583e-05 -6.283261853335093 50.57034103128915 0.0006755601776637029 0.010578802163223648 0.5059123380231655
20231215184258 KMJR 155.05359706525363 4.062908 0.0002482439383108096 6.403155404743646e-06 3.139534482032894e-07 302.8249110152714 0.3610639003196885 1.1335725652709496e-07 0.16206724817707643 3.6165451528948185e-07 -8.975508224929563 4.885912018668498 8.04161264826303e-05 0.001417711157479726 0.04888270678177381
20231215184258 KPJI 21.609528533000915 4.062908 0.0029274112541299276 0.00010791652557177451 5.904184360800506e-06 206.26246994115124 0.43749164284101694 2.5830313156428526e-06 0.23162428132291019 9.364482265487394e-05 -6.615798956889236 52.06200304824043 0.0016282959777589273 0.023331153371120666 0.5208695669663499
20231215184258 MGJR 134.01362569527384 4.062908 0.0009440033223478504 2.837572129114534e-05 9.17392245442e-07 538.9903075395339 0.27063838338985624 2.482815542408131e-07 0.18886577078322012 5.991157484744291e-06 -7.718672851697845 18.323720753227192 0.0002461868822933981 0.005652743123070852 0.1833382706684143
20231215184258 PCJM 31.661982406387988 4.062908 0.012145462054740696 0.00034385139860549334 1.326938272391004e-05 555.8016291316736 0.26651395898527247 3.5364757230400436e-06 0.17788389159948786 0.0003811381579222296 -5.508735113887966 209.78532798799188 0.001734142276196701 0.04314273092144767 2.0988425896378136
20231215184258 PKJM 62.044134461621475 4.062908 0.002840882953970189 5.999673161952038e-05 2.8461027559140753e-06 426.9323410728678 0.30408874129554897 8.654678046437042e-07 0.13269486589151575 2.487245779016604e-05 -7.0097145179978 59.64901336509391 0.0005825960373975026 0.011977096619002169 0.5966920874594108
20231215184258 SAKJI 152.70737436548626 4.062908 0.004966117756369034 0.00010956299298657383 4.665761249017524e-06 462.5301619204984 0.2921526560927408 1.3631145415950536e-06 0.1386202707056198 8.582048626114564e-05 -6.493928864939449 95.91861553181197 0.0009556953332576672 0.020944614983788617 0.9595867536375211
20231215184258 SKJR 224.6252042455878 4.062908 0.022465292435517467 0.0002838706321763801 3.943875740961608e-06 4650.557253625105 0.09213557926925335 3.633712759594535e-07 0.07939410494432446 0.0005559032142508205 -5.443814527641852 357.65038240029776 0.0007560815146364922 0.04998679436091279 3.5767757525515993
20231215211138 MNAI 123.67548312430138 3.402945 0.0004031613803507118 4.76375632856071e-06 1.708052692705504e-07 667.894912094331 0.2431228627097493 4.152666603096579e-08 0.0742421403175047 4.63025364407357e-08 -8.793414677483613 2.719396439788544 2.1079837517685005e-05 0.0005180927005211808 0.05449160292609423
20231216031045 LPSM 39.70758031805203 3.444142 0.022000521070179423 0.00012296175834411224 3.0550533347790637e-06 1368.6285100030002 0.16983886429923187 5.188667887524572e-07 0.035116964316808885 5.1813476001263254e-05 -5.9581951219183145 225.68394280689523 0.0004279726330374441 0.015336455933384452 2.2583856452922935
20231216031045 LPSR 33.064522811906656 3.444142 0.007630847224768791 7.829838145006007e-05 1.3378568673701516e-06 3377.0492551051143 0.10812127810625338 1.446507944232891e-07 0.06447033014972545 2.1841072159407386e-05 -6.57850738596796 139.62635218289375 0.00017325646764874508 0.010439661568076174 1.39879203078439
20231216031045 PDSI 127.547817094987 3.444142 0.0005490395584192677 4.548321513714026e-06 2.0182516547411458e-07 1235.156309871227 0.17877998960510655 3.6082300985511116e-08 0.05205079755924173 1.1803556535016641e-07 -8.758356091837129 14.206163666576025 2.199168774169981e-05 0.0008253295957836454 0.14215465422174273
20231216031045 SKSM 82.24369941213352 3.444142 0.004789236922470418 5.5130352253228955e-05 8.146779813329893e-07 3169.602355370483 0.11160341344040939 9.092084357150373e-08 0.0723276431850533 8.826726726648987e-06 -6.794927495417235 60.141511892666244 0.00011960773084402637 0.0064981040776881365 0.6015666711090593
20231219135730 CLJO 26.497789292466212 3.125827 0.008462046240319702 0.0001476815818821414 5.839090483424953e-06 489.24903289358497 0.2840631380728801 1.6586703662131825e-06 0.10965559854797635 0.00011688247866876886 -6.1720459885794705 103.50298407347023 0.0011333964450627129 0.023800280798771396 1.0352575192525135
20231219135730 LSJR 44.22953006323478 3.125827 0.0009839258004423843 1.1154401887563427e-05 5.030657493075838e-07 416.21515563079737 0.30797887149989667 1.5493362176199958e-07 0.0712301415602718 8.39055296801521e-07 -8.332432302323637 15.44229323148879 0.00011131555410124286 0.0021701695220499766 0.15443238248726476
20231222053942 HSSR 94.95210479003539 3.141305 0.00041137649758619916 7.872699640774084e-06 2.0405135306656113e-07 821.0617112889801 0.21927643828172144 4.4743653927001545e-08 0.12024418264289585 3.727563359794252e-07 -8.720752510493885 7.076200770569289 5.4252353945815224e-05 0.0014402011972516472 0.07080610026499864
20231222053942 RASM 32.69622580419363 3.141305 0.005391624560935565 6.92605618910349e-05 1.2725243783674471e-06 3835.984826896294 0.10144751844633657 1.2909444034784457e-07 0.08071351035711585 1.3273458730735467e-05 -6.728295353085918 73.7630918037236 0.00011950190164331301 0.007585833060137423 0.7383921432030585
20231227130815 BLJR 39.613447791672584 3.228928 0.0055804224465715365 7.752276955939271e-05 3.003866283380223e-06 350.1209938246244 0.33579234554473725 1.0086753049989974e-06 0.08728549340681194 1.968196910511439e-05 -6.594597771939622 55.206022555231996 0.0005008515256771265 0.009901139163286554 0.5521371401896426
20231227130815 DSJR 42.49751991890363 3.228928 0.0029772116303629194 7.17458703744382e-05 2.306752254867197e-06 602.0474160970448 0.25607343073238054 5.906979637534978e-07 0.15141436167657654 2.6616434080538764e-05 -6.843851301888502 44.93704565143135 0.0005034160395679493 0.011611402216366497 0.44979308306566745
20231227130815 KCJR 64.11873711767895 3.228928 0.0015575120379535813 2.6928811358446253e-05 8.395332969775471e-07 1223.5559686152915 0.17962548278492954 1.5080157378361553e-07 0.1086339673428854 2.926492067377023e-06 -7.6916106815693706 19.724013795807778 0.00011366108612125787 0.0035772732104200552 0.1974358724572561
20231227130815 LSJR 45.40499909949678 3.228928 0.003043163423240133 4.7794898791289994e-05 1.1537692324468919e-06 1078.6409740502704 0.19131164741877055 2.207294926005053e-07 0.09868159019992005 6.2881693582276725e-06 -7.089934953146499 34.49360386561608 0.00016987281632713754 0.004860020578331409 0.3450685752884086
20231227130815 SUPJI 114.43867245042475 3.228928 0.004992181033633256 7.490133560168534e-05 3.2571622551677925e-06 288.5629274986051 0.3698789368963768 1.2047557122404682e-06 0.09427121495995211 2.8884758961832193e-05 -6.66448613216534 83.19041093039431 0.0007665622357592669 0.012761466120206887 0.8329154238871844
20231227130815 WSJM 31.68144007004967 3.228928 0.0063416306775908255 9.865010801576299e-05 5.217232903073634e-06 361.6106614727783 0.3304146197378337 1.7238500257527889e-06 0.09774093458747365 4.969868287148352e-05 -6.593295723840217 75.0976783077081 0.0008239459588738647 0.01585737635742132 0.7511949261176505
20231227230318 ACBM 119.41283603598768 3.463097 0.0009205540607895697 1.3580875033170167e-05 5.772940530438597e-07 526.5769401283669 0.27380977607761964 1.580687553948807e-07 0.0926954299608079 1.3352667129306977e-06 -8.08110307971444 26.580439752242278 0.00011606907407623714 0.00272952814788073 0.26599535745127206
20231227230318 CIJI 92.71084431127629 3.463097 0.0024093022869066533 5.463316141629659e-05 1.4192045179719806e-06 1039.693602694835 0.19486201202304 2.7654904784420874e-07 0.14247704779974965 4.778862046122537e-06 -7.044182919021417 30.560435479071515 0.00013611419592719407 0.004164934369584227 0.3056428214705461
20231227230318 LPJR 87.16474610464138 3.463097 0.004849914895741587 6.895848904803284e-05 1.3032324815727656e-06 2769.1903509827252 0.1193997626613472 1.5560564899234676e-07 0.0893374367398364 2.4146514031024633e-05 -6.695262801151235 81.22310657355315 0.00022148886522604835 0.011380018363177227 0.8124526912730803
20231227230318 SICJI 123.54984475946631 3.463097 0.008015335758286368 9.550476780794985e-05 2.674273141115396e-06 651.4127104924617 0.2461794256861418 6.583510260076626e-07 0.07486575384395386 3.377660153938318e-05 -6.319364081894182 104.74304087311239 0.0005502674157781581 0.013212834468307 1.048362527775172
20231228091849 BEFA 50.9500329702157 4.089632 0.03125428732096281 0.0003789851390061435 7.831906259695218e-06 2493.977603673334 0.1258153394859344 9.853739448855686e-07 0.07618903072685576 0.0004336953938741574 -5.245168649561805 396.11356013211054 0.0008248048784765528 0.04369984095825859 3.9645032508749534
20231228091849 BEPA 48.842578254411734 4.089632 0.03747323821834929 0.0003605698696015802 7.434072695736182e-06 2726.3228168336063 0.12033479688271521 8.945776278527526e-07 0.06045720665215853 0.00041574314886439986 -5.115828849539968 465.242281559465 0.0007676871024219829 0.04283722425875562 4.655422297141676
20231228091849 KBSR 99.74867768485532 4.089632 0.003540397574283727 9.866731135373284e-05 3.224539765185858e-06 794.0545128423818 0.22297424866640353 7.18989331437258e-07 0.17510604049097833 7.34468943044161e-05 -6.591675772011281 79.65587985614741 0.0007791450908801196 0.021623145266963305 0.7969704090761842
20231228091849 MNAI 97.41500931316398 4.089632 0.004131408939992767 3.985295501910303e-05 9.104937310433592e-07 1826.1385890279182 0.14703238482560252 1.3387206464406584e-07 0.060609710890579496 3.834766072013822e-06 -7.016908424237622 19.36711199564623 0.00010998421077552478 0.004634920338279535 0.38766908121823257
20231228133523 IMSR 44.6466266431479 3.021493 0.001417957452215526 2.610205187853382e-05 6.400500997093232e-07 1103.2861304301093 0.18916282404097165 1.2107368438872108e-07 0.11566216503477625 2.5750507371928224e-06 -7.591748301609676 23.005457075898498 0.00011026070971763734 0.0034579216912370195 0.23014837976346791
20231229115346 MNAI 70.37963891316993 3.056552 0.0005547002157190896 5.442069070883329e-06 2.17860136573509e-07 799.1553869767876 0.2222615059936154 4.842192205080284e-08 0.061643257849654104 6.437358112146809e-08 -8.637732315776427 3.399410664073706 2.2966607014810124e-05 0.0006181556875231676 0.06817834411013832
20231230095351 APSSI 71.83692582503747 3.778505 0.038876945546567475 0.0005815835387734665 1.0778590230884476e-05 3129.4086609226447 0.11231783621902536 1.2106279322244692e-06 0.0939939363636964 0.0018693894976911435 -4.917703204798491 595.9630085759909 0.0016558279707442245 0.09114205147273853 5.962444641319855
20231230095351 KBSR 156.77787592937966 3.778505 0.000927404781370697 2.08129041353825e-05 8.447476150681625e-07 431.3881301327024 0.3025142052834475 2.555481534374328e-07 0.14100782753124647 4.7801993401933295e-06 -8.001708258879892 20.330347854257965 0.0002777706357346833 0.005667902342688663 0.20356725269450973
20231230095351 MKSM 85.03264626042291 3.778505 0.0019399505843130575 3.683135779410996e-05 1.1945312327263862e-06 1235.556647013414 0.178751023685645 2.1352368067431698e-07 0.11929079431545002 9.639223473756763e-06 -7.2830309341812605 42.58759984768707 0.00021395130677215443 0.007548117074522903 0.4263971425835089
20231230095351 MNAI 46.330519529678945 3.778505 0.00805977948549575 0.00014016003172092354 3.6838768690930002e-06 1817.671023251132 0.14737445987251863 5.429093638194459e-07 0.10926495613776253 2.651398343114919e-05 -6.180203097730949 40.58477014600124 0.0002509237584787981 0.01142622852029768 0.8121231811466518
20231230095351 NBSR 172.28834267970262 3.778505 0.0008479213797349152 1.0646827618079936e-05 2.5420820621166274e-07 1841.9363576129476 0.1464004993865436 3.721620833754488e-08 0.0788940961471066 7.292141166286866e-07 -8.226133141877268 18.542054942158437 4.982970228152626e-05 0.0020365883432966183 0.18545758935655743
20231230095351 ULSM 92.43377900018595 3.778505 0.007612937666771961 9.345552207754239e-05 1.5415874654773822e-06 2503.034498357287 0.12558751023951079 1.936041316057422e-07 0.07713163943996874 1.4901831100251952e-05 -6.466712401956735 62.94723666505561 0.00017202180583925786 0.007392785848358883 0.6296309391458499
20231230202556 ASJR 105.40998917097768 3.3547 0.00034715703000980807 5.234376307126962e-06 2.8175391621304203e-07 283.99306040077715 0.3728430091558588 1.050499779623183e-07 0.09473682933702908 2.5223716542117144e-07 -8.957372631358 6.61460412055958 7.597571535345124e-05 0.001232216280017429 0.06617454538862977
20231230202556 BSJR 68.61855674987449 3.3547 0.0009821504287933285 1.8470125376096452e-05 4.84671350883993e-07 994.5189532439233 0.1992385334193932 9.656520914052288e-08 0.11816033163823464 2.7428756400219366e-06 -7.988191741006647 23.053857648998804 0.00012925628786737193 0.003965009186479431 0.23071663870997267
20231230202556 CLJO 28.37956450792222 3.3547 0.015219415276058107 0.0002656037217057176 7.452503197595073e-06 940.1026589174448 0.20492371848395916 1.527194667264778e-06 0.10965187370758285 0.00029409028025374767 -5.606238852027879 188.9866723583171 0.0012466620161427702 0.037684257493248066 1.8904341693823028
20231230202556 CSJR 36.40265995283457 3.3547 0.0033643617378531507 6.902070110650015e-05 3.5242062586251053e-06 549.3487215682087 0.2680746880410489 9.447504933732372e-07 0.12890107808690238 4.105371287087772e-05 -6.868596681852917 75.8191913563358 0.0005933751152391493 0.014983326307528973 0.7582395043919521
20231230202556 DSJR 38.23341042968206 3.3547 0.002540798599338581 6.174788432997339e-05 1.8925027507880976e-06 923.2029821370522 0.20679082650873598 3.913522080055271e-07 0.1526974234291968 3.0428363891782684e-05 -7.03200907381976 57.2332444085066 0.0004276190486744663 0.013039687642670106 0.572962843371764
20231230202556 JTJM 42.09833514135802 3.3547 0.002642426498668634 4.0193735832055884e-05 1.741644525380745e-06 523.6819064958921 0.27456557456679 4.781956298022685e-07 0.09557302371432995 1.2265919022814933e-05 -7.2735095453900795 41.01309453413939 0.00036365231043686166 0.008013339675597973 0.4104003385657313
20231230202556 KSJR 12.84292866758603 3.3547 0.03755598602360846 0.0008573247325073276 4.2544864677831565e-05 461.0329456451352 0.29262665818036127 1.2449761573409544e-05 0.14343199934586995 0.006723233404130432 -4.690002372978986 657.5553610935474 0.008244312608301739 0.1842388519059765 6.578148637123041
20231230202556 MLJR 63.655778803110394 3.3547 0.0026282240665336746 3.6332760055624514e-05 1.2374224420917732e-06 1254.801800636498 0.17737495641083123 2.194877517278126e-07 0.08685920924994177 9.862082940032673e-06 -7.303700303707046 44.277305655128785 0.00021088303269861143 0.007348581571335958 0.4441010609112642
20231230202556 TSJR 77.43994630914911 3.3547 0.005348422021491366 7.036288635481054e-05 1.539304737358383e-06 1281.594310346208 0.17551109793187994 2.701650645055139e-07 0.08266046544921217 7.303957749176872e-06 -6.71612105139094 43.35882338679042 0.000181345874329499 0.005800674316152893 0.4336301062694262
20231230202556 WSJM 30.026948578955643 3.3547 0.01760963018770088 0.0003315519398022793 7.088451020842836e-06 916.4778516379877 0.20754815707215468 1.471194945872164e-06 0.11829903606877254 0.0001756112533707056 -5.440869199732389 133.63650536315347 0.0010283292906039247 0.028727356545198243 1.3368973870411072
20231231083810 CSJM 13.590014863542972 3.350995 0.01013715719219454 0.00027415180263100835 1.4400548151198749e-05 360.8920791851507 0.3307434050397303 4.762886329966068e-06 0.16992402757197891 0.00043719471680365703 -5.729413667632125 204.3139212407129 0.0024522032893994597 0.048869374214970826 2.0441130651300665
